PlayerID,Patch,Agent,count
2.0,0,omen,2
2.0,1,cypher,25
2.0,1,omen,8
2.0,1,raze,7
2.0,1,phoenix,4
2.0,1,killjoy,4
2.0,1,sova,2
2.0,2,jett,9
2.0,2,killjoy,6
2.0,2,cypher,2
2.0,3,sova,19
2.0,3,killjoy,5
3.0,0,breach,2
3.0,1,breach,23
3.0,1,omen,6
3.0,1,brimstone,6
3.0,1,jett,5
3.0,1,sova,4
3.0,1,sage,4
3.0,1,phoenix,2
3.0,2,breach,7
3.0,2,omen,2
4.0,0,cypher,2
4.0,1,cypher,25
4.0,1,sova,20
4.0,1,omen,4
4.0,1,phoenix,4
4.0,1,breach,3
4.0,2,sova,42
4.0,2,skye,14
4.0,2,raze,2
4.0,2,sage,1
4.0,3,sova,33
4.0,3,viper,2
4.0,3,reyna,1
4.0,3,cypher,1
4.0,3,skye,1
6.0,0,sova,4
7.0,0,cypher,4
7.0,1,sova,19
7.0,1,cypher,13
7.0,1,breach,4
7.0,2,sova,21
7.0,2,breach,8
7.0,2,brimstone,7
7.0,2,astra,1
7.0,3,breach,11
7.0,3,sova,7
7.0,3,omen,5
7.0,3,viper,3
7.0,3,brimstone,2
7.0,3,sage,2
7.0,3,astra,1
8.0,1,omen,6
9.0,1,jett,51
9.0,1,reyna,19
9.0,1,raze,9
9.0,1,viper,2
9.0,2,jett,20
9.0,2,reyna,13
9.0,2,raze,3
9.0,3,jett,27
9.0,3,reyna,11
9.0,3,raze,5
9.0,3,yoru,2
10.0,0,reyna,4
10.0,1,cypher,23
10.0,1,raze,14
10.0,1,sage,9
10.0,1,omen,4
10.0,1,sova,3
10.0,1,reyna,3
10.0,1,breach,3
10.0,2,raze,33
10.0,2,sova,7
10.0,3,kayo,6
10.0,3,raze,5
10.0,3,jett,3
10.0,3,sova,3
10.0,3,viper,2
11.0,0,raze,4
11.0,1,raze,52
11.0,1,reyna,1
11.0,1,phoenix,1
11.0,2,raze,16
11.0,2,sage,5
11.0,2,reyna,2
11.0,3,sage,7
11.0,3,brimstone,3
11.0,3,jett,2
11.0,3,raze,2
11.0,3,reyna,1
11.0,3,phoenix,1
12.0,1,sova,32
12.0,1,raze,28
12.0,1,phoenix,21
12.0,1,jett,1
12.0,2,sova,19
12.0,2,raze,10
12.0,2,reyna,2
14.0,1,cypher,2
14.0,2,omen,15
14.0,2,astra,2
14.0,3,omen,3
14.0,3,astra,1
15.0,1,omen,2
15.0,2,jett,6
15.0,2,raze,3
15.0,2,reyna,1
15.0,2,phoenix,1
15.0,3,astra,6
15.0,3,jett,2
15.0,3,reyna,1
16.0,1,brimstone,2
16.0,2,reyna,7
16.0,2,phoenix,5
16.0,2,sage,2
16.0,2,raze,2
16.0,3,kayo,4
17.0,1,breach,2
17.0,2,cypher,9
17.0,2,killjoy,7
17.0,2,omen,1
17.0,3,cypher,3
17.0,3,killjoy,1
19.0,0,reyna,2
19.0,1,jett,30
19.0,1,reyna,9
19.0,1,viper,5
19.0,1,phoenix,4
19.0,1,raze,4
19.0,1,omen,2
19.0,2,jett,10
19.0,2,viper,8
19.0,2,phoenix,1
19.0,3,viper,9
19.0,3,cypher,3
19.0,3,jett,2
19.0,3,skye,1
19.0,3,sage,1
19.0,3,killjoy,1
20.0,0,sage,1
20.0,1,reyna,9
20.0,1,phoenix,4
20.0,1,jett,4
20.0,1,breach,4
20.0,1,viper,1
20.0,2,sage,2
20.0,3,reyna,1
20.0,3,jett,1
21.0,0,breach,1
21.0,1,sova,29
21.0,1,cypher,7
21.0,1,breach,6
21.0,1,raze,1
21.0,2,killjoy,8
21.0,2,sova,7
21.0,2,breach,2
21.0,2,cypher,2
22.0,0,brimstone,1
22.0,1,cypher,33
22.0,1,omen,6
22.0,1,killjoy,3
22.0,1,brimstone,3
22.0,2,cypher,8
22.0,2,omen,6
22.0,2,astra,5
22.0,3,killjoy,4
22.0,3,cypher,3
22.0,3,viper,2
22.0,3,astra,2
22.0,3,reyna,1
23.0,0,cypher,2
31.0,1,raze,13
31.0,2,raze,4
31.0,2,viper,2
31.0,2,breach,1
31.0,3,sova,9
31.0,3,raze,7
31.0,3,skye,5
31.0,3,viper,4
31.0,3,reyna,1
34.0,1,sova,29
34.0,1,omen,6
34.0,1,jett,1
34.0,2,jett,2
35.0,1,cypher,20
35.0,1,viper,4
36.0,1,sage,19
36.0,1,raze,19
36.0,1,reyna,10
36.0,1,phoenix,6
36.0,1,viper,2
36.0,1,breach,1
36.0,2,raze,22
36.0,2,omen,19
36.0,2,phoenix,7
36.0,2,jett,6
36.0,3,reyna,15
36.0,3,raze,7
36.0,3,jett,5
36.0,3,sova,4
37.0,1,cypher,12
37.0,1,raze,1
38.0,1,brimstone,22
38.0,1,breach,2
42.0,1,sova,2
42.0,3,sova,2
45.0,1,sage,56
45.0,1,phoenix,12
45.0,1,breach,5
45.0,1,skye,5
45.0,1,raze,4
45.0,2,phoenix,35
45.0,2,sage,12
45.0,2,sova,10
45.0,2,raze,5
45.0,2,breach,4
45.0,2,skye,1
45.0,3,sage,14
45.0,3,skye,13
45.0,3,phoenix,12
45.0,3,raze,5
45.0,3,kayo,1
46.0,1,jett,45
46.0,1,sova,23
46.0,1,breach,14
46.0,2,jett,42
46.0,2,sova,25
46.0,3,sova,29
46.0,3,jett,13
46.0,3,skye,2
46.0,3,breach,1
47.0,1,omen,56
47.0,1,brimstone,26
47.0,2,omen,45
47.0,2,astra,18
47.0,2,viper,3
47.0,2,brimstone,1
47.0,3,astra,26
47.0,3,viper,15
47.0,3,omen,4
50.0,0,sage,2
50.0,1,jett,17
50.0,1,sova,14
50.0,1,sage,12
50.0,1,raze,1
50.0,2,astra,12
50.0,2,breach,10
50.0,2,sova,7
50.0,2,raze,6
50.0,2,skye,2
50.0,2,sage,1
50.0,3,sage,7
50.0,3,omen,6
50.0,3,skye,6
50.0,3,astra,5
52.0,1,breach,15
52.0,1,sova,9
52.0,1,viper,1
52.0,1,raze,1
52.0,2,omen,6
52.0,2,brimstone,1
52.0,2,astra,1
53.0,0,cypher,2
53.0,1,cypher,12
53.0,1,sage,1
53.0,2,killjoy,10
53.0,2,cypher,2
53.0,3,killjoy,11
53.0,3,cypher,8
53.0,3,sage,4
53.0,3,breach,4
53.0,3,viper,1
54.0,1,sova,19
54.0,1,jett,17
54.0,1,breach,8
54.0,2,astra,47
54.0,2,viper,15
54.0,2,omen,13
54.0,2,jett,4
54.0,2,breach,4
54.0,2,sova,4
54.0,2,brimstone,3
54.0,2,sage,1
55.0,1,raze,20
55.0,1,reyna,15
55.0,1,phoenix,11
55.0,2,raze,99
55.0,2,sage,5
55.0,2,phoenix,2
55.0,2,reyna,1
55.0,2,omen,1
55.0,3,raze,13
55.0,3,skye,5
55.0,3,reyna,4
55.0,3,sova,3
55.0,3,phoenix,3
55.0,3,sage,2
55.0,3,viper,1
56.0,3,sage,1
56.0,3,kayo,1
57.0,1,sova,32
57.0,1,raze,12
57.0,1,omen,12
57.0,1,breach,3
57.0,2,sova,45
57.0,2,breach,2
57.0,3,sova,21
57.0,3,viper,10
57.0,3,breach,1
58.0,1,raze,36
58.0,1,omen,32
58.0,1,phoenix,8
58.0,1,brimstone,5
58.0,2,omen,26
58.0,2,raze,13
58.0,2,reyna,4
58.0,2,phoenix,3
58.0,2,viper,1
58.0,3,skye,1
58.0,3,reyna,1
61.0,1,cypher,35
61.0,1,brimstone,28
61.0,1,omen,12
61.0,1,sage,4
61.0,1,jett,3
61.0,1,reyna,1
61.0,2,killjoy,15
61.0,2,cypher,13
62.0,1,jett,62
62.0,1,sova,14
62.0,1,sage,4
62.0,1,omen,3
62.0,2,jett,42
62.0,2,sage,5
62.0,3,sova,35
62.0,3,viper,7
62.0,3,sage,6
62.0,3,skye,4
63.0,1,cypher,39
63.0,1,sova,27
63.0,1,omen,8
63.0,1,phoenix,7
63.0,1,reyna,1
63.0,1,breach,1
63.0,2,sova,43
63.0,2,killjoy,2
63.0,2,skye,1
63.0,2,cypher,1
63.0,3,sova,13
63.0,3,cypher,4
63.0,3,viper,3
63.0,3,brimstone,3
64.0,1,omen,29
64.0,1,phoenix,21
64.0,1,raze,14
64.0,1,breach,10
64.0,1,reyna,4
64.0,1,cypher,2
64.0,1,sova,2
64.0,1,jett,1
64.0,2,omen,46
64.0,2,astra,1
64.0,3,raze,11
64.0,3,omen,9
64.0,3,brimstone,4
64.0,3,astra,4
64.0,3,skye,2
64.0,3,reyna,1
65.0,1,sage,32
65.0,1,omen,22
65.0,1,sova,6
65.0,1,breach,3
65.0,1,cypher,1
65.0,2,sova,35
65.0,2,sage,8
65.0,2,breach,3
65.0,3,sova,17
65.0,3,sage,3
65.0,3,killjoy,1
66.0,0,sova,1
66.0,1,sova,9
66.0,1,cypher,1
68.0,1,skye,6
68.0,2,skye,93
68.0,2,viper,6
68.0,2,omen,3
68.0,2,killjoy,1
68.0,3,skye,30
68.0,3,breach,24
68.0,3,sova,11
68.0,3,cypher,8
68.0,3,kayo,6
68.0,3,viper,3
68.0,3,astra,3
68.0,3,sage,2
69.0,1,reyna,21
69.0,1,raze,9
69.0,1,phoenix,8
69.0,1,cypher,7
69.0,1,omen,7
69.0,2,reyna,23
69.0,2,raze,17
69.0,2,phoenix,7
69.0,2,jett,5
69.0,3,reyna,28
69.0,3,raze,9
69.0,3,skye,8
69.0,3,phoenix,1
70.0,1,omen,22
70.0,1,brimstone,15
70.0,1,breach,6
70.0,1,cypher,4
70.0,1,killjoy,1
70.0,2,cypher,7
70.0,2,killjoy,3
70.0,2,sage,2
71.0,0,phoenix,7
71.0,1,phoenix,54
71.0,1,sova,26
71.0,1,breach,16
71.0,2,sova,20
71.0,2,phoenix,18
71.0,2,raze,10
71.0,3,sova,3
71.0,3,sage,2
71.0,3,raze,1
72.0,0,jett,6
72.0,0,sova,1
72.0,1,jett,87
72.0,1,sova,10
72.0,2,jett,48
72.0,3,jett,23
72.0,3,sage,5
73.0,0,cypher,5
73.0,0,sage,2
73.0,1,cypher,44
73.0,1,sova,29
73.0,1,omen,8
73.0,1,breach,6
73.0,1,killjoy,5
73.0,1,raze,2
73.0,1,skye,1
73.0,1,phoenix,1
73.0,2,sova,22
73.0,2,astra,19
73.0,2,skye,4
73.0,2,omen,3
74.0,0,sage,5
74.0,1,omen,33
74.0,1,brimstone,21
74.0,1,sage,18
74.0,1,cypher,15
74.0,1,viper,7
74.0,1,killjoy,2
74.0,2,killjoy,24
74.0,2,brimstone,8
74.0,2,omen,3
74.0,2,cypher,2
74.0,2,viper,2
74.0,2,sage,1
74.0,3,killjoy,14
74.0,3,astra,11
74.0,3,cypher,10
74.0,3,viper,10
75.0,0,brimstone,7
75.0,1,omen,25
75.0,1,phoenix,25
75.0,1,brimstone,22
75.0,1,raze,12
75.0,1,reyna,10
75.0,2,skye,18
75.0,2,omen,17
75.0,2,phoenix,8
75.0,2,sage,3
75.0,2,reyna,2
75.0,3,skye,21
75.0,3,omen,6
75.0,3,brimstone,1
76.0,1,jett,22
76.0,1,reyna,4
76.0,1,cypher,1
76.0,2,sova,8
76.0,2,jett,6
76.0,2,viper,2
76.0,2,reyna,1
76.0,3,sova,15
76.0,3,viper,2
78.0,1,raze,30
78.0,1,phoenix,29
78.0,1,reyna,12
78.0,2,raze,31
78.0,2,omen,22
78.0,2,reyna,5
78.0,2,phoenix,1
79.0,1,phoenix,5
79.0,1,reyna,2
79.0,1,raze,1
79.0,2,reyna,7
79.0,2,sova,2
79.0,2,jett,2
79.0,2,sage,1
79.0,2,phoenix,1
80.0,1,sage,7
80.0,2,jett,7
80.0,2,reyna,1
81.0,1,cypher,7
81.0,1,omen,4
81.0,1,killjoy,1
81.0,1,sage,1
81.0,1,viper,1
81.0,1,sova,1
81.0,2,sova,20
81.0,2,sage,4
81.0,2,reyna,2
81.0,3,jett,6
81.0,3,raze,1
82.0,2,sage,4
82.0,2,sova,4
82.0,2,raze,2
82.0,2,breach,2
82.0,2,jett,2
82.0,2,skye,1
82.0,3,cypher,4
82.0,3,jett,3
82.0,3,skye,3
87.0,1,omen,9
87.0,1,brimstone,6
87.0,2,breach,30
87.0,2,skye,10
87.0,3,skye,1
88.0,1,sova,3
88.0,1,omen,1
89.0,1,raze,4
90.0,0,cypher,9
90.0,1,cypher,14
90.0,1,killjoy,8
90.0,1,sova,1
90.0,1,omen,1
90.0,2,killjoy,20
90.0,2,sage,3
90.0,3,killjoy,16
90.0,3,sage,4
90.0,3,skye,4
90.0,3,cypher,2
90.0,3,sova,2
90.0,3,viper,2
90.0,3,breach,1
92.0,0,reyna,8
92.0,0,sage,2
92.0,1,jett,12
92.0,1,breach,10
92.0,1,reyna,9
92.0,1,sage,5
92.0,1,phoenix,1
92.0,2,jett,15
92.0,2,phoenix,14
92.0,2,sage,7
92.0,2,reyna,6
92.0,3,jett,21
92.0,3,reyna,13
92.0,3,sage,4
93.0,0,jett,8
93.0,0,viper,1
93.0,0,reyna,1
93.0,1,jett,57
93.0,1,raze,6
93.0,1,viper,3
93.0,1,reyna,1
93.0,2,jett,31
93.0,2,raze,6
93.0,2,yoru,1
93.0,3,viper,17
93.0,3,killjoy,9
93.0,3,skye,8
93.0,3,cypher,6
93.0,3,sage,2
93.0,3,jett,1
97.0,0,cypher,6
97.0,1,cypher,19
97.0,1,killjoy,12
97.0,2,killjoy,31
97.0,2,brimstone,4
97.0,2,viper,4
97.0,2,cypher,2
97.0,2,sova,1
97.0,3,cypher,10
97.0,3,viper,6
97.0,3,sova,2
97.0,3,killjoy,1
98.0,0,brimstone,1
98.0,1,sova,46
98.0,1,raze,7
98.0,1,cypher,2
98.0,2,sova,24
98.0,2,sage,6
98.0,2,raze,5
98.0,3,sova,5
98.0,3,jett,3
98.0,3,skye,1
98.0,3,raze,1
99.0,0,sage,6
99.0,1,sage,13
99.0,1,sova,7
99.0,1,omen,6
99.0,1,brimstone,2
99.0,1,jett,2
99.0,1,phoenix,1
99.0,2,omen,22
99.0,2,sage,12
99.0,2,brimstone,6
99.0,2,raze,2
99.0,3,astra,11
99.0,3,breach,11
99.0,3,cypher,7
99.0,3,sage,3
99.0,3,brimstone,3
99.0,3,omen,1
100.0,0,breach,5
100.0,0,brimstone,1
100.0,1,omen,20
100.0,1,breach,12
100.0,1,sage,4
100.0,2,breach,7
100.0,2,omen,5
100.0,2,viper,4
100.0,2,astra,2
100.0,3,astra,6
100.0,3,sova,6
100.0,3,viper,5
100.0,3,skye,5
100.0,3,breach,1
100.0,3,omen,1
100.0,3,sage,1
100.0,3,phoenix,1
101.0,0,reyna,3
101.0,0,raze,3
101.0,1,raze,16
101.0,1,sova,13
101.0,1,phoenix,2
101.0,2,skye,18
101.0,2,sova,13
101.0,2,raze,8
101.0,2,breach,2
101.0,2,viper,1
101.0,3,skye,16
101.0,3,raze,9
101.0,3,kayo,5
101.0,3,sova,5
101.0,3,viper,2
101.0,3,sage,1
103.0,1,phoenix,1
108.0,0,cypher,2
108.0,1,cypher,10
108.0,1,raze,1
108.0,2,cypher,11
108.0,2,killjoy,1
109.0,0,brimstone,2
109.0,1,brimstone,34
109.0,1,omen,26
109.0,1,viper,2
109.0,1,phoenix,1
109.0,2,omen,14
109.0,2,viper,4
109.0,2,astra,2
109.0,2,phoenix,2
109.0,2,reyna,1
109.0,3,viper,7
109.0,3,omen,4
109.0,3,breach,3
109.0,3,sova,1
109.0,3,skye,1
109.0,3,sage,1
109.0,3,raze,1
109.0,3,killjoy,1
109.0,3,kayo,1
109.0,3,jett,1
109.0,3,brimstone,1
109.0,3,astra,1
110.0,1,omen,8
110.0,1,viper,3
110.0,1,breach,2
110.0,1,brimstone,1
110.0,2,omen,5
110.0,2,sage,1
110.0,3,omen,2
111.0,0,cypher,2
111.0,1,cypher,34
111.0,1,killjoy,2
111.0,2,killjoy,7
111.0,2,cypher,4
111.0,3,killjoy,26
111.0,3,viper,6
111.0,3,cypher,4
111.0,3,raze,2
113.0,0,reyna,1
113.0,1,reyna,15
113.0,1,killjoy,11
113.0,1,sage,11
113.0,1,raze,10
113.0,1,breach,8
113.0,1,phoenix,4
113.0,1,jett,4
113.0,1,skye,2
113.0,2,breach,19
113.0,2,skye,5
113.0,2,sage,2
113.0,3,kayo,7
113.0,3,breach,4
113.0,3,skye,1
114.0,1,sova,40
114.0,1,raze,5
114.0,1,killjoy,1
114.0,2,sova,24
114.0,2,raze,7
114.0,2,skye,3
114.0,2,sage,1
114.0,3,sova,49
114.0,3,skye,7
114.0,3,raze,1
114.0,3,breach,1
115.0,1,omen,50
115.0,1,reyna,1
115.0,2,omen,26
115.0,2,astra,13
115.0,2,viper,1
115.0,3,viper,5
115.0,3,astra,4
115.0,3,omen,3
116.0,1,cypher,11
116.0,1,omen,5
116.0,1,killjoy,1
116.0,2,killjoy,8
116.0,2,cypher,7
116.0,2,viper,3
117.0,1,sage,10
117.0,1,omen,8
117.0,1,breach,4
117.0,1,sova,1
117.0,1,reyna,1
117.0,2,omen,16
117.0,2,astra,7
117.0,2,viper,2
117.0,2,breach,1
117.0,3,omen,4
117.0,3,astra,3
117.0,3,reyna,1
117.0,3,viper,1
119.0,0,cypher,3
119.0,1,cypher,9
119.0,3,astra,2
119.0,3,viper,1
122.0,0,jett,1
122.0,1,jett,39
122.0,1,sage,17
122.0,1,sova,6
122.0,1,skye,1
122.0,2,breach,14
122.0,2,sage,6
122.0,2,phoenix,6
122.0,2,astra,5
122.0,2,omen,3
122.0,2,skye,1
122.0,3,jett,27
122.0,3,sage,12
122.0,3,astra,11
122.0,3,omen,6
122.0,3,brimstone,2
122.0,3,raze,2
122.0,3,cypher,1
123.0,2,jett,7
123.0,2,sage,1
125.0,1,jett,17
125.0,1,breach,5
125.0,1,omen,4
125.0,1,sage,3
125.0,1,raze,2
125.0,1,phoenix,1
125.0,2,sova,20
125.0,2,sage,9
125.0,2,skye,2
125.0,3,sova,6
125.0,3,jett,5
125.0,3,sage,3
125.0,3,skye,1
126.0,1,cypher,2
126.0,2,astra,5
126.0,2,brimstone,2
126.0,2,viper,1
126.0,2,cypher,1
126.0,3,cypher,5
126.0,3,viper,1
127.0,0,breach,3
127.0,1,omen,18
127.0,2,breach,5
127.0,2,skye,2
127.0,2,omen,1
127.0,3,breach,1
127.0,3,astra,1
127.0,3,omen,1
127.0,3,viper,1
128.0,0,sage,3
128.0,1,omen,22
128.0,1,sage,15
128.0,1,brimstone,1
128.0,2,sage,15
128.0,2,omen,9
128.0,2,skye,8
128.0,3,sova,4
128.0,3,skye,1
128.0,3,sage,1
129.0,0,reyna,2
129.0,0,raze,1
129.0,1,cypher,7
129.0,1,phoenix,5
129.0,1,omen,5
129.0,1,killjoy,5
129.0,1,raze,4
129.0,1,reyna,2
129.0,2,killjoy,13
129.0,2,cypher,10
129.0,2,sage,6
129.0,2,viper,6
129.0,3,viper,25
129.0,3,cypher,17
129.0,3,killjoy,16
130.0,0,omen,2
130.0,1,sova,19
130.0,1,breach,5
130.0,1,omen,4
130.0,2,sova,4
130.0,2,sage,1
130.0,3,sova,7
130.0,3,sage,2
130.0,3,skye,1
132.0,0,sova,2
132.0,1,raze,9
132.0,1,jett,5
132.0,1,omen,3
132.0,2,jett,15
132.0,2,raze,9
132.0,2,killjoy,5
132.0,2,cypher,4
132.0,2,reyna,1
133.0,0,breach,2
133.0,1,breach,2
133.0,1,omen,2
133.0,2,breach,6
134.0,0,cypher,2
134.0,2,raze,6
134.0,2,omen,4
134.0,2,sage,1
134.0,2,reyna,1
134.0,2,phoenix,1
134.0,2,killjoy,1
134.0,3,killjoy,4
134.0,3,viper,2
135.0,0,sage,2
136.0,1,cypher,24
136.0,1,killjoy,1
136.0,2,cypher,18
136.0,2,viper,10
136.0,2,killjoy,6
136.0,2,sova,3
136.0,2,sage,1
136.0,3,cypher,10
136.0,3,viper,5
136.0,3,killjoy,3
137.0,0,raze,2
137.0,1,raze,3
137.0,1,jett,2
137.0,1,sage,2
137.0,2,raze,12
137.0,2,jett,2
137.0,3,jett,6
137.0,3,raze,1
139.0,1,sova,6
141.0,1,sova,2
141.0,2,sova,4
141.0,2,astra,4
141.0,2,breach,3
141.0,2,omen,2
141.0,2,sage,2
141.0,2,viper,1
141.0,2,brimstone,1
141.0,3,viper,13
141.0,3,astra,13
141.0,3,omen,9
141.0,3,sova,2
141.0,3,brimstone,1
145.0,1,jett,1
145.0,2,sova,4
146.0,1,cypher,33
146.0,1,killjoy,9
146.0,1,sova,2
146.0,2,killjoy,55
146.0,2,cypher,26
146.0,2,sova,17
146.0,2,viper,10
146.0,3,viper,43
146.0,3,killjoy,28
146.0,3,sova,7
146.0,3,cypher,6
156.0,1,omen,29
156.0,2,sova,12
156.0,2,sage,8
156.0,2,cypher,7
156.0,2,breach,4
156.0,2,skye,1
156.0,3,sova,22
156.0,3,cypher,9
156.0,3,killjoy,6
156.0,3,omen,4
156.0,3,reyna,4
156.0,3,raze,2
162.0,1,sage,24
162.0,1,breach,23
162.0,2,omen,11
162.0,2,killjoy,8
162.0,2,brimstone,4
162.0,2,sage,2
162.0,2,viper,1
162.0,2,skye,1
162.0,2,breach,1
162.0,3,killjoy,3
162.0,3,viper,1
162.0,3,skye,1
162.0,3,phoenix,1
162.0,3,breach,1
164.0,1,raze,41
164.0,1,jett,4
164.0,2,sova,8
164.0,2,raze,7
164.0,2,skye,6
164.0,2,breach,5
164.0,3,sova,16
164.0,3,raze,8
164.0,3,breach,3
164.0,3,skye,2
165.0,1,omen,28
165.0,1,brimstone,18
165.0,1,raze,1
165.0,2,omen,10
165.0,2,viper,9
165.0,2,astra,5
165.0,2,killjoy,1
165.0,2,brimstone,1
165.0,3,viper,8
165.0,3,omen,3
165.0,3,raze,1
165.0,3,killjoy,1
165.0,3,astra,1
166.0,1,sova,23
166.0,1,cypher,21
166.0,1,raze,3
166.0,2,killjoy,7
166.0,2,viper,4
166.0,2,sova,4
166.0,2,sage,4
166.0,2,breach,4
166.0,2,jett,2
166.0,2,skye,1
166.0,3,killjoy,7
166.0,3,viper,6
166.0,3,sova,3
166.0,3,breach,3
166.0,3,cypher,2
166.0,3,omen,2
166.0,3,sage,1
167.0,1,sova,5
168.0,1,omen,5
169.0,1,jett,9
169.0,2,jett,3
169.0,2,viper,1
169.0,3,viper,18
169.0,3,jett,14
169.0,3,chamber,1
169.0,3,raze,1
170.0,1,sova,3
170.0,1,sage,3
170.0,1,killjoy,2
170.0,1,breach,1
170.0,3,sova,8
170.0,3,sage,1
172.0,1,breach,13
172.0,1,phoenix,9
172.0,1,jett,8
172.0,1,sage,3
172.0,1,reyna,2
172.0,2,jett,14
172.0,2,reyna,12
172.0,2,raze,9
172.0,2,breach,6
172.0,2,skye,5
172.0,2,phoenix,3
172.0,3,jett,8
172.0,3,sova,4
172.0,3,reyna,3
172.0,3,raze,3
172.0,3,breach,3
172.0,3,sage,2
172.0,3,skye,2
173.0,1,raze,6
173.0,1,reyna,2
173.0,1,jett,1
173.0,1,breach,1
173.0,2,cypher,3
173.0,2,jett,1
173.0,3,sova,7
173.0,3,killjoy,2
173.0,3,jett,1
173.0,3,sage,1
175.0,1,cypher,18
175.0,1,sage,3
175.0,1,omen,1
175.0,1,killjoy,1
175.0,2,cypher,2
179.0,1,phoenix,5
179.0,1,sova,3
179.0,1,sage,1
185.0,1,brimstone,1
185.0,2,phoenix,1
185.0,2,raze,1
185.0,3,jett,12
185.0,3,killjoy,3
185.0,3,cypher,3
185.0,3,chamber,1
186.0,1,jett,11
186.0,1,reyna,10
186.0,1,breach,3
186.0,1,omen,1
186.0,2,killjoy,8
186.0,2,phoenix,4
186.0,2,reyna,4
186.0,2,viper,4
186.0,2,sage,4
186.0,2,raze,3
186.0,2,jett,2
186.0,2,sova,1
186.0,3,sova,8
186.0,3,astra,3
186.0,3,breach,2
186.0,3,sage,2
186.0,3,skye,2
186.0,3,viper,1
186.0,3,killjoy,1
193.0,0,brimstone,2
193.0,0,omen,1
193.0,1,raze,8
193.0,1,reyna,8
193.0,1,cypher,2
193.0,1,phoenix,1
193.0,1,jett,1
193.0,2,phoenix,7
193.0,2,raze,4
193.0,2,sage,2
193.0,2,jett,2
193.0,2,breach,1
193.0,3,sage,7
193.0,3,viper,5
193.0,3,cypher,3
193.0,3,omen,3
193.0,3,killjoy,3
193.0,3,raze,2
194.0,0,jett,2
194.0,0,raze,2
194.0,1,raze,26
194.0,1,jett,5
194.0,2,raze,36
194.0,2,jett,1
194.0,3,raze,15
194.0,3,jett,11
194.0,3,killjoy,5
195.0,1,sova,1
195.0,2,breach,3
195.0,2,sova,1
195.0,3,astra,3
195.0,3,omen,2
195.0,3,sage,2
195.0,3,viper,1
197.0,1,omen,11
197.0,1,brimstone,8
197.0,1,cypher,1
197.0,3,cypher,1
200.0,1,omen,9
200.0,1,jett,6
200.0,1,raze,1
200.0,1,breach,1
200.0,2,omen,3
200.0,2,phoenix,1
201.0,1,cypher,5
201.0,1,omen,1
201.0,2,cypher,5
201.0,2,sage,1
201.0,2,killjoy,1
201.0,2,astra,1
201.0,3,cypher,8
201.0,3,astra,2
201.0,3,sage,2
201.0,3,viper,1
201.0,3,sova,1
202.0,1,brimstone,2
203.0,1,sova,4
203.0,1,omen,2
203.0,1,sage,2
203.0,1,raze,1
203.0,2,breach,4
203.0,2,killjoy,1
203.0,2,viper,1
203.0,2,omen,1
203.0,3,sova,1
203.0,3,sage,1
204.0,1,reyna,2
205.0,1,brimstone,9
205.0,1,omen,1
206.0,1,cypher,3
206.0,2,killjoy,4
206.0,2,viper,1
206.0,3,viper,1
206.0,3,killjoy,1
207.0,1,sage,2
207.0,2,skye,4
207.0,2,sage,1
207.0,3,skye,1
207.0,3,sage,1
211.0,1,omen,1
211.0,1,jett,1
212.0,1,jett,9
212.0,1,phoenix,8
212.0,1,sova,5
213.0,0,cypher,2
213.0,0,brimstone,1
213.0,1,cypher,10
213.0,1,killjoy,8
213.0,2,killjoy,24
213.0,2,astra,5
213.0,2,cypher,3
213.0,3,killjoy,12
213.0,3,kayo,11
213.0,3,cypher,5
213.0,3,skye,5
213.0,3,brimstone,4
213.0,3,breach,3
214.0,0,brimstone,2
214.0,0,sage,1
214.0,1,jett,10
214.0,1,raze,9
214.0,1,omen,3
214.0,1,brimstone,3
214.0,2,jett,20
214.0,2,brimstone,5
214.0,2,raze,5
214.0,2,sage,4
214.0,3,jett,10
214.0,3,sage,2
214.0,3,raze,1
214.0,3,brimstone,1
215.0,0,breach,2
215.0,0,sage,1
215.0,1,breach,3
217.0,0,raze,2
217.0,0,reyna,1
217.0,1,sova,5
217.0,1,sage,4
217.0,1,raze,3
217.0,2,viper,13
217.0,2,omen,7
217.0,2,brimstone,3
217.0,2,breach,3
217.0,2,raze,1
217.0,2,phoenix,1
217.0,3,viper,18
217.0,3,astra,11
217.0,3,reyna,7
217.0,3,brimstone,2
217.0,3,omen,2
218.0,1,cypher,7
218.0,1,omen,6
218.0,1,raze,5
218.0,1,sage,1
218.0,2,cypher,1
219.0,1,omen,16
219.0,1,brimstone,7
219.0,1,killjoy,2
219.0,1,phoenix,1
219.0,2,raze,15
219.0,2,omen,2
219.0,2,phoenix,1
220.0,1,sova,16
220.0,1,cypher,6
220.0,1,raze,3
220.0,1,sage,1
220.0,1,omen,1
220.0,2,sova,11
220.0,2,raze,2
220.0,3,sova,4
220.0,3,raze,3
220.0,3,reyna,2
222.0,1,cypher,7
225.0,1,sova,8
226.0,0,sage,2
226.0,1,raze,19
226.0,1,jett,15
226.0,1,cypher,7
226.0,1,viper,1
226.0,1,omen,1
226.0,2,sova,22
226.0,2,raze,14
226.0,2,jett,4
226.0,2,sage,3
226.0,2,killjoy,1
226.0,3,sova,11
226.0,3,jett,6
226.0,3,skye,3
226.0,3,raze,2
226.0,3,viper,1
230.0,0,cypher,2
230.0,1,cypher,8
230.0,1,omen,1
231.0,0,sage,1
231.0,1,reyna,1
232.0,0,jett,1
232.0,0,sage,1
232.0,1,jett,2
232.0,1,sage,1
233.0,0,brimstone,7
233.0,0,sova,2
233.0,0,cypher,1
233.0,1,cypher,49
233.0,1,killjoy,4
233.0,2,cypher,27
233.0,2,viper,8
233.0,2,killjoy,2
233.0,2,sage,1
234.0,0,sage,1
234.0,0,brimstone,1
234.0,1,omen,25
234.0,1,cypher,19
234.0,1,raze,2
234.0,2,raze,3
234.0,2,omen,2
235.0,0,breach,1
235.0,1,breach,4
235.0,1,sova,2
235.0,1,sage,2
236.0,1,omen,4
236.0,1,cypher,2
236.0,1,sage,2
236.0,1,brimstone,1
239.0,1,raze,17
249.0,1,sova,2
249.0,1,brimstone,1
251.0,1,jett,25
251.0,1,cypher,4
251.0,1,raze,1
251.0,2,jett,10
251.0,2,raze,2
251.0,3,jett,22
251.0,3,raze,2
252.0,1,jett,23
252.0,1,raze,8
252.0,2,jett,24
252.0,2,skye,2
252.0,2,raze,1
252.0,3,jett,28
252.0,3,skye,4
252.0,3,raze,2
253.0,1,jett,17
253.0,1,viper,4
253.0,2,jett,9
253.0,2,raze,8
253.0,2,sage,2
253.0,2,omen,1
253.0,3,jett,25
253.0,3,viper,7
253.0,3,raze,3
254.0,1,breach,1
254.0,2,raze,1
254.0,2,jett,1
255.0,1,raze,20
255.0,1,sage,4
255.0,1,breach,1
255.0,2,raze,7
255.0,2,sage,6
255.0,2,phoenix,5
255.0,2,sova,2
255.0,2,skye,2
255.0,3,sage,4
255.0,3,phoenix,2
255.0,3,omen,2
255.0,3,raze,1
255.0,3,reyna,1
255.0,3,skye,1
256.0,1,reyna,2
256.0,1,brimstone,2
257.0,1,jett,15
257.0,1,omen,5
257.0,2,jett,26
257.0,2,omen,13
257.0,2,viper,4
257.0,2,sage,3
257.0,2,brimstone,2
257.0,2,reyna,1
257.0,2,phoenix,1
257.0,3,omen,10
257.0,3,viper,6
257.0,3,astra,4
257.0,3,reyna,2
257.0,3,killjoy,2
257.0,3,cypher,1
258.0,1,jett,4
258.0,2,jett,6
259.0,0,breach,3
259.0,0,phoenix,1
259.0,1,breach,20
259.0,1,sage,12
259.0,2,breach,6
259.0,2,viper,2
259.0,2,sage,1
259.0,3,viper,13
259.0,3,sage,9
259.0,3,sova,8
259.0,3,breach,5
259.0,3,skye,3
260.0,1,raze,22
260.0,1,reyna,14
260.0,1,phoenix,10
260.0,1,sova,1
260.0,1,breach,1
260.0,2,raze,27
260.0,2,reyna,10
260.0,2,yoru,1
260.0,2,phoenix,1
260.0,3,raze,14
260.0,3,phoenix,5
260.0,3,skye,4
260.0,3,yoru,2
260.0,3,reyna,2
260.0,3,sova,1
261.0,0,reyna,2
261.0,1,phoenix,22
261.0,1,omen,12
261.0,1,raze,10
261.0,1,brimstone,5
261.0,1,breach,4
261.0,1,jett,2
261.0,1,reyna,1
261.0,2,phoenix,36
261.0,2,sage,9
261.0,2,raze,6
261.0,2,skye,3
261.0,2,omen,2
261.0,2,sova,1
261.0,2,brimstone,1
261.0,2,breach,1
261.0,3,skye,14
261.0,3,raze,11
261.0,3,phoenix,6
261.0,3,reyna,5
261.0,3,sova,1
261.0,3,kayo,1
262.0,1,jett,28
262.0,1,phoenix,6
262.0,1,reyna,5
262.0,1,omen,3
262.0,1,raze,1
262.0,2,jett,48
262.0,2,raze,9
262.0,2,phoenix,8
262.0,2,reyna,5
262.0,2,sage,3
262.0,2,yoru,2
262.0,3,jett,25
262.0,3,skye,7
262.0,3,raze,3
263.0,1,omen,30
263.0,1,brimstone,9
263.0,1,phoenix,5
263.0,1,reyna,2
263.0,1,jett,1
263.0,2,omen,25
263.0,2,skye,4
263.0,2,sage,4
263.0,2,killjoy,4
263.0,2,astra,1
263.0,2,brimstone,1
263.0,3,astra,15
263.0,3,omen,14
263.0,3,viper,9
267.0,1,cypher,7
267.0,1,killjoy,1
267.0,2,sova,11
267.0,2,killjoy,2
267.0,3,sova,2
267.0,3,viper,1
267.0,3,sage,1
268.0,3,skye,9
269.0,0,sova,2
269.0,1,breach,21
269.0,1,killjoy,10
269.0,1,cypher,6
269.0,1,sova,4
269.0,1,skye,2
269.0,2,sova,6
269.0,2,breach,3
269.0,2,viper,1
269.0,2,skye,1
269.0,3,viper,14
269.0,3,sova,10
269.0,3,astra,2
269.0,3,skye,1
274.0,1,omen,31
274.0,1,breach,6
274.0,1,reyna,5
274.0,1,sage,2
274.0,1,phoenix,1
274.0,2,omen,17
274.0,2,breach,11
274.0,2,brimstone,8
274.0,2,phoenix,5
274.0,2,skye,3
274.0,2,sage,1
274.0,3,breach,8
274.0,3,viper,5
274.0,3,phoenix,3
274.0,3,cypher,2
274.0,3,omen,1
275.0,1,cypher,7
275.0,1,omen,2
275.0,1,killjoy,1
275.0,1,brimstone,1
276.0,1,omen,3
278.0,0,sage,4
278.0,1,breach,6
278.0,1,sage,2
279.0,0,sova,1
279.0,1,jett,5
279.0,1,omen,4
279.0,1,cypher,2
279.0,1,sova,1
279.0,2,omen,27
279.0,2,sova,8
279.0,2,jett,2
279.0,3,viper,9
279.0,3,cypher,9
279.0,3,omen,7
279.0,3,jett,3
279.0,3,sova,2
279.0,3,sage,1
280.0,1,raze,1
281.0,1,killjoy,3
281.0,1,cypher,1
281.0,2,killjoy,4
281.0,2,reyna,2
281.0,2,sage,2
281.0,2,jett,1
281.0,3,killjoy,2
281.0,3,reyna,1
282.0,0,phoenix,1
283.0,0,sage,1
283.0,1,sage,60
283.0,1,breach,4
283.0,1,raze,1
283.0,2,omen,5
283.0,2,astra,3
283.0,2,brimstone,2
283.0,2,breach,2
283.0,2,skye,1
283.0,2,sage,1
283.0,3,omen,17
283.0,3,viper,12
283.0,3,astra,8
283.0,3,brimstone,6
283.0,3,sage,3
284.0,0,brimstone,1
284.0,1,omen,6
284.0,3,omen,1
284.0,3,reyna,1
286.0,1,omen,8
286.0,1,jett,2
286.0,1,viper,1
286.0,2,sage,7
286.0,2,omen,4
286.0,3,omen,5
286.0,3,viper,2
286.0,3,sage,2
286.0,3,sova,1
287.0,1,raze,10
287.0,1,reyna,1
287.0,2,raze,4
287.0,3,raze,6
287.0,3,sage,1
288.0,1,sova,6
288.0,1,breach,2
288.0,2,sova,2
288.0,3,sova,1
291.0,1,sova,41
291.0,1,raze,3
291.0,1,phoenix,1
291.0,2,sova,7
291.0,2,raze,2
291.0,2,sage,1
291.0,3,sova,15
291.0,3,skye,2
292.0,0,sova,3
292.0,1,jett,25
292.0,1,raze,18
292.0,1,sova,7
292.0,1,viper,1
292.0,1,sage,1
292.0,1,breach,1
292.0,2,jett,21
292.0,2,raze,12
292.0,2,sage,2
292.0,2,reyna,1
292.0,3,jett,29
292.0,3,raze,22
293.0,1,breach,38
293.0,1,sage,6
293.0,1,killjoy,1
293.0,2,breach,7
293.0,2,sage,3
293.0,3,kayo,8
293.0,3,sage,5
293.0,3,skye,2
294.0,1,cypher,21
294.0,1,killjoy,17
294.0,1,breach,4
294.0,1,sage,3
294.0,2,cypher,4
294.0,2,killjoy,3
294.0,3,killjoy,10
294.0,3,skye,2
294.0,3,viper,1
294.0,3,phoenix,1
294.0,3,astra,1
295.0,1,omen,40
295.0,1,brimstone,5
295.0,2,omen,8
295.0,2,viper,1
295.0,2,brimstone,1
295.0,3,omen,7
295.0,3,viper,3
296.0,1,cypher,5
296.0,1,killjoy,1
296.0,1,breach,1
297.0,1,sage,6
297.0,1,sova,1
298.0,1,sova,9
298.0,1,omen,3
298.0,1,breach,2
298.0,2,sova,16
298.0,2,breach,5
298.0,2,skye,3
298.0,3,sova,14
298.0,3,cypher,4
298.0,3,viper,3
299.0,1,raze,7
299.0,1,jett,5
299.0,1,omen,2
299.0,2,raze,20
299.0,2,omen,11
299.0,2,brimstone,3
299.0,2,astra,1
299.0,2,viper,1
299.0,3,omen,14
299.0,3,astra,3
299.0,3,viper,1
301.0,0,raze,3
301.0,0,jett,1
301.0,1,sova,19
301.0,1,jett,9
301.0,1,breach,6
301.0,1,omen,4
301.0,1,raze,1
301.0,2,jett,20
301.0,2,raze,14
301.0,2,sage,7
301.0,2,breach,3
301.0,3,jett,5
301.0,3,reyna,5
301.0,3,viper,4
301.0,3,raze,4
301.0,3,sage,3
301.0,3,astra,1
302.0,0,sage,3
302.0,1,sage,3
302.0,1,raze,1
303.0,0,sage,3
303.0,0,sova,1
303.0,1,cypher,1
304.0,0,cypher,4
305.0,0,breach,2
305.0,0,sage,1
305.0,0,reyna,1
306.0,1,brimstone,7
306.0,1,raze,2
306.0,1,sova,2
307.0,1,sage,11
307.0,1,reyna,1
308.0,1,sova,4
308.0,1,raze,1
308.0,1,cypher,1
309.0,1,omen,48
309.0,1,brimstone,8
309.0,1,phoenix,6
309.0,1,reyna,5
309.0,1,sage,1
309.0,1,cypher,1
309.0,2,omen,15
309.0,2,brimstone,7
309.0,2,reyna,6
309.0,2,sage,5
309.0,2,phoenix,3
309.0,2,astra,1
309.0,3,omen,15
309.0,3,viper,3
309.0,3,astra,3
309.0,3,brimstone,2
309.0,3,jett,1
310.0,1,jett,28
310.0,1,breach,1
310.0,2,jett,5
311.0,0,sova,2
312.0,0,reyna,2
312.0,1,sova,6
312.0,1,viper,6
312.0,1,sage,6
312.0,1,phoenix,6
312.0,1,raze,4
312.0,1,breach,2
312.0,1,jett,2
312.0,2,cypher,19
312.0,2,killjoy,16
312.0,2,viper,2
312.0,3,skye,13
312.0,3,cypher,8
312.0,3,killjoy,5
312.0,3,reyna,2
312.0,3,jett,2
312.0,3,phoenix,1
314.0,1,jett,3
314.0,1,breach,1
314.0,2,jett,30
314.0,2,reyna,1
314.0,2,phoenix,1
314.0,3,sova,33
314.0,3,jett,18
314.0,3,breach,2
314.0,3,raze,2
314.0,3,skye,1
315.0,1,phoenix,1
319.0,0,brimstone,4
319.0,1,cypher,10
319.0,1,brimstone,10
319.0,1,breach,6
319.0,2,sova,11
319.0,2,breach,8
319.0,2,skye,6
320.0,0,cypher,1
320.0,1,cypher,9
320.0,1,reyna,4
320.0,1,raze,3
320.0,1,sage,1
320.0,2,cypher,19
320.0,2,killjoy,2
320.0,2,sage,2
320.0,3,cypher,16
320.0,3,phoenix,2
320.0,3,raze,1
320.0,3,viper,1
321.0,0,sage,4
321.0,1,sage,11
321.0,1,cypher,8
321.0,1,killjoy,2
321.0,2,cypher,35
321.0,2,sova,4
321.0,2,killjoy,1
321.0,3,jett,16
321.0,3,sova,3
322.0,0,raze,2
322.0,0,sova,2
322.0,1,sova,30
322.0,1,raze,6
322.0,1,skye,3
322.0,1,breach,1
322.0,2,sova,8
322.0,2,sage,4
322.0,2,skye,2
322.0,2,astra,2
322.0,2,viper,1
322.0,3,astra,27
322.0,3,sova,5
322.0,3,sage,4
322.0,3,omen,2
323.0,0,jett,3
323.0,1,jett,1
323.0,2,jett,7
323.0,3,sage,2
323.0,3,reyna,1
323.0,3,jett,1
323.0,3,viper,1
324.0,0,cypher,3
324.0,1,omen,1
324.0,2,brimstone,3
324.0,2,sova,2
324.0,2,omen,1
324.0,2,breach,1
324.0,3,breach,2
324.0,3,brimstone,2
324.0,3,viper,1
325.0,0,brimstone,3
325.0,1,raze,1
325.0,2,raze,4
325.0,2,sage,3
325.0,3,raze,2
325.0,3,kayo,1
325.0,3,omen,1
325.0,3,astra,1
328.0,1,jett,2
329.0,1,omen,10
329.0,1,sage,4
329.0,1,brimstone,3
329.0,3,sage,1
329.0,3,astra,1
330.0,1,phoenix,4
331.0,1,omen,5
331.0,1,brimstone,3
331.0,2,omen,9
331.0,2,sage,2
331.0,2,viper,1
334.0,0,raze,3
335.0,0,sage,2
335.0,0,phoenix,1
336.0,0,cypher,3
337.0,0,breach,3
338.0,0,sova,3
339.0,1,sova,28
339.0,1,sage,8
339.0,1,raze,5
339.0,2,sova,27
339.0,2,sage,5
339.0,2,breach,1
339.0,3,sova,35
339.0,3,skye,6
339.0,3,killjoy,2
339.0,3,sage,2
339.0,3,astra,1
339.0,3,cypher,1
340.0,1,raze,16
340.0,1,breach,12
340.0,1,sova,4
340.0,1,sage,2
340.0,1,jett,1
340.0,1,killjoy,1
340.0,2,jett,1
340.0,3,skye,1
340.0,3,sova,1
341.0,1,sova,5
341.0,1,raze,3
341.0,1,cypher,2
341.0,1,phoenix,1
341.0,1,omen,1
341.0,1,brimstone,1
341.0,2,skye,1
341.0,2,sage,1
341.0,2,raze,1
341.0,2,jett,1
341.0,2,cypher,1
341.0,3,astra,13
341.0,3,viper,1
342.0,1,sova,4
342.0,1,omen,1
342.0,2,yoru,1
345.0,1,sova,10
345.0,1,raze,3
345.0,2,sova,10
345.0,2,sage,1
345.0,3,sova,4
345.0,3,viper,1
345.0,3,sage,1
346.0,1,omen,3
346.0,1,brimstone,1
348.0,1,sova,1
349.0,1,breach,2
350.0,1,sage,2
351.0,1,sova,1
351.0,1,cypher,1
352.0,1,raze,2
352.0,3,sage,1
352.0,3,omen,1
355.0,1,omen,7
355.0,1,jett,3
356.0,1,phoenix,5
356.0,1,cypher,5
356.0,1,killjoy,1
356.0,1,jett,1
356.0,1,breach,1
358.0,1,cypher,5
358.0,1,raze,2
358.0,1,killjoy,1
358.0,2,raze,4
358.0,2,omen,3
358.0,2,cypher,1
360.0,1,sova,7
360.0,1,sage,5
361.0,1,sova,2
361.0,1,brimstone,1
361.0,2,omen,2
361.0,2,sova,2
361.0,2,viper,1
362.0,1,reyna,3
362.0,1,jett,2
362.0,2,jett,10
362.0,2,reyna,3
362.0,3,jett,14
363.0,0,breach,2
363.0,1,breach,28
363.0,1,viper,4
363.0,1,raze,2
363.0,1,sage,1
363.0,2,breach,6
363.0,2,reyna,2
363.0,2,phoenix,1
363.0,3,jett,20
363.0,3,reyna,17
363.0,3,sage,1
365.0,0,sage,2
365.0,1,sage,36
365.0,1,sova,28
365.0,1,phoenix,1
365.0,2,sova,19
365.0,2,sage,15
365.0,3,sage,9
365.0,3,sova,8
365.0,3,viper,4
366.0,1,cypher,1
366.0,2,cypher,2
368.0,2,sage,1
368.0,2,breach,1
372.0,0,brimstone,3
372.0,0,omen,1
378.0,0,jett,1
379.0,1,jett,2
381.0,1,cypher,11
381.0,1,killjoy,6
381.0,2,killjoy,16
381.0,2,cypher,7
381.0,3,killjoy,14
381.0,3,cypher,7
381.0,3,viper,5
382.0,1,omen,2
384.0,0,raze,1
384.0,0,sova,1
384.0,1,sova,39
384.0,1,raze,13
384.0,1,sage,9
384.0,1,phoenix,2
384.0,2,sova,16
384.0,2,sage,7
384.0,3,sova,5
384.0,3,jett,4
384.0,3,brimstone,3
384.0,3,sage,2
384.0,3,raze,2
384.0,3,breach,1
384.0,3,astra,1
384.0,3,cypher,1
384.0,3,reyna,1
384.0,3,omen,1
384.0,3,killjoy,1
384.0,3,kayo,1
385.0,1,brimstone,6
386.0,1,breach,13
386.0,1,phoenix,1
386.0,1,jett,1
386.0,2,breach,1
389.0,1,raze,5
389.0,1,jett,1
389.0,2,raze,10
390.0,1,sova,3
390.0,1,killjoy,1
390.0,2,killjoy,11
390.0,2,viper,8
390.0,2,cypher,2
390.0,3,killjoy,16
390.0,3,viper,13
392.0,1,breach,1
394.0,1,sova,4
397.0,1,omen,17
397.0,1,breach,1
397.0,1,cypher,1
397.0,2,killjoy,4
397.0,2,astra,4
397.0,2,viper,2
397.0,2,brimstone,1
397.0,3,omen,6
397.0,3,viper,4
397.0,3,skye,1
397.0,3,astra,1
398.0,1,omen,4
399.0,1,sage,8
399.0,3,astra,2
399.0,3,omen,2
399.0,3,sage,2
402.0,1,cypher,15
402.0,1,killjoy,13
402.0,1,sova,2
402.0,1,reyna,1
402.0,1,breach,1
402.0,2,killjoy,14
402.0,2,cypher,4
402.0,3,killjoy,11
402.0,3,cypher,7
402.0,3,sage,3
402.0,3,viper,2
402.0,3,sova,1
403.0,0,raze,2
403.0,0,omen,1
403.0,1,jett,2
403.0,1,raze,2
403.0,2,sage,2
403.0,2,breach,1
404.0,0,sage,4
404.0,0,reyna,1
405.0,0,sova,4
405.0,0,brimstone,1
407.0,0,breach,3
407.0,0,sage,1
407.0,0,brimstone,1
408.0,1,sova,3
408.0,1,breach,1
408.0,2,sova,27
408.0,2,breach,4
408.0,2,astra,1
408.0,3,sova,15
408.0,3,breach,3
408.0,3,astra,3
408.0,3,sage,2
410.0,1,omen,2
410.0,1,raze,2
410.0,2,brimstone,11
410.0,2,omen,10
410.0,2,raze,9
410.0,2,sage,1
410.0,2,reyna,1
410.0,3,raze,4
410.0,3,sage,2
410.0,3,brimstone,1
410.0,3,cypher,1
410.0,3,omen,1
416.0,0,sage,3
417.0,0,cypher,3
417.0,1,killjoy,3
417.0,1,cypher,1
417.0,2,killjoy,1
417.0,2,breach,1
418.0,1,killjoy,40
418.0,1,cypher,10
418.0,1,sage,9
418.0,1,sova,3
418.0,1,jett,2
418.0,1,skye,1
418.0,1,phoenix,1
418.0,2,killjoy,27
418.0,2,cypher,8
418.0,2,sage,6
418.0,2,viper,4
418.0,2,astra,2
418.0,3,viper,19
418.0,3,killjoy,16
418.0,3,cypher,9
418.0,3,skye,2
419.0,1,omen,47
419.0,1,sage,9
419.0,1,brimstone,8
419.0,1,cypher,5
419.0,2,omen,30
419.0,2,jett,10
419.0,2,astra,8
419.0,2,sage,3
419.0,3,astra,32
419.0,3,omen,7
419.0,3,viper,6
419.0,3,killjoy,4
419.0,3,chamber,2
419.0,3,skye,1
420.0,1,cypher,21
420.0,1,brimstone,11
420.0,1,phoenix,10
420.0,1,omen,9
420.0,1,raze,5
420.0,1,reyna,1
420.0,2,cypher,25
420.0,2,killjoy,7
420.0,2,phoenix,4
420.0,2,reyna,4
420.0,2,sage,3
420.0,2,skye,2
420.0,3,killjoy,33
420.0,3,cypher,20
420.0,3,skye,14
420.0,3,sage,2
420.0,3,kayo,2
420.0,3,omen,2
421.0,1,sova,56
421.0,1,phoenix,5
421.0,1,cypher,5
421.0,1,jett,3
421.0,1,omen,2
421.0,1,raze,2
421.0,1,sage,2
421.0,2,sova,46
421.0,2,sage,7
421.0,3,sova,69
421.0,3,sage,1
424.0,1,jett,22
424.0,1,raze,3
424.0,1,reyna,1
424.0,1,omen,1
424.0,2,jett,22
424.0,2,raze,5
424.0,2,sova,4
424.0,2,killjoy,4
424.0,2,breach,2
424.0,3,jett,5
424.0,3,phoenix,2
425.0,1,phoenix,19
425.0,1,reyna,4
425.0,1,raze,3
425.0,1,killjoy,1
425.0,2,reyna,20
425.0,2,skye,8
425.0,2,phoenix,6
425.0,2,yoru,3
425.0,3,sage,4
425.0,3,reyna,2
425.0,3,phoenix,1
426.0,1,cypher,7
426.0,1,sova,7
426.0,1,sage,6
426.0,1,breach,2
426.0,1,reyna,1
426.0,1,raze,1
426.0,1,killjoy,1
426.0,1,jett,1
426.0,2,omen,27
426.0,2,astra,6
426.0,2,jett,3
426.0,2,brimstone,1
426.0,3,cypher,4
426.0,3,killjoy,3
426.0,3,astra,2
426.0,3,omen,1
427.0,1,omen,8
427.0,2,cypher,11
427.0,2,viper,7
427.0,2,sage,7
427.0,2,sova,5
427.0,2,killjoy,4
427.0,2,skye,2
427.0,2,breach,1
427.0,3,viper,5
427.0,3,astra,1
427.0,3,omen,1
427.0,3,killjoy,1
427.0,3,cypher,1
428.0,1,omen,25
428.0,1,brimstone,1
428.0,3,sova,1
428.0,3,breach,1
435.0,3,killjoy,13
435.0,3,raze,2
435.0,3,sage,1
435.0,3,viper,1
435.0,3,jett,1
436.0,1,raze,3
436.0,1,brimstone,2
436.0,1,omen,1
438.0,0,viper,2
438.0,0,sage,1
438.0,1,breach,23
438.0,1,omen,3
438.0,1,jett,2
438.0,1,sova,1
438.0,2,brimstone,17
438.0,2,breach,14
438.0,2,sova,14
438.0,2,astra,12
438.0,2,skye,2
438.0,2,viper,2
438.0,2,reyna,1
438.0,2,cypher,1
438.0,3,sova,23
438.0,3,astra,13
438.0,3,viper,6
438.0,3,breach,1
439.0,0,raze,3
439.0,1,raze,6
439.0,1,jett,1
440.0,1,breach,30
440.0,1,sova,7
440.0,1,sage,2
440.0,2,astra,23
440.0,2,breach,11
440.0,2,sova,9
440.0,2,skye,1
440.0,3,astra,13
440.0,3,sova,7
440.0,3,skye,1
440.0,3,killjoy,1
440.0,3,cypher,1
441.0,0,cypher,2
441.0,1,cypher,7
442.0,0,phoenix,2
442.0,1,raze,36
442.0,1,phoenix,4
442.0,1,jett,2
442.0,1,omen,1
442.0,2,raze,26
442.0,2,jett,7
442.0,2,reyna,1
442.0,3,raze,10
442.0,3,skye,8
442.0,3,sage,7
442.0,3,yoru,5
442.0,3,jett,4
442.0,3,reyna,1
442.0,3,kayo,1
443.0,0,breach,2
443.0,1,omen,35
443.0,1,breach,4
443.0,1,viper,3
443.0,2,omen,27
443.0,2,viper,7
443.0,3,astra,27
443.0,3,viper,9
443.0,3,omen,2
444.0,0,sage,2
444.0,1,sage,5
444.0,1,omen,4
444.0,1,sova,3
444.0,1,breach,1
444.0,3,sova,2
445.0,0,brimstone,2
445.0,1,brimstone,4
445.0,1,sova,1
447.0,0,omen,3
447.0,0,brimstone,1
447.0,1,omen,16
447.0,1,brimstone,8
447.0,1,killjoy,3
447.0,1,cypher,2
447.0,2,omen,18
447.0,2,brimstone,8
447.0,2,astra,4
447.0,2,cypher,1
447.0,3,omen,10
447.0,3,astra,8
447.0,3,cypher,5
447.0,3,brimstone,3
448.0,0,cypher,1
448.0,1,cypher,51
448.0,1,killjoy,2
448.0,1,omen,1
448.0,2,cypher,25
448.0,2,killjoy,10
448.0,2,viper,3
448.0,3,cypher,28
448.0,3,killjoy,17
448.0,3,sage,4
448.0,3,viper,2
449.0,0,sova,3
449.0,1,sova,22
449.0,1,sage,3
449.0,1,breach,2
449.0,1,viper,1
449.0,2,sova,3
449.0,2,skye,1
449.0,3,sage,2
449.0,3,sova,1
449.0,3,skye,1
449.0,3,kayo,1
450.0,0,sage,1
451.0,0,sage,3
451.0,0,sova,1
451.0,1,breach,43
451.0,1,sage,5
451.0,1,killjoy,3
451.0,1,sova,2
451.0,1,jett,1
451.0,2,breach,12
451.0,2,skye,6
451.0,2,astra,3
451.0,2,sova,1
451.0,2,omen,1
451.0,3,skye,10
451.0,3,breach,5
451.0,3,sova,2
454.0,1,cypher,79
454.0,1,killjoy,3
454.0,2,cypher,51
454.0,2,sage,6
454.0,2,killjoy,5
454.0,2,viper,4
454.0,2,sova,1
454.0,3,cypher,17
454.0,3,killjoy,11
454.0,3,viper,10
454.0,3,sova,7
456.0,1,omen,38
456.0,1,raze,5
456.0,1,brimstone,4
456.0,1,reyna,1
456.0,2,omen,14
456.0,2,viper,3
456.0,2,astra,1
456.0,3,viper,13
456.0,3,omen,5
456.0,3,astra,4
456.0,3,brimstone,1
457.0,1,cypher,38
457.0,1,killjoy,10
457.0,2,cypher,24
457.0,2,omen,2
457.0,2,viper,1
457.0,3,viper,18
457.0,3,cypher,14
457.0,3,kayo,2
457.0,3,sage,2
457.0,3,killjoy,1
458.0,1,sova,12
458.0,1,raze,12
458.0,1,breach,8
458.0,1,omen,6
458.0,1,brimstone,3
458.0,1,skye,1
458.0,2,sova,17
458.0,2,breach,7
458.0,2,viper,2
458.0,2,omen,1
458.0,3,sova,19
458.0,3,viper,5
458.0,3,killjoy,4
458.0,3,reyna,4
458.0,3,brimstone,2
459.0,1,raze,16
459.0,1,sage,13
459.0,1,viper,4
459.0,1,jett,2
459.0,1,breach,2
459.0,2,omen,4
459.0,3,omen,4
459.0,3,sage,3
459.0,3,skye,2
459.0,3,reyna,1
459.0,3,phoenix,1
461.0,1,breach,29
461.0,1,sova,18
461.0,1,omen,1
461.0,2,sova,11
461.0,2,breach,5
461.0,2,yoru,2
461.0,3,sova,6
461.0,3,yoru,1
461.0,3,breach,1
462.0,1,sova,30
462.0,1,cypher,6
462.0,1,breach,2
463.0,1,jett,45
463.0,1,raze,3
463.0,1,phoenix,2
463.0,1,reyna,2
465.0,0,omen,1
465.0,0,brimstone,1
465.0,1,sage,7
465.0,1,omen,4
466.0,1,cypher,29
466.0,1,sova,6
466.0,1,killjoy,3
466.0,1,raze,3
466.0,2,sova,9
466.0,2,killjoy,3
466.0,2,breach,1
466.0,3,cypher,28
466.0,3,viper,24
466.0,3,killjoy,22
466.0,3,sova,8
466.0,3,chamber,5
466.0,3,sage,2
468.0,1,cypher,18
468.0,1,sage,13
468.0,1,killjoy,10
468.0,1,sova,4
468.0,1,skye,1
468.0,1,omen,1
468.0,1,brimstone,1
468.0,2,cypher,16
468.0,2,astra,8
468.0,2,breach,6
468.0,2,killjoy,4
468.0,2,omen,4
468.0,2,jett,1
468.0,3,astra,19
468.0,3,omen,5
468.0,3,viper,4
470.0,1,omen,2
471.0,1,reyna,3
471.0,1,jett,2
471.0,2,reyna,14
471.0,2,brimstone,3
471.0,3,reyna,13
471.0,3,skye,5
471.0,3,viper,3
472.0,1,cypher,2
473.0,1,omen,6
473.0,1,phoenix,1
473.0,2,astra,8
473.0,2,raze,6
473.0,2,phoenix,4
473.0,3,astra,18
473.0,3,jett,2
473.0,3,yoru,1
474.0,1,sova,7
474.0,1,omen,4
474.0,1,skye,3
474.0,1,jett,1
474.0,2,sova,23
474.0,2,jett,12
474.0,2,breach,12
474.0,2,skye,5
474.0,3,sova,33
474.0,3,cypher,6
474.0,3,breach,3
474.0,3,viper,1
476.0,1,omen,8
476.0,1,jett,6
476.0,1,reyna,2
476.0,1,sova,1
476.0,1,sage,1
476.0,2,raze,6
476.0,2,jett,6
476.0,2,breach,2
476.0,2,omen,2
476.0,2,reyna,2
476.0,2,sage,2
476.0,2,phoenix,1
476.0,2,skye,1
476.0,3,skye,8
476.0,3,phoenix,5
476.0,3,breach,2
476.0,3,sage,2
476.0,3,raze,1
476.0,3,viper,1
476.0,3,reyna,1
478.0,1,omen,13
478.0,1,raze,9
478.0,2,raze,7
478.0,2,omen,3
478.0,2,jett,2
478.0,2,phoenix,2
482.0,1,sova,5
482.0,1,reyna,1
482.0,1,phoenix,1
482.0,1,breach,1
482.0,2,omen,16
482.0,2,phoenix,5
482.0,2,skye,4
482.0,2,sova,1
482.0,2,reyna,1
482.0,2,brimstone,1
482.0,2,astra,1
482.0,3,viper,6
482.0,3,breach,5
482.0,3,killjoy,3
482.0,3,cypher,3
482.0,3,phoenix,2
482.0,3,skye,1
483.0,1,jett,9
483.0,1,omen,4
483.0,1,sage,2
483.0,2,omen,7
483.0,2,jett,6
483.0,2,sage,4
483.0,2,raze,1
483.0,2,reyna,1
483.0,3,jett,3
483.0,3,reyna,2
483.0,3,raze,1
485.0,1,breach,32
485.0,1,reyna,1
485.0,1,phoenix,1
485.0,1,omen,1
485.0,2,skye,14
485.0,2,breach,13
485.0,2,phoenix,2
485.0,2,sage,2
485.0,3,breach,13
485.0,3,skye,9
485.0,3,sage,6
485.0,3,kayo,2
486.0,1,phoenix,5
486.0,1,sage,2
486.0,2,raze,10
486.0,2,brimstone,8
486.0,2,phoenix,4
486.0,2,reyna,4
486.0,3,raze,2
486.0,3,phoenix,1
487.0,1,raze,1
487.0,1,sova,1
487.0,2,sova,11
487.0,2,jett,4
487.0,2,omen,2
487.0,2,yoru,1
487.0,2,raze,1
487.0,2,cypher,1
487.0,3,cypher,2
487.0,3,sova,1
488.0,1,jett,33
488.0,1,sage,1
488.0,1,raze,1
488.0,2,raze,17
488.0,2,jett,14
488.0,3,sova,13
488.0,3,skye,6
488.0,3,sage,4
488.0,3,raze,3
490.0,0,sova,2
490.0,0,brimstone,1
490.0,1,reyna,4
490.0,1,omen,2
494.0,1,omen,1
495.0,1,raze,1
495.0,3,killjoy,4
495.0,3,astra,2
495.0,3,reyna,2
496.0,1,sage,3
497.0,1,brimstone,2
502.0,0,sage,2
502.0,0,cypher,1
502.0,1,cypher,13
502.0,1,killjoy,1
502.0,2,cypher,3
503.0,2,sage,1
503.0,2,sova,1
504.0,0,brimstone,1
505.0,0,breach,1
506.0,0,viper,1
509.0,1,cypher,1
509.0,2,killjoy,1
509.0,2,cypher,1
516.0,0,cypher,1
516.0,1,jett,1
517.0,0,raze,1
518.0,0,sage,1
519.0,0,omen,1
519.0,1,cypher,1
520.0,0,cypher,1
520.0,1,cypher,7
520.0,1,jett,1
521.0,0,raze,1
521.0,1,raze,1
522.0,0,jett,1
522.0,1,phoenix,1
523.0,0,breach,1
523.0,1,sage,1
528.0,0,cypher,1
528.0,1,sova,3
528.0,1,brimstone,1
529.0,0,raze,1
530.0,0,brimstone,1
530.0,1,omen,33
530.0,1,brimstone,3
531.0,0,sage,1
532.0,0,phoenix,1
532.0,1,omen,12
532.0,1,viper,2
532.0,1,phoenix,1
532.0,2,omen,8
532.0,2,viper,2
532.0,2,brimstone,2
532.0,3,omen,9
532.0,3,viper,5
532.0,3,astra,1
533.0,0,reyna,1
534.0,0,reyna,3
534.0,1,reyna,1
535.0,0,raze,3
535.0,1,sage,2
535.0,1,cypher,1
536.0,0,brimstone,3
536.0,1,omen,1
536.0,3,viper,2
540.0,0,reyna,2
540.0,0,viper,1
540.0,1,sova,6
540.0,1,reyna,1
540.0,1,viper,1
540.0,3,sage,3
541.0,0,brimstone,3
541.0,1,omen,13
541.0,2,omen,9
541.0,2,viper,1
541.0,3,breach,2
541.0,3,raze,1
542.0,0,sage,3
542.0,1,sova,7
542.0,1,sage,3
542.0,1,breach,3
542.0,2,sova,22
542.0,2,breach,3
542.0,2,sage,2
542.0,3,sova,37
542.0,3,breach,9
543.0,0,raze,1
544.0,0,brimstone,1
545.0,0,cypher,1
545.0,1,reyna,10
545.0,1,jett,3
545.0,1,breach,1
545.0,2,jett,3
546.0,0,jett,1
546.0,1,sova,14
546.0,1,raze,1
547.0,0,sage,1
548.0,0,reyna,1
548.0,1,raze,4
549.0,0,sage,1
550.0,0,cypher,1
551.0,0,raze,1
552.0,0,jett,1
553.0,0,cypher,1
555.0,1,omen,4
555.0,1,raze,2
555.0,1,killjoy,2
555.0,1,breach,2
555.0,1,cypher,1
555.0,3,astra,13
555.0,3,omen,11
555.0,3,viper,3
555.0,3,sova,3
555.0,3,sage,1
555.0,3,killjoy,1
556.0,2,sova,6
556.0,2,cypher,4
556.0,2,killjoy,1
556.0,3,cypher,19
556.0,3,sova,13
556.0,3,killjoy,10
556.0,3,astra,2
556.0,3,brimstone,2
557.0,1,sova,16
557.0,1,sage,3
557.0,1,omen,3
557.0,1,breach,2
557.0,1,brimstone,2
557.0,1,cypher,2
557.0,2,sova,8
557.0,2,breach,1
557.0,3,omen,2
557.0,3,brimstone,1
558.0,1,jett,27
558.0,1,omen,5
558.0,1,raze,2
558.0,1,sova,1
558.0,2,jett,20
558.0,2,raze,2
558.0,3,jett,6
558.0,3,sage,5
558.0,3,raze,4
559.0,0,brimstone,1
560.0,0,cypher,1
561.0,0,phoenix,1
562.0,0,sova,1
562.0,1,sova,23
562.0,1,raze,11
562.0,1,cypher,2
562.0,2,raze,12
562.0,2,reyna,8
562.0,2,sage,7
562.0,2,breach,3
562.0,2,phoenix,2
562.0,2,astra,1
562.0,2,skye,1
562.0,2,viper,1
562.0,3,raze,13
562.0,3,reyna,5
562.0,3,phoenix,5
562.0,3,kayo,5
562.0,3,astra,3
562.0,3,yoru,1
562.0,3,sova,1
563.0,0,sage,1
564.0,0,cypher,1
564.0,1,cypher,14
564.0,2,sova,3
564.0,2,sage,1
565.0,0,breach,1
565.0,1,omen,14
565.0,1,jett,9
565.0,1,brimstone,3
565.0,2,skye,25
565.0,2,sage,10
565.0,2,sova,2
565.0,2,raze,2
565.0,2,reyna,1
565.0,3,skye,15
565.0,3,sage,4
565.0,3,sova,4
565.0,3,astra,4
565.0,3,viper,2
565.0,3,raze,1
565.0,3,jett,1
567.0,1,breach,10
567.0,1,omen,3
567.0,1,raze,2
567.0,1,sage,2
567.0,1,brimstone,1
567.0,2,raze,4
567.0,2,astra,2
567.0,2,sage,1
567.0,2,omen,1
567.0,2,brimstone,1
567.0,3,brimstone,1
568.0,1,killjoy,17
568.0,1,sage,10
568.0,1,brimstone,7
568.0,1,breach,4
568.0,1,omen,2
568.0,1,cypher,1
568.0,2,sage,18
568.0,2,brimstone,4
568.0,3,sage,29
568.0,3,skye,6
568.0,3,phoenix,2
568.0,3,viper,1
568.0,3,brimstone,1
569.0,1,cypher,40
569.0,1,killjoy,13
569.0,2,cypher,13
569.0,2,killjoy,7
569.0,2,reyna,4
569.0,3,killjoy,20
569.0,3,cypher,14
569.0,3,reyna,2
569.0,3,sova,2
569.0,3,viper,1
570.0,1,omen,23
570.0,1,jett,4
570.0,1,raze,3
570.0,1,sova,1
570.0,2,omen,8
570.0,2,astra,5
570.0,2,breach,4
570.0,2,reyna,3
570.0,2,viper,2
570.0,3,astra,11
570.0,3,killjoy,2
570.0,3,reyna,1
570.0,3,omen,1
571.0,0,brimstone,1
571.0,1,sova,1
571.0,1,sage,1
572.0,0,raze,1
572.0,1,raze,11
572.0,1,omen,10
572.0,1,sova,5
572.0,2,raze,11
572.0,2,sage,5
572.0,2,astra,2
572.0,2,viper,2
572.0,3,sage,1
572.0,3,omen,1
572.0,3,cypher,1
572.0,3,astra,1
573.0,0,jett,1
573.0,1,jett,36
573.0,1,raze,7
573.0,1,reyna,6
573.0,1,sage,2
573.0,2,jett,34
573.0,2,sage,5
573.0,2,reyna,1
573.0,3,jett,20
573.0,3,sage,10
573.0,3,reyna,1
573.0,3,astra,1
574.0,0,sage,1
574.0,1,cypher,1
574.0,1,omen,1
575.0,0,cypher,1
575.0,1,sova,13
575.0,1,cypher,11
575.0,1,killjoy,1
575.0,1,breach,1
575.0,2,sova,20
575.0,3,brimstone,8
575.0,3,sova,4
575.0,3,killjoy,3
582.0,1,breach,16
582.0,1,reyna,14
582.0,1,sova,7
582.0,1,phoenix,7
582.0,1,raze,4
582.0,1,omen,2
582.0,2,raze,16
582.0,2,sova,5
582.0,2,reyna,5
582.0,2,phoenix,5
582.0,2,viper,2
582.0,2,sage,2
582.0,2,jett,2
582.0,2,skye,1
582.0,3,sova,48
582.0,3,viper,5
582.0,3,sage,3
582.0,3,raze,1
584.0,2,breach,6
584.0,2,raze,4
584.0,2,sage,1
584.0,2,reyna,1
584.0,2,phoenix,1
584.0,3,sova,1
584.0,3,raze,1
586.0,1,omen,10
586.0,1,viper,5
586.0,1,cypher,5
586.0,1,killjoy,2
586.0,1,raze,1
586.0,2,killjoy,11
586.0,2,cypher,4
586.0,2,viper,4
586.0,2,sova,2
586.0,2,breach,1
586.0,2,omen,1
586.0,3,viper,6
586.0,3,killjoy,2
588.0,1,killjoy,15
588.0,1,omen,3
588.0,1,raze,2
588.0,1,sage,2
588.0,1,viper,1
588.0,2,breach,9
588.0,2,skye,5
588.0,2,sage,5
588.0,2,raze,2
588.0,2,jett,1
588.0,2,cypher,1
588.0,3,sage,3
588.0,3,astra,3
588.0,3,omen,1
588.0,3,brimstone,1
589.0,1,raze,7
589.0,1,reyna,5
589.0,1,phoenix,1
589.0,2,omen,6
589.0,2,skye,3
589.0,2,phoenix,2
589.0,2,raze,2
589.0,2,sova,2
589.0,2,reyna,1
589.0,3,skye,4
589.0,3,raze,4
589.0,3,reyna,3
589.0,3,kayo,2
589.0,3,yoru,2
589.0,3,sova,1
594.0,2,cypher,11
594.0,2,killjoy,1
594.0,2,sage,1
594.0,2,omen,1
596.0,2,cypher,3
596.0,2,killjoy,1
601.0,1,raze,39
601.0,1,phoenix,22
601.0,1,reyna,17
601.0,1,omen,1
601.0,2,raze,25
601.0,2,phoenix,12
601.0,2,reyna,9
601.0,2,sage,1
601.0,3,jett,16
601.0,3,reyna,14
601.0,3,skye,5
601.0,3,sova,4
601.0,3,raze,2
601.0,3,sage,2
601.0,3,phoenix,1
601.0,3,astra,1
603.0,1,cypher,15
603.0,1,killjoy,8
603.0,1,raze,1
603.0,1,sage,1
603.0,2,cypher,15
603.0,2,killjoy,3
603.0,2,sage,2
603.0,2,raze,1
603.0,3,viper,42
603.0,3,cypher,20
603.0,3,killjoy,4
603.0,3,sage,3
604.0,1,phoenix,10
604.0,1,jett,9
604.0,1,raze,2
604.0,1,breach,1
604.0,2,jett,9
604.0,2,raze,8
604.0,2,phoenix,4
604.0,2,killjoy,3
604.0,2,astra,2
604.0,2,cypher,1
604.0,3,jett,74
604.0,3,reyna,2
604.0,3,kayo,2
604.0,3,raze,1
604.0,3,phoenix,1
605.0,1,cypher,5
605.0,1,sage,2
605.0,1,breach,1
605.0,2,jett,10
606.0,1,sage,3
606.0,1,jett,2
606.0,1,cypher,1
606.0,1,sova,1
606.0,1,phoenix,1
607.0,0,omen,2
607.0,1,omen,2
609.0,1,omen,43
609.0,1,sova,34
609.0,1,brimstone,1
609.0,1,sage,1
609.0,2,killjoy,4
609.0,2,breach,2
609.0,2,cypher,2
609.0,2,omen,2
609.0,3,omen,7
609.0,3,viper,1
609.0,3,cypher,1
610.0,1,killjoy,15
610.0,1,cypher,7
610.0,2,killjoy,7
610.0,2,cypher,4
610.0,2,omen,4
610.0,2,skye,3
610.0,2,brimstone,2
612.0,1,sage,40
612.0,1,killjoy,31
612.0,1,jett,5
612.0,1,raze,3
612.0,1,phoenix,1
612.0,1,cypher,1
612.0,2,jett,16
612.0,2,killjoy,15
612.0,2,cypher,9
612.0,2,sage,9
612.0,2,breach,5
612.0,3,killjoy,16
612.0,3,sage,9
612.0,3,astra,7
612.0,3,cypher,6
612.0,3,viper,3
612.0,3,skye,2
619.0,1,sova,12
619.0,1,omen,9
619.0,1,breach,1
619.0,2,cypher,5
619.0,2,viper,5
619.0,2,phoenix,3
619.0,2,raze,1
619.0,2,killjoy,1
619.0,3,cypher,19
619.0,3,killjoy,14
619.0,3,viper,12
619.0,3,sage,3
619.0,3,skye,2
619.0,3,brimstone,2
625.0,1,cypher,25
625.0,1,breach,12
625.0,1,killjoy,2
625.0,1,sage,2
625.0,2,cypher,13
625.0,2,sage,8
625.0,2,killjoy,6
625.0,2,breach,3
625.0,3,killjoy,3
625.0,3,cypher,3
626.0,0,sage,2
626.0,1,omen,9
626.0,1,sage,8
626.0,1,reyna,2
626.0,1,brimstone,1
626.0,1,breach,1
627.0,0,raze,2
627.0,1,raze,17
627.0,1,breach,13
627.0,1,reyna,4
627.0,1,phoenix,4
627.0,2,raze,7
627.0,2,breach,5
627.0,2,phoenix,3
627.0,2,skye,2
627.0,3,skye,3
627.0,3,sage,2
628.0,0,sage,1
628.0,0,reyna,1
628.0,1,sova,6
628.0,1,raze,2
628.0,2,viper,3
628.0,2,skye,1
629.0,0,raze,2
630.0,0,breach,1
630.0,0,phoenix,1
632.0,0,sage,1
632.0,0,brimstone,1
632.0,1,omen,35
632.0,1,brimstone,12
632.0,2,cypher,37
632.0,2,reyna,5
632.0,2,killjoy,3
632.0,2,breach,1
632.0,3,cypher,7
633.0,0,phoenix,1
634.0,0,raze,1
635.0,0,sova,1
636.0,0,brimstone,1
637.0,0,reyna,1
643.0,0,raze,1
650.0,1,omen,11
650.0,1,breach,10
650.0,1,phoenix,9
650.0,1,cypher,6
650.0,2,omen,7
650.0,2,sova,2
650.0,2,brimstone,1
650.0,2,breach,1
650.0,3,viper,11
650.0,3,omen,3
650.0,3,astra,2
651.0,1,sova,31
651.0,1,raze,2
651.0,1,reyna,2
651.0,1,omen,1
651.0,1,killjoy,1
651.0,1,breach,1
651.0,2,jett,8
651.0,2,skye,7
651.0,2,phoenix,6
651.0,2,reyna,4
651.0,2,sage,1
651.0,3,skye,6
651.0,3,sova,2
651.0,3,breach,2
651.0,3,reyna,1
651.0,3,omen,1
652.0,1,omen,2
656.0,2,jett,10
656.0,2,killjoy,2
656.0,2,phoenix,1
656.0,3,killjoy,2
656.0,3,sage,2
656.0,3,viper,1
656.0,3,kayo,1
659.0,1,sova,16
659.0,1,omen,3
659.0,1,reyna,1
659.0,2,sova,26
659.0,3,jett,7
659.0,3,sova,4
659.0,3,breach,1
661.0,1,reyna,4
661.0,1,brimstone,1
661.0,1,omen,1
661.0,1,raze,1
661.0,1,sage,1
661.0,2,omen,5
662.0,1,omen,5
662.0,1,raze,1
662.0,1,brimstone,1
662.0,2,raze,7
662.0,2,killjoy,5
662.0,2,sova,4
662.0,2,skye,2
662.0,2,sage,2
662.0,3,skye,3
662.0,3,sage,1
662.0,3,raze,1
663.0,2,sova,12
663.0,2,breach,2
663.0,3,sova,4
664.0,1,jett,5
664.0,1,sage,2
664.0,1,raze,1
664.0,2,raze,20
664.0,2,sova,2
664.0,3,sage,2
664.0,3,raze,2
664.0,3,jett,2
665.0,1,sova,3
665.0,1,cypher,2
665.0,1,breach,1
665.0,2,killjoy,12
665.0,2,cypher,6
665.0,2,sage,2
666.0,3,kayo,3
667.0,1,raze,11
667.0,1,omen,9
667.0,2,omen,11
667.0,2,viper,4
667.0,2,reyna,3
667.0,2,astra,2
667.0,2,phoenix,1
667.0,3,viper,2
667.0,3,astra,1
669.0,1,omen,6
669.0,1,sova,5
669.0,1,phoenix,4
669.0,1,raze,3
669.0,1,brimstone,2
669.0,1,reyna,1
669.0,2,raze,3
669.0,2,reyna,1
670.0,1,jett,11
670.0,1,reyna,2
670.0,1,sage,1
670.0,1,raze,1
670.0,2,jett,6
670.0,2,sage,1
670.0,2,killjoy,1
672.0,1,omen,4
672.0,1,phoenix,2
672.0,1,cypher,1
673.0,1,killjoy,2
673.0,1,jett,1
673.0,2,killjoy,11
673.0,2,cypher,4
673.0,2,skye,3
673.0,2,viper,1
673.0,2,jett,1
673.0,2,astra,1
673.0,3,skye,11
673.0,3,killjoy,7
673.0,3,cypher,3
673.0,3,viper,2
681.0,1,jett,20
681.0,1,raze,6
681.0,1,reyna,6
681.0,1,omen,4
681.0,1,viper,1
681.0,1,phoenix,1
681.0,2,jett,12
681.0,2,skye,2
681.0,2,reyna,1
681.0,3,jett,20
681.0,3,skye,3
681.0,3,kayo,1
683.0,1,sage,20
683.0,1,omen,8
683.0,1,raze,5
683.0,1,reyna,3
683.0,2,astra,14
683.0,2,raze,9
683.0,2,omen,3
683.0,2,sage,1
683.0,2,reyna,1
683.0,2,brimstone,1
683.0,3,astra,7
683.0,3,omen,4
683.0,3,sage,3
683.0,3,brimstone,1
684.0,0,sage,3
685.0,0,brimstone,3
686.0,0,cypher,3
686.0,1,cypher,10
686.0,1,killjoy,1
686.0,2,sova,13
686.0,2,skye,2
686.0,2,sage,2
686.0,2,killjoy,1
687.0,0,jett,3
687.0,1,jett,11
687.0,1,reyna,8
687.0,1,viper,1
687.0,2,jett,22
688.0,0,reyna,3
689.0,0,sage,3
690.0,0,brimstone,3
691.0,0,jett,3
692.0,0,cypher,3
693.0,0,raze,2
693.0,0,reyna,1
694.0,0,sage,3
695.0,0,brimstone,3
696.0,0,raze,3
696.0,1,omen,3
696.0,1,breach,2
696.0,1,phoenix,1
696.0,1,killjoy,1
697.0,0,omen,3
697.0,1,omen,4
697.0,1,viper,3
698.0,0,cypher,2
698.0,0,jett,1
698.0,1,raze,1
699.0,0,raze,2
699.0,0,breach,1
699.0,1,raze,1
699.0,3,raze,1
700.0,0,sova,2
700.0,0,cypher,1
700.0,1,omen,9
700.0,1,viper,3
700.0,1,phoenix,2
700.0,1,brimstone,1
700.0,2,viper,1
700.0,2,phoenix,1
700.0,2,breach,1
700.0,3,astra,3
700.0,3,viper,2
700.0,3,omen,1
701.0,0,breach,2
701.0,0,reyna,1
702.0,0,brimstone,3
703.0,0,sage,3
704.0,1,killjoy,1
704.0,2,skye,1
704.0,3,killjoy,2
704.0,3,astra,1
705.0,1,sova,6
705.0,1,killjoy,4
706.0,1,cypher,9
706.0,1,omen,7
706.0,1,breach,4
706.0,2,sova,20
706.0,2,raze,12
706.0,2,killjoy,2
706.0,2,sage,1
706.0,2,phoenix,1
706.0,2,brimstone,1
706.0,3,sova,6
706.0,3,skye,4
707.0,1,omen,4
707.0,1,phoenix,4
707.0,1,cypher,2
708.0,1,omen,6
708.0,1,breach,4
713.0,1,jett,2
713.0,1,raze,1
713.0,2,raze,23
713.0,2,omen,2
713.0,2,yoru,1
713.0,2,sage,1
713.0,2,jett,1
723.0,1,omen,1
723.0,1,phoenix,1
723.0,1,brimstone,1
723.0,2,omen,7
723.0,2,brimstone,4
723.0,2,jett,1
725.0,1,sova,13
725.0,1,raze,1
725.0,2,sova,17
725.0,2,raze,2
725.0,3,sova,15
725.0,3,skye,6
725.0,3,raze,2
725.0,3,viper,1
726.0,1,breach,13
726.0,1,omen,1
726.0,2,breach,10
726.0,2,sage,1
726.0,2,omen,1
726.0,3,viper,7
726.0,3,breach,4
726.0,3,killjoy,2
726.0,3,astra,1
726.0,3,sova,1
727.0,1,cypher,12
727.0,1,killjoy,4
727.0,2,cypher,11
727.0,2,killjoy,9
727.0,2,viper,4
727.0,2,sage,1
727.0,2,breach,1
727.0,3,astra,5
727.0,3,sage,2
727.0,3,killjoy,2
727.0,3,omen,1
727.0,3,cypher,1
727.0,3,brimstone,1
728.0,2,omen,19
728.0,2,sova,11
728.0,2,sage,4
728.0,3,sage,4
728.0,3,omen,2
728.0,3,sova,1
728.0,3,breach,1
729.0,1,phoenix,10
729.0,1,killjoy,8
729.0,1,breach,2
729.0,1,sage,1
729.0,2,phoenix,12
729.0,2,raze,11
729.0,2,reyna,11
729.0,2,killjoy,6
729.0,2,sage,5
729.0,2,viper,1
729.0,3,kayo,9
729.0,3,killjoy,4
729.0,3,raze,2
729.0,3,skye,1
729.0,3,reyna,1
729.0,3,phoenix,1
730.0,1,sova,2
730.0,1,phoenix,1
730.0,1,breach,1
730.0,2,phoenix,5
730.0,2,sage,3
730.0,2,reyna,2
731.0,3,astra,11
731.0,3,viper,7
733.0,1,omen,30
733.0,1,sage,11
733.0,1,breach,8
733.0,2,sage,20
733.0,2,omen,19
733.0,2,astra,8
733.0,2,breach,2
733.0,2,phoenix,1
733.0,2,killjoy,1
733.0,2,brimstone,1
733.0,3,killjoy,19
733.0,3,viper,13
733.0,3,sage,12
733.0,3,omen,9
733.0,3,cypher,5
733.0,3,skye,4
733.0,3,kayo,3
733.0,3,sova,2
733.0,3,astra,2
734.0,0,brimstone,1
735.0,0,sova,1
736.0,0,cypher,1
737.0,0,sage,1
737.0,1,cypher,11
737.0,1,killjoy,3
737.0,1,reyna,1
737.0,1,raze,1
738.0,0,reyna,1
739.0,1,sova,14
739.0,1,jett,3
739.0,1,cypher,2
739.0,1,reyna,1
739.0,1,killjoy,1
739.0,1,breach,1
739.0,2,sova,39
739.0,2,skye,5
739.0,2,breach,1
739.0,3,sova,32
739.0,3,skye,4
739.0,3,sage,2
739.0,3,cypher,2
739.0,3,killjoy,1
740.0,1,cypher,43
740.0,1,jett,3
740.0,1,raze,2
740.0,1,killjoy,1
740.0,2,cypher,40
740.0,2,raze,6
740.0,2,killjoy,5
740.0,2,sage,2
740.0,2,omen,1
740.0,3,cypher,12
740.0,3,sage,9
740.0,3,killjoy,3
740.0,3,skye,2
740.0,3,brimstone,1
741.0,1,brimstone,6
741.0,1,omen,6
741.0,1,sage,1
741.0,1,jett,1
741.0,1,breach,1
741.0,2,skye,2
742.0,0,jett,1
742.0,0,brimstone,1
742.0,0,sova,1
743.0,2,sova,3
744.0,2,killjoy,1
744.0,2,cypher,1
752.0,0,sage,1
752.0,0,jett,1
752.0,1,sova,4
752.0,1,raze,1
752.0,2,sova,11
752.0,2,sage,2
753.0,0,reyna,2
753.0,1,omen,17
753.0,1,phoenix,3
753.0,1,jett,1
753.0,2,astra,27
753.0,2,viper,1
753.0,3,astra,31
753.0,3,viper,10
753.0,3,omen,7
753.0,3,raze,2
753.0,3,sage,1
753.0,3,reyna,1
754.0,0,brimstone,2
754.0,1,breach,3
754.0,1,omen,2
754.0,2,astra,12
754.0,2,viper,2
754.0,3,astra,23
754.0,3,viper,11
754.0,3,skye,4
754.0,3,omen,1
754.0,3,kayo,1
755.0,0,raze,2
757.0,1,sova,17
757.0,1,omen,10
757.0,1,breach,3
758.0,1,jett,63
758.0,1,omen,1
758.0,2,jett,14
758.0,2,omen,1
759.0,1,omen,15
759.0,1,brimstone,3
760.0,1,sova,13
760.0,1,sage,3
760.0,1,raze,2
761.0,1,omen,38
761.0,1,breach,10
761.0,1,phoenix,9
761.0,1,reyna,5
761.0,1,raze,1
761.0,1,viper,1
761.0,2,omen,13
761.0,2,astra,4
761.0,2,jett,3
761.0,2,breach,1
761.0,2,skye,1
761.0,3,sova,37
761.0,3,sage,20
761.0,3,viper,16
761.0,3,brimstone,6
761.0,3,astra,4
761.0,3,skye,2
761.0,3,breach,2
761.0,3,kayo,1
762.0,1,jett,4
762.0,1,killjoy,1
762.0,1,cypher,1
762.0,1,breach,1
762.0,2,killjoy,6
762.0,2,astra,5
762.0,2,breach,5
762.0,2,cypher,3
762.0,2,skye,3
762.0,2,viper,2
762.0,2,sova,1
762.0,2,sage,1
762.0,2,omen,1
762.0,3,sova,13
762.0,3,astra,12
762.0,3,omen,11
762.0,3,breach,6
762.0,3,sage,5
762.0,3,skye,5
762.0,3,kayo,4
762.0,3,viper,4
762.0,3,brimstone,3
762.0,3,raze,2
762.0,3,reyna,1
762.0,3,killjoy,1
763.0,1,sage,4
763.0,1,breach,1
764.0,1,sova,7
764.0,1,omen,6
764.0,1,viper,2
764.0,1,skye,2
764.0,1,cypher,2
764.0,1,breach,2
764.0,1,brimstone,1
764.0,2,sage,10
764.0,2,omen,5
764.0,2,astra,5
764.0,2,viper,4
764.0,2,skye,4
764.0,2,breach,4
764.0,2,jett,2
764.0,2,sova,2
764.0,3,sova,26
764.0,3,skye,6
764.0,3,astra,4
764.0,3,breach,2
764.0,3,kayo,1
765.0,1,omen,10
765.0,1,raze,4
765.0,1,phoenix,4
765.0,1,reyna,3
765.0,1,breach,1
765.0,2,raze,24
765.0,2,astra,13
765.0,2,sova,3
765.0,2,omen,3
765.0,2,yoru,1
765.0,2,sage,1
765.0,2,reyna,1
765.0,2,phoenix,1
765.0,3,sova,34
765.0,3,astra,32
765.0,3,brimstone,10
765.0,3,sage,2
766.0,0,cypher,3
766.0,1,reyna,17
766.0,1,cypher,8
766.0,1,jett,4
766.0,1,raze,4
766.0,1,sova,3
766.0,1,phoenix,2
766.0,2,astra,24
766.0,2,raze,13
766.0,2,skye,4
766.0,2,reyna,3
766.0,2,phoenix,3
766.0,2,sage,2
766.0,2,yoru,1
766.0,3,astra,26
766.0,3,viper,15
766.0,3,phoenix,10
766.0,3,sage,10
766.0,3,skye,6
766.0,3,jett,4
766.0,3,raze,3
766.0,3,chamber,2
766.0,3,kayo,2
767.0,0,breach,3
768.0,0,sage,3
768.0,1,omen,7
768.0,1,jett,5
768.0,1,brimstone,1
769.0,0,raze,2
769.0,0,reyna,1
769.0,1,sova,25
769.0,1,killjoy,11
769.0,1,omen,6
769.0,1,phoenix,4
769.0,1,breach,3
769.0,1,sage,3
769.0,1,skye,1
769.0,1,jett,1
769.0,2,sova,5
769.0,2,raze,4
769.0,2,skye,2
769.0,2,viper,1
769.0,2,phoenix,1
769.0,3,viper,14
769.0,3,astra,14
769.0,3,chamber,4
769.0,3,sova,2
769.0,3,omen,2
770.0,1,omen,29
770.0,1,brimstone,5
770.0,1,raze,1
770.0,2,omen,25
770.0,2,astra,5
770.0,2,brimstone,1
771.0,1,cypher,33
771.0,1,killjoy,2
771.0,2,killjoy,23
771.0,2,cypher,7
771.0,2,viper,1
771.0,3,killjoy,21
771.0,3,cypher,4
771.0,3,astra,1
772.0,1,sova,29
772.0,1,sage,6
772.0,2,sova,22
772.0,2,sage,8
772.0,2,viper,1
772.0,3,skye,3
773.0,1,reyna,2
773.0,1,raze,2
773.0,1,breach,2
773.0,1,sova,1
773.0,1,omen,1
773.0,2,sova,36
773.0,2,raze,5
773.0,2,jett,1
773.0,3,skye,5
773.0,3,sova,3
783.0,1,jett,9
783.0,1,sova,7
783.0,1,raze,1
783.0,2,jett,8
783.0,2,raze,7
783.0,2,viper,3
783.0,2,sova,3
783.0,2,reyna,3
783.0,2,sage,1
783.0,3,skye,7
783.0,3,reyna,6
783.0,3,phoenix,4
783.0,3,sage,3
783.0,3,raze,3
783.0,3,viper,1
784.0,1,sova,3
784.0,1,killjoy,2
784.0,1,sage,1
785.0,1,jett,13
785.0,1,raze,2
785.0,2,jett,3
785.0,3,jett,1
786.0,1,sage,6
786.0,1,brimstone,3
786.0,1,killjoy,2
786.0,1,cypher,1
786.0,1,breach,1
786.0,1,omen,1
786.0,1,raze,1
786.0,3,jett,5
786.0,3,skye,1
788.0,1,cypher,5
788.0,1,sova,4
788.0,1,phoenix,2
788.0,1,omen,2
788.0,1,sage,1
788.0,1,breach,1
796.0,1,sova,22
796.0,1,omen,10
796.0,1,breach,8
796.0,1,brimstone,2
796.0,2,sova,42
796.0,2,breach,3
796.0,2,omen,2
796.0,2,skye,1
796.0,3,sova,43
796.0,3,skye,3
804.0,1,omen,17
804.0,1,jett,7
804.0,1,brimstone,2
804.0,1,cypher,1
804.0,2,jett,25
804.0,2,raze,4
804.0,3,jett,29
804.0,3,raze,1
805.0,1,jett,25
805.0,1,breach,7
805.0,2,jett,21
805.0,2,raze,4
805.0,2,sova,1
805.0,2,sage,1
805.0,2,cypher,1
805.0,3,sova,8
805.0,3,breach,4
805.0,3,jett,2
806.0,1,viper,10
806.0,1,sova,9
806.0,1,omen,4
806.0,1,breach,4
806.0,1,sage,1
806.0,2,raze,10
806.0,2,sova,8
806.0,2,viper,5
806.0,2,skye,4
806.0,2,omen,1
806.0,3,sova,3
806.0,3,astra,3
806.0,3,omen,1
813.0,1,omen,3
814.0,1,sova,12
814.0,1,breach,9
814.0,1,cypher,6
816.0,1,sage,25
816.0,1,killjoy,17
816.0,1,sova,10
816.0,1,omen,7
817.0,1,cypher,64
817.0,1,phoenix,4
817.0,1,killjoy,2
817.0,1,brimstone,1
817.0,2,cypher,35
817.0,2,killjoy,21
817.0,2,viper,3
817.0,3,killjoy,28
817.0,3,viper,9
817.0,3,cypher,1
818.0,1,jett,36
818.0,1,omen,16
818.0,1,sova,13
818.0,1,cypher,4
818.0,1,sage,1
818.0,2,jett,24
818.0,2,omen,20
818.0,2,astra,14
818.0,2,raze,1
818.0,3,jett,12
818.0,3,astra,8
818.0,3,viper,5
818.0,3,sage,5
820.0,1,omen,8
820.0,1,brimstone,2
820.0,1,sova,1
820.0,2,sage,1
823.0,1,cypher,29
823.0,2,cypher,12
823.0,2,sova,4
823.0,2,viper,3
823.0,2,astra,3
823.0,3,astra,49
823.0,3,sage,12
823.0,3,cypher,4
823.0,3,brimstone,1
824.0,1,raze,28
824.0,1,killjoy,14
824.0,1,cypher,6
824.0,1,phoenix,3
824.0,2,astra,14
824.0,2,raze,12
824.0,2,killjoy,4
824.0,3,killjoy,19
824.0,3,viper,17
824.0,3,cypher,12
825.0,1,sova,37
825.0,1,omen,3
825.0,1,brimstone,3
825.0,1,sage,2
825.0,2,sova,17
825.0,2,sage,2
826.0,1,omen,47
826.0,1,brimstone,14
826.0,2,omen,9
826.0,2,astra,2
826.0,2,viper,1
826.0,3,astra,25
826.0,3,viper,7
828.0,2,killjoy,4
828.0,2,phoenix,4
828.0,2,reyna,1
828.0,2,raze,1
828.0,3,killjoy,24
828.0,3,viper,17
828.0,3,raze,10
828.0,3,skye,9
828.0,3,sage,8
828.0,3,cypher,6
828.0,3,phoenix,4
828.0,3,reyna,3
828.0,3,sova,1
829.0,1,raze,5
829.0,1,sova,5
829.0,1,omen,2
829.0,1,brimstone,2
830.0,1,phoenix,6
830.0,1,brimstone,6
830.0,1,cypher,2
831.0,1,sage,13
831.0,1,brimstone,1
832.0,1,omen,11
832.0,1,sova,9
832.0,1,jett,1
833.0,1,cypher,19
833.0,1,jett,4
833.0,1,phoenix,2
833.0,1,killjoy,1
833.0,1,omen,1
835.0,1,jett,1
835.0,3,jett,7
837.0,1,sova,34
837.0,1,omen,7
837.0,1,jett,7
837.0,1,breach,4
837.0,1,sage,3
837.0,2,sova,15
837.0,2,omen,4
837.0,2,sage,3
837.0,2,breach,3
837.0,2,astra,3
837.0,3,sova,11
837.0,3,viper,1
838.0,1,cypher,60
838.0,2,omen,14
838.0,2,cypher,10
838.0,3,viper,3
838.0,3,astra,2
838.0,3,kayo,2
838.0,3,skye,2
838.0,3,sage,1
839.0,1,cypher,2
839.0,1,reyna,1
839.0,2,reyna,3
839.0,2,sage,1
839.0,3,sova,4
840.0,1,sova,27
840.0,1,reyna,21
840.0,1,phoenix,11
840.0,1,raze,5
840.0,1,viper,3
840.0,1,sage,1
840.0,2,sova,17
840.0,2,raze,7
840.0,2,phoenix,2
840.0,2,breach,1
840.0,3,sova,20
840.0,3,cypher,9
840.0,3,killjoy,8
840.0,3,skye,1
841.0,1,jett,5
841.0,2,jett,14
841.0,2,sage,11
841.0,2,omen,8
841.0,2,skye,2
841.0,2,brimstone,1
841.0,3,skye,18
841.0,3,jett,15
841.0,3,kayo,2
841.0,3,killjoy,2
841.0,3,sage,2
841.0,3,cypher,2
843.0,1,killjoy,10
843.0,1,cypher,4
843.0,2,killjoy,12
843.0,2,sage,3
843.0,2,cypher,1
843.0,3,killjoy,11
843.0,3,cypher,3
843.0,3,viper,3
843.0,3,sage,1
844.0,1,omen,40
844.0,2,astra,12
844.0,2,omen,6
844.0,2,brimstone,1
844.0,3,jett,32
844.0,3,raze,12
844.0,3,sage,4
846.0,1,reyna,4
846.0,1,phoenix,2
846.0,1,jett,1
846.0,2,reyna,4
846.0,2,raze,2
846.0,2,sage,1
846.0,2,phoenix,1
846.0,3,sova,1
847.0,1,sova,3
847.0,1,reyna,1
847.0,1,raze,1
848.0,1,jett,25
848.0,1,sage,3
848.0,1,omen,2
848.0,1,reyna,2
848.0,2,jett,13
848.0,2,sage,3
848.0,3,skye,28
848.0,3,jett,25
848.0,3,kayo,5
848.0,3,sage,4
848.0,3,chamber,4
848.0,3,cypher,3
848.0,3,raze,2
848.0,3,killjoy,2
848.0,3,reyna,1
849.0,1,sage,13
849.0,1,omen,5
849.0,1,phoenix,3
849.0,1,brimstone,2
849.0,1,breach,2
849.0,2,omen,46
849.0,2,astra,8
849.0,2,sage,3
849.0,3,cypher,18
849.0,3,killjoy,13
849.0,3,sage,3
849.0,3,astra,1
851.0,1,breach,1
852.0,1,cypher,18
852.0,1,killjoy,6
852.0,1,sova,3
853.0,1,sage,10
853.0,1,breach,5
854.0,1,raze,11
854.0,1,sova,7
854.0,1,jett,2
854.0,1,sage,1
854.0,2,omen,10
854.0,2,sova,5
854.0,2,raze,4
854.0,2,viper,2
854.0,2,skye,2
854.0,2,sage,1
854.0,2,brimstone,1
854.0,3,breach,2
854.0,3,reyna,1
855.0,1,omen,10
855.0,1,brimstone,2
856.0,1,cypher,1
858.0,0,breach,1
858.0,0,jett,1
859.0,0,cypher,2
860.0,1,raze,6
860.0,1,omen,2
860.0,1,jett,1
860.0,3,raze,1
860.0,3,omen,1
861.0,1,sova,14
861.0,1,viper,7
861.0,2,viper,19
861.0,2,astra,14
861.0,2,sova,11
861.0,2,omen,9
861.0,3,sova,36
861.0,3,viper,2
862.0,1,omen,22
862.0,1,jett,1
862.0,2,omen,39
862.0,2,sova,13
862.0,2,sage,5
862.0,2,astra,5
862.0,2,breach,4
862.0,2,viper,2
862.0,3,astra,2
862.0,3,viper,1
863.0,1,reyna,3
863.0,1,raze,3
863.0,1,jett,3
863.0,2,jett,14
863.0,2,raze,5
863.0,2,reyna,1
863.0,2,phoenix,1
863.0,3,jett,7
863.0,3,skye,1
863.0,3,reyna,1
864.0,1,sova,7
864.0,1,reyna,7
864.0,1,sage,6
864.0,1,breach,5
864.0,1,raze,4
864.0,1,cypher,2
864.0,1,omen,1
864.0,2,sova,23
864.0,2,breach,4
864.0,2,omen,3
864.0,3,sova,34
864.0,3,sage,11
864.0,3,viper,2
864.0,3,astra,1
865.0,1,omen,32
865.0,1,phoenix,1
865.0,1,brimstone,1
865.0,2,omen,40
865.0,2,astra,11
865.0,2,sage,1
865.0,3,viper,34
865.0,3,astra,17
865.0,3,sage,7
865.0,3,omen,1
868.0,0,sage,6
868.0,0,breach,1
868.0,1,killjoy,35
868.0,1,sage,13
868.0,2,killjoy,42
868.0,2,viper,2
868.0,3,killjoy,11
868.0,3,sage,8
868.0,3,brimstone,1
868.0,3,breach,1
868.0,3,cypher,1
868.0,3,viper,1
868.0,3,sova,1
868.0,3,skye,1
869.0,0,cypher,3
869.0,1,cypher,7
870.0,1,cypher,32
870.0,1,viper,1
870.0,2,killjoy,43
870.0,2,viper,31
870.0,2,cypher,8
870.0,3,viper,50
870.0,3,astra,12
870.0,3,killjoy,10
870.0,3,cypher,5
871.0,1,raze,16
871.0,1,reyna,7
871.0,1,phoenix,5
871.0,1,sova,4
871.0,1,sage,1
871.0,2,raze,33
871.0,2,skye,19
871.0,2,sage,11
871.0,2,phoenix,9
871.0,2,sova,4
871.0,2,reyna,3
871.0,2,killjoy,2
871.0,2,viper,1
871.0,3,sova,8
871.0,3,sage,7
871.0,3,skye,6
871.0,3,raze,5
871.0,3,viper,2
871.0,3,kayo,1
872.0,1,cypher,12
872.0,1,raze,12
872.0,1,jett,8
872.0,1,reyna,2
872.0,2,jett,27
872.0,2,reyna,11
872.0,2,phoenix,3
872.0,2,raze,1
872.0,3,jett,19
872.0,3,raze,3
873.0,1,sova,23
873.0,1,breach,8
873.0,1,jett,2
873.0,2,sova,50
873.0,2,viper,23
873.0,2,astra,5
873.0,2,breach,4
873.0,3,sova,63
873.0,3,breach,5
873.0,3,brimstone,3
873.0,3,kayo,3
873.0,3,cypher,3
873.0,3,viper,2
874.0,1,jett,25
874.0,1,sage,5
874.0,1,omen,3
874.0,2,jett,64
874.0,2,sage,12
874.0,2,astra,5
874.0,2,brimstone,1
874.0,3,jett,36
874.0,3,sage,18
874.0,3,chamber,11
874.0,3,cypher,4
874.0,3,killjoy,3
874.0,3,yoru,1
874.0,3,reyna,1
875.0,1,breach,22
875.0,1,phoenix,8
875.0,1,sage,7
875.0,2,astra,18
875.0,2,sage,15
875.0,2,omen,7
875.0,2,brimstone,2
875.0,3,astra,11
875.0,3,sage,6
875.0,3,cypher,5
876.0,1,omen,10
876.0,1,brimstone,5
876.0,2,killjoy,17
877.0,1,breach,2
877.0,2,skye,2
877.0,2,sage,1
877.0,2,killjoy,1
877.0,2,cypher,1
877.0,2,brimstone,1
877.0,2,breach,1
878.0,1,sova,26
878.0,1,breach,8
878.0,1,cypher,3
878.0,2,sova,7
878.0,2,breach,4
878.0,2,brimstone,3
879.0,1,cypher,10
879.0,1,raze,9
879.0,1,killjoy,4
879.0,2,omen,2
879.0,2,brimstone,1
879.0,3,raze,7
879.0,3,omen,4
879.0,3,sage,3
879.0,3,brimstone,2
879.0,3,cypher,1
881.0,1,jett,11
881.0,1,breach,6
881.0,1,reyna,6
881.0,2,jett,33
881.0,2,sage,21
881.0,2,breach,9
881.0,2,sova,5
881.0,3,jett,30
881.0,3,reyna,3
881.0,3,sage,1
882.0,1,killjoy,36
882.0,1,cypher,31
882.0,1,phoenix,1
882.0,2,cypher,9
882.0,2,omen,4
882.0,2,killjoy,2
882.0,3,astra,35
882.0,3,sage,7
882.0,3,viper,4
882.0,3,cypher,2
887.0,2,sova,1
887.0,2,breach,1
889.0,1,raze,2
891.0,1,reyna,2
891.0,1,sova,1
891.0,1,breach,1
891.0,2,killjoy,3
891.0,2,astra,1
891.0,3,jett,30
891.0,3,reyna,5
891.0,3,skye,3
891.0,3,sage,2
891.0,3,raze,2
892.0,1,omen,22
892.0,1,sage,18
892.0,1,sova,5
892.0,1,killjoy,1
892.0,2,astra,29
892.0,2,omen,17
892.0,2,viper,11
892.0,2,sova,4
892.0,3,astra,11
892.0,3,omen,7
892.0,3,viper,7
892.0,3,sage,1
893.0,1,jett,22
893.0,1,omen,8
893.0,1,sage,2
893.0,2,sage,69
893.0,2,jett,24
893.0,2,viper,9
893.0,2,omen,5
893.0,2,brimstone,1
893.0,3,jett,30
893.0,3,sova,28
893.0,3,reyna,11
893.0,3,skye,7
893.0,3,cypher,5
893.0,3,raze,4
893.0,3,kayo,4
893.0,3,sage,1
893.0,3,omen,1
894.0,1,sage,11
894.0,1,omen,9
894.0,1,cypher,7
894.0,2,omen,19
895.0,2,sova,36
895.0,2,killjoy,10
895.0,2,skye,4
895.0,2,sage,2
895.0,2,cypher,2
895.0,2,breach,2
901.0,1,breach,9
901.0,1,phoenix,5
901.0,1,reyna,3
901.0,1,raze,1
901.0,2,phoenix,12
901.0,2,raze,9
901.0,2,jett,9
901.0,2,reyna,1
901.0,3,raze,7
901.0,3,skye,4
901.0,3,reyna,1
901.0,3,phoenix,1
901.0,3,kayo,1
904.0,1,raze,7
904.0,1,cypher,6
904.0,1,breach,5
904.0,1,jett,3
904.0,1,phoenix,2
904.0,1,reyna,1
904.0,1,viper,1
904.0,2,jett,17
904.0,2,sage,12
904.0,2,viper,7
904.0,2,cypher,3
904.0,2,raze,1
904.0,2,breach,1
904.0,3,viper,6
904.0,3,cypher,5
904.0,3,skye,5
904.0,3,sage,4
904.0,3,killjoy,4
904.0,3,reyna,2
904.0,3,raze,1
904.0,3,kayo,1
904.0,3,jett,1
909.0,1,jett,9
909.0,1,reyna,8
909.0,1,sova,8
909.0,1,sage,6
909.0,1,brimstone,1
909.0,2,sage,9
909.0,2,sova,5
909.0,2,jett,4
909.0,2,viper,2
909.0,2,reyna,1
909.0,3,sova,13
909.0,3,skye,5
909.0,3,sage,3
909.0,3,viper,1
916.0,1,cypher,46
916.0,1,breach,25
916.0,1,sova,9
916.0,1,omen,1
916.0,2,killjoy,24
916.0,2,sova,23
916.0,2,breach,11
916.0,2,viper,4
916.0,2,cypher,1
916.0,3,sova,34
916.0,3,viper,6
916.0,3,killjoy,2
916.0,3,cypher,2
917.0,1,sova,15
917.0,1,cypher,3
919.0,1,raze,17
919.0,1,breach,1
920.0,1,jett,3
920.0,1,omen,1
920.0,2,sova,1
920.0,2,omen,1
923.0,1,omen,2
923.0,1,brimstone,1
925.0,1,omen,1
926.0,1,breach,1
928.0,2,jett,2
928.0,3,sova,2
929.0,1,raze,2
930.0,1,jett,14
930.0,1,raze,1
935.0,1,omen,14
935.0,1,sage,2
935.0,1,breach,2
935.0,1,brimstone,1
935.0,2,killjoy,7
935.0,2,omen,7
935.0,2,sage,6
935.0,2,viper,4
935.0,2,cypher,2
935.0,2,breach,2
935.0,2,astra,1
935.0,3,viper,14
935.0,3,astra,7
935.0,3,sage,7
935.0,3,breach,2
935.0,3,kayo,2
935.0,3,cypher,1
935.0,3,killjoy,1
936.0,1,sova,13
936.0,1,cypher,6
936.0,2,sova,25
936.0,2,killjoy,2
936.0,2,cypher,2
936.0,3,sova,15
936.0,3,cypher,5
936.0,3,skye,5
936.0,3,sage,1
937.0,1,cypher,13
937.0,1,omen,4
937.0,1,sage,2
937.0,2,omen,13
937.0,2,cypher,10
937.0,2,killjoy,3
937.0,2,skye,1
937.0,3,killjoy,15
937.0,3,viper,4
937.0,3,cypher,3
937.0,3,sage,2
938.0,1,reyna,6
938.0,1,sage,4
938.0,1,raze,3
938.0,1,phoenix,3
938.0,1,jett,2
938.0,1,breach,1
938.0,2,reyna,14
938.0,2,jett,10
938.0,2,sage,2
938.0,2,phoenix,2
938.0,2,yoru,1
938.0,3,jett,16
938.0,3,reyna,12
938.0,3,skye,3
938.0,3,sage,3
939.0,1,raze,12
939.0,1,jett,7
939.0,2,raze,22
939.0,2,jett,3
939.0,2,reyna,3
939.0,2,yoru,1
939.0,3,jett,10
939.0,3,raze,10
939.0,3,skye,4
939.0,3,reyna,1
940.0,2,omen,4
940.0,2,cypher,2
940.0,2,sage,2
941.0,1,omen,16
941.0,1,brimstone,1
948.0,1,omen,12
948.0,1,raze,7
948.0,1,phoenix,3
948.0,1,reyna,1
949.0,1,omen,1
950.0,1,cypher,5
950.0,1,sova,1
950.0,2,cypher,11
950.0,2,killjoy,9
950.0,2,sage,7
950.0,2,skye,2
950.0,3,astra,6
950.0,3,viper,6
950.0,3,cypher,2
950.0,3,brimstone,1
951.0,1,sage,13
951.0,1,killjoy,5
951.0,1,cypher,2
951.0,1,breach,1
951.0,2,sage,8
951.0,2,jett,6
951.0,2,viper,4
951.0,2,cypher,3
951.0,3,sova,3
952.0,1,jett,15
953.0,1,omen,19
953.0,1,cypher,2
953.0,1,reyna,1
953.0,1,brimstone,1
953.0,1,breach,1
953.0,2,omen,14
953.0,2,cypher,5
953.0,2,viper,2
953.0,2,killjoy,2
953.0,2,astra,2
953.0,2,sage,1
953.0,2,breach,1
953.0,3,omen,2
953.0,3,astra,1
956.0,1,killjoy,8
956.0,1,cypher,2
956.0,2,killjoy,2
956.0,2,cypher,1
959.0,1,breach,4
959.0,1,cypher,2
980.0,2,omen,3
980.0,2,breach,1
981.0,1,brimstone,1
981.0,1,sova,1
981.0,1,sage,1
981.0,2,omen,5
981.0,2,astra,2
981.0,3,skye,9
981.0,3,kayo,4
981.0,3,reyna,1
982.0,1,breach,12
982.0,2,breach,14
982.0,2,raze,6
982.0,3,breach,3
982.0,3,raze,3
982.0,3,skye,1
983.0,1,jett,12
983.0,2,jett,6
983.0,2,omen,6
983.0,2,sova,6
983.0,2,viper,2
983.0,2,sage,1
983.0,2,skye,1
983.0,3,astra,12
983.0,3,viper,5
983.0,3,breach,3
984.0,1,sage,3
984.0,1,breach,1
985.0,1,cypher,7
985.0,1,killjoy,5
985.0,2,killjoy,11
985.0,2,cypher,9
985.0,2,yoru,1
985.0,3,killjoy,12
985.0,3,cypher,4
985.0,3,skye,2
985.0,3,omen,2
985.0,3,viper,1
986.0,1,jett,1
986.0,1,sova,1
987.0,1,omen,2
987.0,1,brimstone,2
988.0,1,raze,1
988.0,1,jett,1
991.0,1,sova,8
991.0,1,phoenix,2
991.0,1,raze,1
991.0,3,sova,3
992.0,1,omen,17
992.0,1,reyna,2
992.0,1,breach,1
992.0,2,omen,20
992.0,2,astra,1
992.0,2,viper,1
993.0,1,sova,6
993.0,1,breach,6
993.0,1,skye,2
993.0,1,sage,1
993.0,1,reyna,1
993.0,1,raze,1
993.0,1,phoenix,1
993.0,1,killjoy,1
993.0,1,cypher,1
993.0,2,sova,22
993.0,3,skye,4
993.0,3,sova,3
993.0,3,killjoy,2
993.0,3,cypher,2
993.0,3,phoenix,1
995.0,1,omen,7
995.0,1,killjoy,5
995.0,1,brimstone,4
995.0,1,cypher,3
995.0,2,cypher,3
995.0,2,killjoy,2
996.0,1,cypher,11
996.0,1,omen,5
996.0,1,brimstone,2
996.0,1,viper,1
996.0,2,omen,5
996.0,2,brimstone,1
997.0,1,sova,9
997.0,1,sage,4
997.0,1,raze,3
997.0,1,breach,3
997.0,2,sova,6
998.0,1,jett,16
998.0,1,sova,1
998.0,1,reyna,1
998.0,1,raze,1
998.0,2,jett,5
998.0,2,raze,1
998.0,3,kayo,2
998.0,3,jett,1
999.0,1,cypher,20
999.0,1,phoenix,6
999.0,1,breach,5
999.0,1,killjoy,5
999.0,1,viper,2
999.0,1,omen,1
999.0,2,cypher,12
999.0,2,phoenix,5
999.0,2,killjoy,2
999.0,2,yoru,2
999.0,3,sova,10
999.0,3,skye,7
999.0,3,cypher,5
999.0,3,phoenix,1
999.0,3,jett,1
1000.0,1,sova,22
1000.0,1,raze,9
1000.0,1,breach,7
1000.0,1,cypher,1
1000.0,2,sova,18
1000.0,2,sage,2
1000.0,2,viper,1
1000.0,3,breach,7
1000.0,3,sova,6
1000.0,3,kayo,3
1000.0,3,viper,3
1000.0,3,sage,2
1001.0,1,omen,31
1001.0,1,brimstone,7
1001.0,1,breach,1
1001.0,2,omen,9
1001.0,2,raze,8
1001.0,2,viper,2
1001.0,2,killjoy,1
1001.0,2,brimstone,1
1001.0,3,omen,3
1001.0,3,brimstone,3
1002.0,1,reyna,18
1002.0,1,phoenix,12
1002.0,1,jett,5
1002.0,1,breach,4
1002.0,2,reyna,9
1002.0,2,sage,6
1002.0,2,skye,5
1002.0,2,phoenix,1
1002.0,3,reyna,11
1002.0,3,skye,5
1002.0,3,sage,3
1002.0,3,raze,2
1003.0,1,jett,33
1003.0,1,reyna,4
1003.0,1,breach,1
1003.0,1,killjoy,1
1003.0,2,jett,11
1003.0,2,omen,9
1003.0,2,sova,1
1003.0,3,jett,21
1005.0,1,breach,2
1005.0,1,sage,2
1005.0,1,sova,2
1005.0,1,raze,1
1005.0,2,omen,14
1005.0,2,astra,3
1005.0,2,sova,1
1006.0,1,omen,6
1006.0,1,breach,3
1006.0,1,sova,1
1006.0,2,phoenix,8
1006.0,2,breach,5
1006.0,2,reyna,4
1006.0,2,sova,3
1006.0,2,skye,3
1006.0,2,omen,3
1006.0,2,raze,2
1006.0,3,omen,1
1007.0,1,breach,3
1007.0,1,brimstone,2
1007.0,1,omen,2
1007.0,1,sova,2
1007.0,1,sage,1
1008.0,1,cypher,10
1009.0,1,jett,6
1009.0,1,phoenix,1
1009.0,1,sage,1
1009.0,2,jett,10
1009.0,3,jett,1
1010.0,1,cypher,11
1010.0,1,killjoy,2
1010.0,2,cypher,3
1010.0,3,killjoy,5
1010.0,3,sage,1
1010.0,3,astra,1
1012.0,1,raze,2
1012.0,1,jett,2
1012.0,1,cypher,1
1012.0,2,sage,1
1013.0,1,sova,5
1014.0,1,jett,10
1014.0,1,raze,2
1014.0,1,sova,1
1014.0,2,jett,8
1014.0,2,raze,1
1014.0,3,jett,6
1016.0,1,omen,1
1016.0,2,sova,9
1016.0,2,omen,1
1016.0,3,sova,1
1017.0,1,jett,3
1021.0,1,omen,26
1021.0,1,phoenix,9
1021.0,1,jett,3
1021.0,2,omen,8
1021.0,2,astra,4
1021.0,2,sage,3
1021.0,2,reyna,2
1021.0,3,skye,9
1021.0,3,viper,6
1021.0,3,astra,5
1021.0,3,cypher,5
1021.0,3,sage,3
1021.0,3,kayo,2
1021.0,3,reyna,2
1021.0,3,omen,2
1021.0,3,killjoy,2
1021.0,3,chamber,1
1022.0,1,killjoy,17
1022.0,1,omen,10
1022.0,1,cypher,9
1022.0,2,killjoy,8
1022.0,2,cypher,3
1022.0,2,omen,1
1023.0,1,cypher,16
1023.0,1,raze,7
1023.0,1,jett,5
1023.0,2,cypher,22
1023.0,2,raze,5
1023.0,2,jett,4
1023.0,2,viper,2
1023.0,2,breach,2
1023.0,2,phoenix,1
1023.0,2,reyna,1
1023.0,3,sage,20
1023.0,3,jett,13
1023.0,3,raze,11
1023.0,3,viper,10
1023.0,3,cypher,9
1023.0,3,reyna,8
1023.0,3,skye,5
1023.0,3,breach,2
1023.0,3,killjoy,2
1023.0,3,kayo,1
1025.0,1,sova,19
1025.0,1,killjoy,9
1025.0,2,sova,32
1025.0,2,cypher,3
1025.0,2,killjoy,1
1025.0,2,skye,1
1025.0,3,cypher,7
1025.0,3,sage,6
1025.0,3,sova,1
1026.0,1,omen,15
1026.0,1,brimstone,4
1026.0,2,omen,16
1026.0,2,viper,3
1026.0,2,brimstone,1
1026.0,3,viper,11
1026.0,3,astra,6
1026.0,3,omen,4
1026.0,3,brimstone,1
1027.0,1,jett,11
1027.0,1,sage,4
1027.0,1,phoenix,2
1027.0,1,raze,2
1027.0,2,jett,18
1027.0,2,reyna,1
1027.0,2,brimstone,1
1029.0,1,cypher,17
1029.0,1,killjoy,2
1029.0,2,cypher,10
1029.0,2,killjoy,2
1029.0,2,sage,1
1030.0,1,reyna,7
1030.0,1,breach,6
1030.0,1,sova,4
1030.0,1,sage,2
1030.0,2,breach,9
1030.0,2,phoenix,3
1030.0,2,cypher,2
1030.0,2,skye,2
1030.0,2,raze,2
1030.0,2,sage,1
1030.0,2,reyna,1
1031.0,1,sova,11
1031.0,1,jett,3
1031.0,1,skye,2
1031.0,1,reyna,1
1031.0,1,raze,1
1031.0,1,killjoy,1
1031.0,2,sova,11
1031.0,2,sage,1
1031.0,2,breach,1
1031.0,3,raze,1
1034.0,1,phoenix,8
1034.0,1,raze,1
1037.0,1,breach,4
1039.0,1,jett,1
1039.0,2,jett,1
1039.0,2,reyna,1
1041.0,1,raze,1
1041.0,2,raze,2
1042.0,1,sova,1
1042.0,2,skye,2
1042.0,2,jett,2
1042.0,2,viper,1
1042.0,2,raze,1
1043.0,1,omen,1
1043.0,2,breach,1
1043.0,2,cypher,1
1045.0,1,omen,7
1045.0,1,cypher,4
1045.0,1,killjoy,3
1045.0,1,brimstone,3
1045.0,1,reyna,1
1045.0,1,breach,1
1045.0,2,killjoy,12
1045.0,2,cypher,12
1045.0,2,omen,10
1045.0,2,viper,2
1045.0,2,sage,1
1045.0,2,brimstone,1
1045.0,2,astra,1
1046.0,1,jett,12
1046.0,1,reyna,4
1046.0,1,raze,2
1046.0,1,sage,1
1046.0,2,reyna,19
1046.0,2,jett,14
1046.0,2,phoenix,2
1046.0,2,raze,2
1046.0,2,yoru,1
1046.0,2,sage,1
1046.0,3,jett,13
1046.0,3,skye,4
1046.0,3,raze,1
1046.0,3,sage,1
1046.0,3,sova,1
1048.0,1,raze,4
1048.0,1,breach,2
1048.0,1,phoenix,2
1048.0,1,reyna,1
1048.0,2,sova,9
1048.0,2,raze,1
1051.0,1,viper,2
1055.0,1,breach,1
1055.0,1,raze,1
1061.0,1,breach,12
1061.0,1,cypher,1
1061.0,1,raze,1
1061.0,1,sova,1
1061.0,2,breach,11
1061.0,2,cypher,2
1061.0,2,omen,2
1061.0,2,killjoy,1
1061.0,2,brimstone,1
1061.0,2,skye,1
1061.0,2,viper,1
1061.0,3,viper,3
1061.0,3,killjoy,3
1061.0,3,cypher,2
1061.0,3,breach,1
1062.0,1,jett,13
1062.0,1,cypher,1
1062.0,1,breach,1
1062.0,2,jett,17
1062.0,3,reyna,7
1062.0,3,jett,2
1063.0,1,breach,9
1063.0,1,omen,4
1063.0,1,brimstone,2
1063.0,1,sage,1
1063.0,2,brimstone,8
1063.0,2,omen,6
1063.0,2,astra,5
1063.0,2,sage,4
1063.0,2,breach,1
1063.0,3,astra,5
1063.0,3,sage,2
1063.0,3,skye,1
1063.0,3,omen,1
1065.0,1,breach,1
1065.0,2,omen,9
1065.0,2,sage,1
1077.0,1,jett,7
1077.0,1,breach,2
1077.0,1,reyna,1
1077.0,1,phoenix,1
1077.0,3,jett,3
1078.0,3,sova,6
1078.0,3,viper,4
1078.0,3,sage,2
1078.0,3,killjoy,1
1078.0,3,cypher,1
1080.0,3,raze,11
1080.0,3,kayo,9
1080.0,3,skye,5
1080.0,3,reyna,2
1080.0,3,sova,1
1080.0,3,phoenix,1
1085.0,1,reyna,2
1087.0,1,omen,16
1087.0,2,sova,2
1087.0,2,omen,1
1087.0,3,sova,6
1087.0,3,astra,3
1087.0,3,viper,2
1087.0,3,cypher,2
1087.0,3,killjoy,1
1089.0,1,omen,26
1089.0,1,reyna,5
1089.0,1,breach,4
1089.0,2,viper,16
1089.0,2,phoenix,16
1089.0,2,astra,6
1089.0,2,brimstone,6
1089.0,2,omen,6
1089.0,2,reyna,4
1089.0,2,sage,2
1089.0,2,yoru,1
1089.0,3,viper,23
1089.0,3,sage,16
1089.0,3,omen,11
1089.0,3,astra,10
1089.0,3,skye,4
1089.0,3,phoenix,4
1089.0,3,cypher,1
1092.0,1,cypher,46
1092.0,1,killjoy,1
1092.0,1,raze,1
1092.0,2,cypher,32
1092.0,2,killjoy,3
1092.0,3,killjoy,17
1092.0,3,viper,14
1092.0,3,cypher,14
1092.0,3,chamber,2
1107.0,1,breach,6
1107.0,1,raze,2
1107.0,1,sova,1
1107.0,1,killjoy,1
1107.0,1,sage,1
1107.0,2,jett,10
1107.0,2,raze,8
1107.0,2,sova,2
1107.0,2,reyna,2
1107.0,3,jett,9
1107.0,3,astra,8
1107.0,3,sage,5
1107.0,3,killjoy,5
1107.0,3,skye,5
1107.0,3,cypher,2
1107.0,3,viper,1
1107.0,3,raze,1
1109.0,2,sova,3
1109.0,2,omen,2
1109.0,3,cypher,1
1109.0,3,killjoy,1
1113.0,1,jett,63
1113.0,1,sage,3
1113.0,1,sova,1
1113.0,1,raze,1
1113.0,2,jett,14
1113.0,2,sage,4
1114.0,1,killjoy,3
1114.0,1,cypher,3
1114.0,2,killjoy,18
1114.0,2,cypher,13
1116.0,1,cypher,5
1118.0,3,kayo,1
1118.0,3,raze,1
1119.0,2,jett,2
1119.0,3,jett,15
1119.0,3,sage,4
1119.0,3,sova,2
1119.0,3,killjoy,1
1119.0,3,cypher,1
1119.0,3,raze,1
1120.0,1,reyna,15
1120.0,1,phoenix,6
1120.0,1,raze,5
1120.0,1,breach,3
1120.0,2,raze,19
1120.0,2,reyna,4
1120.0,2,phoenix,4
1120.0,2,sova,2
1120.0,2,breach,2
1120.0,2,sage,2
1120.0,2,yoru,1
1120.0,3,skye,20
1120.0,3,sage,7
1120.0,3,reyna,4
1120.0,3,sova,3
1122.0,1,sova,2
1122.0,1,raze,2
1122.0,1,reyna,1
1122.0,1,phoenix,1
1122.0,1,breach,1
1122.0,2,raze,2
1122.0,2,phoenix,1
1122.0,2,cypher,1
1122.0,2,breach,1
1122.0,2,skye,1
1122.0,2,sage,1
1122.0,3,jett,2
1122.0,3,sova,2
1122.0,3,breach,1
1122.0,3,omen,1
1128.0,1,raze,20
1128.0,1,sova,4
1128.0,2,raze,7
1128.0,2,killjoy,1
1128.0,2,sage,1
1128.0,2,omen,1
1128.0,3,astra,3
1128.0,3,sova,1
1128.0,3,sage,1
1129.0,1,cypher,7
1129.0,2,astra,11
1129.0,2,breach,4
1129.0,2,sova,4
1129.0,2,viper,3
1129.0,2,sage,3
1129.0,2,omen,1
1129.0,2,cypher,1
1129.0,3,astra,27
1129.0,3,sage,5
1129.0,3,viper,5
1129.0,3,omen,4
1129.0,3,killjoy,2
1129.0,3,kayo,1
1131.0,1,brimstone,4
1131.0,1,omen,4
1131.0,1,jett,3
1131.0,1,phoenix,1
1131.0,3,reyna,2
1131.0,3,sage,1
1133.0,1,raze,15
1133.0,1,omen,12
1133.0,1,reyna,3
1133.0,1,breach,1
1133.0,1,phoenix,1
1134.0,1,sova,25
1134.0,1,omen,5
1134.0,1,sage,1
1134.0,1,cypher,1
1134.0,2,sova,12
1134.0,2,sage,5
1134.0,3,sova,2
1134.0,3,sage,1
1135.0,1,omen,10
1135.0,1,breach,6
1135.0,1,reyna,3
1135.0,1,brimstone,3
1135.0,1,jett,2
1137.0,1,raze,6
1137.0,2,raze,19
1137.0,2,jett,6
1137.0,2,reyna,1
1137.0,3,jett,15
1137.0,3,raze,12
1137.0,3,sova,2
1137.0,3,reyna,1
1137.0,3,phoenix,1
1137.0,3,omen,1
1137.0,3,viper,1
1139.0,1,raze,5
1139.0,2,sage,18
1139.0,2,raze,3
1139.0,3,sage,28
1139.0,3,skye,11
1139.0,3,phoenix,4
1139.0,3,kayo,2
1139.0,3,raze,2
1139.0,3,jett,1
1140.0,1,reyna,8
1140.0,1,sage,3
1140.0,2,killjoy,4
1140.0,2,cypher,2
1140.0,3,killjoy,1
1140.0,3,breach,1
1143.0,1,cypher,9
1143.0,1,phoenix,1
1143.0,1,omen,1
1144.0,1,omen,18
1144.0,1,brimstone,1
1144.0,2,omen,24
1144.0,2,sage,3
1144.0,2,astra,3
1144.0,2,brimstone,2
1144.0,3,astra,12
1144.0,3,sage,5
1144.0,3,omen,5
1144.0,3,viper,4
1144.0,3,brimstone,3
1146.0,1,cypher,4
1146.0,2,killjoy,3
1146.0,2,cypher,3
1146.0,2,sage,1
1146.0,3,cypher,21
1146.0,3,killjoy,8
1146.0,3,sage,2
1146.0,3,skye,2
1146.0,3,raze,1
1147.0,1,omen,28
1147.0,1,killjoy,1
1147.0,2,omen,10
1147.0,2,viper,2
1147.0,2,astra,2
1147.0,2,brimstone,1
1147.0,2,reyna,1
1147.0,2,sage,1
1147.0,2,skye,1
1147.0,3,astra,16
1147.0,3,viper,2
1150.0,1,jett,4
1150.0,2,sage,3
1150.0,2,killjoy,3
1150.0,2,viper,1
1151.0,1,breach,16
1151.0,1,phoenix,2
1151.0,1,sage,1
1151.0,2,skye,26
1151.0,2,breach,6
1151.0,3,skye,9
1151.0,3,breach,7
1151.0,3,sage,2
1153.0,1,sova,11
1153.0,1,phoenix,4
1153.0,1,viper,2
1153.0,1,reyna,1
1153.0,2,raze,18
1153.0,2,sova,9
1153.0,2,sage,5
1153.0,3,skye,7
1153.0,3,sova,5
1153.0,3,sage,4
1153.0,3,reyna,2
1154.0,1,killjoy,2
1154.0,1,sova,2
1154.0,1,omen,1
1155.0,1,raze,6
1155.0,1,jett,5
1155.0,1,cypher,1
1155.0,2,skye,5
1155.0,2,killjoy,2
1155.0,2,sova,2
1155.0,2,viper,1
1155.0,3,sova,1
1155.0,3,viper,1
1157.0,1,jett,11
1157.0,1,sage,2
1157.0,1,raze,1
1157.0,1,reyna,1
1157.0,2,jett,19
1157.0,2,raze,8
1157.0,3,jett,17
1157.0,3,viper,10
1157.0,3,raze,10
1157.0,3,astra,7
1157.0,3,omen,2
1159.0,1,sage,2
1159.0,1,sova,1
1160.0,1,sova,25
1160.0,1,reyna,8
1160.0,1,cypher,4
1160.0,1,raze,1
1160.0,2,reyna,4
1160.0,2,sage,3
1160.0,2,raze,1
1161.0,1,cypher,3
1162.0,1,jett,7
1162.0,1,brimstone,4
1162.0,1,sova,4
1162.0,1,raze,2
1162.0,1,omen,2
1162.0,2,sage,9
1162.0,2,skye,8
1162.0,2,phoenix,2
1162.0,2,reyna,1
1162.0,2,breach,1
1162.0,3,sage,15
1162.0,3,skye,14
1163.0,1,raze,11
1163.0,1,jett,1
1163.0,1,sage,1
1163.0,2,astra,14
1163.0,2,killjoy,5
1163.0,2,cypher,4
1163.0,2,viper,3
1163.0,2,sage,1
1163.0,3,astra,14
1163.0,3,viper,6
1163.0,3,sage,3
1163.0,3,raze,1
1164.0,1,cypher,10
1164.0,1,killjoy,3
1165.0,1,cypher,3
1166.0,1,reyna,4
1166.0,1,raze,1
1166.0,1,breach,1
1166.0,1,jett,1
1166.0,2,breach,1
1166.0,2,reyna,1
1167.0,1,jett,18
1167.0,1,raze,2
1167.0,2,jett,19
1167.0,2,raze,12
1167.0,3,jett,23
1167.0,3,raze,3
1168.0,1,cypher,7
1168.0,1,omen,3
1168.0,1,viper,1
1168.0,2,omen,5
1168.0,2,sova,4
1168.0,2,sage,2
1168.0,2,breach,1
1168.0,3,sage,2
1168.0,3,sova,2
1173.0,1,sova,2
1174.0,1,omen,25
1174.0,1,brimstone,8
1174.0,2,omen,24
1174.0,2,astra,22
1174.0,2,sage,21
1174.0,2,brimstone,7
1174.0,2,reyna,5
1174.0,2,raze,3
1174.0,3,astra,27
1174.0,3,jett,19
1174.0,3,sage,12
1174.0,3,cypher,6
1174.0,3,brimstone,4
1174.0,3,omen,4
1174.0,3,reyna,3
1174.0,3,killjoy,2
1175.0,1,sova,11
1175.0,1,jett,6
1175.0,1,raze,2
1175.0,1,reyna,2
1175.0,2,sova,22
1175.0,2,breach,6
1175.0,2,astra,3
1175.0,3,sova,12
1175.0,3,reyna,3
1175.0,3,skye,2
1175.0,3,viper,1
1176.0,1,breach,13
1176.0,1,brimstone,5
1176.0,1,omen,4
1176.0,2,astra,13
1176.0,2,sage,3
1176.0,2,killjoy,1
1176.0,3,breach,5
1176.0,3,killjoy,4
1176.0,3,cypher,2
1176.0,3,sage,2
1176.0,3,skye,1
1176.0,3,viper,1
1176.0,3,astra,1
1177.0,1,sage,2
1178.0,1,sage,4
1179.0,1,cypher,5
1179.0,1,omen,3
1180.0,1,omen,6
1180.0,2,reyna,8
1180.0,2,raze,6
1180.0,2,skye,2
1180.0,2,phoenix,2
1180.0,2,jett,1
1180.0,2,astra,1
1180.0,2,sage,1
1180.0,3,reyna,7
1180.0,3,skye,6
1180.0,3,raze,4
1180.0,3,phoenix,3
1180.0,3,jett,2
1180.0,3,kayo,1
1180.0,3,sage,1
1180.0,3,sova,1
1181.0,1,sage,10
1181.0,1,killjoy,10
1181.0,1,cypher,1
1181.0,1,breach,1
1181.0,3,cypher,2
1182.0,1,cypher,10
1183.0,1,breach,8
1183.0,1,raze,6
1183.0,1,phoenix,3
1183.0,1,omen,3
1183.0,1,reyna,2
1184.0,1,omen,11
1184.0,1,brimstone,11
1185.0,1,brimstone,1
1185.0,1,phoenix,1
1186.0,1,sova,11
1186.0,1,jett,11
1187.0,1,raze,1
1187.0,1,sova,1
1188.0,1,cypher,14
1188.0,1,killjoy,4
1189.0,1,sage,2
1190.0,1,sova,15
1190.0,1,breach,3
1190.0,2,sova,24
1190.0,2,breach,4
1190.0,2,jett,3
1190.0,2,skye,3
1190.0,2,sage,2
1190.0,2,astra,1
1190.0,2,viper,1
1190.0,3,sova,22
1190.0,3,viper,12
1190.0,3,astra,8
1190.0,3,reyna,3
1191.0,1,viper,2
1194.0,1,reyna,1
1194.0,1,cypher,1
1195.0,1,omen,13
1195.0,1,jett,8
1195.0,1,raze,3
1195.0,2,reyna,7
1195.0,2,sage,7
1195.0,2,phoenix,3
1195.0,2,omen,2
1195.0,2,raze,2
1195.0,2,brimstone,1
1195.0,2,jett,1
1196.0,1,cypher,24
1196.0,2,cypher,21
1196.0,2,killjoy,12
1196.0,2,skye,4
1196.0,2,raze,1
1197.0,1,jett,5
1197.0,1,raze,5
1197.0,1,sage,5
1198.0,1,sova,22
1198.0,1,omen,2
1198.0,2,sova,54
1198.0,2,breach,1
1198.0,3,sova,16
1198.0,3,killjoy,2
1198.0,3,jett,1
1199.0,1,breach,15
1199.0,1,brimstone,5
1199.0,1,omen,4
1199.0,2,sova,20
1199.0,2,omen,7
1199.0,2,brimstone,5
1199.0,2,raze,2
1199.0,2,breach,2
1199.0,2,sage,1
1199.0,2,reyna,1
1200.0,1,reyna,1
1200.0,1,brimstone,1
1201.0,1,raze,1
1201.0,1,phoenix,1
1202.0,1,viper,1
1203.0,1,jett,11
1203.0,1,phoenix,5
1203.0,1,raze,1
1203.0,1,omen,1
1203.0,1,sova,1
1204.0,1,cypher,10
1204.0,1,raze,5
1204.0,1,killjoy,2
1204.0,1,omen,1
1204.0,1,phoenix,1
1204.0,2,sova,1
1204.0,2,viper,1
1205.0,1,brimstone,4
1205.0,1,omen,2
1206.0,1,sage,6
1206.0,1,sova,5
1206.0,1,breach,5
1206.0,1,skye,2
1206.0,1,killjoy,1
1207.0,1,brimstone,1
1208.0,1,cypher,6
1208.0,1,breach,4
1208.0,1,raze,1
1209.0,1,omen,6
1209.0,1,phoenix,5
1209.0,1,raze,4
1209.0,1,breach,3
1209.0,1,jett,1
1209.0,1,cypher,1
1209.0,1,killjoy,1
1209.0,2,skye,6
1209.0,2,phoenix,5
1209.0,2,reyna,4
1209.0,2,sage,3
1209.0,2,astra,3
1209.0,2,raze,2
1209.0,2,sova,2
1209.0,3,raze,8
1209.0,3,viper,3
1209.0,3,sage,2
1209.0,3,jett,1
1209.0,3,omen,1
1209.0,3,astra,1
1211.0,1,sage,1
1219.0,1,omen,23
1219.0,1,brimstone,5
1219.0,2,omen,7
1219.0,2,astra,5
1219.0,2,brimstone,4
1219.0,2,viper,2
1219.0,3,astra,11
1219.0,3,viper,9
1219.0,3,omen,2
1219.0,3,brimstone,2
1220.0,1,jett,12
1220.0,1,sage,9
1220.0,1,reyna,5
1220.0,1,breach,2
1220.0,2,jett,5
1220.0,2,skye,4
1220.0,2,breach,2
1220.0,2,reyna,1
1220.0,3,skye,4
1220.0,3,reyna,2
1220.0,3,kayo,1
1220.0,3,jett,1
1221.0,1,sova,14
1221.0,1,breach,8
1221.0,1,reyna,6
1221.0,2,sova,9
1221.0,3,sova,10
1221.0,3,jett,3
1221.0,3,skye,2
1221.0,3,sage,1
1221.0,3,breach,1
1222.0,1,raze,27
1222.0,1,sova,1
1222.0,2,raze,8
1222.0,2,astra,4
1222.0,2,jett,3
1222.0,2,omen,2
1222.0,2,sage,1
1222.0,2,reyna,1
1222.0,3,reyna,2
1222.0,3,omen,2
1222.0,3,raze,1
1223.0,1,cypher,27
1223.0,1,killjoy,1
1223.0,2,killjoy,10
1223.0,2,cypher,5
1223.0,2,skye,3
1223.0,2,viper,2
1223.0,3,killjoy,4
1223.0,3,viper,1
1225.0,1,jett,2
1228.0,1,raze,7
1228.0,1,reyna,2
1228.0,2,raze,5
1228.0,2,sova,1
1228.0,2,skye,1
1228.0,2,omen,1
1228.0,2,killjoy,1
1231.0,1,cypher,14
1231.0,2,cypher,26
1231.0,2,killjoy,3
1231.0,2,viper,1
1231.0,2,sage,1
1231.0,3,cypher,5
1231.0,3,viper,3
1234.0,1,cypher,2
1234.0,1,sova,1
1235.0,1,jett,3
1235.0,1,brimstone,2
1236.0,1,cypher,4
1236.0,1,killjoy,1
1237.0,1,cypher,2
1238.0,1,omen,3
1238.0,1,sova,3
1238.0,1,reyna,2
1238.0,1,brimstone,1
1239.0,1,raze,2
1241.0,1,jett,5
1241.0,1,cypher,2
1242.0,1,cypher,6
1242.0,1,omen,2
1242.0,1,jett,1
1242.0,2,killjoy,3
1242.0,2,omen,1
1242.0,2,cypher,1
1242.0,3,astra,5
1242.0,3,killjoy,2
1242.0,3,sova,1
1242.0,3,cypher,1
1243.0,1,phoenix,6
1243.0,1,breach,2
1243.0,1,sage,1
1243.0,2,sage,3
1243.0,2,phoenix,2
1243.0,3,skye,2
1243.0,3,killjoy,2
1243.0,3,reyna,1
1246.0,1,phoenix,4
1247.0,1,cypher,4
1248.0,1,sage,2
1248.0,1,sova,1
1248.0,1,brimstone,1
1249.0,1,raze,3
1249.0,1,sage,2
1249.0,1,breach,1
1249.0,2,sage,2
1249.0,2,omen,2
1249.0,2,sova,2
1249.0,2,brimstone,1
1249.0,3,sova,26
1249.0,3,kayo,2
1249.0,3,sage,1
1249.0,3,brimstone,1
1250.0,1,brimstone,2
1250.0,1,breach,2
1257.0,2,sova,5
1257.0,3,sova,3
1257.0,3,brimstone,1
1265.0,2,jett,7
1265.0,2,raze,4
1265.0,3,jett,14
1265.0,3,skye,1
1267.0,1,sova,3
1267.0,1,killjoy,3
1267.0,1,omen,2
1267.0,1,brimstone,1
1267.0,2,omen,3
1267.0,2,sova,1
1267.0,2,killjoy,1
1267.0,3,astra,3
1267.0,3,viper,1
1267.0,3,breach,1
1269.0,1,raze,5
1269.0,1,jett,3
1269.0,1,reyna,1
1269.0,2,raze,3
1269.0,2,jett,2
1269.0,3,jett,4
1269.0,3,raze,1
1276.0,1,breach,5
1276.0,1,omen,3
1276.0,1,phoenix,2
1276.0,1,killjoy,2
1276.0,1,reyna,1
1276.0,1,sage,1
1276.0,2,breach,4
1276.0,2,killjoy,2
1276.0,2,astra,2
1277.0,1,omen,9
1277.0,1,brimstone,3
1277.0,1,raze,2
1277.0,2,omen,6
1277.0,2,sova,2
1278.0,1,jett,13
1278.0,1,phoenix,1
1278.0,2,jett,5
1278.0,2,raze,1
1278.0,3,jett,6
1278.0,3,raze,3
1278.0,3,sage,1
1279.0,1,sage,1
1279.0,1,reyna,1
1280.0,1,cypher,9
1280.0,1,breach,3
1280.0,1,sova,2
1280.0,2,cypher,3
1280.0,2,breach,2
1280.0,2,sage,1
1280.0,3,cypher,2
1280.0,3,sova,1
1280.0,3,killjoy,1
1281.0,1,sova,14
1281.0,1,raze,6
1281.0,1,brimstone,4
1281.0,1,jett,3
1281.0,1,omen,1
1281.0,1,cypher,1
1281.0,2,sova,19
1281.0,2,raze,3
1281.0,2,breach,2
1281.0,3,sova,16
1281.0,3,skye,7
1281.0,3,reyna,3
1281.0,3,yoru,1
1283.0,0,raze,2
1283.0,0,sova,1
1283.0,1,jett,10
1283.0,1,cypher,8
1283.0,1,sova,6
1283.0,1,sage,2
1283.0,2,sova,18
1283.0,2,jett,5
1283.0,2,killjoy,2
1283.0,3,jett,3
1283.0,3,sage,3
1283.0,3,raze,3
1283.0,3,sova,1
1283.0,3,skye,1
1284.0,1,breach,11
1284.0,1,reyna,7
1284.0,1,skye,5
1284.0,1,sage,1
1284.0,2,skye,8
1284.0,2,breach,5
1284.0,2,sova,5
1284.0,3,cypher,3
1286.0,1,raze,18
1286.0,1,phoenix,1
1286.0,3,sova,2
1287.0,1,cypher,3
1287.0,2,jett,6
1287.0,2,reyna,1
1287.0,3,cypher,7
1287.0,3,killjoy,2
1287.0,3,sage,2
1287.0,3,sova,1
1288.0,1,omen,9
1288.0,2,omen,17
1288.0,2,breach,1
1288.0,3,omen,2
1289.0,1,sova,9
1289.0,1,sage,3
1289.0,1,breach,1
1289.0,2,sova,23
1289.0,2,breach,3
1289.0,2,jett,1
1289.0,2,brimstone,1
1289.0,3,sova,9
1289.0,3,sage,1
1291.0,1,omen,2
1291.0,1,brimstone,1
1291.0,2,sova,24
1291.0,2,raze,4
1291.0,2,skye,1
1292.0,1,raze,6
1292.0,1,sova,2
1292.0,1,phoenix,2
1292.0,2,raze,14
1292.0,2,cypher,6
1292.0,2,sova,5
1292.0,2,killjoy,3
1292.0,2,breach,1
1292.0,2,jett,1
1293.0,1,cypher,8
1293.0,1,killjoy,1
1293.0,1,breach,1
1293.0,2,astra,10
1293.0,2,omen,9
1293.0,2,killjoy,8
1293.0,2,cypher,5
1293.0,2,sage,5
1293.0,2,sova,1
1293.0,2,reyna,1
1293.0,3,sage,3
1293.0,3,sova,2
1293.0,3,killjoy,2
1293.0,3,phoenix,1
1294.0,1,jett,14
1294.0,2,jett,36
1294.0,2,raze,2
1294.0,2,sage,1
1294.0,3,jett,26
1294.0,3,sage,3
1295.0,1,breach,4
1295.0,1,omen,3
1295.0,2,omen,3
1296.0,1,omen,2
1296.0,2,omen,18
1296.0,2,brimstone,9
1296.0,2,viper,6
1296.0,2,skye,2
1296.0,2,cypher,2
1296.0,2,astra,1
1296.0,3,astra,6
1296.0,3,viper,1
1296.0,3,skye,1
1296.0,3,sage,1
1298.0,1,phoenix,2
1298.0,1,raze,1
1300.0,1,breach,2
1300.0,1,sage,1
1301.0,1,sova,2
1301.0,1,cypher,1
1301.0,2,astra,2
1301.0,2,sage,1
1308.0,1,omen,5
1308.0,1,raze,1
1308.0,1,sova,1
1308.0,2,raze,25
1308.0,2,reyna,6
1308.0,2,sova,4
1308.0,2,phoenix,3
1308.0,2,sage,1
1308.0,3,sova,4
1308.0,3,raze,3
1308.0,3,sage,2
1308.0,3,reyna,1
1308.0,3,jett,1
1309.0,1,jett,2
1309.0,1,sova,1
1309.0,2,sova,10
1309.0,2,skye,10
1309.0,2,breach,6
1309.0,2,jett,6
1309.0,2,sage,4
1309.0,2,viper,4
1309.0,2,killjoy,1
1309.0,2,raze,1
1309.0,3,astra,4
1309.0,3,sova,4
1309.0,3,omen,3
1309.0,3,viper,2
1309.0,3,brimstone,1
1310.0,1,cypher,2
1310.0,1,killjoy,1
1311.0,1,sova,1
1311.0,1,raze,1
1311.0,1,omen,1
1311.0,2,omen,23
1311.0,2,astra,6
1311.0,2,sage,3
1311.0,2,raze,1
1311.0,2,jett,1
1311.0,2,brimstone,1
1311.0,3,astra,15
1311.0,3,sage,5
1311.0,3,omen,4
1311.0,3,skye,3
1311.0,3,reyna,2
1313.0,2,killjoy,7
1313.0,2,cypher,7
1313.0,2,breach,1
1313.0,3,killjoy,7
1313.0,3,viper,2
1315.0,2,omen,14
1315.0,2,astra,1
1321.0,1,omen,9
1321.0,1,brimstone,4
1321.0,1,phoenix,1
1321.0,2,omen,2
1321.0,2,brimstone,2
1323.0,1,sova,16
1323.0,1,omen,5
1323.0,1,skye,1
1323.0,1,breach,1
1323.0,2,sova,16
1323.0,2,brimstone,1
1323.0,2,sage,1
1323.0,2,raze,1
1323.0,2,omen,1
1323.0,2,killjoy,1
1323.0,2,breach,1
1323.0,3,sova,5
1323.0,3,skye,2
1323.0,3,sage,1
1326.0,2,sage,2
1326.0,2,breach,1
1326.0,2,killjoy,1
1326.0,2,cypher,1
1337.0,1,sage,1
1339.0,1,raze,1
1339.0,1,omen,1
1339.0,3,sova,2
1339.0,3,skye,2
1339.0,3,omen,1
1341.0,2,skye,2
1345.0,2,sova,4
1345.0,2,sage,2
1346.0,1,omen,6
1346.0,1,raze,4
1346.0,1,breach,4
1346.0,1,phoenix,2
1346.0,1,brimstone,2
1346.0,2,raze,2
1346.0,2,jett,1
1346.0,2,brimstone,1
1346.0,3,jett,7
1346.0,3,reyna,1
1346.0,3,raze,1
1347.0,1,breach,2
1347.0,2,sage,2
1347.0,2,breach,2
1347.0,2,skye,1
1347.0,2,reyna,1
1347.0,3,reyna,3
1347.0,3,breach,2
1347.0,3,skye,1
1347.0,3,sage,1
1347.0,3,raze,1
1347.0,3,kayo,1
1348.0,1,killjoy,13
1348.0,1,jett,6
1348.0,1,raze,5
1348.0,1,sage,3
1348.0,1,phoenix,3
1348.0,1,cypher,3
1348.0,1,breach,1
1348.0,1,reyna,1
1348.0,2,cypher,7
1348.0,2,sova,5
1348.0,2,viper,2
1348.0,2,killjoy,2
1348.0,2,astra,2
1348.0,3,sova,11
1348.0,3,skye,9
1349.0,1,cypher,6
1349.0,1,killjoy,1
1349.0,2,viper,1
1349.0,2,killjoy,1
1349.0,3,viper,8
1349.0,3,killjoy,2
1349.0,3,cypher,2
1349.0,3,sova,1
1349.0,3,reyna,1
1349.0,3,jett,1
1350.0,1,sova,4
1350.0,1,raze,2
1352.0,1,omen,5
1353.0,1,cypher,4
1353.0,1,raze,3
1353.0,1,omen,3
1353.0,1,phoenix,2
1353.0,1,jett,2
1353.0,2,raze,5
1353.0,2,killjoy,3
1353.0,2,cypher,3
1353.0,3,cypher,10
1353.0,3,killjoy,4
1353.0,3,skye,3
1353.0,3,viper,1
1355.0,1,sova,7
1355.0,1,reyna,2
1355.0,1,cypher,2
1355.0,2,raze,3
1355.0,2,killjoy,1
1358.0,1,sova,10
1358.0,1,sage,3
1358.0,1,omen,2
1358.0,1,cypher,1
1358.0,2,cypher,2
1358.0,2,killjoy,1
1359.0,1,raze,1
1359.0,2,sage,1
1359.0,2,raze,1
1359.0,2,breach,1
1361.0,1,sova,1
1363.0,2,breach,4
1363.0,2,viper,4
1363.0,2,omen,3
1363.0,2,astra,1
1363.0,2,brimstone,1
1363.0,2,skye,1
1364.0,1,killjoy,2
1364.0,2,sova,8
1364.0,2,breach,2
1364.0,2,jett,1
1364.0,3,sova,4
1364.0,3,breach,2
1365.0,1,breach,11
1365.0,1,omen,3
1365.0,1,sova,2
1365.0,2,skye,2
1365.0,2,viper,1
1365.0,2,sage,1
1365.0,3,astra,20
1365.0,3,viper,6
1365.0,3,skye,5
1365.0,3,breach,2
1365.0,3,sage,1
1368.0,1,omen,6
1369.0,1,raze,26
1369.0,1,reyna,3
1369.0,1,sage,1
1369.0,1,omen,1
1369.0,1,jett,1
1369.0,2,raze,41
1369.0,2,sage,14
1369.0,2,jett,4
1369.0,2,omen,3
1369.0,2,skye,1
1369.0,3,skye,16
1369.0,3,sage,12
1369.0,3,brimstone,2
1369.0,3,raze,2
1369.0,3,phoenix,2
1369.0,3,kayo,2
1369.0,3,breach,2
1369.0,3,reyna,1
1369.0,3,sova,1
1370.0,1,omen,28
1370.0,1,brimstone,2
1370.0,2,omen,10
1370.0,2,skye,2
1370.0,2,viper,1
1370.0,2,sage,1
1370.0,2,reyna,1
1370.0,3,breach,6
1370.0,3,cypher,4
1370.0,3,viper,3
1370.0,3,killjoy,2
1370.0,3,astra,2
1370.0,3,omen,1
1370.0,3,brimstone,1
1372.0,1,cypher,10
1373.0,2,breach,4
1373.0,2,skye,1
1374.0,1,raze,14
1374.0,1,jett,14
1374.0,2,jett,15
1374.0,2,raze,3
1374.0,2,skye,2
1374.0,3,jett,39
1374.0,3,raze,6
1374.0,3,sage,2
1375.0,1,sova,25
1375.0,1,breach,2
1375.0,1,sage,1
1375.0,2,sova,12
1375.0,2,sage,4
1375.0,3,sova,5
1375.0,3,reyna,5
1375.0,3,skye,1
1375.0,3,sage,1
1377.0,1,cypher,18
1377.0,1,killjoy,17
1377.0,1,sage,1
1377.0,2,cypher,14
1377.0,2,killjoy,9
1377.0,2,viper,4
1377.0,2,sage,1
1377.0,3,skye,7
1377.0,3,cypher,2
1377.0,3,breach,1
1377.0,3,viper,1
1378.0,1,sova,33
1378.0,1,raze,2
1378.0,1,jett,1
1378.0,2,sova,23
1378.0,2,skye,4
1378.0,2,raze,1
1378.0,3,sova,15
1378.0,3,sage,3
1379.0,1,breach,32
1379.0,1,phoenix,3
1379.0,1,cypher,1
1379.0,2,breach,3
1379.0,2,omen,1
1379.0,3,breach,9
1379.0,3,sage,3
1379.0,3,omen,2
1379.0,3,skye,1
1379.0,3,astra,1
1380.0,1,omen,23
1380.0,1,brimstone,4
1380.0,1,sage,3
1380.0,1,breach,1
1380.0,2,sage,22
1380.0,2,breach,10
1380.0,2,phoenix,5
1380.0,3,sova,14
1380.0,3,sage,6
1380.0,3,breach,4
1380.0,3,omen,3
1380.0,3,astra,3
1380.0,3,killjoy,1
1381.0,1,sova,4
1381.0,3,jett,2
1383.0,1,omen,18
1383.0,1,viper,1
1383.0,1,brimstone,1
1386.0,1,cypher,3
1387.0,1,cypher,16
1387.0,1,sova,4
1387.0,2,cypher,18
1387.0,2,viper,4
1387.0,2,killjoy,2
1387.0,2,sage,2
1387.0,3,sage,10
1387.0,3,cypher,9
1387.0,3,viper,3
1387.0,3,skye,2
1388.0,1,jett,15
1388.0,1,raze,3
1388.0,2,sage,10
1388.0,2,jett,8
1388.0,3,cypher,4
1388.0,3,jett,4
1388.0,3,kayo,1
1388.0,3,sage,1
1388.0,3,reyna,1
1388.0,3,killjoy,1
1391.0,1,cypher,3
1392.0,1,breach,3
1393.0,1,raze,2
1393.0,1,brimstone,1
1395.0,1,breach,9
1395.0,1,raze,7
1395.0,1,phoenix,2
1395.0,1,reyna,1
1395.0,2,breach,4
1395.0,2,sage,1
1395.0,3,sova,7
1395.0,3,killjoy,5
1395.0,3,raze,3
1395.0,3,skye,1
1397.0,1,cypher,13
1397.0,1,killjoy,2
1397.0,1,sage,1
1397.0,2,sage,4
1397.0,2,viper,1
1397.0,2,reyna,1
1397.0,2,killjoy,1
1397.0,2,cypher,1
1397.0,3,reyna,6
1397.0,3,sage,5
1397.0,3,killjoy,4
1397.0,3,viper,4
1397.0,3,cypher,2
1398.0,1,jett,30
1398.0,1,cypher,1
1398.0,2,jett,28
1398.0,3,jett,15
1398.0,3,raze,6
1398.0,3,sage,1
1399.0,1,omen,29
1399.0,1,brimstone,1
1399.0,1,raze,1
1399.0,2,omen,23
1399.0,2,viper,2
1399.0,2,brimstone,2
1399.0,2,breach,1
1399.0,3,viper,16
1399.0,3,astra,15
1399.0,3,omen,9
1399.0,3,sova,1
1399.0,3,killjoy,1
1399.0,3,brimstone,1
1399.0,3,breach,1
1400.0,1,cypher,13
1400.0,1,killjoy,4
1400.0,1,jett,1
1400.0,2,killjoy,2
1400.0,2,sage,1
1400.0,2,raze,1
1400.0,2,brimstone,1
1400.0,3,killjoy,1
1401.0,1,sova,19
1401.0,1,breach,7
1401.0,1,raze,4
1401.0,1,killjoy,1
1401.0,2,sova,21
1401.0,2,raze,5
1401.0,2,breach,2
1401.0,3,sova,25
1401.0,3,skye,7
1401.0,3,breach,3
1402.0,1,omen,3
1402.0,1,brimstone,2
1402.0,1,sage,2
1402.0,2,omen,12
1402.0,2,sage,5
1402.0,2,astra,4
1402.0,2,viper,3
1402.0,2,brimstone,2
1402.0,3,omen,5
1402.0,3,viper,3
1402.0,3,skye,2
1402.0,3,sova,2
1402.0,3,sage,1
1403.0,1,cypher,3
1404.0,1,sova,3
1406.0,1,omen,4
1406.0,1,breach,3
1406.0,1,brimstone,1
1407.0,1,sova,7
1407.0,1,omen,4
1407.0,1,reyna,2
1407.0,1,raze,1
1407.0,2,raze,6
1407.0,2,sova,3
1407.0,2,skye,1
1408.0,1,breach,1
1409.0,1,killjoy,9
1409.0,1,jett,2
1409.0,1,cypher,1
1409.0,2,killjoy,1
1409.0,2,skye,1
1410.0,1,cypher,3
1410.0,1,killjoy,1
1411.0,1,raze,21
1411.0,1,reyna,17
1411.0,1,phoenix,8
1411.0,2,raze,24
1411.0,2,phoenix,11
1411.0,2,reyna,9
1411.0,2,jett,4
1411.0,3,jett,22
1411.0,3,raze,13
1411.0,3,phoenix,4
1411.0,3,reyna,4
1411.0,3,skye,2
1413.0,1,sova,7
1413.0,2,sova,36
1413.0,2,sage,10
1413.0,2,raze,1
1413.0,3,astra,12
1413.0,3,sova,8
1413.0,3,reyna,7
1413.0,3,viper,7
1413.0,3,omen,5
1413.0,3,sage,2
1413.0,3,chamber,1
1413.0,3,brimstone,1
1419.0,2,raze,1
1419.0,2,killjoy,1
1419.0,2,breach,1
1420.0,1,omen,4
1421.0,1,cypher,2
1421.0,1,breach,1
1426.0,1,cypher,14
1426.0,2,cypher,25
1426.0,2,killjoy,9
1426.0,2,sage,2
1426.0,3,cypher,25
1426.0,3,killjoy,5
1426.0,3,sage,3
1427.0,1,sova,23
1427.0,1,breach,5
1427.0,1,omen,3
1427.0,1,viper,2
1427.0,1,skye,2
1427.0,2,omen,17
1427.0,2,viper,7
1427.0,2,sova,2
1427.0,2,breach,1
1427.0,3,astra,12
1427.0,3,sova,9
1427.0,3,omen,5
1427.0,3,sage,4
1427.0,3,breach,2
1428.0,1,raze,14
1428.0,1,sage,10
1428.0,1,phoenix,5
1428.0,2,sage,23
1428.0,2,skye,2
1428.0,2,raze,2
1428.0,3,sage,13
1428.0,3,skye,10
1428.0,3,reyna,4
1428.0,3,breach,2
1428.0,3,omen,1
1429.0,1,cypher,2
1429.0,2,killjoy,8
1429.0,2,cypher,3
1429.0,2,sova,1
1429.0,2,sage,1
1429.0,3,killjoy,10
1429.0,3,sage,5
1429.0,3,cypher,3
1429.0,3,brimstone,2
1429.0,3,omen,1
1430.0,1,sova,2
1430.0,2,sova,5
1430.0,2,reyna,2
1430.0,2,raze,2
1430.0,2,jett,2
1430.0,2,viper,1
1430.0,3,sova,17
1430.0,3,reyna,1
1430.0,3,breach,1
1431.0,1,phoenix,1
1431.0,1,jett,1
1431.0,2,breach,5
1431.0,2,astra,4
1431.0,2,sage,3
1431.0,2,viper,1
1431.0,2,reyna,1
1431.0,3,astra,11
1431.0,3,viper,10
1432.0,1,jett,5
1432.0,2,jett,4
1432.0,2,omen,4
1432.0,2,brimstone,2
1432.0,2,astra,2
1432.0,2,viper,1
1432.0,2,reyna,1
1432.0,3,jett,18
1432.0,3,omen,3
1433.0,1,cypher,6
1433.0,1,killjoy,4
1433.0,2,cypher,8
1433.0,2,killjoy,4
1433.0,2,sova,1
1433.0,2,sage,1
1433.0,3,astra,11
1433.0,3,sova,5
1433.0,3,cypher,3
1433.0,3,killjoy,2
1433.0,3,sage,1
1434.0,1,omen,3
1434.0,1,brimstone,2
1434.0,2,phoenix,1
1434.0,2,raze,1
1434.0,2,viper,1
1435.0,3,sova,3
1435.0,3,sage,1
1436.0,1,breach,2
1436.0,2,raze,3
1436.0,2,killjoy,1
1436.0,2,jett,1
1436.0,3,raze,1
1436.0,3,killjoy,1
1436.0,3,cypher,1
1437.0,1,sova,9
1437.0,1,raze,1
1437.0,2,sage,8
1437.0,2,sova,1
1437.0,3,viper,8
1437.0,3,sova,5
1437.0,3,skye,5
1437.0,3,sage,4
1437.0,3,raze,1
1438.0,2,omen,3
1438.0,2,raze,1
1438.0,2,astra,1
1438.0,3,astra,6
1438.0,3,jett,2
1438.0,3,viper,1
1438.0,3,reyna,1
1438.0,3,omen,1
1445.0,2,omen,9
1445.0,2,astra,1
1445.0,3,viper,3
1445.0,3,cypher,2
1445.0,3,killjoy,1
1449.0,2,omen,3
1449.0,2,cypher,2
1450.0,2,raze,1
1450.0,2,jett,1
1451.0,2,sova,9
1451.0,2,sage,2
1451.0,2,viper,1
1451.0,2,raze,1
1451.0,3,sova,2
1451.0,3,viper,1
1452.0,1,breach,1
1452.0,1,omen,1
1453.0,0,brimstone,3
1454.0,0,cypher,3
1455.0,0,brimstone,2
1455.0,0,phoenix,1
1457.0,1,omen,19
1457.0,1,viper,4
1457.0,1,brimstone,3
1457.0,2,viper,33
1457.0,2,omen,20
1457.0,2,skye,6
1457.0,2,killjoy,3
1457.0,2,astra,1
1457.0,3,viper,24
1457.0,3,astra,13
1457.0,3,omen,4
1457.0,3,sova,1
1457.0,3,jett,1
1459.0,2,raze,3
1459.0,2,omen,2
1460.0,2,sova,5
1461.0,2,cypher,2
1461.0,2,killjoy,1
1461.0,3,killjoy,2
1463.0,1,jett,6
1463.0,2,sova,8
1463.0,2,sage,2
1463.0,2,skye,1
1463.0,2,reyna,1
1463.0,3,sova,13
1463.0,3,raze,5
1463.0,3,jett,4
1463.0,3,skye,1
1464.0,1,raze,3
1465.0,1,jett,1
1466.0,1,sova,2
1466.0,1,cypher,1
1467.0,1,breach,3
1468.0,1,omen,3
1469.0,1,cypher,4
1469.0,1,omen,2
1469.0,1,sage,1
1469.0,2,sage,4
1470.0,1,jett,15
1470.0,1,raze,14
1470.0,2,raze,12
1470.0,2,jett,11
1470.0,2,sage,1
1470.0,3,jett,26
1470.0,3,raze,4
1471.0,1,cypher,27
1471.0,1,killjoy,2
1471.0,2,cypher,11
1471.0,2,killjoy,8
1471.0,2,viper,5
1471.0,3,sova,12
1471.0,3,viper,10
1471.0,3,killjoy,3
1471.0,3,cypher,3
1472.0,1,breach,24
1472.0,1,raze,4
1472.0,1,omen,3
1472.0,1,sage,2
1472.0,1,reyna,1
1472.0,1,phoenix,1
1472.0,2,breach,8
1472.0,2,viper,3
1472.0,2,astra,3
1472.0,2,phoenix,1
1472.0,2,omen,1
1472.0,2,brimstone,1
1472.0,3,viper,7
1472.0,3,astra,7
1472.0,3,omen,5
1473.0,1,sova,3
1473.0,1,reyna,1
1474.0,1,sova,1
1474.0,1,breach,1
1475.0,1,killjoy,2
1475.0,1,cypher,2
1475.0,2,cypher,5
1475.0,2,raze,4
1475.0,2,sage,2
1475.0,2,killjoy,1
1475.0,3,raze,9
1475.0,3,skye,6
1475.0,3,sage,3
1476.0,2,sova,2
1476.0,3,kayo,4
1476.0,3,sage,1
1478.0,1,omen,23
1478.0,1,sage,3
1478.0,2,omen,9
1478.0,2,sage,4
1478.0,2,breach,3
1478.0,3,sage,13
1478.0,3,omen,8
1478.0,3,breach,4
1478.0,3,viper,3
1480.0,1,cypher,15
1480.0,1,killjoy,6
1480.0,1,sage,3
1480.0,2,cypher,11
1480.0,2,killjoy,7
1480.0,2,viper,2
1480.0,3,cypher,10
1480.0,3,viper,8
1480.0,3,killjoy,5
1481.0,1,omen,14
1481.0,1,raze,7
1481.0,1,sage,5
1481.0,1,reyna,5
1481.0,1,phoenix,2
1481.0,1,jett,1
1481.0,2,omen,14
1481.0,2,sage,2
1481.0,2,reyna,2
1481.0,2,phoenix,2
1481.0,3,jett,15
1481.0,3,sova,4
1481.0,3,sage,3
1481.0,3,omen,1
1486.0,1,sova,2
1486.0,2,sova,10
1486.0,2,omen,2
1486.0,2,breach,1
1486.0,2,astra,1
1489.0,1,omen,8
1489.0,1,cypher,3
1489.0,1,breach,1
1489.0,1,killjoy,1
1489.0,2,viper,1
1489.0,2,brimstone,1
1490.0,1,breach,10
1490.0,1,omen,9
1490.0,1,brimstone,1
1490.0,2,brimstone,1
1490.0,3,astra,7
1490.0,3,viper,2
1490.0,3,omen,2
1490.0,3,phoenix,1
1490.0,3,brimstone,1
1490.0,3,breach,1
1492.0,1,sova,3
1492.0,1,omen,2
1492.0,1,cypher,1
1493.0,1,jett,27
1493.0,1,raze,7
1493.0,1,reyna,1
1493.0,2,raze,18
1493.0,2,jett,10
1493.0,3,kayo,2
1493.0,3,skye,1
1493.0,3,reyna,1
1494.0,1,raze,1
1494.0,1,breach,1
1495.0,1,jett,1
1495.0,1,cypher,1
1497.0,1,raze,1
1501.0,1,brimstone,1
1501.0,2,omen,6
1501.0,2,brimstone,1
1501.0,2,viper,1
1507.0,1,omen,30
1507.0,1,brimstone,9
1507.0,1,viper,1
1507.0,1,raze,1
1507.0,2,astra,14
1507.0,2,omen,12
1507.0,2,viper,2
1507.0,3,omen,12
1507.0,3,sage,9
1507.0,3,astra,9
1507.0,3,viper,5
1507.0,3,brimstone,5
1507.0,3,cypher,1
1508.0,1,cypher,1
1509.0,3,skye,1
1509.0,3,killjoy,1
1510.0,1,breach,8
1510.0,2,sova,6
1510.0,2,viper,2
1510.0,3,sage,1
1510.0,3,cypher,1
1510.0,3,astra,1
1513.0,1,breach,25
1513.0,1,sova,2
1513.0,1,raze,1
1513.0,2,breach,9
1513.0,2,reyna,4
1513.0,2,sage,3
1513.0,2,omen,2
1513.0,2,viper,1
1513.0,2,killjoy,1
1513.0,3,breach,11
1513.0,3,killjoy,9
1513.0,3,reyna,7
1513.0,3,sage,6
1513.0,3,skye,5
1513.0,3,raze,4
1513.0,3,sova,3
1513.0,3,viper,1
1513.0,3,omen,1
1514.0,1,breach,9
1514.0,1,phoenix,5
1514.0,1,sage,4
1514.0,1,omen,2
1514.0,1,raze,1
1514.0,2,breach,7
1514.0,2,sage,3
1514.0,2,sova,2
1514.0,2,skye,1
1514.0,3,sova,11
1514.0,3,skye,9
1514.0,3,sage,6
1515.0,1,cypher,28
1515.0,2,cypher,14
1515.0,2,killjoy,4
1515.0,2,sage,1
1515.0,2,reyna,1
1515.0,3,cypher,20
1515.0,3,killjoy,14
1515.0,3,sage,11
1515.0,3,kayo,2
1516.0,1,raze,2
1516.0,1,reyna,1
1517.0,1,omen,2
1517.0,1,brimstone,1
1518.0,1,sage,3
1519.0,1,cypher,3
1520.0,1,jett,2
1520.0,1,phoenix,1
1522.0,1,sova,6
1522.0,1,breach,3
1522.0,1,omen,1
1522.0,2,sova,19
1522.0,2,sage,5
1522.0,2,skye,1
1522.0,2,breach,1
1522.0,3,sova,11
1522.0,3,breach,6
1522.0,3,sage,3
1522.0,3,kayo,1
1522.0,3,skye,1
1524.0,1,raze,10
1524.0,1,phoenix,2
1524.0,1,reyna,1
1524.0,2,raze,11
1524.0,2,reyna,3
1524.0,2,sova,1
1524.0,2,sage,1
1524.0,2,cypher,1
1524.0,3,reyna,6
1524.0,3,raze,5
1524.0,3,sova,2
1524.0,3,phoenix,2
1524.0,3,sage,1
1524.0,3,kayo,1
1524.0,3,jett,1
1524.0,3,brimstone,1
1526.0,1,omen,1
1530.0,2,skye,3
1530.0,2,sage,2
1530.0,2,reyna,1
1530.0,3,viper,9
1530.0,3,skye,6
1530.0,3,breach,3
1530.0,3,astra,2
1530.0,3,sage,1
1533.0,1,sova,15
1533.0,1,breach,2
1533.0,2,sova,28
1533.0,2,sage,5
1533.0,2,cypher,5
1533.0,2,killjoy,2
1533.0,3,sova,28
1533.0,3,sage,6
1533.0,3,jett,4
1533.0,3,cypher,1
1537.0,1,sova,13
1537.0,1,breach,2
1537.0,2,sova,13
1537.0,2,breach,4
1537.0,2,sage,3
1537.0,2,skye,1
1537.0,2,raze,1
1537.0,2,astra,1
1537.0,3,sova,6
1537.0,3,astra,6
1537.0,3,skye,1
1543.0,1,cypher,4
1543.0,1,reyna,2
1543.0,1,raze,2
1543.0,3,astra,7
1543.0,3,sova,1
1543.0,3,reyna,1
1543.0,3,omen,1
1544.0,1,breach,2
1544.0,1,sova,2
1544.0,1,raze,1
1544.0,1,jett,1
1554.0,1,cypher,6
1555.0,1,omen,6
1557.0,1,sova,3
1557.0,1,phoenix,3
1558.0,1,jett,3
1558.0,1,raze,2
1558.0,1,phoenix,1
1564.0,1,sova,6
1564.0,1,cypher,3
1564.0,1,killjoy,1
1564.0,1,breach,1
1564.0,3,sova,1
1564.0,3,astra,1
1565.0,2,omen,24
1565.0,3,killjoy,7
1565.0,3,astra,2
1565.0,3,omen,2
1565.0,3,viper,2
1565.0,3,sage,1
1565.0,3,cypher,1
1566.0,1,cypher,12
1566.0,1,killjoy,6
1566.0,2,raze,21
1566.0,2,phoenix,7
1566.0,2,reyna,1
1566.0,3,raze,5
1566.0,3,sage,5
1566.0,3,phoenix,3
1566.0,3,kayo,1
1566.0,3,skye,1
1567.0,1,sova,6
1567.0,1,cypher,4
1567.0,1,jett,2
1567.0,1,phoenix,1
1567.0,1,raze,1
1567.0,2,phoenix,6
1567.0,2,raze,3
1567.0,2,jett,3
1567.0,2,sova,2
1567.0,2,skye,1
1567.0,3,phoenix,3
1567.0,3,jett,3
1567.0,3,reyna,1
1567.0,3,sage,1
1568.0,1,omen,3
1575.0,1,jett,25
1575.0,1,reyna,3
1575.0,1,raze,1
1575.0,1,omen,1
1575.0,1,cypher,1
1575.0,2,reyna,4
1575.0,2,raze,4
1575.0,2,killjoy,4
1575.0,2,viper,1
1575.0,2,sage,1
1575.0,2,breach,1
1575.0,3,viper,10
1575.0,3,sage,6
1575.0,3,cypher,5
1575.0,3,skye,2
1575.0,3,jett,1
1576.0,1,omen,8
1576.0,1,brimstone,3
1576.0,1,sage,1
1576.0,1,reyna,1
1576.0,1,cypher,1
1576.0,2,omen,15
1576.0,2,viper,3
1576.0,2,brimstone,2
1576.0,2,cypher,1
1576.0,3,astra,9
1576.0,3,sage,4
1576.0,3,viper,4
1577.0,1,jett,7
1577.0,1,raze,5
1577.0,1,sage,1
1577.0,1,omen,1
1577.0,2,reyna,1
1577.0,2,raze,1
1578.0,1,sova,12
1578.0,1,raze,1
1578.0,1,breach,1
1578.0,2,sova,16
1578.0,2,reyna,4
1578.0,2,raze,1
1578.0,3,skye,6
1578.0,3,breach,5
1578.0,3,reyna,4
1578.0,3,raze,2
1579.0,1,phoenix,8
1579.0,1,reyna,5
1579.0,1,omen,1
1579.0,2,jett,2
1579.0,2,reyna,1
1579.0,2,phoenix,1
1580.0,1,phoenix,2
1580.0,1,sova,2
1580.0,1,raze,1
1580.0,1,brimstone,1
1580.0,1,breach,1
1580.0,2,sova,15
1580.0,2,skye,4
1580.0,2,breach,1
1581.0,1,omen,5
1581.0,1,cypher,5
1581.0,1,killjoy,1
1581.0,2,astra,14
1581.0,2,omen,7
1581.0,2,brimstone,7
1581.0,2,killjoy,1
1581.0,3,astra,4
1581.0,3,sage,1
1582.0,1,omen,3
1582.0,1,sage,2
1582.0,1,reyna,1
1582.0,1,phoenix,1
1582.0,2,omen,20
1582.0,2,sage,1
1582.0,2,phoenix,1
1583.0,1,jett,6
1583.0,1,raze,1
1583.0,2,jett,3
1584.0,1,sova,4
1584.0,1,omen,1
1584.0,2,sova,24
1584.0,2,skye,3
1584.0,2,sage,1
1584.0,2,killjoy,1
1584.0,3,sova,3
1584.0,3,skye,2
1585.0,1,omen,6
1585.0,1,raze,5
1585.0,1,sage,4
1585.0,1,brimstone,1
1585.0,1,sova,1
1585.0,2,raze,23
1585.0,2,yoru,2
1585.0,2,jett,1
1585.0,3,jett,4
1585.0,3,raze,3
1585.0,3,sage,3
1585.0,3,phoenix,1
1585.0,3,breach,1
1586.0,1,cypher,25
1586.0,1,omen,11
1586.0,2,sova,12
1586.0,2,skye,12
1586.0,2,sage,4
1586.0,2,breach,3
1586.0,3,skye,4
1586.0,3,sova,3
1586.0,3,sage,1
1587.0,1,raze,1
1589.0,1,reyna,38
1589.0,1,phoenix,12
1589.0,1,raze,11
1589.0,1,breach,1
1589.0,2,phoenix,29
1589.0,2,sage,6
1589.0,2,reyna,3
1589.0,2,skye,2
1589.0,3,cypher,37
1589.0,3,omen,7
1589.0,3,killjoy,3
1589.0,3,sage,3
1589.0,3,viper,2
1590.0,1,raze,1
1590.0,1,sage,1
1591.0,1,brimstone,2
1591.0,2,astra,3
1591.0,2,omen,1
1591.0,3,astra,3
1591.0,3,viper,3
1592.0,1,sova,41
1592.0,1,omen,8
1592.0,1,cypher,7
1592.0,1,killjoy,4
1592.0,2,sova,44
1592.0,2,jett,3
1592.0,2,sage,3
1592.0,2,omen,1
1592.0,3,sova,64
1592.0,3,reyna,4
1592.0,3,sage,4
1592.0,3,phoenix,1
1592.0,3,breach,1
1593.0,1,omen,45
1593.0,1,brimstone,7
1593.0,1,breach,5
1593.0,1,sage,4
1593.0,1,phoenix,1
1593.0,2,omen,9
1593.0,2,brimstone,1
1594.0,1,phoenix,3
1595.0,1,cypher,8
1595.0,1,omen,1
1595.0,1,breach,1
1595.0,2,cypher,13
1595.0,2,sova,4
1595.0,2,killjoy,2
1595.0,2,sage,1
1595.0,2,omen,1
1595.0,3,viper,7
1595.0,3,cypher,4
1595.0,3,sova,3
1595.0,3,breach,2
1595.0,3,skye,1
1596.0,1,raze,4
1597.0,1,omen,2
1597.0,1,brimstone,1
1598.0,1,brimstone,2
1599.0,1,omen,1
1599.0,1,jett,1
1601.0,1,cypher,2
1604.0,1,cypher,16
1604.0,1,killjoy,11
1604.0,2,cypher,2
1604.0,2,sage,1
1605.0,1,omen,22
1605.0,1,sova,3
1605.0,1,viper,3
1605.0,1,brimstone,1
1606.0,1,phoenix,9
1606.0,1,omen,5
1606.0,1,sage,4
1606.0,1,reyna,2
1607.0,1,raze,14
1607.0,1,sova,11
1607.0,1,sage,2
1607.0,2,sova,20
1607.0,2,sage,2
1607.0,2,breach,2
1607.0,3,sova,20
1607.0,3,sage,4
1608.0,2,cypher,2
1608.0,3,killjoy,5
1609.0,2,viper,1
1609.0,2,omen,1
1609.0,3,astra,1
1613.0,1,cypher,8
1613.0,1,jett,8
1613.0,1,raze,1
1613.0,2,sage,27
1613.0,2,jett,4
1613.0,2,raze,3
1613.0,2,reyna,2
1613.0,3,sage,12
1613.0,3,viper,2
1613.0,3,sova,2
1613.0,3,raze,2
1614.0,1,sage,9
1614.0,1,omen,8
1614.0,1,viper,1
1614.0,2,sage,1
1614.0,3,cypher,2
1614.0,3,viper,1
1615.0,1,sage,5
1615.0,1,breach,3
1615.0,2,astra,6
1615.0,2,omen,6
1615.0,2,viper,2
1615.0,2,brimstone,2
1615.0,2,sova,1
1615.0,3,sova,10
1615.0,3,breach,9
1615.0,3,brimstone,3
1615.0,3,sage,2
1615.0,3,skye,1
1615.0,3,killjoy,1
1615.0,3,astra,1
1616.0,1,omen,6
1616.0,2,sage,1
1616.0,2,omen,1
1617.0,1,jett,4
1617.0,1,breach,1
1617.0,1,raze,1
1617.0,1,sova,1
1617.0,2,jett,9
1617.0,3,jett,11
1617.0,3,sage,1
1617.0,3,kayo,1
1618.0,1,breach,4
1618.0,1,sage,1
1618.0,1,raze,1
1618.0,1,jett,1
1618.0,2,skye,5
1618.0,2,breach,3
1618.0,2,raze,1
1618.0,3,skye,7
1618.0,3,kayo,3
1618.0,3,sova,2
1618.0,3,breach,1
1619.0,1,raze,1
1619.0,1,brimstone,1
1619.0,2,raze,8
1619.0,2,sage,2
1619.0,2,reyna,2
1620.0,1,raze,20
1620.0,1,jett,5
1620.0,1,sage,3
1620.0,1,reyna,1
1620.0,1,omen,1
1620.0,2,raze,20
1620.0,2,reyna,5
1620.0,2,jett,1
1620.0,3,skye,9
1620.0,3,jett,5
1620.0,3,raze,5
1621.0,1,raze,3
1621.0,1,sova,2
1621.0,1,cypher,1
1640.0,1,sova,2
1640.0,1,reyna,1
1640.0,2,sova,8
1640.0,2,reyna,1
1640.0,2,raze,1
1640.0,3,sova,14
1640.0,3,kayo,2
1640.0,3,raze,1
1642.0,3,omen,1
1642.0,3,astra,1
1650.0,2,sage,3
1650.0,2,phoenix,2
1650.0,2,jett,1
1650.0,2,astra,1
1650.0,3,jett,3
1655.0,2,cypher,3
1655.0,2,killjoy,1
1656.0,1,raze,12
1656.0,1,killjoy,2
1656.0,2,raze,5
1656.0,2,sova,2
1657.0,2,omen,1
1657.0,2,breach,1
1658.0,1,sova,18
1658.0,1,omen,3
1658.0,1,sage,2
1658.0,1,jett,1
1658.0,1,cypher,1
1658.0,2,sova,5
1658.0,2,omen,1
1659.0,1,omen,3
1659.0,2,omen,4
1670.0,1,cypher,15
1670.0,1,sova,1
1670.0,1,killjoy,1
1670.0,2,sova,14
1670.0,2,cypher,2
1670.0,2,breach,2
1670.0,2,killjoy,1
1670.0,3,viper,10
1670.0,3,killjoy,3
1670.0,3,sage,1
1671.0,1,phoenix,6
1671.0,1,breach,4
1671.0,1,sage,4
1671.0,1,raze,2
1671.0,1,skye,1
1671.0,2,skye,9
1671.0,2,raze,7
1671.0,2,sage,2
1671.0,2,phoenix,1
1671.0,3,reyna,7
1671.0,3,skye,2
1671.0,3,sage,2
1671.0,3,raze,2
1671.0,3,phoenix,1
1678.0,2,killjoy,1
1678.0,2,cypher,1
1683.0,1,raze,2
1683.0,1,phoenix,1
1684.0,1,sova,12
1684.0,1,brimstone,2
1684.0,1,breach,2
1684.0,1,phoenix,1
1684.0,2,sova,28
1684.0,2,breach,1
1684.0,3,sova,10
1684.0,3,skye,5
1686.0,1,sage,4
1687.0,1,raze,2
1687.0,1,cypher,1
1688.0,1,omen,7
1688.0,2,omen,11
1688.0,2,brimstone,1
1688.0,2,astra,1
1689.0,1,sage,3
1690.0,1,omen,5
1690.0,1,raze,2
1690.0,1,reyna,1
1690.0,2,raze,1
1690.0,2,phoenix,1
1690.0,2,omen,1
1691.0,1,sage,8
1692.0,1,cypher,3
1692.0,2,skye,1
1693.0,1,jett,6
1693.0,1,raze,2
1693.0,2,jett,4
1693.0,2,sage,1
1694.0,1,jett,2
1695.0,1,sova,2
1706.0,1,breach,9
1706.0,1,brimstone,2
1706.0,1,reyna,1
1706.0,1,raze,1
1711.0,1,cypher,13
1711.0,1,omen,2
1711.0,1,killjoy,1
1711.0,2,omen,13
1711.0,2,astra,2
1711.0,3,killjoy,13
1711.0,3,brimstone,4
1711.0,3,omen,4
1711.0,3,astra,2
1711.0,3,sova,1
1717.0,2,sova,2
1718.0,2,sova,1
1718.0,2,breach,1
1719.0,2,omen,2
1720.0,2,sova,2
1720.0,2,reyna,1
1720.0,2,raze,1
1721.0,2,jett,2
1721.0,2,sage,1
1721.0,2,cypher,1
1740.0,1,cypher,7
1740.0,1,killjoy,6
1740.0,2,killjoy,9
1740.0,2,cypher,2
1740.0,3,cypher,3
1742.0,1,omen,15
1742.0,1,jett,14
1742.0,1,sage,5
1742.0,1,cypher,1
1742.0,1,breach,1
1742.0,2,omen,20
1742.0,2,brimstone,13
1742.0,2,sage,8
1742.0,2,jett,6
1742.0,2,astra,2
1742.0,3,sage,19
1742.0,3,skye,8
1742.0,3,killjoy,7
1742.0,3,kayo,5
1742.0,3,astra,2
1742.0,3,omen,1
1742.0,3,cypher,1
1743.0,1,sova,28
1743.0,1,omen,7
1743.0,1,cypher,1
1743.0,2,sova,38
1743.0,2,brimstone,4
1743.0,2,omen,4
1743.0,2,skye,3
1743.0,3,sova,43
1743.0,3,breach,3
1743.0,3,sage,3
1743.0,3,omen,1
1743.0,3,astra,1
1743.0,3,reyna,1
1743.0,3,skye,1
1744.0,1,breach,12
1744.0,1,sage,2
1744.0,1,reyna,2
1745.0,1,reyna,25
1745.0,1,phoenix,9
1745.0,1,omen,1
1745.0,1,jett,1
1745.0,2,jett,15
1745.0,2,killjoy,13
1745.0,2,phoenix,12
1745.0,2,reyna,5
1745.0,2,cypher,2
1745.0,2,raze,2
1745.0,3,skye,6
1745.0,3,jett,3
1745.0,3,phoenix,2
1745.0,3,reyna,1
1745.0,3,killjoy,1
1746.0,1,omen,8
1746.0,1,brimstone,4
1746.0,1,raze,2
1746.0,1,jett,2
1753.0,1,cypher,2
1754.0,1,sage,2
1754.0,2,raze,2
1756.0,1,cypher,7
1756.0,1,omen,1
1757.0,1,sova,5
1757.0,1,phoenix,3
1758.0,1,sage,6
1758.0,1,viper,1
1758.0,1,omen,1
1759.0,1,brimstone,6
1759.0,1,omen,4
1759.0,1,sage,1
1759.0,1,cypher,1
1760.0,1,jett,3
1760.0,1,raze,3
1760.0,1,phoenix,2
1763.0,1,raze,16
1763.0,1,killjoy,9
1763.0,1,phoenix,2
1763.0,2,killjoy,42
1763.0,2,cypher,13
1763.0,2,raze,8
1763.0,3,killjoy,56
1763.0,3,sage,13
1763.0,3,raze,10
1763.0,3,viper,8
1764.0,1,brimstone,11
1764.0,1,cypher,7
1764.0,2,skye,2
1764.0,2,viper,1
1765.0,1,jett,21
1765.0,1,breach,3
1765.0,1,phoenix,2
1765.0,1,raze,1
1765.0,2,sage,32
1765.0,2,raze,12
1765.0,2,phoenix,8
1765.0,2,viper,5
1765.0,2,breach,4
1765.0,2,reyna,2
1765.0,2,skye,1
1765.0,3,skye,20
1765.0,3,sage,19
1765.0,3,viper,18
1765.0,3,kayo,7
1765.0,3,astra,7
1765.0,3,reyna,4
1765.0,3,brimstone,1
1765.0,3,phoenix,1
1765.0,3,killjoy,1
1765.0,3,cypher,1
1766.0,1,breach,10
1766.0,1,phoenix,9
1766.0,1,reyna,7
1766.0,1,raze,5
1766.0,1,jett,1
1766.0,2,raze,35
1766.0,2,reyna,14
1766.0,2,sage,11
1766.0,2,jett,4
1766.0,2,yoru,3
1766.0,2,phoenix,2
1766.0,2,sova,1
1766.0,3,jett,12
1766.0,3,sova,8
1766.0,3,raze,5
1766.0,3,skye,4
1766.0,3,reyna,4
1766.0,3,kayo,4
1766.0,3,sage,2
1766.0,3,yoru,1
1766.0,3,viper,1
1766.0,3,omen,1
1767.0,1,cypher,25
1767.0,1,breach,4
1767.0,1,skye,2
1767.0,2,omen,8
1768.0,1,jett,24
1768.0,1,raze,7
1768.0,1,phoenix,1
1768.0,2,jett,41
1768.0,2,sage,5
1769.0,1,sova,21
1769.0,1,sage,7
1769.0,1,breach,4
1770.0,1,omen,28
1770.0,1,brimstone,4
1770.0,2,omen,41
1770.0,2,astra,7
1770.0,2,viper,6
1770.0,2,brimstone,1
1770.0,3,viper,5
1770.0,3,astra,4
1770.0,3,breach,3
1770.0,3,omen,3
1770.0,3,reyna,2
1771.0,1,phoenix,4
1771.0,1,raze,1
1771.0,2,sova,17
1771.0,2,raze,1
1771.0,3,astra,15
1771.0,3,sova,8
1771.0,3,viper,4
1771.0,3,brimstone,3
1771.0,3,omen,2
1771.0,3,breach,1
1772.0,1,sova,2
1772.0,1,omen,1
1773.0,1,cypher,5
1774.0,1,brimstone,4
1774.0,1,omen,1
1775.0,1,sage,3
1776.0,1,jett,34
1776.0,1,raze,2
1776.0,1,phoenix,1
1776.0,2,killjoy,19
1776.0,2,viper,10
1776.0,2,skye,5
1776.0,2,sova,2
1776.0,2,raze,2
1776.0,2,cypher,2
1776.0,2,breach,2
1776.0,3,viper,16
1776.0,3,killjoy,3
1776.0,3,cypher,3
1777.0,1,sage,1
1777.0,2,killjoy,1
1777.0,3,astra,6
1777.0,3,viper,3
1777.0,3,killjoy,3
1777.0,3,cypher,2
1777.0,3,sage,1
1777.0,3,reyna,1
1778.0,1,sova,1
1778.0,1,phoenix,1
1778.0,1,jett,1
1779.0,1,brimstone,3
1780.0,1,phoenix,1
1780.0,2,reyna,4
1780.0,2,sage,4
1780.0,2,brimstone,3
1780.0,2,skye,1
1780.0,2,raze,1
1781.0,1,raze,3
1782.0,1,brimstone,1
1783.0,1,sage,3
1784.0,1,cypher,3
1784.0,3,astra,8
1784.0,3,viper,1
1785.0,1,cypher,3
1785.0,1,sova,1
1786.0,1,cypher,1
1786.0,3,astra,5
1786.0,3,viper,3
1787.0,1,raze,7
1787.0,1,phoenix,6
1787.0,1,breach,3
1787.0,2,sage,2
1787.0,2,raze,2
1787.0,2,phoenix,1
1787.0,2,omen,1
1787.0,2,brimstone,1
1788.0,1,jett,14
1788.0,1,sova,2
1788.0,2,jett,12
1788.0,3,sage,7
1788.0,3,kayo,3
1788.0,3,phoenix,3
1788.0,3,astra,1
1788.0,3,sova,1
1788.0,3,skye,1
1789.0,1,cypher,15
1789.0,1,omen,1
1789.0,2,cypher,16
1789.0,2,jett,6
1789.0,2,sova,1
1789.0,2,omen,1
1789.0,2,killjoy,1
1789.0,3,cypher,9
1789.0,3,killjoy,4
1789.0,3,viper,1
1789.0,3,jett,1
1789.0,3,brimstone,1
1790.0,1,omen,10
1790.0,1,sova,4
1790.0,1,cypher,1
1790.0,1,brimstone,1
1790.0,2,sova,5
1790.0,2,viper,2
1790.0,2,phoenix,2
1790.0,2,omen,2
1790.0,2,jett,2
1790.0,2,breach,1
1791.0,1,sova,29
1791.0,1,breach,1
1791.0,2,astra,9
1791.0,2,sage,2
1791.0,3,sova,3
1791.0,3,sage,2
1792.0,1,omen,35
1792.0,1,sage,5
1792.0,1,killjoy,3
1792.0,1,brimstone,1
1792.0,2,raze,33
1792.0,2,killjoy,3
1792.0,2,reyna,3
1792.0,2,phoenix,2
1792.0,2,skye,1
1792.0,3,skye,11
1792.0,3,killjoy,6
1792.0,3,phoenix,5
1793.0,1,breach,12
1793.0,1,brimstone,10
1794.0,1,cypher,10
1795.0,1,phoenix,5
1795.0,1,raze,5
1796.0,1,phoenix,3
1796.0,1,brimstone,1
1797.0,1,sage,3
1797.0,1,sova,1
1798.0,1,raze,4
1798.0,1,cypher,1
1799.0,1,cypher,4
1799.0,2,cypher,2
1799.0,2,killjoy,1
1799.0,3,cypher,1
1800.0,1,omen,2
1800.0,1,brimstone,2
1801.0,1,raze,4
1801.0,1,phoenix,1
1801.0,1,omen,1
1801.0,1,cypher,1
1801.0,1,breach,1
1801.0,2,raze,4
1801.0,2,omen,1
1801.0,2,sova,1
1802.0,1,brimstone,3
1802.0,1,breach,1
1802.0,1,omen,1
1803.0,1,sova,5
1804.0,1,cypher,4
1805.0,1,brimstone,1
1805.0,1,sage,1
1805.0,1,reyna,1
1806.0,1,omen,3
1807.0,1,cypher,3
1809.0,1,sage,2
1809.0,1,raze,1
1811.0,1,cypher,15
1811.0,1,raze,1
1811.0,1,jett,1
1811.0,2,raze,8
1811.0,2,phoenix,5
1811.0,2,sage,1
1811.0,2,reyna,1
1811.0,2,omen,1
1813.0,1,phoenix,9
1814.0,1,jett,15
1814.0,1,raze,2
1814.0,1,sova,1
1814.0,1,sage,1
1814.0,1,reyna,1
1814.0,3,jett,34
1814.0,3,viper,5
1814.0,3,raze,2
1814.0,3,sova,1
1815.0,1,jett,1
1815.0,1,phoenix,1
1816.0,1,cypher,4
1817.0,1,raze,1
1817.0,2,sova,4
1818.0,1,sova,9
1818.0,1,raze,7
1818.0,1,omen,7
1818.0,1,reyna,4
1818.0,1,phoenix,1
1818.0,2,raze,12
1818.0,2,reyna,12
1818.0,2,jett,7
1818.0,2,sage,2
1818.0,2,phoenix,1
1818.0,3,jett,20
1818.0,3,kayo,11
1818.0,3,reyna,8
1818.0,3,raze,6
1818.0,3,phoenix,2
1818.0,3,skye,1
1819.0,1,raze,2
1819.0,1,jett,1
1820.0,1,cypher,3
1821.0,1,sage,2
1821.0,1,phoenix,1
1822.0,1,sova,3
1822.0,1,brimstone,1
1822.0,3,sage,1
1822.0,3,phoenix,1
1823.0,1,brimstone,2
1823.0,1,sage,1
1824.0,1,reyna,3
1825.0,1,sova,3
1827.0,1,omen,5
1827.0,1,sage,2
1828.0,1,raze,11
1828.0,1,cypher,11
1828.0,1,breach,5
1828.0,1,phoenix,2
1828.0,1,killjoy,1
1828.0,2,cypher,12
1828.0,2,killjoy,7
1828.0,2,viper,3
1828.0,3,killjoy,9
1828.0,3,cypher,4
1828.0,3,viper,2
1829.0,1,breach,2
1829.0,1,cypher,2
1829.0,1,jett,2
1829.0,1,killjoy,2
1829.0,1,sage,1
1829.0,1,raze,1
1829.0,1,omen,1
1829.0,2,sage,17
1829.0,2,killjoy,2
1829.0,2,omen,1
1829.0,2,cypher,1
1829.0,2,brimstone,1
1829.0,2,breach,1
1829.0,3,sage,15
1829.0,3,cypher,7
1829.0,3,breach,6
1829.0,3,kayo,2
1829.0,3,killjoy,1
1830.0,1,jett,6
1830.0,1,reyna,3
1830.0,1,sova,1
1830.0,2,jett,16
1830.0,2,sage,1
1830.0,3,jett,3
1830.0,3,sage,2
1830.0,3,skye,1
1832.0,1,omen,5
1833.0,1,raze,6
1833.0,1,sova,5
1833.0,2,raze,4
1833.0,2,jett,2
1833.0,2,sage,1
1833.0,2,reyna,1
1833.0,3,jett,2
1833.0,3,raze,1
1834.0,1,omen,4
1834.0,1,reyna,3
1834.0,1,raze,3
1834.0,2,phoenix,2
1834.0,2,reyna,1
1835.0,1,sova,7
1835.0,1,jett,3
1835.0,1,raze,1
1835.0,1,phoenix,1
1835.0,2,jett,11
1835.0,2,reyna,4
1835.0,2,sage,3
1835.0,2,raze,2
1835.0,3,jett,11
1836.0,1,sage,4
1836.0,1,omen,2
1837.0,1,phoenix,2
1837.0,1,reyna,2
1838.0,1,breach,5
1838.0,1,sage,1
1838.0,1,omen,1
1838.0,2,omen,10
1838.0,2,viper,3
1838.0,2,reyna,1
1838.0,2,jett,1
1838.0,3,astra,13
1838.0,3,viper,8
1839.0,1,cypher,3
1839.0,1,jett,2
1839.0,1,raze,2
1839.0,1,killjoy,1
1839.0,2,raze,14
1839.0,2,jett,12
1839.0,2,cypher,2
1839.0,3,jett,15
1839.0,3,raze,14
1840.0,1,omen,7
1840.0,2,viper,1
1840.0,2,sage,1
1840.0,2,omen,1
1840.0,2,astra,1
1840.0,3,omen,2
1840.0,3,viper,1
1840.0,3,astra,1
1841.0,1,sova,12
1841.0,1,omen,1
1841.0,2,breach,7
1841.0,2,sova,4
1841.0,2,sage,1
1841.0,3,sova,6
1841.0,3,breach,5
1841.0,3,skye,4
1841.0,3,omen,2
1841.0,3,sage,1
1842.0,1,cypher,10
1842.0,1,killjoy,2
1842.0,1,sova,1
1842.0,2,cypher,3
1842.0,2,jett,2
1842.0,2,sova,1
1842.0,2,omen,1
1842.0,2,killjoy,1
1842.0,2,brimstone,1
1842.0,3,killjoy,2
1842.0,3,cypher,1
1843.0,1,raze,4
1846.0,1,cypher,5
1846.0,2,cypher,2
1846.0,2,killjoy,1
1846.0,3,sage,1
1846.0,3,killjoy,1
1846.0,3,cypher,1
1848.0,1,cypher,1
1848.0,3,astra,1
1848.0,3,jett,1
1848.0,3,raze,1
1848.0,3,killjoy,1
1850.0,1,reyna,18
1850.0,1,raze,6
1850.0,1,phoenix,3
1850.0,2,reyna,35
1850.0,2,raze,7
1850.0,2,breach,6
1850.0,2,phoenix,4
1850.0,2,killjoy,1
1850.0,3,reyna,37
1850.0,3,raze,7
1850.0,3,yoru,6
1850.0,3,astra,3
1850.0,3,skye,3
1850.0,3,killjoy,2
1850.0,3,kayo,2
1851.0,1,jett,36
1851.0,1,raze,15
1851.0,2,killjoy,13
1851.0,2,viper,7
1851.0,2,omen,6
1851.0,2,sova,5
1851.0,2,jett,2
1851.0,2,brimstone,2
1851.0,2,sage,1
1851.0,3,viper,14
1851.0,3,killjoy,9
1851.0,3,cypher,4
1851.0,3,sage,2
1852.0,1,sova,35
1852.0,1,breach,11
1852.0,1,phoenix,3
1852.0,1,skye,1
1852.0,1,raze,1
1852.0,2,sova,15
1852.0,2,raze,2
1852.0,3,sova,36
1852.0,3,skye,3
1852.0,3,viper,2
1854.0,1,cypher,12
1854.0,1,killjoy,6
1854.0,2,cypher,5
1854.0,2,skye,4
1854.0,2,yoru,3
1854.0,2,killjoy,3
1854.0,2,viper,1
1854.0,2,sage,1
1854.0,3,cypher,16
1854.0,3,killjoy,5
1854.0,3,viper,4
1856.0,1,omen,32
1856.0,1,viper,13
1856.0,1,sova,3
1856.0,1,jett,2
1856.0,1,cypher,1
1856.0,2,omen,12
1856.0,2,viper,11
1856.0,2,phoenix,3
1856.0,2,sage,2
1856.0,2,skye,1
1856.0,2,astra,1
1856.0,3,viper,29
1856.0,3,killjoy,14
1856.0,3,omen,9
1856.0,3,cypher,8
1856.0,3,brimstone,2
1857.0,1,jett,32
1857.0,1,reyna,9
1857.0,2,jett,19
1857.0,2,raze,11
1857.0,3,jett,40
1857.0,3,skye,8
1857.0,3,raze,2
1859.0,1,reyna,10
1859.0,1,raze,5
1859.0,1,sova,3
1859.0,1,phoenix,2
1859.0,2,sova,3
1859.0,3,jett,3
1859.0,3,viper,3
1859.0,3,sova,2
1859.0,3,skye,1
1860.0,1,raze,5
1860.0,1,sage,1
1860.0,1,omen,1
1860.0,1,cypher,1
1861.0,1,sova,7
1861.0,1,brimstone,5
1861.0,1,omen,3
1861.0,1,killjoy,2
1861.0,2,sova,6
1861.0,3,sova,48
1861.0,3,astra,5
1861.0,3,sage,2
1861.0,3,cypher,1
1864.0,1,sage,3
1864.0,1,sova,2
1865.0,1,cypher,1
1866.0,1,sage,1
1867.0,1,omen,6
1867.0,1,sova,6
1867.0,1,raze,3
1867.0,2,sova,8
1867.0,2,skye,5
1867.0,2,brimstone,3
1867.0,2,omen,3
1867.0,2,viper,1
1867.0,2,breach,1
1867.0,3,sova,8
1867.0,3,skye,6
1867.0,3,omen,4
1867.0,3,viper,4
1867.0,3,brimstone,3
1867.0,3,sage,3
1868.0,1,phoenix,1
1870.0,1,omen,7
1870.0,2,omen,6
1870.0,2,brimstone,3
1870.0,2,sage,1
1870.0,3,viper,3
1870.0,3,omen,1
1870.0,3,sage,1
1874.0,1,cypher,23
1874.0,1,killjoy,2
1874.0,1,viper,1
1874.0,2,breach,9
1874.0,2,astra,3
1874.0,2,killjoy,2
1874.0,2,viper,1
1874.0,2,cypher,1
1874.0,3,astra,6
1874.0,3,killjoy,6
1874.0,3,cypher,4
1875.0,2,sage,1
1875.0,2,phoenix,1
1876.0,1,skye,5
1876.0,1,breach,1
1879.0,2,sova,4
1879.0,2,sage,2
1879.0,3,sova,5
1879.0,3,skye,2
1879.0,3,sage,1
1879.0,3,jett,1
1880.0,1,omen,3
1880.0,2,skye,4
1880.0,2,viper,1
1880.0,2,omen,1
1880.0,3,skye,24
1880.0,3,omen,6
1880.0,3,astra,3
1880.0,3,viper,2
1880.0,3,breach,1
1882.0,1,breach,12
1882.0,1,jett,4
1882.0,1,sage,1
1882.0,1,reyna,1
1882.0,2,breach,13
1882.0,2,skye,3
1882.0,2,sage,1
1882.0,2,jett,1
1882.0,3,jett,3
1883.0,1,raze,1
1884.0,1,sova,8
1884.0,1,breach,1
1884.0,2,sova,3
1884.0,2,breach,1
1885.0,1,cypher,12
1885.0,1,jett,8
1885.0,1,killjoy,1
1885.0,2,jett,2
1885.0,2,raze,2
1885.0,2,sage,2
1885.0,2,sova,2
1885.0,3,jett,10
1885.0,3,sage,3
1885.0,3,skye,1
1885.0,3,reyna,1
1886.0,1,omen,1
1896.0,1,jett,1
1896.0,1,raze,1
1897.0,1,omen,15
1897.0,1,raze,1
1897.0,2,omen,23
1897.0,2,viper,10
1897.0,3,omen,12
1897.0,3,brimstone,7
1897.0,3,viper,5
1897.0,3,astra,4
1898.0,1,cypher,15
1898.0,1,jett,1
1898.0,1,raze,1
1898.0,2,cypher,1
1898.0,3,cypher,26
1898.0,3,viper,1
1898.0,3,killjoy,1
1899.0,1,sova,19
1899.0,3,sova,15
1899.0,3,skye,9
1899.0,3,astra,4
1899.0,3,kayo,1
1900.0,1,brimstone,8
1900.0,1,sage,5
1900.0,1,breach,3
1900.0,2,breach,2
1900.0,2,brimstone,1
1900.0,3,sage,20
1900.0,3,sova,3
1900.0,3,yoru,2
1903.0,1,killjoy,1
1904.0,1,cypher,23
1904.0,1,killjoy,3
1904.0,1,omen,1
1904.0,2,cypher,22
1904.0,2,killjoy,16
1904.0,2,phoenix,4
1904.0,2,viper,1
1904.0,2,sage,1
1904.0,3,cypher,3
1904.0,3,killjoy,3
1904.0,3,skye,1
1905.0,1,omen,6
1905.0,1,brimstone,1
1905.0,2,omen,5
1905.0,2,jett,4
1905.0,2,reyna,1
1906.0,1,breach,20
1906.0,1,sage,7
1906.0,1,raze,3
1906.0,1,reyna,1
1906.0,2,omen,15
1906.0,2,breach,8
1906.0,2,astra,7
1906.0,2,raze,6
1906.0,2,skye,3
1906.0,2,brimstone,3
1906.0,2,sage,1
1906.0,2,reyna,1
1906.0,3,sova,7
1906.0,3,kayo,4
1906.0,3,skye,3
1906.0,3,breach,2
1906.0,3,sage,1
1908.0,1,cypher,30
1908.0,1,omen,19
1908.0,1,killjoy,13
1908.0,1,sage,10
1908.0,1,brimstone,1
1908.0,2,jett,6
1908.0,2,omen,6
1908.0,2,viper,1
1908.0,2,skye,1
1908.0,2,raze,1
1908.0,2,brimstone,1
1908.0,3,astra,5
1908.0,3,viper,3
1908.0,3,brimstone,2
1908.0,3,omen,2
1908.0,3,breach,1
1908.0,3,skye,1
1909.0,1,omen,45
1909.0,1,breach,26
1909.0,1,brimstone,1
1909.0,1,phoenix,1
1909.0,2,breach,6
1909.0,2,omen,6
1909.0,2,sage,2
1909.0,2,brimstone,1
1909.0,3,sova,2
1910.0,1,sova,57
1910.0,1,raze,16
1910.0,2,sova,14
1910.0,2,raze,2
1910.0,3,sova,18
1910.0,3,raze,5
1910.0,3,breach,2
1910.0,3,sage,1
1910.0,3,reyna,1
1911.0,1,cypher,11
1911.0,1,jett,5
1911.0,1,breach,1
1911.0,3,sova,4
1912.0,1,jett,25
1912.0,1,cypher,20
1912.0,1,raze,14
1912.0,1,omen,5
1912.0,1,reyna,3
1912.0,1,phoenix,3
1912.0,1,breach,2
1912.0,1,killjoy,1
1912.0,2,jett,6
1912.0,2,cypher,4
1912.0,2,raze,4
1912.0,2,killjoy,2
1912.0,3,jett,4
1912.0,3,skye,3
1912.0,3,raze,2
1912.0,3,sage,1
1912.0,3,reyna,1
1912.0,3,killjoy,1
1912.0,3,cypher,1
1912.0,3,breach,1
1913.0,1,jett,2
1916.0,1,cypher,14
1916.0,1,sage,1
1917.0,1,breach,1
1918.0,1,omen,1
1919.0,1,omen,4
1919.0,1,sova,1
1919.0,1,cypher,1
1919.0,1,brimstone,1
1920.0,1,sova,24
1920.0,1,jett,3
1920.0,1,brimstone,3
1920.0,1,sage,1
1920.0,2,sova,33
1920.0,2,breach,5
1920.0,2,jett,3
1920.0,2,sage,1
1922.0,1,omen,7
1922.0,1,brimstone,1
1923.0,2,killjoy,2
1924.0,1,sova,6
1924.0,1,cypher,2
1924.0,2,jett,9
1924.0,2,yoru,1
1924.0,2,sage,1
1924.0,2,reyna,1
1924.0,2,raze,1
1924.0,3,jett,5
1924.0,3,raze,3
1925.0,1,phoenix,3
1925.0,1,omen,3
1925.0,1,killjoy,1
1925.0,1,raze,1
1925.0,2,killjoy,11
1925.0,2,cypher,1
1925.0,2,breach,1
1925.0,3,killjoy,4
1925.0,3,breach,2
1925.0,3,cypher,1
1925.0,3,brimstone,1
1926.0,1,jett,3
1926.0,1,reyna,1
1926.0,2,jett,5
1926.0,3,jett,14
1926.0,3,sova,3
1927.0,1,cypher,12
1927.0,1,raze,6
1927.0,1,jett,3
1927.0,1,sage,2
1927.0,2,raze,9
1927.0,2,sage,6
1927.0,2,sova,1
1927.0,2,phoenix,1
1927.0,2,jett,1
1927.0,3,sova,4
1927.0,3,sage,1
1927.0,3,raze,1
1927.0,3,cypher,1
1928.0,1,sova,18
1928.0,1,omen,3
1928.0,1,breach,3
1928.0,1,raze,1
1928.0,2,cypher,13
1928.0,2,killjoy,12
1928.0,2,breach,4
1928.0,2,sage,4
1928.0,2,skye,4
1928.0,2,astra,2
1928.0,2,sova,2
1928.0,3,sova,7
1928.0,3,astra,2
1928.0,3,cypher,2
1928.0,3,killjoy,2
1928.0,3,viper,1
1928.0,3,skye,1
1930.0,1,omen,21
1930.0,1,sova,2
1930.0,1,viper,1
1930.0,2,viper,5
1930.0,2,omen,3
1930.0,2,killjoy,3
1930.0,2,phoenix,2
1930.0,2,raze,2
1930.0,2,sage,2
1930.0,2,reyna,1
1930.0,2,breach,1
1930.0,3,astra,2
1932.0,3,viper,2
1933.0,3,reyna,1
1933.0,3,skye,1
1935.0,1,sova,3
1935.0,1,raze,1
1935.0,2,sova,5
1935.0,2,reyna,2
1935.0,3,sova,1
1935.0,3,breach,1
1941.0,1,raze,3
1941.0,1,jett,2
1941.0,1,breach,1
1942.0,1,sage,4
1942.0,1,killjoy,1
1942.0,1,cypher,1
1942.0,2,killjoy,4
1942.0,2,cypher,1
1944.0,1,omen,4
1944.0,1,sova,2
1944.0,2,omen,4
1944.0,2,viper,2
1944.0,2,astra,1
1944.0,3,omen,2
1945.0,1,cypher,5
1946.0,1,breach,1
1946.0,2,breach,5
1946.0,3,raze,3
1946.0,3,sova,1
1947.0,3,jett,2
1948.0,1,cypher,5
1948.0,1,killjoy,3
1948.0,2,killjoy,18
1948.0,2,cypher,7
1948.0,3,viper,8
1948.0,3,killjoy,7
1948.0,3,skye,3
1948.0,3,cypher,2
1948.0,3,breach,1
1948.0,3,kayo,1
1949.0,1,breach,4
1952.0,1,breach,18
1952.0,1,phoenix,3
1952.0,1,brimstone,2
1952.0,1,reyna,1
1952.0,2,killjoy,5
1952.0,2,sage,3
1952.0,2,sova,3
1952.0,2,reyna,1
1952.0,2,cypher,1
1952.0,3,sova,15
1952.0,3,sage,4
1952.0,3,viper,1
1952.0,3,skye,1
1953.0,1,omen,9
1953.0,1,sova,8
1953.0,1,sage,4
1953.0,1,jett,1
1953.0,2,sova,17
1953.0,2,sage,7
1953.0,2,raze,4
1953.0,2,omen,1
1953.0,3,sova,6
1953.0,3,skye,2
1953.0,3,reyna,2
1953.0,3,sage,2
1953.0,3,breach,1
1956.0,2,sage,2
1956.0,3,astra,3
1958.0,2,astra,2
1958.0,2,omen,2
1958.0,2,brimstone,1
1959.0,2,sova,7
1959.0,2,cypher,5
1959.0,2,reyna,3
1959.0,2,killjoy,1
1959.0,3,killjoy,4
1959.0,3,cypher,3
1960.0,1,sova,10
1960.0,1,omen,3
1960.0,1,phoenix,2
1960.0,1,breach,2
1960.0,1,brimstone,1
1960.0,2,sova,12
1960.0,2,omen,5
1960.0,2,jett,2
1960.0,2,sage,1
1960.0,2,reyna,1
1960.0,2,brimstone,1
1960.0,3,sova,16
1960.0,3,viper,1
1963.0,1,cypher,13
1963.0,1,breach,5
1963.0,1,sova,1
1963.0,2,cypher,4
1963.0,2,reyna,3
1963.0,2,omen,1
1963.0,2,killjoy,1
1963.0,3,killjoy,10
1963.0,3,astra,3
1963.0,3,reyna,2
1963.0,3,cypher,1
1964.0,1,viper,1
1964.0,1,cypher,1
1966.0,1,breach,1
1969.0,1,breach,1
1970.0,1,raze,9
1970.0,1,jett,6
1970.0,1,omen,3
1970.0,1,sage,1
1970.0,1,killjoy,1
1970.0,1,breach,1
1970.0,2,killjoy,12
1970.0,2,raze,8
1970.0,2,breach,2
1970.0,3,sage,8
1970.0,3,raze,6
1970.0,3,breach,3
1970.0,3,astra,3
1970.0,3,killjoy,1
1970.0,3,omen,1
1971.0,1,killjoy,15
1971.0,1,cypher,14
1971.0,2,breach,3
1971.0,2,cypher,3
1971.0,2,killjoy,1
1971.0,2,skye,1
1971.0,3,killjoy,4
1971.0,3,viper,2
1972.0,1,breach,23
1972.0,1,phoenix,2
1972.0,1,sage,1
1972.0,1,reyna,1
1972.0,1,raze,1
1972.0,1,omen,1
1972.0,2,breach,4
1972.0,2,raze,3
1972.0,2,omen,1
1972.0,3,skye,3
1972.0,3,breach,2
1972.0,3,viper,1
1973.0,1,omen,20
1973.0,1,brimstone,8
1973.0,1,sage,1
1973.0,2,omen,4
1973.0,2,brimstone,3
1973.0,2,phoenix,1
1973.0,3,astra,4
1973.0,3,sage,2
1974.0,1,raze,2
1974.0,1,phoenix,2
1975.0,1,omen,4
1976.0,1,breach,2
1977.0,1,cypher,2
1977.0,1,killjoy,2
1978.0,1,sova,3
1978.0,1,raze,1
1979.0,1,omen,8
1982.0,1,sage,4
1982.0,1,phoenix,2
1982.0,1,sova,1
1982.0,1,jett,1
1983.0,1,sova,8
1983.0,2,sova,9
1983.0,2,viper,3
1983.0,2,sage,1
1985.0,1,jett,4
1985.0,1,reyna,3
1985.0,1,raze,1
1985.0,2,brimstone,8
1985.0,2,omen,6
1985.0,2,astra,4
1985.0,2,killjoy,2
1985.0,3,jett,5
1985.0,3,raze,1
1986.0,1,omen,8
1986.0,2,omen,9
1986.0,2,brimstone,2
1986.0,2,sova,2
1988.0,3,omen,2
1993.0,1,omen,3
1993.0,1,jett,2
1993.0,1,reyna,1
1993.0,1,breach,1
1994.0,1,sova,15
1994.0,1,killjoy,6
1994.0,2,sova,21
1994.0,2,reyna,2
1994.0,2,skye,1
1994.0,3,sova,6
1995.0,1,raze,2
1996.0,1,omen,1
1998.0,1,breach,8
1998.0,1,omen,6
1998.0,1,sage,4
1999.0,1,jett,1
1999.0,1,sova,1
2000.0,1,sage,1
2000.0,1,cypher,1
2004.0,1,reyna,2
2004.0,1,omen,1
2005.0,1,breach,3
2005.0,1,cypher,3
2005.0,2,reyna,10
2005.0,2,phoenix,5
2005.0,2,cypher,3
2005.0,2,jett,2
2005.0,2,omen,1
2006.0,1,cypher,5
2006.0,1,sage,3
2006.0,1,omen,1
2006.0,2,jett,15
2006.0,2,raze,3
2006.0,2,sage,2
2006.0,3,jett,2
2006.0,3,raze,1
2007.0,1,omen,3
2007.0,2,jett,2
2008.0,1,cypher,3
2008.0,2,raze,3
2008.0,2,reyna,1
2010.0,1,sage,2
2021.0,1,raze,3
2021.0,2,phoenix,4
2021.0,2,sage,2
2021.0,2,raze,1
2021.0,3,kayo,7
2021.0,3,sage,3
2021.0,3,phoenix,3
2021.0,3,skye,2
2021.0,3,raze,2
2024.0,1,cypher,2
2024.0,1,killjoy,1
2024.0,2,killjoy,8
2026.0,1,raze,12
2026.0,1,brimstone,9
2026.0,1,omen,5
2026.0,2,raze,9
2026.0,2,sova,2
2027.0,1,cypher,3
2029.0,1,cypher,10
2029.0,1,omen,7
2029.0,1,breach,5
2029.0,1,sage,3
2029.0,1,skye,1
2029.0,2,sova,13
2029.0,2,omen,3
2029.0,2,cypher,2
2029.0,2,skye,1
2029.0,2,sage,1
2029.0,2,killjoy,1
2029.0,2,breach,1
2029.0,3,sova,3
2030.0,1,reyna,2
2030.0,1,cypher,1
2030.0,2,sova,2
2031.0,1,jett,4
2032.0,1,sage,3
2033.0,1,omen,3
2034.0,1,cypher,2
2034.0,1,breach,1
2035.0,1,sova,2
2035.0,1,raze,2
2035.0,1,phoenix,1
2035.0,2,sova,14
2035.0,2,raze,7
2035.0,2,omen,2
2035.0,2,reyna,2
2035.0,2,sage,1
2035.0,2,phoenix,1
2035.0,3,sova,4
2035.0,3,skye,1
2038.0,1,omen,8
2038.0,1,cypher,7
2038.0,1,breach,5
2038.0,1,killjoy,3
2040.0,1,breach,8
2040.0,1,reyna,1
2040.0,2,reyna,9
2040.0,2,phoenix,1
2040.0,3,skye,1
2041.0,1,breach,4
2041.0,1,jett,2
2041.0,1,phoenix,1
2041.0,1,reyna,1
2041.0,2,raze,3
2041.0,2,jett,2
2041.0,2,phoenix,2
2041.0,2,reyna,2
2042.0,1,raze,10
2042.0,2,raze,9
2042.0,3,raze,5
2043.0,1,omen,6
2043.0,1,breach,2
2043.0,1,cypher,2
2043.0,2,sova,2
2043.0,2,killjoy,2
2043.0,2,omen,1
2043.0,2,cypher,1
2043.0,2,brimstone,1
2043.0,3,sova,2
2043.0,3,viper,1
2043.0,3,kayo,1
2044.0,1,sova,8
2044.0,1,cypher,2
2046.0,1,phoenix,7
2046.0,1,jett,3
2046.0,2,jett,4
2046.0,2,sage,3
2046.0,2,raze,2
2046.0,2,reyna,1
2046.0,2,phoenix,1
2046.0,3,jett,4
2046.0,3,sage,3
2047.0,1,sova,5
2047.0,2,skye,1
2047.0,2,raze,1
2048.0,1,omen,3
2049.0,1,omen,1
2049.0,1,cypher,1
2049.0,2,raze,1
2049.0,2,breach,1
2050.0,1,reyna,2
2050.0,1,breach,1
2050.0,1,phoenix,1
2050.0,2,sova,6
2050.0,2,sage,2
2052.0,1,sova,3
2052.0,1,raze,2
2052.0,1,cypher,1
2052.0,1,sage,1
2052.0,2,sova,17
2052.0,2,sage,3
2054.0,1,omen,5
2054.0,1,reyna,4
2054.0,1,raze,2
2054.0,1,cypher,2
2054.0,1,phoenix,2
2054.0,2,sage,1
2054.0,3,killjoy,8
2054.0,3,cypher,5
2054.0,3,sage,5
2054.0,3,viper,5
2054.0,3,phoenix,2
2055.0,1,cypher,5
2055.0,1,jett,1
2055.0,1,raze,1
2055.0,2,reyna,1
2055.0,3,jett,8
2055.0,3,reyna,7
2055.0,3,skye,4
2055.0,3,sova,3
2055.0,3,raze,2
2055.0,3,killjoy,2
2055.0,3,phoenix,1
2055.0,3,chamber,1
2055.0,3,astra,1
2057.0,1,sova,7
2057.0,1,sage,1
2057.0,1,breach,1
2057.0,2,sova,3
2057.0,3,sova,10
2059.0,1,sage,4
2062.0,3,killjoy,5
2062.0,3,cypher,1
2064.0,1,sage,1
2065.0,1,phoenix,1
2066.0,1,cypher,1
2067.0,1,raze,1
2068.0,1,omen,1
2069.0,1,brimstone,1
2070.0,1,omen,1
2071.0,1,phoenix,1
2072.0,1,sage,1
2072.0,3,sage,1
2072.0,3,killjoy,1
2073.0,1,cypher,1
2074.0,1,sova,1
2080.0,1,omen,1
2081.0,1,sova,1
2082.0,1,phoenix,1
2083.0,1,sage,1
2084.0,1,cypher,1
2085.0,1,killjoy,2
2085.0,1,omen,1
2085.0,2,omen,7
2085.0,2,astra,7
2085.0,2,killjoy,3
2085.0,3,sage,1
2085.0,3,reyna,1
2086.0,1,breach,2
2087.0,1,omen,2
2087.0,1,sage,1
2088.0,1,jett,2
2088.0,2,jett,3
2089.0,1,sage,2
2089.0,1,raze,1
2090.0,1,jett,1
2091.0,1,jett,2
2091.0,1,cypher,1
2092.0,1,omen,1
2093.0,1,sova,2
2093.0,1,sage,1
2094.0,1,breach,27
2094.0,1,sage,10
2094.0,1,skye,1
2094.0,2,breach,26
2094.0,2,skye,7
2094.0,2,sage,1
2094.0,3,skye,17
2094.0,3,sova,9
2094.0,3,viper,5
2094.0,3,breach,3
2094.0,3,cypher,2
2096.0,1,raze,3
2096.0,3,raze,1
2096.0,3,jett,1
2098.0,1,breach,2
2098.0,2,omen,2
2098.0,2,viper,1
2098.0,3,breach,6
2098.0,3,sova,3
2098.0,3,viper,2
2098.0,3,brimstone,1
2099.0,1,cypher,3
2099.0,1,killjoy,1
2099.0,2,cypher,2
2099.0,3,killjoy,1
2099.0,3,cypher,1
2100.0,1,jett,8
2100.0,2,sage,15
2100.0,2,jett,9
2100.0,2,raze,5
2100.0,2,viper,2
2100.0,3,raze,5
2100.0,3,kayo,4
2100.0,3,jett,4
2100.0,3,sage,1
2101.0,2,phoenix,1
2101.0,2,killjoy,1
2103.0,1,sage,6
2103.0,1,reyna,3
2103.0,1,breach,2
2103.0,2,sage,4
2104.0,1,phoenix,5
2104.0,1,breach,3
2104.0,1,jett,1
2104.0,2,sage,7
2104.0,2,cypher,6
2104.0,2,killjoy,2
2105.0,1,omen,4
2105.0,2,sova,8
2105.0,2,cypher,2
2105.0,3,skye,2
2105.0,3,sova,2
2106.0,1,sova,6
2107.0,1,jett,13
2107.0,1,sage,11
2107.0,2,jett,18
2107.0,2,sage,2
2107.0,3,sova,27
2107.0,3,skye,5
2107.0,3,reyna,5
2107.0,3,jett,1
2107.0,3,breach,1
2109.0,2,sova,2
2110.0,1,omen,17
2110.0,1,reyna,1
2110.0,2,brimstone,12
2110.0,2,omen,4
2110.0,2,astra,3
2110.0,3,brimstone,2
2111.0,1,jett,8
2111.0,2,jett,12
2111.0,2,raze,2
2111.0,3,jett,20
2111.0,3,skye,3
2111.0,3,sage,3
2112.0,1,breach,5
2112.0,1,killjoy,2
2112.0,2,killjoy,14
2112.0,3,killjoy,15
2112.0,3,viper,4
2112.0,3,cypher,4
2112.0,3,sage,3
2114.0,1,raze,3
2114.0,1,sova,2
2114.0,1,reyna,1
2114.0,1,phoenix,1
2114.0,2,raze,5
2114.0,2,sage,3
2114.0,2,viper,2
2114.0,2,skye,2
2114.0,2,reyna,1
2114.0,2,phoenix,1
2114.0,3,raze,9
2114.0,3,skye,9
2114.0,3,reyna,4
2114.0,3,jett,3
2114.0,3,phoenix,1
2115.0,1,omen,9
2115.0,2,omen,7
2115.0,2,astra,5
2115.0,2,sova,2
2115.0,3,astra,18
2115.0,3,sova,3
2115.0,3,viper,2
2115.0,3,sage,1
2115.0,3,omen,1
2115.0,3,brimstone,1
2116.0,1,jett,19
2116.0,1,phoenix,13
2116.0,1,sova,7
2116.0,1,raze,7
2116.0,1,omen,5
2116.0,1,reyna,4
2116.0,1,killjoy,2
2116.0,2,jett,21
2116.0,2,phoenix,18
2116.0,2,raze,15
2116.0,2,reyna,8
2116.0,3,jett,26
2116.0,3,astra,9
2116.0,3,raze,8
2116.0,3,skye,3
2116.0,3,reyna,2
2116.0,3,sova,2
2116.0,3,cypher,1
2117.0,1,raze,4
2117.0,1,omen,2
2117.0,1,reyna,2
2117.0,1,sage,1
2117.0,1,phoenix,1
2117.0,2,raze,8
2117.0,2,phoenix,6
2117.0,2,reyna,2
2117.0,2,sage,1
2117.0,3,raze,4
2117.0,3,skye,3
2117.0,3,jett,1
2118.0,1,sova,4
2118.0,1,raze,2
2118.0,1,reyna,2
2118.0,1,sage,1
2118.0,2,astra,12
2118.0,2,omen,6
2118.0,3,omen,16
2118.0,3,viper,7
2118.0,3,astra,2
2118.0,3,sage,1
2119.0,1,omen,2
2119.0,2,killjoy,4
2119.0,2,viper,1
2119.0,3,sova,20
2119.0,3,kayo,9
2119.0,3,sage,6
2119.0,3,skye,6
2119.0,3,reyna,3
2119.0,3,chamber,3
2119.0,3,jett,2
2119.0,3,breach,1
2119.0,3,viper,1
2119.0,3,raze,1
2119.0,3,cypher,1
2120.0,1,killjoy,9
2120.0,1,viper,5
2120.0,1,cypher,5
2120.0,2,astra,6
2120.0,2,viper,6
2120.0,2,killjoy,2
2120.0,2,skye,1
2120.0,3,astra,10
2120.0,3,viper,3
2120.0,3,omen,1
2120.0,3,jett,1
2121.0,1,jett,4
2121.0,2,jett,10
2121.0,2,raze,2
2121.0,2,skye,2
2121.0,3,jett,15
2121.0,3,raze,5
2121.0,3,sage,4
2121.0,3,kayo,2
2122.0,1,omen,3
2123.0,1,cypher,10
2123.0,1,killjoy,6
2123.0,2,cypher,4
2123.0,2,sage,3
2123.0,2,killjoy,2
2124.0,3,astra,2
2124.0,3,sage,1
2125.0,1,breach,3
2125.0,1,reyna,1
2125.0,1,phoenix,1
2125.0,1,jett,1
2125.0,2,phoenix,35
2125.0,2,sage,17
2125.0,2,reyna,2
2125.0,2,raze,2
2125.0,3,killjoy,19
2125.0,3,cypher,19
2125.0,3,reyna,9
2125.0,3,kayo,8
2125.0,3,phoenix,7
2125.0,3,viper,3
2125.0,3,skye,3
2125.0,3,raze,2
2126.0,1,reyna,20
2126.0,1,sova,12
2126.0,1,raze,8
2126.0,1,phoenix,4
2126.0,1,cypher,2
2126.0,1,breach,1
2126.0,2,raze,16
2126.0,2,phoenix,13
2126.0,2,reyna,11
2126.0,2,sage,5
2126.0,3,skye,18
2126.0,3,raze,4
2126.0,3,kayo,2
2126.0,3,reyna,1
2127.0,3,astra,12
2127.0,3,omen,6
2127.0,3,sage,2
2128.0,2,astra,2
2128.0,3,sova,3
2128.0,3,breach,2
2129.0,2,brimstone,1
2132.0,1,jett,2
2132.0,1,omen,1
2132.0,2,omen,4
2132.0,2,sova,3
2132.0,2,brimstone,2
2133.0,1,jett,1
2133.0,2,jett,1
2134.0,1,sova,11
2134.0,1,sage,1
2134.0,1,jett,1
2134.0,2,sova,7
2134.0,2,sage,2
2134.0,3,sova,2
2134.0,3,killjoy,1
2135.0,1,omen,10
2135.0,1,brimstone,3
2135.0,2,omen,9
2136.0,1,breach,2
2136.0,1,reyna,1
2136.0,1,phoenix,1
2137.0,1,killjoy,5
2137.0,1,phoenix,2
2137.0,1,reyna,1
2137.0,1,jett,1
2137.0,1,cypher,1
2139.0,1,cypher,31
2139.0,1,omen,9
2139.0,1,killjoy,1
2139.0,2,raze,21
2139.0,2,phoenix,17
2139.0,2,sova,10
2139.0,2,cypher,4
2139.0,2,sage,3
2139.0,2,reyna,2
2139.0,3,phoenix,12
2139.0,3,raze,12
2139.0,3,skye,9
2139.0,3,reyna,2
2140.0,1,sova,22
2140.0,1,jett,9
2140.0,1,omen,7
2140.0,1,breach,2
2140.0,1,phoenix,1
2140.0,2,sova,33
2140.0,2,skye,3
2140.0,2,sage,2
2140.0,2,raze,1
2140.0,3,sova,22
2140.0,3,viper,4
2140.0,3,skye,2
2141.0,1,raze,3
2141.0,1,sova,2
2141.0,1,sage,1
2141.0,1,jett,1
2141.0,2,sova,1
2141.0,2,sage,1
2142.0,1,cypher,16
2142.0,2,cypher,5
2142.0,2,killjoy,4
2142.0,2,omen,1
2142.0,2,sage,1
2142.0,3,skye,5
2142.0,3,cypher,2
2142.0,3,killjoy,2
2142.0,3,raze,1
2145.0,1,brimstone,2
2145.0,1,omen,2
2147.0,1,cypher,17
2147.0,1,killjoy,3
2147.0,2,killjoy,16
2147.0,2,cypher,12
2147.0,3,killjoy,1
2148.0,2,sova,7
2148.0,2,breach,3
2149.0,2,cypher,5
2149.0,2,raze,5
2149.0,2,killjoy,3
2149.0,2,omen,2
2149.0,2,sage,1
2149.0,2,reyna,1
2149.0,3,jett,1
2160.0,1,reyna,25
2160.0,2,reyna,19
2160.0,2,phoenix,2
2160.0,3,reyna,57
2160.0,3,skye,26
2160.0,3,kayo,6
2160.0,3,jett,1
2161.0,1,jett,11
2161.0,1,sage,1
2161.0,2,sova,9
2161.0,2,sage,8
2161.0,2,raze,2
2161.0,3,sova,29
2161.0,3,skye,4
2161.0,3,sage,4
2162.0,1,omen,23
2162.0,1,brimstone,1
2162.0,1,sage,1
2162.0,2,astra,15
2162.0,2,omen,12
2162.0,2,viper,2
2162.0,2,brimstone,1
2162.0,2,sage,1
2162.0,3,astra,10
2162.0,3,viper,9
2162.0,3,sage,6
2162.0,3,skye,1
2162.0,3,omen,1
2163.0,1,jett,8
2163.0,1,sova,8
2163.0,1,raze,7
2163.0,1,reyna,4
2163.0,1,viper,1
2163.0,2,jett,17
2163.0,2,sova,1
2163.0,2,raze,1
2163.0,3,jett,20
2163.0,3,sova,13
2163.0,3,reyna,1
2163.0,3,raze,1
2164.0,1,omen,43
2164.0,1,raze,7
2164.0,1,brimstone,5
2164.0,1,phoenix,3
2164.0,1,viper,2
2164.0,2,cypher,11
2164.0,2,omen,10
2164.0,2,viper,2
2164.0,2,sova,2
2164.0,2,phoenix,2
2164.0,2,raze,1
2164.0,3,sova,32
2164.0,3,omen,9
2164.0,3,kayo,6
2164.0,3,phoenix,4
2164.0,3,reyna,4
2164.0,3,raze,3
2164.0,3,breach,2
2164.0,3,skye,2
2164.0,3,viper,2
2164.0,3,astra,2
2164.0,3,sage,1
2164.0,3,killjoy,1
2165.0,1,sage,3
2165.0,1,sova,2
2165.0,1,killjoy,1
2165.0,2,killjoy,1
2165.0,3,viper,1
2165.0,3,cypher,1
2167.0,1,cypher,11
2167.0,2,cypher,7
2167.0,3,cypher,3
2168.0,1,raze,16
2168.0,1,skye,5
2168.0,1,reyna,4
2168.0,1,sova,1
2168.0,1,jett,1
2168.0,2,raze,15
2168.0,2,reyna,2
2168.0,2,sova,1
2168.0,2,jett,1
2168.0,3,raze,6
2168.0,3,reyna,2
2168.0,3,yoru,1
2168.0,3,jett,1
2169.0,1,cypher,2
2170.0,1,jett,21
2170.0,1,cypher,11
2170.0,1,raze,6
2170.0,1,killjoy,1
2170.0,1,breach,1
2170.0,1,sage,1
2170.0,2,jett,37
2170.0,2,cypher,1
2170.0,2,reyna,1
2170.0,3,jett,25
2170.0,3,raze,1
2170.0,3,phoenix,1
2170.0,3,breach,1
2171.0,1,sova,8
2171.0,1,viper,5
2171.0,2,sova,2
2171.0,2,astra,1
2171.0,2,omen,1
2171.0,3,sova,5
2171.0,3,viper,1
2172.0,1,jett,12
2172.0,1,sova,11
2172.0,1,phoenix,1
2172.0,2,sova,14
2172.0,2,skye,2
2172.0,2,breach,1
2172.0,3,sova,52
2172.0,3,skye,8
2172.0,3,breach,3
2172.0,3,viper,1
2172.0,3,reyna,1
2173.0,1,raze,8
2173.0,1,phoenix,1
2173.0,2,killjoy,13
2173.0,2,skye,9
2173.0,2,cypher,8
2173.0,2,jett,1
2173.0,3,killjoy,28
2173.0,3,cypher,10
2173.0,3,viper,3
2173.0,3,breach,2
2173.0,3,skye,2
2173.0,3,sage,1
2173.0,3,astra,1
2174.0,1,omen,9
2174.0,2,omen,1
2175.0,1,sova,5
2175.0,2,sova,1
2175.0,2,sage,1
2175.0,2,phoenix,1
2176.0,1,cypher,2
2176.0,2,sage,3
2177.0,1,cypher,1
2178.0,1,jett,1
2179.0,1,phoenix,1
2179.0,2,omen,3
2180.0,1,sova,1
2180.0,2,sova,2
2180.0,2,breach,1
2181.0,1,omen,1
2182.0,1,cypher,6
2182.0,1,omen,1
2182.0,2,cypher,2
2182.0,2,killjoy,1
2182.0,3,omen,4
2182.0,3,astra,4
2182.0,3,viper,1
2183.0,1,jett,8
2183.0,1,sova,1
2183.0,3,sova,1
2184.0,1,breach,4
2185.0,1,omen,3
2185.0,1,sova,2
2185.0,1,raze,1
2185.0,1,breach,1
2185.0,3,breach,2
2186.0,1,sova,12
2186.0,1,omen,3
2186.0,2,brimstone,5
2186.0,2,omen,5
2187.0,2,omen,12
2187.0,2,sage,4
2187.0,2,astra,3
2187.0,2,breach,3
2187.0,2,viper,3
2187.0,2,skye,3
2187.0,3,viper,7
2187.0,3,astra,4
2187.0,3,omen,3
2187.0,3,brimstone,2
2187.0,3,skye,1
2187.0,3,sage,1
2189.0,1,killjoy,2
2189.0,1,cypher,1
2189.0,2,jett,4
2189.0,2,breach,2
2189.0,2,raze,2
2189.0,2,sova,1
2189.0,2,phoenix,1
2190.0,1,omen,1
2190.0,2,phoenix,7
2190.0,2,raze,7
2190.0,2,reyna,1
2190.0,2,jett,1
2190.0,3,astra,7
2190.0,3,skye,5
2190.0,3,sage,4
2190.0,3,reyna,3
2190.0,3,raze,1
2191.0,1,raze,20
2191.0,1,jett,7
2192.0,1,viper,11
2192.0,1,sova,8
2192.0,1,brimstone,4
2192.0,1,omen,4
2192.0,2,brimstone,2
2192.0,3,brimstone,6
2192.0,3,astra,2
2192.0,3,omen,2
2192.0,3,sage,2
2192.0,3,sova,1
2194.0,1,raze,3
2195.0,1,cypher,14
2195.0,1,omen,13
2195.0,2,reyna,2
2195.0,2,sage,1
2195.0,3,cypher,4
2195.0,3,breach,2
2195.0,3,reyna,1
2196.0,1,breach,1
2197.0,1,killjoy,2
2197.0,1,breach,2
2197.0,1,sage,1
2197.0,1,cypher,1
2197.0,1,brimstone,1
2198.0,1,jett,16
2198.0,1,phoenix,3
2198.0,1,reyna,1
2198.0,2,jett,4
2198.0,2,reyna,4
2199.0,1,omen,1
2199.0,2,omen,8
2199.0,2,sage,4
2199.0,2,brimstone,3
2199.0,2,astra,2
2199.0,3,astra,7
2199.0,3,cypher,3
2199.0,3,sage,2
2199.0,3,omen,1
2200.0,1,sova,2
2200.0,1,cypher,1
2200.0,2,killjoy,11
2200.0,2,viper,3
2200.0,2,cypher,2
2200.0,3,killjoy,8
2200.0,3,viper,5
2200.0,3,sage,1
2201.0,1,phoenix,1
2201.0,3,skye,3
2201.0,3,reyna,2
2201.0,3,raze,1
2202.0,1,raze,1
2202.0,2,viper,7
2202.0,2,killjoy,5
2202.0,2,cypher,4
2202.0,2,sage,1
2202.0,3,viper,8
2202.0,3,killjoy,4
2202.0,3,cypher,1
2203.0,1,skye,1
2203.0,1,sage,1
2203.0,1,omen,1
2203.0,2,sova,6
2203.0,2,skye,5
2203.0,2,breach,5
2203.0,3,sova,6
2203.0,3,breach,5
2203.0,3,skye,2
2203.0,3,brimstone,1
2205.0,1,sova,5
2205.0,2,sova,2
2205.0,2,omen,1
2205.0,2,killjoy,1
2206.0,1,killjoy,3
2206.0,1,sage,1
2206.0,1,brimstone,1
2208.0,1,jett,5
2212.0,1,cypher,1
2213.0,1,sage,1
2214.0,1,raze,1
2215.0,1,sova,1
2229.0,1,reyna,1
2229.0,2,jett,5
2229.0,2,phoenix,1
2229.0,3,sage,1
2229.0,3,skye,1
2230.0,1,sova,1
2233.0,1,sage,1
2236.0,1,cypher,1
2237.0,1,omen,1
2245.0,1,jett,1
2249.0,1,raze,2
2249.0,1,cypher,2
2249.0,1,omen,1
2252.0,2,raze,2
2252.0,2,jett,1
2252.0,3,jett,4
2252.0,3,raze,2
2252.0,3,reyna,1
2255.0,2,jett,4
2255.0,2,raze,1
2256.0,1,sova,10
2256.0,1,jett,6
2256.0,1,sage,4
2256.0,1,phoenix,3
2256.0,1,reyna,1
2256.0,1,cypher,1
2256.0,2,sage,22
2256.0,2,sova,15
2256.0,2,reyna,2
2256.0,2,jett,1
2256.0,3,cypher,7
2256.0,3,killjoy,5
2256.0,3,sova,4
2256.0,3,sage,2
2256.0,3,breach,1
2257.0,1,killjoy,5
2257.0,1,raze,4
2257.0,2,sova,2
2257.0,2,sage,1
2258.0,1,breach,5
2258.0,1,omen,3
2258.0,1,killjoy,1
2258.0,2,breach,3
2259.0,1,sova,2
2259.0,1,reyna,1
2260.0,1,omen,6
2260.0,1,killjoy,3
2260.0,2,brimstone,2
2260.0,2,omen,1
2261.0,1,sage,1
2268.0,2,sage,1
2268.0,2,omen,1
2268.0,2,viper,1
2268.0,3,sova,3
2268.0,3,raze,2
2269.0,1,viper,3
2269.0,1,raze,3
2269.0,1,cypher,1
2269.0,1,jett,1
2269.0,1,sage,1
2269.0,2,raze,8
2269.0,2,jett,1
2269.0,3,sage,1
2270.0,1,sage,3
2270.0,1,raze,3
2270.0,1,jett,3
2270.0,2,raze,3
2271.0,1,jett,3
2271.0,1,killjoy,2
2271.0,1,reyna,1
2276.0,1,omen,3
2277.0,3,omen,3
2278.0,1,omen,4
2278.0,2,omen,7
2278.0,3,omen,2
2278.0,3,reyna,1
2283.0,2,sage,2
2284.0,1,cypher,24
2284.0,1,killjoy,10
2284.0,2,killjoy,17
2284.0,2,skye,12
2284.0,2,cypher,9
2284.0,2,sova,3
2284.0,3,killjoy,8
2284.0,3,cypher,5
2285.0,1,sova,18
2285.0,1,phoenix,1
2285.0,1,breach,1
2285.0,2,sova,7
2285.0,2,skye,4
2285.0,2,raze,3
2285.0,2,breach,1
2285.0,3,skye,11
2285.0,3,sova,7
2285.0,3,raze,3
2285.0,3,reyna,1
2286.0,1,jett,9
2286.0,2,viper,1
2286.0,2,raze,1
2286.0,2,omen,1
2286.0,3,skye,5
2286.0,3,reyna,3
2286.0,3,cypher,2
2286.0,3,kayo,2
2286.0,3,viper,1
2286.0,3,killjoy,1
2287.0,1,sova,14
2287.0,1,sage,1
2287.0,1,phoenix,1
2287.0,1,breach,1
2287.0,2,sova,6
2287.0,2,reyna,1
2288.0,1,omen,1
2289.0,1,sova,1
2290.0,1,cypher,7
2290.0,1,killjoy,2
2290.0,2,breach,2
2290.0,2,killjoy,1
2291.0,1,killjoy,21
2291.0,1,cypher,3
2291.0,1,omen,2
2291.0,2,killjoy,10
2291.0,2,skye,2
2291.0,2,cypher,1
2291.0,3,killjoy,7
2291.0,3,brimstone,4
2291.0,3,astra,1
2291.0,3,skye,1
2291.0,3,kayo,1
2292.0,1,breach,3
2292.0,1,raze,2
2292.0,1,sova,1
2292.0,1,sage,1
2292.0,3,sova,2
2292.0,3,skye,1
2292.0,3,raze,1
2292.0,3,jett,1
2293.0,1,sova,5
2293.0,1,viper,1
2293.0,1,killjoy,1
2294.0,1,jett,5
2294.0,1,breach,2
2294.0,3,jett,2
2300.0,1,sova,7
2300.0,1,killjoy,1
2301.0,1,reyna,3
2301.0,1,omen,2
2303.0,1,sova,3
2304.0,1,raze,5
2307.0,1,reyna,1
2307.0,1,brimstone,1
2311.0,1,sova,17
2311.0,1,jett,9
2311.0,2,sova,21
2311.0,2,sage,11
2311.0,2,reyna,5
2311.0,2,skye,3
2311.0,2,viper,1
2311.0,3,sova,5
2311.0,3,sage,2
2311.0,3,skye,1
2311.0,3,breach,1
2312.0,1,raze,1
2312.0,2,raze,7
2312.0,2,reyna,3
2312.0,2,sage,1
2312.0,2,breach,1
2313.0,1,cypher,14
2313.0,1,reyna,7
2313.0,1,jett,1
2313.0,2,killjoy,12
2313.0,2,cypher,11
2313.0,2,reyna,9
2313.0,2,breach,3
2313.0,2,jett,2
2313.0,2,sage,2
2313.0,2,viper,1
2313.0,3,jett,18
2314.0,2,sova,10
2314.0,2,viper,4
2314.0,2,sage,1
2315.0,1,omen,1
2315.0,2,omen,2
2315.0,2,sova,1
2316.0,1,raze,9
2316.0,1,killjoy,7
2316.0,1,jett,6
2316.0,2,killjoy,19
2316.0,2,cypher,2
2316.0,2,sage,2
2316.0,3,killjoy,17
2316.0,3,viper,3
2316.0,3,cypher,3
2316.0,3,sage,1
2320.0,1,sova,3
2321.0,2,killjoy,3
2321.0,2,cypher,3
2321.0,2,viper,1
2321.0,2,phoenix,1
2321.0,3,viper,2
2321.0,3,killjoy,1
2323.0,1,cypher,3
2331.0,1,jett,19
2331.0,1,sova,4
2331.0,1,sage,1
2331.0,2,cypher,4
2331.0,3,sova,14
2332.0,1,breach,8
2332.0,1,reyna,3
2332.0,1,omen,3
2332.0,2,breach,8
2332.0,2,skye,7
2332.0,2,reyna,1
2332.0,3,omen,1
2333.0,1,omen,10
2333.0,1,phoenix,9
2333.0,1,breach,3
2333.0,1,killjoy,2
2333.0,1,cypher,1
2333.0,2,phoenix,12
2333.0,2,breach,8
2333.0,2,astra,5
2333.0,2,reyna,5
2333.0,2,cypher,3
2333.0,2,viper,2
2333.0,2,omen,2
2333.0,2,skye,1
2333.0,3,astra,21
2333.0,3,viper,15
2333.0,3,omen,10
2333.0,3,brimstone,1
2334.0,1,sova,14
2334.0,1,cypher,8
2334.0,1,sage,2
2334.0,1,breach,1
2334.0,2,sova,35
2334.0,2,sage,3
2334.0,3,sova,45
2334.0,3,skye,2
2334.0,3,sage,2
2335.0,1,cypher,9
2335.0,1,raze,6
2335.0,1,reyna,6
2335.0,1,killjoy,2
2335.0,1,phoenix,2
2335.0,2,killjoy,23
2335.0,2,cypher,7
2335.0,2,sage,4
2335.0,2,raze,4
2335.0,3,killjoy,25
2335.0,3,cypher,10
2335.0,3,sage,7
2335.0,3,viper,3
2335.0,3,brimstone,2
2336.0,1,sova,1
2336.0,2,omen,26
2336.0,2,brimstone,3
2336.0,2,skye,1
2336.0,2,sage,1
2336.0,3,sage,1
2336.0,3,cypher,1
2336.0,3,breach,1
2337.0,1,cypher,1
2338.0,1,jett,1
2343.0,1,breach,3
2343.0,1,phoenix,2
2343.0,1,raze,2
2343.0,1,brimstone,1
2344.0,1,sage,5
2344.0,1,jett,3
2345.0,1,sova,9
2345.0,1,sage,2
2345.0,1,breach,1
2345.0,1,omen,1
2345.0,1,reyna,1
2345.0,2,breach,3
2345.0,2,killjoy,2
2345.0,2,cypher,2
2345.0,2,sage,1
2345.0,2,sova,1
2345.0,3,viper,5
2345.0,3,killjoy,3
2345.0,3,sage,2
2345.0,3,cypher,1
2346.0,1,jett,15
2346.0,1,raze,1
2346.0,1,phoenix,1
2346.0,1,breach,1
2346.0,2,jett,5
2347.0,1,cypher,8
2347.0,1,killjoy,3
2347.0,1,sova,2
2347.0,1,brimstone,1
2347.0,2,killjoy,11
2347.0,2,sova,2
2347.0,2,cypher,2
2348.0,1,reyna,8
2348.0,1,raze,6
2348.0,1,sova,4
2348.0,1,breach,3
2348.0,2,raze,9
2348.0,2,sova,4
2348.0,2,skye,1
2348.0,2,sage,1
2348.0,2,reyna,1
2348.0,2,phoenix,1
2348.0,2,jett,1
2348.0,3,raze,5
2348.0,3,jett,5
2348.0,3,skye,1
2349.0,1,omen,20
2349.0,1,sage,1
2349.0,2,omen,16
2349.0,2,astra,3
2349.0,2,brimstone,2
2349.0,2,killjoy,1
2349.0,3,omen,11
2349.0,3,astra,9
2349.0,3,killjoy,2
2349.0,3,viper,1
2349.0,3,sage,1
2349.0,3,cypher,1
2357.0,1,brimstone,4
2357.0,1,sova,4
2357.0,1,breach,2
2357.0,1,omen,2
2357.0,2,sova,14
2357.0,2,breach,2
2357.0,2,phoenix,1
2358.0,1,cypher,8
2358.0,1,raze,1
2358.0,1,brimstone,1
2358.0,1,sage,1
2359.0,1,sage,10
2359.0,1,sova,3
2359.0,1,viper,1
2360.0,1,jett,15
2361.0,1,cypher,9
2361.0,1,phoenix,4
2361.0,1,reyna,2
2361.0,1,killjoy,1
2361.0,1,sage,1
2361.0,1,omen,1
2361.0,2,killjoy,7
2361.0,2,cypher,7
2361.0,2,reyna,3
2362.0,1,killjoy,22
2362.0,1,breach,12
2362.0,1,cypher,10
2362.0,1,omen,1
2362.0,1,brimstone,1
2362.0,2,killjoy,41
2362.0,2,cypher,20
2362.0,2,sage,4
2362.0,2,reyna,1
2363.0,1,omen,6
2363.0,1,brimstone,4
2363.0,1,reyna,1
2363.0,1,cypher,1
2364.0,1,sova,38
2364.0,1,omen,4
2364.0,1,brimstone,2
2364.0,1,raze,2
2364.0,2,sova,60
2364.0,2,sage,3
2364.0,2,skye,2
2364.0,2,omen,1
2364.0,3,sova,8
2365.0,1,sova,15
2365.0,1,omen,2
2365.0,1,raze,2
2365.0,1,breach,1
2365.0,2,sova,11
2365.0,2,raze,3
2366.0,1,jett,19
2366.0,1,phoenix,1
2366.0,2,jett,14
2366.0,2,sova,7
2366.0,2,raze,4
2366.0,2,sage,4
2366.0,3,killjoy,6
2366.0,3,cypher,5
2366.0,3,jett,5
2366.0,3,sova,4
2366.0,3,viper,3
2366.0,3,skye,3
2366.0,3,astra,2
2366.0,3,sage,2
2367.0,1,omen,10
2367.0,1,sage,7
2367.0,1,phoenix,1
2367.0,1,brimstone,1
2367.0,1,breach,1
2367.0,2,astra,4
2367.0,2,sage,2
2367.0,2,sova,1
2367.0,3,astra,3
2367.0,3,brimstone,1
2368.0,1,breach,11
2368.0,1,omen,4
2368.0,1,brimstone,3
2368.0,1,raze,2
2368.0,2,omen,22
2368.0,2,brimstone,5
2368.0,2,astra,2
2368.0,3,astra,18
2368.0,3,omen,5
2368.0,3,viper,3
2368.0,3,brimstone,2
2368.0,3,killjoy,1
2368.0,3,cypher,1
2369.0,1,cypher,15
2369.0,1,killjoy,4
2369.0,1,sova,1
2369.0,2,cypher,23
2369.0,2,killjoy,5
2369.0,2,viper,1
2369.0,3,killjoy,7
2369.0,3,cypher,4
2369.0,3,viper,2
2370.0,1,breach,3
2370.0,1,omen,2
2370.0,1,reyna,1
2370.0,1,phoenix,1
2370.0,1,brimstone,1
2370.0,2,killjoy,4
2370.0,2,sage,3
2370.0,2,sova,2
2370.0,2,omen,1
2370.0,3,astra,8
2370.0,3,viper,6
2370.0,3,brimstone,4
2370.0,3,cypher,1
2371.0,1,jett,3
2371.0,2,jett,11
2371.0,2,skye,2
2371.0,2,brimstone,1
2372.0,1,raze,3
2372.0,1,reyna,1
2372.0,1,phoenix,1
2372.0,2,reyna,6
2372.0,2,raze,4
2372.0,2,omen,2
2372.0,2,sage,1
2373.0,1,sova,3
2373.0,2,sova,13
2373.0,2,reyna,1
2374.0,1,cypher,1
2374.0,2,cypher,6
2374.0,2,killjoy,5
2374.0,2,sage,2
2374.0,2,brimstone,1
2375.0,1,omen,11
2375.0,1,brimstone,7
2375.0,1,raze,3
2375.0,1,cypher,1
2375.0,1,reyna,1
2375.0,1,jett,1
2375.0,2,omen,11
2375.0,2,astra,4
2375.0,2,jett,4
2375.0,2,sage,2
2375.0,2,raze,2
2375.0,2,reyna,1
2375.0,2,brimstone,1
2375.0,3,astra,6
2375.0,3,sage,3
2375.0,3,breach,2
2375.0,3,viper,1
2376.0,1,raze,14
2376.0,1,breach,2
2376.0,1,viper,2
2376.0,2,raze,20
2376.0,2,sage,3
2376.0,2,viper,1
2376.0,2,omen,1
2376.0,3,viper,3
2376.0,3,raze,2
2377.0,1,jett,15
2377.0,1,cypher,8
2377.0,1,sage,1
2377.0,2,jett,13
2377.0,2,reyna,6
2377.0,2,cypher,5
2377.0,2,killjoy,1
2377.0,3,jett,8
2377.0,3,sova,1
2377.0,3,skye,1
2377.0,3,kayo,1
2377.0,3,astra,1
2378.0,1,sova,24
2378.0,2,sova,22
2378.0,2,omen,2
2378.0,2,brimstone,1
2378.0,3,sova,7
2378.0,3,breach,2
2378.0,3,viper,1
2378.0,3,killjoy,1
2378.0,3,cypher,1
2379.0,1,jett,3
2379.0,1,omen,1
2379.0,2,jett,9
2379.0,2,reyna,1
2379.0,3,raze,18
2379.0,3,jett,14
2379.0,3,reyna,7
2379.0,3,skye,2
2379.0,3,phoenix,2
2379.0,3,sova,1
2379.0,3,breach,1
2380.0,1,jett,27
2380.0,1,sage,13
2380.0,1,reyna,10
2380.0,1,omen,8
2380.0,2,jett,56
2380.0,2,sage,6
2380.0,2,reyna,2
2380.0,2,omen,2
2380.0,3,jett,8
2380.0,3,sage,1
2380.0,3,reyna,1
2381.0,1,sova,14
2381.0,1,omen,5
2381.0,1,cypher,4
2381.0,1,killjoy,1
2382.0,1,omen,32
2382.0,1,cypher,17
2382.0,1,breach,4
2382.0,1,skye,2
2382.0,1,viper,2
2382.0,1,killjoy,1
2382.0,2,brimstone,25
2382.0,2,astra,18
2382.0,2,omen,13
2382.0,2,viper,8
2382.0,2,skye,1
2382.0,2,breach,1
2382.0,3,omen,3
2382.0,3,viper,2
2383.0,1,raze,26
2383.0,1,jett,11
2383.0,1,phoenix,8
2383.0,1,reyna,8
2383.0,1,breach,4
2383.0,1,sage,1
2383.0,2,raze,47
2383.0,2,reyna,10
2383.0,2,sage,5
2383.0,2,phoenix,2
2383.0,2,yoru,1
2383.0,2,breach,1
2383.0,3,killjoy,9
2383.0,3,cypher,6
2383.0,3,astra,6
2383.0,3,brimstone,3
2383.0,3,viper,2
2383.0,3,raze,1
2384.0,1,brimstone,10
2384.0,1,raze,3
2384.0,1,sage,2
2384.0,1,phoenix,1
2384.0,1,omen,1
2385.0,1,sova,26
2385.0,1,sage,6
2385.0,1,killjoy,1
2386.0,1,omen,30
2386.0,1,brimstone,6
2386.0,2,omen,6
2386.0,3,reyna,2
2386.0,3,omen,1
2386.0,3,astra,1
2388.0,1,cypher,19
2388.0,1,raze,10
2388.0,1,sova,3
2388.0,1,breach,2
2388.0,1,sage,1
2388.0,1,omen,1
2388.0,2,cypher,11
2388.0,2,killjoy,4
2388.0,3,cypher,3
2388.0,3,jett,3
2388.0,3,killjoy,3
2388.0,3,viper,3
2388.0,3,breach,2
2389.0,1,jett,22
2389.0,1,raze,8
2389.0,1,phoenix,3
2389.0,1,reyna,2
2389.0,1,breach,1
2389.0,2,jett,14
2389.0,2,raze,5
2389.0,2,skye,1
2389.0,3,skye,2
2390.0,1,phoenix,9
2390.0,1,breach,6
2390.0,1,sage,2
2390.0,1,raze,1
2390.0,2,breach,20
2390.0,2,phoenix,5
2390.0,2,sova,3
2390.0,2,skye,1
2390.0,3,skye,14
2390.0,3,breach,11
2390.0,3,sova,3
2390.0,3,sage,1
2390.0,3,reyna,1
2391.0,1,cypher,1
2392.0,1,omen,1
2393.0,1,brimstone,1
2394.0,1,sage,1
2395.0,1,jett,8
2395.0,1,reyna,1
2395.0,1,raze,1
2395.0,2,jett,18
2395.0,2,raze,6
2395.0,2,sage,4
2395.0,2,sova,3
2395.0,2,yoru,1
2395.0,2,reyna,1
2395.0,2,brimstone,1
2396.0,1,raze,5
2396.0,1,jett,3
2396.0,1,reyna,2
2396.0,1,sage,1
2396.0,2,jett,5
2396.0,2,raze,1
2396.0,3,jett,35
2396.0,3,raze,4
2396.0,3,sage,4
2398.0,1,omen,6
2398.0,2,omen,10
2398.0,2,cypher,1
2398.0,3,sage,3
2398.0,3,astra,3
2398.0,3,sova,1
2398.0,3,jett,1
2399.0,1,sova,5
2399.0,1,raze,2
2400.0,1,cypher,5
2400.0,1,jett,2
2400.0,2,cypher,8
2400.0,2,killjoy,2
2400.0,3,cypher,1
2402.0,1,cypher,7
2402.0,1,killjoy,2
2402.0,2,cypher,8
2402.0,2,skye,1
2402.0,2,brimstone,1
2402.0,2,sova,1
2402.0,3,jett,1
2402.0,3,sova,1
2403.0,1,jett,6
2403.0,1,phoenix,3
2403.0,2,jett,22
2403.0,2,skye,8
2403.0,2,sage,7
2403.0,2,phoenix,2
2403.0,3,raze,4
2403.0,3,killjoy,3
2403.0,3,jett,3
2403.0,3,cypher,2
2403.0,3,skye,2
2403.0,3,viper,1
2404.0,1,raze,9
2404.0,2,raze,8
2404.0,2,viper,1
2404.0,2,sova,1
2404.0,2,reyna,1
2404.0,2,cypher,1
2404.0,3,viper,4
2404.0,3,raze,3
2404.0,3,sova,1
2405.0,1,sova,9
2405.0,2,sova,34
2405.0,2,breach,5
2405.0,3,skye,7
2405.0,3,sova,6
2408.0,1,raze,13
2408.0,1,reyna,4
2408.0,1,jett,2
2408.0,1,sage,1
2408.0,2,jett,8
2408.0,2,sage,7
2408.0,2,raze,3
2408.0,3,jett,10
2408.0,3,raze,2
2408.0,3,reyna,2
2413.0,1,phoenix,1
2413.0,1,reyna,1
2414.0,1,killjoy,2
2414.0,1,cypher,1
2414.0,2,sova,1
2414.0,2,killjoy,1
2415.0,1,reyna,8
2415.0,1,raze,6
2415.0,1,jett,3
2415.0,1,phoenix,1
2415.0,2,jett,7
2415.0,2,skye,1
2415.0,2,sage,1
2415.0,2,reyna,1
2415.0,2,omen,1
2415.0,3,sage,6
2415.0,3,jett,4
2415.0,3,viper,4
2415.0,3,sova,2
2416.0,1,omen,9
2416.0,2,omen,2
2417.0,1,sova,6
2417.0,1,cypher,3
2417.0,1,sage,1
2417.0,1,breach,1
2417.0,2,viper,1
2417.0,2,omen,1
2419.0,1,cypher,2
2420.0,1,sova,2
2421.0,1,jett,1
2421.0,1,raze,1
2422.0,1,omen,1
2422.0,1,brimstone,1
2423.0,1,sage,2
2424.0,1,raze,1
2425.0,1,cypher,1
2426.0,1,omen,1
2427.0,1,phoenix,1
2428.0,1,sage,1
2430.0,1,sage,1
2430.0,1,phoenix,1
2430.0,1,breach,1
2430.0,2,sage,1
2430.0,2,raze,1
2430.0,2,jett,1
2430.0,3,skye,4
2430.0,3,sage,4
2430.0,3,killjoy,3
2430.0,3,breach,2
2430.0,3,jett,2
2430.0,3,phoenix,2
2430.0,3,raze,1
2430.0,3,kayo,1
2431.0,1,cypher,7
2431.0,2,cypher,6
2431.0,2,killjoy,2
2432.0,1,breach,6
2432.0,1,raze,3
2432.0,2,raze,6
2432.0,2,jett,2
2434.0,1,omen,4
2434.0,1,brimstone,3
2434.0,2,viper,1
2434.0,2,omen,1
2434.0,2,brimstone,1
2434.0,3,omen,2
2435.0,1,jett,14
2435.0,1,raze,12
2435.0,1,breach,3
2435.0,1,phoenix,2
2435.0,2,jett,5
2435.0,2,raze,4
2436.0,1,sage,1
2440.0,2,sage,6
2440.0,2,killjoy,3
2440.0,2,cypher,3
2440.0,3,killjoy,4
2440.0,3,cypher,3
2440.0,3,sage,2
2440.0,3,viper,2
2440.0,3,sova,1
2440.0,3,reyna,1
2440.0,3,chamber,1
2442.0,1,omen,36
2442.0,2,omen,28
2442.0,2,sage,7
2442.0,2,breach,4
2442.0,2,jett,2
2442.0,2,viper,1
2442.0,3,omen,17
2442.0,3,viper,7
2442.0,3,astra,5
2442.0,3,jett,3
2443.0,1,reyna,1
2444.0,1,omen,1
2444.0,2,omen,2
2444.0,2,astra,1
2445.0,1,omen,11
2445.0,1,sova,8
2445.0,1,breach,6
2445.0,1,sage,1
2446.0,1,sova,8
2446.0,1,cypher,6
2446.0,1,breach,1
2446.0,3,phoenix,2
2446.0,3,reyna,2
2446.0,3,sage,2
2447.0,1,brimstone,1
2450.0,1,killjoy,18
2450.0,1,cypher,11
2450.0,2,killjoy,9
2450.0,2,omen,6
2450.0,2,astra,2
2450.0,3,killjoy,21
2450.0,3,cypher,11
2450.0,3,chamber,7
2450.0,3,viper,6
2450.0,3,sage,3
2450.0,3,kayo,1
2450.0,3,astra,1
2451.0,1,sova,2
2451.0,2,sova,2
2451.0,2,breach,1
2452.0,1,jett,8
2452.0,1,reyna,7
2452.0,1,raze,5
2452.0,1,phoenix,4
2452.0,1,sage,1
2452.0,1,cypher,1
2452.0,2,jett,13
2452.0,2,phoenix,4
2452.0,2,raze,3
2452.0,2,reyna,2
2452.0,2,viper,2
2452.0,2,yoru,1
2452.0,3,jett,4
2452.0,3,raze,2
2452.0,3,reyna,1
2452.0,3,phoenix,1
2457.0,1,breach,2
2457.0,1,raze,1
2457.0,2,raze,3
2457.0,2,phoenix,1
2457.0,3,sage,2
2457.0,3,reyna,1
2460.0,1,sova,3
2460.0,1,sage,1
2460.0,2,sova,29
2460.0,2,skye,5
2460.0,2,sage,1
2460.0,2,breach,1
2461.0,2,omen,1
2462.0,1,jett,4
2462.0,2,jett,22
2462.0,2,phoenix,7
2462.0,2,reyna,5
2462.0,2,raze,2
2462.0,3,reyna,10
2462.0,3,raze,9
2462.0,3,skye,5
2462.0,3,breach,2
2462.0,3,omen,1
2463.0,1,cypher,4
2463.0,2,sova,18
2463.0,2,sage,12
2463.0,3,skye,6
2463.0,3,sova,3
2464.0,1,raze,4
2464.0,2,raze,31
2464.0,2,phoenix,5
2464.0,2,reyna,4
2464.0,3,reyna,5
2464.0,3,killjoy,2
2464.0,3,yoru,1
2464.0,3,viper,1
2464.0,3,raze,1
2464.0,3,jett,1
2467.0,2,reyna,7
2467.0,2,sage,3
2467.0,2,raze,3
2467.0,2,jett,2
2467.0,3,reyna,5
2467.0,3,cypher,1
2467.0,3,raze,1
2467.0,3,jett,1
2468.0,1,omen,8
2468.0,2,omen,27
2468.0,2,brimstone,5
2468.0,2,sage,1
2468.0,2,astra,1
2468.0,3,astra,17
2468.0,3,sage,4
2468.0,3,brimstone,3
2468.0,3,cypher,1
2469.0,1,breach,5
2469.0,1,raze,2
2469.0,1,phoenix,1
2469.0,2,breach,14
2469.0,2,sova,9
2469.0,2,raze,4
2469.0,2,skye,3
2469.0,2,phoenix,1
2469.0,2,omen,1
2469.0,3,astra,2
2469.0,3,omen,2
2469.0,3,viper,2
2469.0,3,breach,1
2469.0,3,killjoy,1
2470.0,1,cypher,6
2470.0,1,breach,2
2470.0,2,omen,10
2470.0,2,cypher,10
2470.0,2,astra,6
2470.0,2,killjoy,4
2470.0,2,breach,3
2470.0,2,skye,1
2471.0,1,sova,8
2471.0,2,sova,5
2471.0,2,sage,1
2471.0,3,sova,3
2471.0,3,sage,3
2471.0,3,skye,1
2471.0,3,omen,1
2472.0,1,reyna,1
2472.0,1,raze,1
2472.0,1,killjoy,1
2472.0,2,skye,10
2472.0,2,raze,7
2472.0,2,sage,2
2472.0,3,jett,7
2472.0,3,kayo,4
2472.0,3,sage,4
2472.0,3,raze,3
2472.0,3,skye,2
2473.0,1,raze,2
2475.0,2,cypher,9
2475.0,2,killjoy,3
2483.0,1,jett,26
2483.0,1,reyna,1
2483.0,1,breach,1
2483.0,2,jett,6
2483.0,2,raze,6
2483.0,2,phoenix,3
2483.0,3,jett,16
2483.0,3,raze,1
2484.0,1,sova,10
2484.0,1,breach,8
2484.0,1,sage,5
2484.0,1,viper,1
2484.0,2,sage,7
2484.0,2,breach,2
2484.0,2,omen,1
2484.0,2,viper,1
2484.0,3,viper,2
2484.0,3,omen,1
2486.0,1,jett,14
2486.0,1,breach,6
2486.0,2,jett,11
2486.0,2,raze,7
2486.0,2,yoru,1
2486.0,2,sage,1
2486.0,2,phoenix,1
2486.0,3,jett,5
2487.0,1,cypher,8
2487.0,1,reyna,1
2487.0,1,phoenix,1
2487.0,1,killjoy,1
2487.0,2,skye,1
2487.0,2,breach,1
2487.0,3,jett,1
2489.0,1,cypher,16
2489.0,1,viper,3
2489.0,1,omen,3
2489.0,1,killjoy,2
2489.0,1,breach,2
2489.0,1,phoenix,2
2489.0,1,reyna,2
2489.0,1,sage,1
2489.0,1,raze,1
2489.0,1,brimstone,1
2489.0,2,raze,9
2489.0,2,cypher,7
2489.0,2,killjoy,3
2489.0,2,skye,1
2489.0,2,sage,1
2489.0,2,phoenix,1
2489.0,3,skye,6
2489.0,3,jett,4
2489.0,3,sova,2
2489.0,3,cypher,1
2489.0,3,kayo,1
2490.0,1,jett,8
2490.0,1,breach,7
2490.0,1,raze,3
2490.0,1,omen,2
2490.0,1,brimstone,2
2490.0,1,viper,1
2490.0,2,raze,9
2490.0,2,omen,4
2490.0,2,yoru,3
2490.0,2,sova,2
2490.0,2,jett,2
2490.0,2,sage,1
2490.0,2,brimstone,1
2490.0,2,breach,1
2490.0,3,skye,3
2490.0,3,jett,2
2490.0,3,sage,2
2490.0,3,kayo,1
2491.0,1,phoenix,10
2491.0,1,reyna,5
2491.0,1,raze,5
2491.0,1,jett,3
2491.0,2,raze,4
2491.0,2,omen,2
2491.0,2,sova,1
2491.0,2,killjoy,1
2491.0,2,jett,1
2491.0,2,cypher,1
2491.0,3,skye,6
2491.0,3,raze,5
2491.0,3,reyna,4
2491.0,3,sage,2
2491.0,3,phoenix,1
2491.0,3,kayo,1
2494.0,2,phoenix,4
2494.0,2,omen,4
2494.0,2,reyna,4
2494.0,2,raze,3
2494.0,2,astra,2
2494.0,3,viper,1
2496.0,1,sova,9
2496.0,1,breach,1
2496.0,1,sage,1
2496.0,2,sova,14
2496.0,2,viper,3
2496.0,2,breach,2
2496.0,2,skye,1
2496.0,2,sage,1
2496.0,2,raze,1
2496.0,2,omen,1
2496.0,3,sova,8
2496.0,3,skye,4
2496.0,3,astra,4
2497.0,1,jett,11
2497.0,2,jett,20
2497.0,2,sage,2
2497.0,2,raze,1
2497.0,3,jett,6
2498.0,1,killjoy,7
2498.0,1,omen,6
2498.0,1,breach,2
2498.0,1,raze,1
2498.0,2,killjoy,16
2498.0,2,breach,7
2498.0,2,cypher,2
2499.0,1,cypher,9
2499.0,1,omen,1
2499.0,1,killjoy,1
2499.0,2,cypher,16
2499.0,2,sage,3
2499.0,2,killjoy,2
2499.0,2,sova,1
2499.0,2,breach,1
2499.0,3,cypher,5
2499.0,3,sage,5
2499.0,3,killjoy,3
2499.0,3,brimstone,2
2499.0,3,sova,1
2502.0,2,jett,17
2502.0,2,sage,1
2502.0,3,sage,3
2503.0,1,cypher,8
2503.0,1,killjoy,5
2503.0,2,cypher,18
2503.0,2,killjoy,5
2503.0,2,omen,1
2503.0,2,brimstone,1
2503.0,2,phoenix,1
2503.0,2,viper,1
2503.0,2,sage,1
2505.0,1,breach,7
2505.0,1,omen,5
2505.0,1,sova,2
2506.0,1,cypher,5
2506.0,1,breach,5
2506.0,2,breach,6
2506.0,2,omen,5
2506.0,2,viper,4
2506.0,2,brimstone,1
2506.0,3,omen,1
2506.0,3,breach,1
2507.0,1,phoenix,16
2507.0,1,raze,5
2507.0,1,reyna,2
2507.0,2,phoenix,31
2507.0,2,raze,20
2507.0,2,reyna,5
2507.0,3,viper,12
2507.0,3,raze,10
2507.0,3,cypher,7
2507.0,3,killjoy,5
2507.0,3,kayo,4
2507.0,3,chamber,4
2507.0,3,skye,4
2508.0,1,omen,9
2508.0,1,brimstone,2
2509.0,1,jett,5
2509.0,1,reyna,4
2509.0,1,raze,1
2511.0,1,sova,15
2511.0,1,phoenix,2
2511.0,1,cypher,1
2511.0,1,skye,1
2511.0,2,sova,31
2511.0,2,skye,3
2511.0,2,sage,3
2511.0,2,phoenix,1
2511.0,2,reyna,1
2511.0,3,reyna,2
2511.0,3,sova,1
2521.0,1,omen,7
2521.0,1,raze,3
2521.0,1,viper,1
2521.0,2,omen,7
2521.0,2,viper,1
2521.0,2,sova,1
2521.0,2,skye,1
2521.0,2,brimstone,1
2521.0,2,astra,1
2521.0,3,sova,7
2521.0,3,skye,2
2521.0,3,omen,1
2522.0,1,omen,11
2522.0,2,cypher,10
2522.0,2,astra,6
2522.0,2,killjoy,5
2522.0,2,brimstone,5
2522.0,2,omen,4
2522.0,2,sage,3
2522.0,2,sova,1
2522.0,3,astra,4
2522.0,3,sage,3
2522.0,3,cypher,2
2522.0,3,killjoy,1
2523.0,1,sova,8
2523.0,1,breach,3
2523.0,2,sova,22
2523.0,2,breach,5
2523.0,2,skye,2
2523.0,2,sage,2
2523.0,2,reyna,2
2523.0,3,sova,12
2523.0,3,sage,2
2524.0,1,killjoy,4
2524.0,1,cypher,4
2524.0,1,breach,3
2524.0,2,cypher,2
2524.0,2,killjoy,1
2525.0,1,raze,8
2525.0,2,raze,21
2525.0,2,sage,3
2525.0,2,reyna,3
2525.0,2,sova,2
2525.0,2,jett,2
2525.0,3,jett,13
2525.0,3,raze,2
2525.0,3,sova,1
2525.0,3,sage,1
2530.0,2,jett,2
2533.0,1,omen,5
2533.0,1,killjoy,2
2533.0,2,omen,8
2534.0,1,sage,33
2534.0,1,sova,5
2534.0,2,sage,14
2534.0,2,sova,5
2534.0,2,phoenix,1
2534.0,3,sage,13
2534.0,3,viper,4
2534.0,3,sova,3
2534.0,3,skye,1
2534.0,3,killjoy,1
2537.0,1,omen,1
2537.0,2,sage,4
2538.0,2,omen,5
2538.0,2,killjoy,1
2538.0,3,viper,1
2538.0,3,astra,1
2539.0,1,cypher,1
2540.0,1,sova,1
2540.0,2,sova,3
2540.0,2,raze,1
2540.0,3,sova,4
2540.0,3,sage,1
2540.0,3,killjoy,1
2540.0,3,astra,1
2541.0,1,omen,8
2543.0,2,jett,2
2546.0,2,reyna,2
2547.0,1,killjoy,4
2547.0,1,cypher,3
2547.0,1,omen,2
2548.0,1,jett,2
2548.0,1,raze,1
2548.0,1,killjoy,1
2549.0,1,breach,2
2549.0,1,cypher,1
2550.0,1,omen,1
2551.0,1,sova,3
2551.0,1,reyna,1
2554.0,1,cypher,4
2554.0,1,raze,1
2554.0,2,sova,1
2554.0,2,jett,1
2554.0,2,cypher,1
2554.0,3,sova,2
2554.0,3,sage,1
2555.0,1,phoenix,3
2555.0,1,reyna,1
2556.0,1,sova,1
2556.0,1,sage,1
2556.0,1,breach,1
2560.0,1,jett,36
2560.0,1,phoenix,2
2560.0,2,jett,29
2560.0,2,sage,4
2560.0,2,raze,2
2560.0,3,jett,38
2560.0,3,sage,12
2560.0,3,raze,3
2566.0,2,sova,2
2567.0,2,raze,16
2567.0,2,sage,5
2567.0,3,jett,7
2567.0,3,raze,5
2567.0,3,sage,3
2567.0,3,killjoy,2
2570.0,1,breach,18
2570.0,1,phoenix,1
2570.0,1,sage,1
2570.0,2,omen,6
2570.0,2,astra,4
2570.0,2,viper,3
2570.0,2,sage,1
2570.0,2,brimstone,1
2570.0,3,breach,8
2570.0,3,sova,3
2570.0,3,omen,3
2570.0,3,skye,2
2570.0,3,sage,1
2571.0,1,raze,2
2571.0,2,raze,10
2571.0,2,phoenix,6
2571.0,2,cypher,3
2571.0,2,sage,2
2571.0,2,reyna,1
2571.0,3,cypher,11
2571.0,3,reyna,7
2571.0,3,raze,7
2571.0,3,kayo,3
2572.0,1,raze,5
2572.0,1,omen,2
2572.0,1,jett,1
2572.0,2,sage,4
2572.0,2,viper,2
2572.0,2,raze,2
2577.0,1,cypher,2
2577.0,1,breach,1
2582.0,1,sova,2
2582.0,1,omen,1
2583.0,1,sova,8
2583.0,1,breach,1
2585.0,1,cypher,10
2585.0,1,killjoy,2
2585.0,2,killjoy,2
2585.0,2,cypher,1
2585.0,3,killjoy,2
2586.0,1,jett,8
2586.0,1,phoenix,4
2586.0,2,reyna,1
2586.0,2,raze,1
2586.0,2,breach,1
2586.0,3,skye,1
2586.0,3,kayo,1
2587.0,1,brimstone,7
2587.0,1,sova,2
2587.0,1,omen,2
2587.0,1,raze,1
2593.0,1,brimstone,6
2593.0,1,omen,2
2594.0,1,cypher,2
2594.0,1,killjoy,2
2594.0,2,raze,2
2594.0,3,killjoy,2
2594.0,3,raze,1
2594.0,3,cypher,1
2595.0,1,jett,2
2595.0,1,sova,1
2595.0,1,omen,1
2595.0,2,omen,1
2595.0,2,astra,1
2595.0,3,omen,2
2596.0,1,sage,2
2596.0,1,raze,2
2596.0,2,reyna,2
2596.0,3,reyna,2
2597.0,1,breach,2
2598.0,1,omen,2
2598.0,1,jett,1
2598.0,1,breach,1
2598.0,3,jett,4
2599.0,1,sova,3
2599.0,1,brimstone,1
2599.0,2,sage,1
2599.0,2,sova,1
2599.0,3,sage,2
2599.0,3,sova,2
2600.0,3,killjoy,2
2602.0,1,raze,5
2602.0,1,omen,3
2602.0,1,breach,3
2602.0,1,phoenix,1
2604.0,1,phoenix,2
2604.0,1,breach,1
2605.0,1,raze,2
2605.0,1,sova,1
2605.0,2,sova,2
2605.0,2,jett,1
2606.0,1,jett,3
2607.0,1,omen,3
2608.0,1,cypher,3
2608.0,2,cypher,2
2608.0,2,killjoy,1
2610.0,2,killjoy,27
2610.0,2,cypher,10
2610.0,2,skye,2
2610.0,3,killjoy,10
2610.0,3,sova,7
2610.0,3,viper,5
2610.0,3,skye,3
2614.0,2,omen,4
2614.0,2,sage,1
2614.0,2,brimstone,1
2614.0,3,reyna,5
2614.0,3,killjoy,3
2614.0,3,cypher,2
2614.0,3,skye,1
2614.0,3,sage,1
2615.0,1,jett,4
2615.0,1,reyna,2
2615.0,1,killjoy,1
2615.0,2,jett,13
2615.0,2,viper,3
2615.0,2,sage,1
2615.0,2,reyna,1
2615.0,3,brimstone,2
2615.0,3,astra,1
2616.0,1,raze,7
2616.0,3,jett,2
2616.0,3,raze,1
2617.0,1,jett,1
2617.0,2,jett,9
2617.0,3,jett,5
2617.0,3,skye,2
2618.0,2,viper,5
2618.0,2,killjoy,2
2618.0,2,cypher,1
2618.0,3,cypher,4
2618.0,3,viper,3
2619.0,1,cypher,20
2619.0,1,killjoy,3
2619.0,1,viper,2
2619.0,1,breach,2
2619.0,1,sova,1
2619.0,1,raze,1
2619.0,2,killjoy,7
2619.0,2,cypher,5
2619.0,2,jett,3
2619.0,2,sova,3
2619.0,2,breach,3
2619.0,2,skye,2
2619.0,3,astra,7
2619.0,3,omen,4
2619.0,3,sova,4
2619.0,3,sage,3
2619.0,3,viper,2
2619.0,3,cypher,1
2619.0,3,reyna,1
2619.0,3,skye,1
2620.0,1,cypher,3
2621.0,1,raze,4
2621.0,1,jett,3
2621.0,1,sova,1
2621.0,2,sova,9
2621.0,2,raze,7
2621.0,2,jett,1
2621.0,3,jett,11
2621.0,3,raze,10
2621.0,3,phoenix,2
2621.0,3,sage,1
2621.0,3,reyna,1
2621.0,3,omen,1
2622.0,1,omen,3
2622.0,1,sova,2
2622.0,1,breach,1
2622.0,1,sage,1
2622.0,1,jett,1
2622.0,2,phoenix,3
2622.0,2,sage,3
2622.0,2,skye,3
2622.0,2,breach,2
2622.0,2,jett,2
2622.0,2,viper,1
2622.0,2,omen,1
2622.0,2,killjoy,1
2622.0,2,cypher,1
2622.0,3,sova,9
2622.0,3,breach,6
2622.0,3,jett,3
2622.0,3,sage,2
2622.0,3,skye,1
2623.0,1,omen,5
2625.0,1,sova,3
2625.0,1,sage,3
2625.0,1,raze,1
2625.0,1,breach,1
2625.0,2,astra,8
2625.0,2,sova,5
2625.0,2,omen,2
2625.0,2,viper,1
2625.0,2,reyna,1
2625.0,3,astra,14
2625.0,3,viper,6
2625.0,3,omen,3
2625.0,3,sova,2
2625.0,3,raze,1
2626.0,1,cypher,5
2626.0,1,killjoy,2
2629.0,1,phoenix,2
2629.0,1,breach,2
2629.0,1,reyna,1
2630.0,1,cypher,4
2630.0,1,killjoy,1
2631.0,1,omen,3
2631.0,1,sage,1
2631.0,1,breach,1
2632.0,1,sova,4
2632.0,1,raze,1
2632.0,2,sova,1
2632.0,3,sova,1
2633.0,1,raze,3
2633.0,1,omen,2
2635.0,2,omen,2
2635.0,2,phoenix,1
2635.0,2,breach,1
2635.0,3,killjoy,3
2635.0,3,kayo,2
2635.0,3,sage,2
2635.0,3,skye,1
2635.0,3,phoenix,1
2635.0,3,breach,1
2636.0,1,cypher,4
2636.0,1,killjoy,3
2636.0,2,killjoy,2
2636.0,2,raze,1
2636.0,2,omen,1
2636.0,2,cypher,1
2636.0,3,killjoy,9
2636.0,3,reyna,8
2636.0,3,cypher,7
2636.0,3,brimstone,1
2648.0,1,jett,5
2649.0,1,cypher,4
2649.0,1,killjoy,1
2651.0,1,omen,1
2651.0,2,jett,4
2651.0,2,sage,1
2651.0,2,raze,1
2651.0,3,jett,2
2652.0,1,raze,5
2652.0,2,omen,4
2652.0,2,sage,3
2652.0,2,raze,2
2653.0,1,sova,11
2653.0,1,reyna,1
2653.0,2,sova,20
2653.0,2,sage,10
2653.0,2,reyna,3
2653.0,2,phoenix,1
2653.0,3,skye,17
2653.0,3,jett,7
2653.0,3,reyna,2
2654.0,1,breach,4
2654.0,1,omen,3
2654.0,1,jett,3
2654.0,2,breach,7
2654.0,2,jett,7
2654.0,2,skye,3
2654.0,2,omen,3
2654.0,2,sage,2
2654.0,3,skye,5
2656.0,2,raze,23
2656.0,2,phoenix,19
2656.0,2,reyna,3
2656.0,3,raze,7
2656.0,3,phoenix,1
2657.0,1,cypher,3
2658.0,1,raze,1
2658.0,2,jett,13
2658.0,2,raze,4
2658.0,2,skye,1
2658.0,3,jett,16
2658.0,3,raze,5
2660.0,1,omen,2
2660.0,1,brimstone,1
2660.0,2,astra,9
2660.0,2,omen,4
2660.0,2,viper,2
2660.0,2,reyna,1
2660.0,2,brimstone,1
2660.0,3,astra,15
2660.0,3,viper,7
2660.0,3,cypher,5
2660.0,3,omen,1
2660.0,3,brimstone,1
2662.0,1,breach,4
2662.0,2,sova,12
2662.0,2,skye,5
2662.0,2,astra,2
2662.0,2,sage,1
2662.0,2,breach,1
2662.0,3,sova,15
2662.0,3,skye,7
2662.0,3,killjoy,5
2662.0,3,breach,2
2663.0,1,omen,4
2663.0,2,omen,2
2663.0,2,viper,1
2663.0,3,viper,1
2664.0,1,jett,2
2664.0,1,raze,1
2666.0,1,sage,2
2666.0,1,raze,1
2666.0,2,killjoy,6
2666.0,2,omen,6
2666.0,2,viper,5
2666.0,2,sage,4
2667.0,1,cypher,2
2667.0,1,killjoy,1
2667.0,2,cypher,3
2667.0,2,sage,2
2669.0,1,sova,2
2669.0,1,cypher,1
2670.0,1,killjoy,27
2670.0,1,cypher,9
2670.0,2,killjoy,23
2670.0,2,cypher,22
2670.0,2,astra,2
2670.0,3,kayo,13
2670.0,3,killjoy,8
2670.0,3,cypher,5
2670.0,3,skye,2
2670.0,3,jett,1
2671.0,1,sova,22
2671.0,1,sage,3
2671.0,1,viper,1
2671.0,1,reyna,1
2671.0,1,breach,1
2671.0,2,sova,6
2671.0,2,sage,2
2671.0,3,sova,4
2671.0,3,skye,2
2672.0,1,jett,24
2672.0,1,raze,2
2672.0,1,reyna,2
2672.0,2,jett,5
2672.0,2,raze,3
2677.0,1,cypher,2
2677.0,2,sova,3
2679.0,1,jett,19
2679.0,1,reyna,3
2679.0,1,raze,2
2679.0,2,jett,25
2679.0,2,raze,9
2679.0,2,sage,2
2679.0,2,reyna,2
2679.0,3,jett,44
2679.0,3,raze,2
2679.0,3,reyna,2
2679.0,3,viper,1
2680.0,1,omen,15
2680.0,1,sova,4
2680.0,1,breach,3
2680.0,1,raze,1
2680.0,1,phoenix,1
2680.0,2,jett,19
2680.0,2,raze,4
2680.0,2,sage,1
2680.0,2,omen,1
2680.0,3,omen,4
2680.0,3,skye,2
2680.0,3,sage,1
2680.0,3,reyna,1
2685.0,2,raze,2
2685.0,2,reyna,1
2685.0,2,jett,1
2686.0,2,omen,8
2686.0,2,viper,2
2686.0,2,astra,1
2686.0,3,astra,2
2686.0,3,viper,2
2686.0,3,omen,2
2687.0,2,cypher,1
2687.0,2,killjoy,1
2688.0,2,sova,2
2688.0,2,viper,1
2688.0,2,astra,1
2689.0,1,sova,8
2689.0,1,raze,3
2689.0,1,breach,2
2689.0,1,sage,1
2689.0,1,killjoy,1
2689.0,3,reyna,2
2689.0,3,sova,2
2690.0,1,jett,17
2690.0,2,sage,14
2690.0,2,raze,8
2690.0,2,jett,3
2690.0,2,reyna,3
2690.0,2,phoenix,2
2690.0,2,skye,1
2690.0,2,breach,1
2690.0,3,sage,24
2690.0,3,skye,15
2690.0,3,reyna,6
2690.0,3,sova,3
2690.0,3,viper,2
2690.0,3,phoenix,1
2691.0,1,sova,3
2691.0,1,breach,2
2691.0,1,raze,1
2691.0,2,raze,7
2691.0,3,sage,4
2691.0,3,sova,2
2691.0,3,killjoy,1
2692.0,1,omen,6
2692.0,1,sova,2
2692.0,1,raze,1
2693.0,1,cypher,7
2693.0,1,raze,2
2696.0,1,jett,2
2696.0,2,jett,33
2696.0,2,sova,7
2696.0,2,viper,4
2696.0,2,cypher,1
2696.0,3,jett,2
2696.0,3,sova,1
2698.0,1,sova,1
2698.0,1,raze,1
2698.0,2,sova,2
2698.0,2,killjoy,1
2699.0,1,sage,5
2699.0,2,sova,7
2699.0,2,killjoy,5
2699.0,2,sage,2
2699.0,2,reyna,2
2699.0,2,cypher,2
2699.0,2,brimstone,2
2699.0,2,phoenix,1
2700.0,1,reyna,4
2700.0,1,raze,1
2700.0,2,jett,6
2700.0,2,killjoy,2
2700.0,2,sage,1
2700.0,2,raze,1
2701.0,1,jett,5
2701.0,2,reyna,16
2701.0,2,raze,7
2701.0,2,yoru,2
2701.0,2,sage,1
2701.0,3,killjoy,7
2701.0,3,sage,5
2701.0,3,raze,4
2701.0,3,skye,2
2701.0,3,yoru,2
2701.0,3,reyna,1
2702.0,1,brimstone,5
2702.0,2,sova,6
2702.0,2,breach,2
2703.0,1,killjoy,5
2706.0,1,brimstone,2
2707.0,1,killjoy,2
2717.0,1,jett,3
2718.0,1,sova,2
2718.0,1,breach,1
2719.0,1,omen,3
2720.0,1,omen,6
2720.0,1,sage,3
2720.0,1,brimstone,1
2720.0,1,raze,1
2720.0,2,viper,2
2720.0,2,cypher,1
2720.0,3,sage,7
2720.0,3,viper,6
2720.0,3,sova,2
2721.0,1,raze,3
2722.0,1,sova,11
2722.0,1,phoenix,2
2722.0,1,omen,1
2722.0,2,sova,3
2723.0,1,breach,13
2723.0,1,sova,7
2723.0,1,raze,3
2723.0,1,omen,2
2723.0,1,phoenix,2
2723.0,2,sova,9
2723.0,2,breach,4
2723.0,2,sage,2
2723.0,3,sova,11
2723.0,3,skye,6
2723.0,3,breach,2
2724.0,1,sage,3
2728.0,1,omen,2
2728.0,1,cypher,2
2728.0,1,sova,1
2729.0,1,omen,12
2729.0,1,raze,2
2729.0,1,viper,1
2730.0,1,jett,10
2730.0,1,raze,3
2730.0,1,sage,1
2730.0,1,killjoy,1
2731.0,1,omen,2
2732.0,1,sage,2
2733.0,1,raze,2
2734.0,1,killjoy,2
2735.0,1,phoenix,1
2735.0,1,jett,1
2744.0,1,skye,1
2749.0,3,viper,3
2749.0,3,sova,1
2749.0,3,breach,1
2752.0,2,sova,15
2752.0,2,breach,3
2752.0,2,sage,1
2752.0,2,jett,1
2752.0,3,astra,2
2752.0,3,sova,1
2753.0,2,jett,16
2753.0,2,phoenix,2
2753.0,2,raze,1
2753.0,2,astra,1
2753.0,3,jett,12
2753.0,3,astra,6
2753.0,3,raze,2
2753.0,3,viper,1
2753.0,3,sova,1
2756.0,2,cypher,9
2756.0,2,killjoy,6
2756.0,3,cypher,2
2756.0,3,killjoy,1
2756.0,3,brimstone,1
2758.0,1,brimstone,1
2758.0,2,brimstone,2
2759.0,1,cypher,1
2760.0,1,raze,1
2761.0,1,sova,1
2761.0,2,sova,2
2762.0,1,phoenix,1
2764.0,1,raze,7
2764.0,1,phoenix,3
2764.0,1,reyna,1
2764.0,2,raze,11
2764.0,2,brimstone,7
2764.0,2,astra,4
2764.0,2,reyna,3
2764.0,2,omen,2
2764.0,2,phoenix,2
2764.0,2,jett,1
2764.0,3,raze,3
2764.0,3,jett,3
2764.0,3,reyna,1
2764.0,3,phoenix,1
2768.0,1,omen,6
2768.0,1,brimstone,4
2768.0,1,phoenix,1
2768.0,2,omen,6
2768.0,2,brimstone,2
2768.0,2,raze,1
2768.0,3,sage,3
2769.0,1,phoenix,1
2769.0,1,reyna,1
2769.0,1,sova,1
2769.0,2,sova,13
2769.0,2,omen,3
2769.0,2,sage,1
2769.0,3,sova,1
2770.0,1,sage,1
2770.0,1,omen,1
2770.0,1,breach,1
2772.0,1,cypher,1
2773.0,1,jett,3
2773.0,2,jett,14
2773.0,2,raze,3
2773.0,3,raze,1
2774.0,1,omen,1
2774.0,1,killjoy,1
2774.0,1,brimstone,1
2775.0,1,raze,1
2783.0,2,jett,11
2783.0,2,raze,5
2786.0,1,jett,12
2786.0,1,reyna,1
2786.0,2,jett,20
2786.0,2,phoenix,3
2786.0,2,breach,2
2786.0,2,sova,1
2786.0,2,sage,1
2786.0,2,cypher,1
2786.0,3,jett,8
2786.0,3,raze,2
2788.0,1,cypher,10
2788.0,1,raze,2
2788.0,1,killjoy,1
2789.0,1,sova,2
2790.0,1,raze,9
2790.0,1,phoenix,3
2790.0,1,reyna,1
2790.0,2,breach,10
2790.0,2,raze,10
2790.0,2,jett,3
2790.0,2,sage,3
2790.0,2,sova,1
2790.0,2,killjoy,1
2790.0,3,raze,4
2791.0,1,omen,4
2791.0,2,cypher,17
2791.0,2,killjoy,14
2791.0,2,sage,3
2791.0,2,omen,2
2797.0,2,omen,7
2797.0,2,viper,1
2797.0,2,sova,1
2797.0,2,jett,1
2797.0,2,breach,1
2797.0,3,viper,3
2797.0,3,omen,3
2797.0,3,astra,3
2798.0,2,raze,10
2798.0,2,jett,7
2798.0,3,skye,4
2798.0,3,jett,3
2798.0,3,sage,1
2798.0,3,kayo,1
2799.0,2,sova,8
2799.0,2,cypher,2
2800.0,2,killjoy,5
2800.0,2,omen,2
2800.0,2,cypher,1
2801.0,2,phoenix,2
2801.0,2,breach,1
2801.0,2,omen,1
2801.0,3,astra,4
2801.0,3,brimstone,1
2806.0,1,jett,6
2806.0,1,cypher,2
2806.0,2,cypher,10
2806.0,2,killjoy,4
2806.0,2,skye,1
2806.0,3,jett,3
2806.0,3,cypher,1
2806.0,3,astra,1
2811.0,1,jett,1
2811.0,2,jett,3
2811.0,2,skye,1
2811.0,2,raze,1
2812.0,1,cypher,1
2812.0,2,omen,2
2812.0,2,sage,1
2813.0,1,omen,1
2813.0,2,sova,4
2813.0,2,breach,1
2814.0,1,raze,1
2814.0,2,raze,2
2814.0,2,phoenix,1
2814.0,2,brimstone,1
2814.0,2,reyna,1
2818.0,2,sova,2
2818.0,2,sage,1
2819.0,2,cypher,7
2819.0,2,killjoy,5
2819.0,2,viper,2
2819.0,2,raze,2
2819.0,2,sova,1
2819.0,3,cypher,4
2819.0,3,viper,3
2819.0,3,sage,1
2819.0,3,kayo,1
2825.0,1,omen,15
2825.0,1,breach,5
2825.0,1,reyna,1
2827.0,2,jett,12
2827.0,2,reyna,2
2827.0,2,sage,2
2827.0,2,raze,1
2827.0,2,phoenix,1
2827.0,3,jett,9
2827.0,3,sage,2
2828.0,1,omen,2
2829.0,1,omen,12
2829.0,1,cypher,5
2829.0,1,brimstone,4
2829.0,1,viper,1
2829.0,2,sage,7
2829.0,2,killjoy,4
2829.0,2,viper,2
2829.0,2,cypher,1
2829.0,3,viper,2
2829.0,3,astra,1
2831.0,1,cypher,1
2832.0,1,omen,1
2832.0,2,omen,1
2832.0,2,brimstone,1
2833.0,1,reyna,1
2833.0,2,raze,2
2834.0,1,sova,1
2835.0,1,jett,5
2835.0,2,jett,6
2835.0,2,raze,2
2835.0,3,jett,18
2835.0,3,omen,1
2836.0,1,breach,4
2836.0,1,cypher,1
2837.0,1,cypher,2
2837.0,1,omen,1
2838.0,1,breach,3
2838.0,3,astra,3
2838.0,3,skye,1
2840.0,1,reyna,1
2840.0,1,raze,1
2840.0,1,jett,1
2840.0,3,skye,3
2840.0,3,viper,1
2841.0,1,jett,1
2841.0,1,cypher,1
2841.0,1,breach,1
2841.0,2,sova,4
2841.0,2,sage,4
2841.0,2,skye,1
2841.0,2,omen,1
2841.0,3,sova,29
2841.0,3,skye,8
2841.0,3,viper,6
2841.0,3,astra,2
2841.0,3,sage,1
2841.0,3,omen,1
2843.0,1,sova,11
2843.0,1,reyna,8
2843.0,1,sage,6
2843.0,1,raze,1
2843.0,1,omen,1
2843.0,3,skye,2
2843.0,3,sova,1
2843.0,3,sage,1
2843.0,3,cypher,1
2843.0,3,breach,1
2844.0,1,sova,17
2844.0,1,raze,1
2844.0,2,sova,26
2844.0,2,killjoy,7
2844.0,2,sage,3
2844.0,2,cypher,2
2845.0,1,raze,1
2845.0,2,sova,2
2845.0,2,jett,1
2848.0,2,jett,7
2848.0,2,raze,2
2848.0,3,jett,4
2850.0,1,reyna,1
2850.0,1,jett,1
2850.0,2,jett,2
2852.0,2,astra,1
2853.0,1,sova,1
2853.0,2,killjoy,2
2853.0,2,sova,1
2855.0,1,jett,1
2856.0,1,breach,1
2858.0,1,cypher,33
2858.0,1,killjoy,3
2858.0,2,cypher,25
2858.0,2,killjoy,8
2858.0,2,jett,1
2858.0,3,killjoy,8
2858.0,3,cypher,7
2858.0,3,skye,5
2858.0,3,jett,4
2860.0,1,jett,14
2860.0,1,breach,1
2860.0,3,jett,2
2861.0,1,cypher,4
2861.0,2,omen,1
2862.0,1,omen,9
2862.0,1,breach,2
2862.0,2,brimstone,1
2862.0,3,skye,2
2862.0,3,astra,2
2862.0,3,omen,1
2862.0,3,brimstone,1
2864.0,1,raze,8
2864.0,1,omen,2
2864.0,1,breach,1
2864.0,3,jett,3
2864.0,3,sage,1
2864.0,3,raze,1
2864.0,3,breach,1
2865.0,1,omen,3
2866.0,1,sova,4
2866.0,1,raze,1
2867.0,1,cypher,9
2867.0,1,killjoy,1
2867.0,3,omen,3
2867.0,3,astra,2
2867.0,3,brimstone,1
2868.0,1,breach,9
2868.0,1,sova,1
2868.0,1,phoenix,1
2868.0,3,sova,4
2868.0,3,skye,1
2868.0,3,sage,1
2869.0,1,killjoy,1
2874.0,1,cypher,1
2876.0,1,raze,1
2877.0,1,breach,1
2878.0,1,omen,1
2879.0,1,sova,20
2879.0,1,raze,10
2879.0,2,sage,12
2879.0,2,breach,8
2879.0,2,skye,4
2879.0,2,raze,3
2879.0,2,reyna,1
2879.0,3,sage,8
2879.0,3,skye,5
2879.0,3,raze,3
2879.0,3,omen,2
2880.0,1,raze,11
2880.0,1,jett,8
2880.0,1,phoenix,1
2880.0,1,omen,1
2880.0,2,raze,1
2880.0,2,cypher,1
2880.0,3,jett,9
2881.0,1,omen,3
2881.0,1,sova,2
2881.0,1,sage,2
2881.0,3,jett,7
2881.0,3,sage,1
2882.0,1,raze,1
2883.0,1,cypher,1
2884.0,1,sova,2
2884.0,3,jett,6
2885.0,1,omen,1
2886.0,1,cypher,1
2886.0,3,astra,2
2886.0,3,raze,2
2886.0,3,viper,1
2886.0,3,sage,1
2886.0,3,phoenix,1
2886.0,3,omen,1
2887.0,1,omen,1
2888.0,1,sova,1
2889.0,1,breach,1
2890.0,1,jett,1
2891.0,1,omen,15
2891.0,1,jett,15
2891.0,1,breach,2
2891.0,1,raze,2
2892.0,1,omen,15
2892.0,1,jett,13
2892.0,1,phoenix,4
2892.0,1,breach,2
2892.0,2,omen,3
2892.0,2,astra,2
2892.0,2,brimstone,1
2892.0,3,sova,2
2892.0,3,breach,1
2893.0,1,omen,4
2893.0,1,cypher,1
2893.0,3,killjoy,5
2893.0,3,skye,2
2893.0,3,viper,1
2893.0,3,sova,1
2893.0,3,jett,1
2894.0,1,cypher,17
2894.0,1,phoenix,10
2894.0,1,killjoy,6
2894.0,1,reyna,1
2894.0,2,viper,14
2894.0,2,cypher,11
2894.0,2,reyna,8
2894.0,2,killjoy,5
2894.0,2,sage,2
2894.0,3,viper,12
2894.0,3,cypher,10
2894.0,3,killjoy,6
2894.0,3,sage,2
2894.0,3,sova,1
2896.0,1,omen,2
2896.0,3,sage,1
2896.0,3,raze,1
2897.0,1,cypher,1
2897.0,1,breach,1
2899.0,1,raze,2
2899.0,1,reyna,1
2900.0,1,breach,2
2900.0,1,omen,1
2900.0,2,brimstone,8
2900.0,2,omen,7
2900.0,2,killjoy,7
2900.0,2,cypher,7
2900.0,2,sage,3
2900.0,2,skye,2
2900.0,2,viper,2
2900.0,2,sova,1
2900.0,3,omen,4
2900.0,3,sova,3
2900.0,3,viper,2
2900.0,3,astra,1
2900.0,3,sage,1
2901.0,2,jett,3
2901.0,3,sage,1
2901.0,3,jett,1
2907.0,1,breach,2
2908.0,1,jett,2
2908.0,1,omen,1
2908.0,2,sova,8
2908.0,2,sage,1
2908.0,3,jett,4
2908.0,3,raze,1
2909.0,1,sova,2
2909.0,2,sova,22
2909.0,2,breach,3
2909.0,2,raze,2
2909.0,3,raze,4
2909.0,3,phoenix,4
2909.0,3,reyna,2
2910.0,1,omen,1
2910.0,1,cypher,1
2910.0,2,cypher,12
2910.0,2,sage,6
2910.0,2,omen,2
2910.0,2,phoenix,2
2910.0,2,skye,2
2910.0,2,jett,1
2910.0,3,breach,3
2910.0,3,cypher,3
2910.0,3,raze,2
2910.0,3,sage,2
2910.0,3,killjoy,2
2910.0,3,reyna,1
2910.0,3,phoenix,1
2911.0,3,sova,3
2917.0,1,brimstone,3
2919.0,1,sova,3
2920.0,1,jett,3
2920.0,2,jett,3
2921.0,1,phoenix,2
2921.0,1,reyna,1
2921.0,2,breach,2
2921.0,2,reyna,1
2922.0,1,cypher,3
2925.0,1,breach,1
2926.0,1,cypher,1
2926.0,1,brimstone,1
2931.0,2,raze,5
2931.0,2,sage,3
2931.0,2,phoenix,3
2931.0,2,brimstone,2
2931.0,2,reyna,2
2931.0,2,omen,2
2931.0,2,viper,2
2931.0,3,jett,8
2931.0,3,brimstone,1
2932.0,1,omen,2
2933.0,3,skye,9
2933.0,3,sova,4
2934.0,2,jett,1
2934.0,2,brimstone,1
2934.0,2,sova,1
2936.0,1,phoenix,1
2936.0,1,reyna,1
2937.0,1,cypher,1
2938.0,1,jett,12
2938.0,1,reyna,2
2938.0,1,raze,1
2938.0,1,phoenix,1
2938.0,2,omen,9
2938.0,2,jett,4
2938.0,2,brimstone,4
2938.0,2,astra,4
2938.0,2,raze,2
2938.0,2,sage,1
2938.0,2,breach,1
2938.0,3,viper,6
2938.0,3,cypher,2
2938.0,3,killjoy,1
2940.0,1,jett,6
2940.0,1,reyna,3
2940.0,2,phoenix,8
2940.0,2,raze,3
2940.0,2,skye,2
2940.0,2,reyna,2
2940.0,2,jett,1
2941.0,1,omen,7
2941.0,1,sova,6
2941.0,2,astra,3
2941.0,2,viper,1
2944.0,2,brimstone,1
2944.0,2,omen,1
2948.0,2,sova,4
2949.0,2,jett,2
2949.0,2,raze,2
2950.0,2,cypher,2
2950.0,2,killjoy,2
2951.0,2,raze,2
2954.0,1,sova,1
2954.0,2,killjoy,2
2954.0,3,sage,1
2954.0,3,killjoy,1
2959.0,2,brimstone,2
2959.0,2,breach,2
2960.0,1,sova,1
2960.0,1,raze,1
2960.0,1,killjoy,1
2965.0,1,omen,2
2965.0,1,brimstone,1
2965.0,1,breach,1
2965.0,2,brimstone,10
2965.0,2,omen,8
2968.0,2,cypher,6
2969.0,2,sage,4
2976.0,2,phoenix,1
2976.0,2,jett,1
2976.0,2,breach,1
2979.0,2,omen,10
2979.0,2,brimstone,4
2979.0,2,sova,1
2980.0,1,jett,9
2980.0,1,omen,7
2980.0,2,jett,2
2986.0,1,sova,1
2987.0,1,jett,1
2987.0,2,omen,2
2988.0,1,omen,1
2989.0,1,cypher,1
2990.0,2,raze,5
2993.0,1,raze,7
2993.0,1,sova,4
2993.0,1,jett,1
2993.0,2,viper,12
2993.0,2,cypher,7
2993.0,2,sage,5
2993.0,2,phoenix,3
2993.0,2,sova,2
2993.0,2,skye,2
2993.0,2,killjoy,2
2993.0,2,raze,1
2993.0,3,cypher,6
2993.0,3,sova,4
2993.0,3,viper,4
2993.0,3,sage,2
2995.0,2,cypher,8
2995.0,2,killjoy,3
2995.0,2,sova,1
2995.0,3,viper,6
2995.0,3,cypher,3
2995.0,3,killjoy,1
2996.0,3,jett,7
2996.0,3,killjoy,1
2997.0,1,sova,12
2997.0,1,viper,3
2997.0,2,sova,8
2997.0,3,skye,27
2997.0,3,raze,26
2997.0,3,phoenix,10
2997.0,3,kayo,8
2997.0,3,breach,4
2997.0,3,reyna,2
2998.0,1,jett,8
2998.0,1,omen,2
2998.0,2,omen,2
2998.0,3,jett,9
2998.0,3,yoru,4
2999.0,1,omen,5
2999.0,1,cypher,2
3000.0,1,sova,5
3000.0,1,omen,3
3000.0,1,raze,2
3001.0,1,omen,1
3001.0,3,viper,2
3002.0,1,cypher,1
3002.0,2,sova,1
3002.0,2,sage,1
3003.0,1,sova,1
3003.0,2,phoenix,1
3004.0,1,phoenix,1
3004.0,2,omen,2
3004.0,3,skye,7
3004.0,3,sage,2
3004.0,3,kayo,1
3005.0,1,jett,1
3006.0,1,sova,4
3006.0,1,jett,2
3006.0,1,raze,1
3006.0,2,sova,9
3006.0,3,sova,7
3006.0,3,cypher,3
3006.0,3,skye,2
3006.0,3,sage,1
3006.0,3,killjoy,1
3006.0,3,kayo,1
3007.0,1,raze,1
3007.0,2,skye,3
3007.0,2,breach,2
3007.0,2,sage,1
3007.0,2,astra,1
3007.0,3,skye,9
3007.0,3,omen,5
3007.0,3,killjoy,4
3007.0,3,viper,3
3007.0,3,sage,3
3007.0,3,breach,3
3007.0,3,brimstone,1
3007.0,3,cypher,1
3007.0,3,kayo,1
3008.0,1,cypher,1
3008.0,1,raze,1
3008.0,1,jett,1
3009.0,1,sova,2
3009.0,1,raze,1
3009.0,1,phoenix,1
3010.0,1,omen,1
3011.0,1,omen,9
3011.0,1,jett,8
3011.0,1,cypher,5
3011.0,1,killjoy,2
3011.0,1,phoenix,2
3011.0,1,raze,2
3011.0,1,reyna,2
3011.0,2,jett,13
3011.0,2,reyna,5
3011.0,2,viper,5
3011.0,2,raze,3
3011.0,2,phoenix,2
3011.0,2,sova,1
3011.0,2,omen,1
3011.0,3,astra,2
3011.0,3,sova,1
3011.0,3,omen,1
3012.0,1,jett,18
3012.0,1,omen,6
3012.0,1,phoenix,5
3012.0,1,raze,3
3012.0,2,sova,21
3012.0,2,jett,15
3012.0,2,sage,12
3012.0,2,raze,8
3012.0,2,omen,3
3012.0,2,reyna,1
3012.0,2,killjoy,1
3012.0,3,killjoy,10
3012.0,3,jett,9
3012.0,3,sova,5
3012.0,3,viper,4
3012.0,3,skye,3
3012.0,3,sage,2
3012.0,3,cypher,2
3012.0,3,chamber,2
3012.0,3,astra,2
3012.0,3,raze,2
3012.0,3,reyna,1
3013.0,1,omen,16
3013.0,1,killjoy,2
3013.0,1,cypher,1
3013.0,2,omen,16
3013.0,2,astra,8
3013.0,2,sage,2
3013.0,2,brimstone,2
3013.0,3,sage,1
3013.0,3,astra,1
3014.0,1,omen,3
3014.0,1,breach,3
3014.0,1,raze,2
3014.0,2,raze,9
3014.0,2,brimstone,1
3014.0,2,omen,1
3014.0,2,phoenix,1
3014.0,3,sage,1
3014.0,3,raze,1
3014.0,3,kayo,1
3015.0,1,phoenix,3
3015.0,1,sage,3
3015.0,1,jett,1
3016.0,1,breach,3
3016.0,1,omen,3
3016.0,2,cypher,2
3016.0,2,viper,1
3016.0,2,sova,1
3016.0,3,viper,2
3016.0,3,sage,2
3016.0,3,sova,2
3016.0,3,astra,2
3016.0,3,skye,1
3016.0,3,cypher,1
3017.0,1,cypher,3
3017.0,1,omen,2
3017.0,1,phoenix,1
3017.0,2,phoenix,1
3017.0,2,brimstone,1
3017.0,3,sova,23
3017.0,3,cypher,8
3018.0,1,breach,2
3018.0,2,jett,1
3018.0,3,killjoy,15
3018.0,3,sage,6
3018.0,3,kayo,4
3018.0,3,jett,2
3018.0,3,raze,2
3018.0,3,skye,2
3019.0,1,sage,5
3019.0,1,killjoy,1
3019.0,2,brimstone,2
3019.0,2,sage,1
3019.0,2,reyna,1
3019.0,2,raze,1
3019.0,2,astra,1
3019.0,3,astra,9
3019.0,3,brimstone,7
3019.0,3,sage,2
3019.0,3,reyna,1
3019.0,3,raze,1
3019.0,3,omen,1
3019.0,3,cypher,1
3019.0,3,breach,1
3020.0,1,sova,5
3020.0,1,brimstone,1
3020.0,2,sova,19
3020.0,2,viper,4
3020.0,2,cypher,4
3020.0,3,sova,17
3020.0,3,cypher,5
3020.0,3,viper,5
3021.0,1,omen,6
3021.0,1,brimstone,1
3021.0,2,cypher,6
3021.0,2,sova,2
3021.0,2,breach,1
3021.0,3,viper,1
3021.0,3,omen,1
3021.0,3,cypher,1
3021.0,3,breach,1
3022.0,1,jett,5
3022.0,1,sova,1
3022.0,1,breach,1
3023.0,1,raze,14
3023.0,1,sova,4
3023.0,2,raze,14
3023.0,3,raze,3
3024.0,1,cypher,7
3024.0,2,omen,5
3024.0,2,astra,4
3024.0,3,astra,3
3024.0,3,jett,2
3024.0,3,sova,1
3024.0,3,sage,1
3024.0,3,brimstone,1
3027.0,2,jett,5
3027.0,2,sova,2
3027.0,2,sage,1
3027.0,2,reyna,1
3027.0,3,jett,11
3027.0,3,skye,2
3028.0,2,jett,12
3028.0,3,jett,13
3030.0,1,sova,1
3031.0,1,cypher,1
3032.0,1,jett,1
3033.0,1,omen,1
3038.0,2,sova,17
3038.0,2,skye,5
3038.0,2,breach,2
3038.0,3,breach,4
3038.0,3,skye,3
3038.0,3,sova,1
3043.0,3,skye,4
3045.0,2,astra,1
3045.0,3,astra,24
3045.0,3,viper,4
3045.0,3,brimstone,3
3047.0,3,jett,13
3049.0,3,breach,17
3049.0,3,skye,9
3049.0,3,killjoy,4
3049.0,3,sage,1
3053.0,1,raze,14
3053.0,1,phoenix,1
3053.0,1,killjoy,1
3053.0,1,breach,1
3053.0,2,sage,1
3053.0,2,raze,1
3053.0,2,killjoy,1
3053.0,3,killjoy,2
3053.0,3,raze,1
3053.0,3,jett,1
3053.0,3,reyna,1
3053.0,3,skye,1
3054.0,1,cypher,10
3054.0,1,killjoy,5
3055.0,1,sova,14
3055.0,1,breach,3
3055.0,2,sova,3
3055.0,3,sova,2
3056.0,1,breach,10
3056.0,1,jett,6
3056.0,1,reyna,1
3057.0,1,omen,4
3057.0,1,brimstone,2
3060.0,3,jett,7
3060.0,3,raze,1
3061.0,1,raze,3
3061.0,2,sova,2
3062.0,1,sova,1
3062.0,1,brimstone,1
3062.0,2,sova,8
3062.0,2,reyna,8
3062.0,2,breach,4
3062.0,3,sova,8
3062.0,3,reyna,4
3062.0,3,sage,1
3062.0,3,phoenix,1
3062.0,3,brimstone,1
3062.0,3,breach,1
3063.0,1,cypher,7
3063.0,1,killjoy,2
3063.0,2,killjoy,26
3063.0,2,viper,6
3063.0,2,raze,3
3063.0,2,skye,2
3063.0,2,cypher,1
3063.0,2,breach,1
3063.0,3,viper,15
3063.0,3,cypher,11
3063.0,3,killjoy,9
3064.0,2,killjoy,12
3064.0,2,sova,3
3064.0,2,skye,2
3064.0,2,viper,2
3064.0,2,cypher,1
3064.0,3,killjoy,7
3064.0,3,skye,5
3064.0,3,viper,2
3066.0,1,omen,1
3066.0,1,breach,1
3067.0,2,sova,2
3070.0,1,raze,25
3070.0,1,jett,12
3070.0,2,raze,18
3070.0,2,reyna,5
3070.0,2,jett,4
3070.0,2,phoenix,1
3070.0,3,raze,21
3070.0,3,sage,10
3070.0,3,reyna,8
3070.0,3,skye,2
3070.0,3,phoenix,1
3070.0,3,omen,1
3073.0,1,sova,1
3073.0,1,omen,1
3073.0,2,raze,5
3073.0,2,reyna,3
3073.0,2,sova,2
3073.0,2,sage,1
3073.0,2,jett,1
3073.0,3,reyna,6
3073.0,3,skye,4
3073.0,3,kayo,2
3073.0,3,viper,2
3073.0,3,raze,1
3074.0,1,reyna,2
3075.0,1,cypher,2
3076.0,1,raze,1
3076.0,1,phoenix,1
3077.0,1,jett,6
3077.0,1,sova,2
3077.0,1,reyna,1
3077.0,2,raze,19
3077.0,2,jett,8
3077.0,2,sage,3
3077.0,2,phoenix,2
3077.0,3,jett,23
3077.0,3,raze,10
3077.0,3,sage,1
3077.0,3,reyna,1
3078.0,1,raze,6
3078.0,1,sova,3
3078.0,2,sova,35
3078.0,2,viper,3
3078.0,2,raze,1
3078.0,3,sova,25
3078.0,3,raze,4
3078.0,3,kayo,2
3079.0,1,breach,9
3079.0,2,skye,20
3079.0,2,phoenix,4
3079.0,2,sage,4
3079.0,2,cypher,3
3079.0,2,killjoy,3
3079.0,2,raze,2
3079.0,3,skye,19
3079.0,3,sage,11
3079.0,3,phoenix,4
3079.0,3,astra,1
3080.0,1,omen,9
3080.0,2,astra,26
3080.0,2,omen,7
3080.0,2,viper,6
3080.0,3,astra,23
3080.0,3,viper,4
3080.0,3,sova,4
3080.0,3,omen,2
3080.0,3,reyna,1
3080.0,3,kayo,1
3089.0,1,reyna,2
3089.0,2,jett,3
3089.0,2,omen,3
3089.0,2,phoenix,2
3089.0,2,viper,1
3089.0,2,raze,1
3089.0,3,jett,11
3089.0,3,phoenix,5
3089.0,3,sage,1
3092.0,2,astra,2
3092.0,3,astra,3
3092.0,3,sage,3
3092.0,3,cypher,1
3094.0,1,phoenix,2
3094.0,1,reyna,1
3094.0,2,phoenix,2
3095.0,1,breach,2
3095.0,1,brimstone,1
3095.0,3,omen,3
3095.0,3,sova,1
3096.0,1,omen,3
3096.0,2,omen,4
3096.0,2,sage,1
3096.0,3,omen,4
3096.0,3,viper,1
3097.0,1,cypher,3
3097.0,2,cypher,2
3099.0,3,skye,2
3101.0,2,killjoy,6
3101.0,2,viper,2
3101.0,3,killjoy,27
3101.0,3,viper,8
3101.0,3,sage,1
3102.0,1,breach,2
3103.0,1,jett,2
3103.0,2,omen,29
3103.0,2,jett,13
3103.0,2,reyna,1
3103.0,3,jett,10
3103.0,3,skye,3
3103.0,3,kayo,2
3103.0,3,raze,1
3104.0,1,cypher,2
3104.0,2,sova,12
3104.0,2,killjoy,9
3104.0,2,breach,3
3104.0,2,sage,3
3104.0,2,cypher,1
3104.0,3,sage,11
3104.0,3,sova,10
3104.0,3,killjoy,6
3105.0,1,omen,2
3105.0,2,viper,6
3105.0,2,astra,3
3105.0,3,astra,8
3105.0,3,reyna,2
3105.0,3,viper,2
3111.0,2,skye,1
3111.0,2,phoenix,1
3111.0,2,sova,1
3111.0,3,sova,5
3111.0,3,viper,3
3112.0,2,astra,2
3112.0,2,omen,1
3112.0,3,astra,15
3112.0,3,sova,2
3113.0,2,astra,5
3113.0,2,sage,4
3113.0,2,killjoy,4
3113.0,2,cypher,2
3113.0,3,astra,5
3113.0,3,killjoy,4
3113.0,3,viper,3
3113.0,3,sage,1
3113.0,3,omen,1
3113.0,3,jett,1
3114.0,2,killjoy,2
3120.0,1,sova,1
3120.0,1,sage,1
3121.0,1,jett,5
3121.0,1,raze,1
3127.0,1,cypher,11
3127.0,1,jett,1
3127.0,2,cypher,5
3127.0,2,viper,3
3127.0,2,killjoy,2
3127.0,3,killjoy,12
3127.0,3,cypher,10
3127.0,3,skye,1
3128.0,1,sova,20
3128.0,1,sage,1
3128.0,1,cypher,1
3129.0,1,omen,22
3129.0,2,reyna,7
3129.0,2,brimstone,7
3129.0,2,astra,3
3129.0,2,omen,3
3129.0,2,breach,2
3129.0,2,jett,2
3129.0,2,sova,1
3129.0,2,raze,1
3129.0,3,raze,4
3129.0,3,kayo,3
3129.0,3,astra,2
3129.0,3,brimstone,2
3129.0,3,omen,2
3129.0,3,reyna,1
3129.0,3,jett,1
3130.0,1,sova,3
3130.0,1,jett,2
3131.0,1,sova,26
3131.0,1,breach,3
3131.0,1,sage,2
3131.0,1,killjoy,1
3131.0,2,sova,28
3131.0,2,sage,5
3131.0,3,sova,8
3131.0,3,skye,1
3131.0,3,sage,1
3132.0,1,cypher,13
3132.0,1,jett,6
3132.0,2,jett,28
3132.0,2,raze,11
3132.0,2,cypher,9
3132.0,2,killjoy,4
3132.0,2,sage,1
3132.0,3,jett,20
3132.0,3,raze,4
3132.0,3,cypher,1
3133.0,1,omen,2
3134.0,1,breach,12
3134.0,2,breach,3
3134.0,2,phoenix,2
3136.0,1,sova,24
3136.0,1,killjoy,5
3136.0,1,skye,2
3136.0,1,jett,2
3136.0,2,sova,16
3136.0,2,breach,6
3136.0,2,skye,4
3136.0,2,sage,2
3138.0,1,raze,12
3138.0,1,cypher,9
3138.0,1,breach,5
3138.0,1,phoenix,4
3138.0,1,reyna,3
3138.0,1,jett,2
3138.0,2,raze,22
3138.0,2,cypher,9
3138.0,2,jett,1
3138.0,2,sova,1
3138.0,2,sage,1
3138.0,2,killjoy,1
3138.0,3,raze,17
3138.0,3,sova,17
3138.0,3,skye,10
3138.0,3,kayo,2
3138.0,3,reyna,1
3138.0,3,jett,1
3142.0,1,omen,3
3142.0,1,sova,2
3142.0,1,jett,1
3142.0,1,brimstone,1
3143.0,1,killjoy,1
3144.0,1,omen,6
3144.0,1,reyna,3
3145.0,1,raze,4
3145.0,1,breach,2
3146.0,1,reyna,4
3146.0,1,jett,2
3146.0,2,reyna,14
3146.0,2,jett,4
3146.0,2,raze,1
3147.0,1,raze,2
3147.0,1,omen,1
3147.0,1,cypher,1
3148.0,1,omen,5
3148.0,1,phoenix,1
3149.0,1,sova,6
3149.0,2,sova,18
3149.0,2,cypher,2
3149.0,2,reyna,1
3150.0,1,omen,3
3150.0,3,viper,2
3150.0,3,astra,1
3151.0,1,sova,3
3151.0,2,sova,2
3154.0,1,phoenix,2
3154.0,1,reyna,1
3155.0,1,killjoy,2
3155.0,1,cypher,1
3155.0,2,astra,4
3155.0,2,omen,4
3155.0,2,sova,1
3155.0,2,killjoy,1
3155.0,3,astra,2
3155.0,3,killjoy,1
3156.0,1,omen,2
3156.0,1,brimstone,1
3156.0,2,raze,10
3156.0,2,reyna,4
3156.0,2,skye,1
3156.0,3,kayo,5
3156.0,3,skye,1
3156.0,3,reyna,1
3156.0,3,raze,1
3157.0,1,jett,3
3157.0,2,jett,24
3157.0,2,viper,2
3157.0,2,raze,1
3157.0,2,reyna,1
3157.0,2,yoru,1
3157.0,3,jett,12
3157.0,3,sage,2
3157.0,3,viper,1
3168.0,1,sova,1
3169.0,1,jett,3
3169.0,1,sage,1
3169.0,1,raze,1
3169.0,1,phoenix,1
3169.0,1,breach,1
3169.0,2,jett,5
3169.0,2,killjoy,4
3169.0,2,cypher,3
3169.0,2,reyna,3
3169.0,2,sova,3
3169.0,2,viper,1
3169.0,2,raze,1
3169.0,3,breach,2
3169.0,3,killjoy,1
3169.0,3,cypher,1
3169.0,3,brimstone,1
3170.0,1,cypher,1
3170.0,2,cypher,6
3176.0,1,killjoy,3
3176.0,1,cypher,3
3176.0,2,killjoy,13
3176.0,2,cypher,4
3176.0,2,breach,1
3177.0,1,sova,7
3177.0,1,sage,1
3177.0,2,sova,1
3178.0,3,viper,4
3178.0,3,astra,3
3178.0,3,killjoy,2
3178.0,3,omen,2
3178.0,3,reyna,1
3178.0,3,kayo,1
3178.0,3,cypher,1
3180.0,2,astra,4
3180.0,2,jett,2
3180.0,2,phoenix,2
3180.0,2,raze,2
3180.0,2,reyna,1
3180.0,3,killjoy,28
3180.0,3,jett,22
3180.0,3,astra,20
3180.0,3,raze,5
3180.0,3,viper,4
3180.0,3,omen,2
3180.0,3,cypher,1
3181.0,3,killjoy,17
3181.0,3,sage,12
3181.0,3,sova,5
3181.0,3,cypher,3
3181.0,3,viper,2
3181.0,3,skye,1
3182.0,1,cypher,24
3182.0,1,killjoy,3
3182.0,2,sova,8
3182.0,2,viper,1
3182.0,2,astra,1
3182.0,3,astra,5
3182.0,3,omen,2
3182.0,3,killjoy,1
3182.0,3,sova,1
3182.0,3,viper,1
3183.0,1,sova,8
3183.0,1,viper,2
3183.0,1,breach,1
3183.0,2,killjoy,2
3183.0,2,skye,1
3183.0,3,killjoy,3
3183.0,3,sova,3
3183.0,3,viper,1
3183.0,3,cypher,1
3183.0,3,brimstone,1
3184.0,1,breach,3
3185.0,1,jett,9
3185.0,1,sova,2
3187.0,1,reyna,24
3187.0,1,raze,8
3187.0,1,phoenix,5
3187.0,2,reyna,23
3187.0,2,raze,16
3187.0,2,yoru,1
3187.0,2,phoenix,1
3187.0,3,reyna,32
3187.0,3,skye,5
3187.0,3,yoru,4
3187.0,3,kayo,3
3187.0,3,raze,2
3187.0,3,phoenix,1
3188.0,1,jett,27
3188.0,1,raze,10
3188.0,2,jett,26
3188.0,2,sova,2
3188.0,2,raze,1
3189.0,1,sova,4
3189.0,1,cypher,3
3190.0,1,omen,39
3190.0,2,omen,11
3190.0,2,astra,3
3190.0,2,sage,2
3191.0,1,jett,1
3197.0,1,jett,2
3198.0,1,sage,1
3198.0,1,reyna,1
3199.0,1,viper,2
3200.0,1,omen,2
3201.0,1,raze,1
3201.0,1,killjoy,1
3204.0,1,reyna,2
3205.0,1,omen,1
3207.0,3,sova,1
3208.0,1,omen,6
3208.0,1,sova,2
3209.0,1,jett,3
3209.0,1,omen,2
3209.0,1,phoenix,1
3210.0,1,phoenix,4
3210.0,1,reyna,2
3210.0,3,jett,3
3211.0,1,cypher,7
3211.0,1,killjoy,1
3211.0,3,sage,1
3211.0,3,killjoy,1
3211.0,3,cypher,1
3216.0,1,omen,2
3216.0,2,astra,3
3216.0,2,sova,1
3216.0,3,viper,10
3216.0,3,astra,10
3216.0,3,omen,2
3217.0,1,breach,1
3217.0,1,jett,1
3218.0,1,sova,2
3218.0,2,phoenix,2
3218.0,2,skye,2
3218.0,3,jett,16
3218.0,3,skye,7
3218.0,3,chamber,3
3218.0,3,viper,1
3218.0,3,sage,1
3218.0,3,reyna,1
3218.0,3,cypher,1
3219.0,2,sova,3
3219.0,2,cypher,1
3219.0,3,sova,10
3225.0,1,reyna,3
3225.0,1,raze,2
3227.0,1,jett,44
3227.0,1,raze,3
3227.0,2,jett,44
3227.0,2,raze,12
3227.0,2,viper,1
3227.0,3,jett,57
3227.0,3,raze,9
3227.0,3,kayo,4
3227.0,3,breach,3
3227.0,3,sage,3
3227.0,3,viper,1
3227.0,3,skye,1
3227.0,3,reyna,1
3227.0,3,killjoy,1
3227.0,3,chamber,1
3227.0,3,astra,1
3228.0,1,omen,13
3228.0,2,omen,6
3228.0,2,astra,2
3228.0,3,viper,9
3228.0,3,astra,7
3228.0,3,omen,3
3229.0,1,cypher,4
3229.0,1,omen,3
3229.0,2,cypher,3
3229.0,2,raze,3
3229.0,2,omen,2
3229.0,2,reyna,1
3229.0,2,jett,1
3229.0,3,sova,4
3229.0,3,raze,2
3229.0,3,viper,1
3229.0,3,skye,1
3230.0,1,phoenix,3
3230.0,1,sova,1
3230.0,1,jett,1
3230.0,2,sova,4
3230.0,2,jett,3
3230.0,2,raze,1
3230.0,2,breach,1
3230.0,3,sova,12
3230.0,3,skye,8
3230.0,3,kayo,5
3230.0,3,omen,2
3230.0,3,breach,1
3231.0,1,sova,2
3231.0,2,jett,2
3231.0,2,sova,2
3231.0,2,sage,1
3231.0,2,raze,1
3232.0,1,jett,20
3232.0,2,jett,50
3232.0,3,jett,13
3233.0,1,reyna,11
3233.0,1,raze,7
3233.0,1,phoenix,3
3233.0,1,viper,1
3233.0,2,raze,28
3233.0,2,phoenix,14
3233.0,2,killjoy,4
3233.0,2,sova,2
3233.0,2,reyna,2
3233.0,2,jett,1
3233.0,3,skye,15
3233.0,3,raze,14
3233.0,3,kayo,8
3233.0,3,phoenix,4
3233.0,3,jett,2
3233.0,3,viper,1
3234.0,1,omen,2
3236.0,3,killjoy,1
3236.0,3,sage,1
3238.0,1,jett,12
3238.0,1,raze,8
3238.0,2,astra,5
3238.0,2,viper,3
3238.0,2,sage,2
3238.0,2,raze,2
3238.0,2,cypher,2
3238.0,3,sova,26
3238.0,3,raze,4
3238.0,3,sage,3
3238.0,3,cypher,3
3238.0,3,skye,3
3238.0,3,brimstone,2
3238.0,3,viper,2
3238.0,3,killjoy,1
3239.0,1,breach,14
3239.0,1,cypher,5
3239.0,1,phoenix,1
3240.0,1,sova,20
3240.0,3,sova,13
3241.0,1,omen,20
3241.0,3,astra,11
3241.0,3,omen,2
3242.0,1,killjoy,11
3242.0,1,sova,8
3242.0,1,breach,3
3242.0,1,viper,3
3242.0,1,phoenix,1
3242.0,2,sova,3
3242.0,2,sage,2
3242.0,2,cypher,1
3242.0,3,sova,13
3242.0,3,breach,1
3243.0,1,killjoy,2
3244.0,1,omen,2
3245.0,1,sage,2
3246.0,1,sova,2
3247.0,1,jett,2
3253.0,1,sage,1
3253.0,1,brimstone,1
3255.0,1,killjoy,10
3255.0,1,cypher,2
3255.0,1,omen,2
3255.0,1,reyna,1
3255.0,1,phoenix,1
3255.0,1,breach,1
3255.0,2,killjoy,5
3255.0,2,cypher,2
3256.0,1,omen,1
3257.0,1,omen,10
3257.0,1,cypher,9
3257.0,1,reyna,1
3257.0,1,raze,1
3257.0,2,jett,23
3257.0,2,sage,10
3257.0,2,raze,6
3257.0,2,sova,5
3257.0,2,phoenix,2
3257.0,2,reyna,1
3257.0,2,killjoy,1
3257.0,2,breach,1
3257.0,3,skye,15
3257.0,3,sova,11
3257.0,3,sage,6
3257.0,3,reyna,4
3257.0,3,cypher,4
3257.0,3,raze,3
3257.0,3,jett,2
3257.0,3,killjoy,1
3257.0,3,breach,1
3260.0,1,cypher,7
3260.0,2,cypher,3
3260.0,2,sage,1
3260.0,2,killjoy,1
3261.0,1,phoenix,1
3265.0,1,raze,2
3266.0,1,killjoy,2
3267.0,1,sova,19
3267.0,1,omen,3
3267.0,2,sova,19
3267.0,2,breach,2
3267.0,2,skye,1
3267.0,3,skye,37
3267.0,3,sova,33
3268.0,1,cypher,13
3268.0,2,killjoy,18
3268.0,2,viper,4
3268.0,2,cypher,2
3268.0,3,viper,16
3268.0,3,killjoy,12
3268.0,3,sova,9
3268.0,3,sage,5
3268.0,3,brimstone,4
3269.0,1,jett,23
3269.0,1,sage,1
3269.0,2,jett,4
3269.0,2,sage,4
3269.0,2,raze,4
3269.0,2,phoenix,2
3269.0,2,killjoy,2
3269.0,3,astra,30
3269.0,3,killjoy,6
3270.0,1,breach,10
3270.0,1,phoenix,6
3270.0,1,omen,6
3270.0,1,brimstone,2
3270.0,2,phoenix,16
3270.0,2,sage,5
3270.0,2,brimstone,1
3270.0,2,raze,1
3270.0,2,reyna,1
3270.0,3,sage,17
3270.0,3,brimstone,8
3270.0,3,viper,7
3270.0,3,breach,7
3270.0,3,omen,3
3270.0,3,phoenix,3
3270.0,3,skye,2
3271.0,1,raze,11
3271.0,1,omen,9
3271.0,1,reyna,2
3271.0,2,jett,6
3271.0,2,raze,5
3271.0,3,raze,16
3271.0,3,jett,12
3271.0,3,skye,6
3271.0,3,reyna,5
3271.0,3,killjoy,3
3271.0,3,kayo,2
3271.0,3,yoru,1
3271.0,3,sova,1
3271.0,3,phoenix,1
3273.0,3,reyna,8
3273.0,3,killjoy,7
3273.0,3,phoenix,6
3273.0,3,raze,4
3273.0,3,sage,2
3273.0,3,cypher,1
3275.0,2,sova,2
3276.0,3,cypher,4
3276.0,3,killjoy,4
3276.0,3,reyna,2
3276.0,3,sage,1
3276.0,3,raze,1
3276.0,3,brimstone,1
3277.0,1,cypher,18
3277.0,1,jett,5
3277.0,1,raze,3
3277.0,1,phoenix,1
3277.0,1,breach,1
3277.0,2,jett,4
3277.0,2,raze,2
3277.0,2,reyna,1
3278.0,1,sova,19
3278.0,1,omen,5
3278.0,1,breach,1
3278.0,1,cypher,1
3278.0,2,sova,17
3278.0,2,skye,2
3278.0,2,brimstone,1
3278.0,3,sova,28
3278.0,3,cypher,8
3279.0,1,raze,14
3279.0,1,omen,6
3279.0,1,reyna,2
3279.0,2,phoenix,6
3279.0,2,killjoy,2
3279.0,2,sage,2
3279.0,2,raze,1
3279.0,3,skye,30
3279.0,3,sage,18
3279.0,3,raze,7
3279.0,3,phoenix,3
3280.0,1,omen,3
3280.0,1,sova,3
3280.0,1,cypher,2
3280.0,1,brimstone,1
3280.0,1,breach,1
3281.0,1,jett,14
3281.0,1,killjoy,5
3281.0,1,phoenix,3
3281.0,1,reyna,1
3281.0,1,omen,1
3281.0,1,brimstone,1
3281.0,2,phoenix,6
3281.0,2,jett,4
3281.0,2,reyna,2
3281.0,2,sage,1
3281.0,3,sova,20
3281.0,3,killjoy,11
3281.0,3,kayo,10
3281.0,3,jett,3
3281.0,3,sage,1
3281.0,3,phoenix,1
3281.0,3,cypher,1
3287.0,1,jett,5
3287.0,1,breach,3
3287.0,1,raze,1
3287.0,1,omen,1
3287.0,2,jett,15
3287.0,2,sage,8
3287.0,2,raze,8
3287.0,2,sova,1
3287.0,2,breach,1
3287.0,3,reyna,2
3287.0,3,skye,2
3287.0,3,kayo,1
3287.0,3,jett,1
3288.0,1,omen,8
3288.0,1,jett,1
3288.0,1,cypher,1
3288.0,2,omen,7
3288.0,2,sage,1
3290.0,1,raze,4
3290.0,1,breach,4
3290.0,1,sova,1
3290.0,1,phoenix,1
3290.0,2,omen,15
3290.0,2,raze,1
3291.0,1,sova,4
3291.0,2,jett,7
3291.0,2,sage,1
3292.0,1,cypher,4
3293.0,1,cypher,3
3293.0,2,cypher,12
3293.0,2,killjoy,4
3294.0,1,phoenix,6
3294.0,1,raze,3
3294.0,1,breach,1
3294.0,2,raze,26
3294.0,2,phoenix,8
3294.0,2,breach,8
3294.0,2,sova,1
3294.0,3,viper,7
3294.0,3,raze,7
3294.0,3,sova,6
3294.0,3,phoenix,4
3294.0,3,astra,4
3294.0,3,omen,3
3295.0,1,jett,3
3296.0,1,sova,3
3297.0,1,omen,4
3305.0,1,killjoy,1
3305.0,1,breach,1
3305.0,2,cypher,28
3305.0,2,killjoy,23
3305.0,2,jett,2
3305.0,2,reyna,1
3305.0,2,raze,1
3305.0,3,killjoy,8
3305.0,3,cypher,3
3305.0,3,sage,1
3305.0,3,reyna,1
3305.0,3,jett,1
3305.0,3,skye,1
3305.0,3,viper,1
3306.0,1,omen,1
3306.0,1,raze,1
3307.0,1,omen,1
3308.0,1,jett,1
3309.0,1,cypher,2
3310.0,1,sova,12
3311.0,1,jett,12
3312.0,1,omen,9
3312.0,1,phoenix,1
3312.0,1,breach,1
3313.0,1,phoenix,7
3313.0,1,reyna,3
3313.0,1,omen,2
3313.0,2,raze,9
3313.0,2,reyna,9
3313.0,2,phoenix,1
3314.0,1,cypher,12
3314.0,2,omen,4
3314.0,2,sova,2
3314.0,3,sova,5
3314.0,3,raze,2
3314.0,3,cypher,1
3317.0,1,jett,6
3317.0,1,raze,5
3317.0,1,cypher,4
3317.0,1,reyna,4
3317.0,1,omen,2
3317.0,2,jett,29
3317.0,2,reyna,2
3317.0,2,sage,2
3317.0,2,raze,1
3317.0,3,jett,6
3318.0,1,sage,11
3318.0,1,breach,4
3318.0,1,raze,3
3319.0,1,omen,2
3320.0,1,breach,2
3320.0,1,omen,1
3320.0,2,sova,11
3320.0,3,sova,16
3320.0,3,kayo,4
3321.0,1,jett,2
3324.0,1,raze,1
3324.0,1,jett,1
3330.0,1,sova,1
3331.0,1,phoenix,3
3331.0,1,breach,1
3332.0,1,cypher,4
3332.0,2,cypher,9
3332.0,2,killjoy,3
3332.0,2,skye,2
3332.0,2,sage,1
3333.0,1,jett,4
3333.0,2,jett,13
3333.0,2,raze,2
3334.0,1,omen,4
3334.0,2,sova,10
3334.0,2,sage,2
3335.0,2,sova,3
3341.0,1,omen,1
3342.0,1,killjoy,5
3342.0,1,cypher,4
3342.0,1,jett,2
3342.0,2,killjoy,22
3342.0,2,cypher,9
3342.0,2,viper,1
3342.0,3,killjoy,8
3342.0,3,jett,6
3342.0,3,cypher,3
3342.0,3,viper,1
3342.0,3,sage,1
3343.0,1,cypher,2
3344.0,1,omen,2
3344.0,2,omen,2
3345.0,1,raze,1
3345.0,1,breach,1
3345.0,2,breach,2
3346.0,1,sage,3
3346.0,1,sova,2
3346.0,1,raze,1
3346.0,2,astra,5
3346.0,2,jett,3
3346.0,2,viper,2
3346.0,2,raze,1
3346.0,2,breach,1
3346.0,3,omen,9
3346.0,3,astra,7
3346.0,3,viper,4
3347.0,1,brimstone,2
3347.0,1,phoenix,2
3348.0,1,jett,4
3349.0,1,sova,3
3349.0,1,breach,1
3352.0,1,omen,8
3352.0,1,jett,6
3352.0,1,sova,3
3352.0,2,astra,9
3352.0,2,jett,8
3352.0,2,omen,6
3352.0,2,brimstone,4
3352.0,2,viper,3
3352.0,2,sova,2
3352.0,2,sage,1
3352.0,2,raze,1
3352.0,3,astra,4
3352.0,3,viper,3
3352.0,3,cypher,1
3353.0,1,cypher,12
3353.0,1,killjoy,7
3353.0,1,sova,1
3353.0,2,sova,9
3353.0,2,cypher,8
3353.0,2,killjoy,8
3353.0,2,viper,3
3353.0,3,cypher,7
3353.0,3,killjoy,1
3353.0,3,viper,1
3354.0,1,breach,17
3358.0,1,jett,2
3358.0,1,raze,1
3363.0,1,cypher,3
3363.0,1,killjoy,2
3366.0,2,sage,1
3366.0,2,astra,1
3366.0,3,sage,1
3366.0,3,astra,1
3367.0,1,breach,3
3367.0,1,sova,1
3367.0,1,sage,1
3367.0,2,sova,2
3369.0,1,sova,2
3369.0,1,omen,1
3369.0,1,breach,1
3370.0,1,omen,2
3370.0,3,omen,2
3372.0,2,sova,3
3373.0,1,breach,1
3379.0,1,omen,8
3380.0,1,sova,8
3380.0,1,sage,1
3381.0,1,raze,4
3381.0,1,jett,2
3384.0,1,omen,2
3384.0,2,cypher,8
3384.0,2,killjoy,2
3384.0,2,omen,1
3384.0,2,brimstone,1
3384.0,3,viper,1
3384.0,3,cypher,1
3385.0,2,breach,1
3387.0,1,jett,19
3387.0,1,omen,2
3387.0,2,jett,10
3387.0,2,omen,5
3387.0,2,killjoy,5
3387.0,2,cypher,3
3387.0,2,viper,2
3387.0,2,skye,2
3387.0,3,jett,4
3387.0,3,sage,1
3388.0,1,cypher,1
3388.0,2,raze,4
3388.0,2,killjoy,1
3391.0,1,sova,1
3400.0,1,jett,12
3400.0,1,reyna,1
3400.0,1,cypher,1
3400.0,2,jett,9
3400.0,2,sage,2
3400.0,2,raze,2
3401.0,1,jett,24
3401.0,1,breach,12
3401.0,1,phoenix,8
3401.0,1,raze,2
3401.0,1,reyna,1
3401.0,2,jett,12
3401.0,2,astra,5
3401.0,2,raze,3
3401.0,2,yoru,1
3401.0,2,reyna,1
3401.0,3,breach,10
3401.0,3,skye,9
3401.0,3,raze,5
3401.0,3,jett,5
3401.0,3,kayo,5
3401.0,3,astra,2
3401.0,3,reyna,2
3401.0,3,phoenix,2
3401.0,3,killjoy,2
3401.0,3,viper,1
3401.0,3,omen,1
3401.0,3,cypher,1
3402.0,1,cypher,2
3402.0,1,omen,2
3403.0,1,raze,2
3403.0,1,killjoy,2
3404.0,1,reyna,2
3404.0,1,raze,2
3404.0,1,cypher,1
3406.0,2,jett,2
3412.0,1,jett,1
3428.0,1,omen,3
3428.0,2,omen,3
3428.0,2,brimstone,2
3429.0,1,jett,1
3429.0,2,jett,9
3429.0,2,raze,6
3429.0,2,killjoy,2
3429.0,3,jett,6
3429.0,3,raze,2
3430.0,1,omen,1
3432.0,1,killjoy,1
3432.0,2,sova,5
3432.0,2,breach,1
3433.0,2,sova,9
3433.0,2,killjoy,2
3433.0,3,sova,16
3433.0,3,cypher,5
3433.0,3,skye,4
3439.0,2,sova,3
3445.0,3,skye,1
3445.0,3,jett,1
3452.0,1,omen,2
3455.0,2,raze,2
3455.0,3,jett,2
3455.0,3,reyna,1
3455.0,3,raze,1
3458.0,2,killjoy,1
3458.0,2,cypher,1
3458.0,3,cypher,2
3458.0,3,viper,1
3458.0,3,killjoy,1
3461.0,2,omen,3
3461.0,2,brimstone,3
3473.0,1,jett,10
3473.0,2,jett,5
3473.0,3,jett,5
3473.0,3,reyna,1
3474.0,1,cypher,4
3475.0,1,breach,2
3475.0,1,omen,2
3476.0,1,omen,5
3476.0,1,phoenix,2
3476.0,1,brimstone,1
3476.0,2,omen,6
3476.0,2,sova,2
3476.0,2,astra,1
3477.0,1,sova,3
3477.0,1,sage,1
3477.0,2,sova,2
3480.0,1,breach,19
3480.0,1,omen,2
3480.0,1,cypher,1
3480.0,1,killjoy,1
3480.0,2,omen,5
3480.0,2,killjoy,4
3480.0,2,breach,2
3480.0,2,skye,1
3480.0,2,brimstone,1
3480.0,3,astra,8
3480.0,3,viper,7
3480.0,3,cypher,4
3480.0,3,killjoy,3
3480.0,3,sova,2
3480.0,3,breach,1
3481.0,1,raze,3
3481.0,1,jett,2
3481.0,1,breach,2
3481.0,2,raze,4
3481.0,2,breach,2
3481.0,2,jett,1
3481.0,3,viper,6
3481.0,3,killjoy,4
3481.0,3,omen,2
3481.0,3,raze,1
3482.0,1,sova,3
3482.0,1,cypher,2
3482.0,1,sage,1
3482.0,1,breach,1
3482.0,2,sova,6
3482.0,2,raze,1
3482.0,3,killjoy,4
3482.0,3,astra,3
3482.0,3,sova,2
3482.0,3,sage,2
3482.0,3,cypher,1
3482.0,3,omen,1
3483.0,1,omen,7
3484.0,1,cypher,4
3484.0,1,breach,2
3484.0,1,sage,1
3484.0,2,killjoy,4
3484.0,2,cypher,3
3485.0,1,raze,2
3485.0,1,jett,2
3485.0,1,reyna,1
3485.0,1,phoenix,1
3485.0,1,breach,1
3485.0,2,phoenix,5
3485.0,2,jett,2
3486.0,1,sova,2
3486.0,2,phoenix,1
3486.0,3,sage,1
3487.0,1,jett,3
3487.0,1,reyna,1
3487.0,1,phoenix,1
3487.0,2,jett,1
3488.0,1,brimstone,3
3488.0,1,omen,2
3488.0,2,omen,1
3488.0,3,brimstone,2
3488.0,3,sage,1
3488.0,3,astra,1
3489.0,1,cypher,5
3490.0,1,raze,3
3490.0,1,jett,2
3491.0,1,phoenix,2
3492.0,1,jett,2
3493.0,1,sage,2
3494.0,1,cypher,2
3495.0,1,omen,2
3496.0,1,killjoy,2
3497.0,1,omen,1
3497.0,1,brimstone,1
3498.0,1,reyna,2
3499.0,1,jett,2
3500.0,1,sova,2
3501.0,1,cypher,4
3501.0,2,killjoy,2
3501.0,2,cypher,2
3502.0,1,sova,5
3502.0,1,omen,1
3503.0,1,raze,6
3504.0,1,jett,6
3504.0,2,cypher,2
3504.0,2,viper,1
3505.0,1,omen,2
3505.0,1,brimstone,1
3505.0,1,breach,1
3506.0,1,phoenix,3
3506.0,3,omen,3
3506.0,3,sage,1
3507.0,1,omen,3
3507.0,1,raze,1
3507.0,1,jett,1
3507.0,2,jett,9
3507.0,2,reyna,1
3507.0,2,sage,1
3507.0,3,jett,24
3507.0,3,sage,14
3507.0,3,astra,5
3507.0,3,skye,2
3507.0,3,phoenix,1
3507.0,3,reyna,1
3508.0,1,raze,1
3508.0,1,killjoy,1
3508.0,1,cypher,1
3509.0,1,jett,3
3509.0,2,killjoy,3
3509.0,2,jett,3
3509.0,2,cypher,1
3509.0,2,breach,1
3510.0,1,cypher,2
3510.0,1,sova,1
3514.0,3,jett,14
3514.0,3,kayo,4
3516.0,1,sova,2
3517.0,1,raze,1
3517.0,1,jett,1
3517.0,3,killjoy,3
3517.0,3,jett,1
3517.0,3,breach,1
3517.0,3,raze,1
3517.0,3,viper,1
3518.0,1,brimstone,1
3518.0,1,omen,1
3519.0,1,reyna,1
3519.0,1,jett,1
3519.0,2,jett,2
3520.0,1,jett,4
3520.0,2,jett,25
3520.0,2,raze,4
3520.0,3,jett,29
3520.0,3,raze,2
3521.0,1,cypher,7
3521.0,2,killjoy,16
3521.0,2,astra,8
3521.0,2,cypher,4
3521.0,2,omen,1
3522.0,1,phoenix,1
3522.0,1,omen,1
3523.0,1,omen,1
3523.0,1,raze,1
3524.0,1,sova,2
3525.0,1,jett,2
3526.0,1,reyna,1
3526.0,1,brimstone,1
3527.0,1,sage,1
3527.0,1,phoenix,1
3528.0,1,cypher,2
3529.0,1,sova,2
3530.0,1,brimstone,1
3530.0,1,breach,1
3531.0,1,omen,4
3531.0,2,omen,9
3531.0,2,brimstone,5
3531.0,2,astra,2
3531.0,2,raze,1
3531.0,3,astra,20
3531.0,3,brimstone,4
3531.0,3,viper,3
3531.0,3,omen,3
3531.0,3,reyna,1
3532.0,1,sova,3
3532.0,1,cypher,1
3532.0,2,sova,13
3532.0,2,viper,2
3532.0,2,cypher,1
3532.0,2,killjoy,1
3532.0,3,sova,8
3532.0,3,skye,3
3532.0,3,sage,1
3532.0,3,phoenix,1
3533.0,1,breach,2
3533.0,1,cypher,1
3533.0,2,raze,8
3533.0,2,killjoy,5
3533.0,2,breach,3
3533.0,2,astra,1
3534.0,1,sage,1
3534.0,1,phoenix,1
3534.0,1,jett,1
3534.0,1,cypher,1
3534.0,2,phoenix,8
3534.0,2,sage,5
3534.0,2,reyna,3
3534.0,2,raze,1
3534.0,3,sage,13
3534.0,3,phoenix,9
3534.0,3,skye,5
3534.0,3,reyna,1
3534.0,3,jett,1
3535.0,2,viper,4
3535.0,2,skye,4
3536.0,2,sova,8
3536.0,2,skye,2
3536.0,3,sova,25
3536.0,3,skye,13
3536.0,3,breach,4
3536.0,3,sage,3
3537.0,2,reyna,1
3537.0,2,omen,1
3537.0,3,breach,23
3537.0,3,skye,9
3537.0,3,killjoy,7
3537.0,3,sage,4
3537.0,3,kayo,2
3538.0,2,raze,1
3538.0,2,breach,1
3539.0,1,jett,2
3540.0,1,cypher,2
3541.0,1,sova,1
3541.0,1,sage,1
3542.0,1,omen,2
3547.0,2,jett,30
3547.0,3,jett,27
3549.0,1,omen,9
3550.0,1,killjoy,2
3550.0,1,cypher,2
3551.0,1,raze,4
3551.0,3,viper,1
3551.0,3,jett,1
3552.0,1,jett,4
3552.0,1,reyna,3
3552.0,1,raze,3
3552.0,3,jett,14
3553.0,1,killjoy,6
3553.0,1,cypher,5
3553.0,2,sova,6
3553.0,2,sage,4
3553.0,3,sova,2
3553.0,3,sage,1
3554.0,1,cypher,5
3554.0,1,killjoy,3
3554.0,1,omen,3
3555.0,1,sage,4
3555.0,1,omen,4
3555.0,1,breach,3
3556.0,1,jett,14
3556.0,2,jett,15
3556.0,2,sage,2
3556.0,3,jett,8
3557.0,1,sova,4
3557.0,1,sage,2
3557.0,1,reyna,2
3557.0,1,phoenix,2
3557.0,1,raze,1
3557.0,2,sova,2
3557.0,2,sage,1
3557.0,3,skye,11
3557.0,3,sage,10
3557.0,3,kayo,6
3557.0,3,sova,4
3557.0,3,reyna,3
3557.0,3,breach,1
3563.0,1,omen,2
3563.0,2,omen,3
3563.0,2,brimstone,1
3569.0,2,killjoy,2
3569.0,2,cypher,1
3576.0,1,omen,1
3579.0,1,sova,2
3579.0,1,cypher,2
3579.0,1,omen,1
3579.0,3,astra,2
3579.0,3,viper,1
3580.0,1,omen,6
3580.0,2,omen,7
3580.0,2,brimstone,1
3580.0,2,astra,1
3580.0,3,jett,3
3582.0,1,jett,3
3582.0,1,raze,2
3582.0,2,jett,13
3582.0,2,sage,1
3582.0,3,jett,35
3582.0,3,skye,7
3582.0,3,sage,1
3582.0,3,reyna,1
3582.0,3,breach,1
3583.0,1,killjoy,3
3583.0,1,breach,2
3589.0,1,sova,5
3589.0,1,cypher,2
3589.0,2,sova,8
3589.0,2,breach,4
3590.0,1,omen,2
3590.0,2,omen,9
3590.0,2,sage,4
3590.0,2,brimstone,1
3590.0,2,breach,1
3591.0,1,sova,2
3592.0,1,jett,18
3592.0,1,killjoy,5
3592.0,1,cypher,2
3592.0,2,brimstone,4
3592.0,2,omen,3
3592.0,3,sova,3
3592.0,3,viper,2
3592.0,3,sage,2
3592.0,3,killjoy,2
3592.0,3,skye,1
3592.0,3,reyna,1
3593.0,1,breach,2
3593.0,3,jett,3
3594.0,1,sova,1
3594.0,1,jett,1
3594.0,3,sova,11
3594.0,3,breach,5
3595.0,1,omen,1
3595.0,1,killjoy,1
3596.0,1,sage,6
3596.0,1,raze,3
3596.0,1,omen,3
3596.0,1,breach,1
3596.0,3,sage,12
3596.0,3,raze,10
3596.0,3,killjoy,4
3596.0,3,viper,2
3596.0,3,sova,2
3597.0,1,reyna,1
3597.0,1,jett,1
3598.0,1,sova,1
3598.0,1,cypher,1
3599.0,1,raze,3
3599.0,1,reyna,2
3599.0,2,sage,2
3599.0,3,sova,3
3599.0,3,sage,2
3599.0,3,raze,2
3600.0,1,breach,8
3600.0,1,viper,2
3600.0,2,breach,4
3600.0,2,sage,1
3601.0,1,jett,13
3601.0,3,sage,2
3601.0,3,jett,1
3601.0,3,killjoy,1
3602.0,1,sova,11
3602.0,1,raze,3
3602.0,1,killjoy,1
3602.0,1,breach,1
3602.0,2,jett,4
3602.0,3,jett,4
3602.0,3,kayo,1
3604.0,1,sage,10
3604.0,1,killjoy,9
3604.0,1,cypher,4
3604.0,1,reyna,3
3604.0,1,raze,2
3604.0,1,breach,2
3604.0,1,omen,1
3604.0,2,cypher,16
3604.0,2,killjoy,8
3604.0,2,sage,2
3604.0,3,killjoy,26
3604.0,3,cypher,11
3604.0,3,viper,6
3604.0,3,raze,1
3605.0,2,sova,3
3605.0,3,sova,18
3605.0,3,breach,6
3605.0,3,sage,2
3605.0,3,skye,1
3605.0,3,killjoy,1
3606.0,1,sova,1
3607.0,1,breach,5
3607.0,2,breach,9
3607.0,2,viper,1
3607.0,3,breach,23
3607.0,3,sage,16
3612.0,2,sova,10
3612.0,2,omen,1
3612.0,2,breach,1
3612.0,3,astra,2
3615.0,1,cypher,5
3616.0,1,breach,3
3616.0,3,astra,9
3616.0,3,killjoy,3
3616.0,3,sage,1
3617.0,1,sova,2
3617.0,1,raze,1
3617.0,3,killjoy,1
3617.0,3,brimstone,1
3617.0,3,breach,1
3617.0,3,astra,1
3618.0,1,cypher,3
3618.0,3,killjoy,12
3618.0,3,viper,4
3618.0,3,sage,1
3619.0,1,jett,11
3619.0,1,omen,9
3619.0,1,reyna,5
3619.0,2,jett,7
3619.0,2,sage,4
3619.0,2,phoenix,2
3619.0,2,omen,2
3619.0,2,reyna,1
3619.0,3,jett,14
3619.0,3,sage,1
3619.0,3,killjoy,1
3620.0,1,omen,3
3621.0,1,killjoy,1
3622.0,1,omen,7
3622.0,1,breach,4
3622.0,2,omen,9
3622.0,2,skye,7
3622.0,2,breach,6
3622.0,2,viper,6
3622.0,2,phoenix,3
3622.0,3,breach,29
3622.0,3,viper,22
3622.0,3,astra,6
3622.0,3,omen,4
3622.0,3,skye,4
3622.0,3,reyna,1
3623.0,1,jett,1
3624.0,1,raze,1
3625.0,1,omen,1
3626.0,1,cypher,6
3626.0,1,killjoy,2
3626.0,1,phoenix,1
3626.0,2,astra,9
3626.0,2,killjoy,7
3626.0,2,cypher,6
3626.0,2,sage,6
3626.0,2,viper,3
3626.0,3,astra,19
3626.0,3,cypher,15
3626.0,3,sage,13
3626.0,3,viper,11
3626.0,3,killjoy,8
3627.0,1,cypher,8
3627.0,1,omen,2
3627.0,1,killjoy,1
3627.0,2,astra,19
3627.0,2,viper,4
3627.0,2,sova,1
3627.0,3,astra,36
3627.0,3,viper,22
3627.0,3,cypher,10
3627.0,3,killjoy,2
3628.0,1,reyna,2
3628.0,1,raze,2
3628.0,1,jett,1
3628.0,2,jett,21
3628.0,2,reyna,3
3628.0,2,phoenix,2
3628.0,2,raze,2
3628.0,2,sage,1
3628.0,3,jett,44
3629.0,1,sova,11
3629.0,2,sova,29
3629.0,2,breach,2
3629.0,3,sova,55
3629.0,3,breach,10
3629.0,3,cypher,1
3630.0,1,omen,4
3630.0,1,cypher,3
3630.0,1,phoenix,2
3630.0,1,reyna,2
3630.0,2,killjoy,15
3630.0,2,raze,4
3630.0,2,omen,4
3630.0,2,brimstone,3
3630.0,2,reyna,2
3630.0,2,phoenix,2
3630.0,2,sage,1
3630.0,3,killjoy,32
3630.0,3,raze,10
3630.0,3,astra,9
3630.0,3,skye,8
3630.0,3,brimstone,6
3630.0,3,kayo,1
3631.0,1,cypher,3
3632.0,1,omen,2
3632.0,1,phoenix,1
3632.0,2,raze,6
3632.0,2,phoenix,3
3632.0,2,reyna,1
3632.0,3,raze,3
3632.0,3,skye,2
3632.0,3,reyna,1
3633.0,1,sova,2
3633.0,1,killjoy,1
3634.0,1,jett,2
3634.0,1,raze,1
3634.0,2,raze,6
3634.0,2,reyna,4
3634.0,2,jett,2
3634.0,2,sage,1
3635.0,1,phoenix,2
3635.0,1,omen,1
3635.0,2,skye,2
3635.0,3,reyna,2
3635.0,3,skye,1
3637.0,3,astra,3
3638.0,1,jett,5
3638.0,2,jett,8
3638.0,2,sage,4
3638.0,3,jett,7
3638.0,3,sage,2
3639.0,3,sage,1
3639.0,3,kayo,1
3639.0,3,breach,1
3640.0,1,breach,4
3640.0,1,sova,1
3640.0,2,sova,15
3640.0,2,breach,6
3640.0,2,skye,1
3640.0,3,sova,7
3640.0,3,skye,2
3642.0,2,jett,9
3642.0,2,raze,2
3642.0,3,skye,3
3642.0,3,sova,1
3642.0,3,jett,1
3645.0,1,sova,1
3645.0,2,sova,1
3645.0,2,sage,1
3649.0,1,cypher,2
3649.0,2,cypher,2
3649.0,2,killjoy,1
3653.0,2,sova,2
3654.0,1,omen,4
3654.0,1,breach,4
3654.0,1,phoenix,2
3654.0,1,sage,2
3654.0,2,astra,3
3654.0,2,omen,2
3654.0,2,viper,1
3654.0,3,astra,3
3654.0,3,sova,1
3654.0,3,brimstone,1
3655.0,1,raze,6
3655.0,1,reyna,6
3655.0,2,reyna,2
3655.0,2,raze,2
3655.0,3,jett,11
3655.0,3,sage,6
3655.0,3,reyna,2
3655.0,3,phoenix,2
3655.0,3,yoru,1
3655.0,3,raze,1
3656.0,1,sova,3
3656.0,2,viper,1
3656.0,2,sova,1
3656.0,3,sova,5
3662.0,1,raze,2
3662.0,1,omen,1
3662.0,2,jett,5
3662.0,2,reyna,2
3662.0,2,yoru,1
3662.0,2,phoenix,1
3662.0,3,jett,8
3662.0,3,raze,2
3664.0,1,skye,2
3664.0,1,sova,1
3664.0,2,sova,1
3665.0,2,jett,2
3665.0,2,raze,1
3666.0,2,sova,4
3666.0,3,sova,5
3666.0,3,sage,2
3666.0,3,skye,1
3666.0,3,breach,1
3666.0,3,astra,1
3667.0,2,killjoy,1
3667.0,2,sage,1
3667.0,2,skye,1
3667.0,3,viper,1
3667.0,3,sage,1
3669.0,2,raze,2
3669.0,2,sage,1
3669.0,3,jett,2
3670.0,1,raze,5
3670.0,1,jett,1
3670.0,3,raze,2
3671.0,1,sova,6
3671.0,2,sova,3
3671.0,2,sage,3
3672.0,1,omen,6
3672.0,2,omen,17
3672.0,2,brimstone,11
3672.0,2,viper,7
3672.0,2,astra,4
3672.0,2,sage,1
3672.0,3,brimstone,9
3672.0,3,sova,7
3672.0,3,omen,6
3672.0,3,viper,4
3672.0,3,breach,3
3672.0,3,sage,1
3672.0,3,kayo,1
3673.0,3,sage,1
3673.0,3,killjoy,1
3674.0,1,killjoy,5
3674.0,1,cypher,1
3674.0,2,sova,6
3674.0,2,killjoy,2
3674.0,3,killjoy,4
3674.0,3,cypher,2
3674.0,3,brimstone,1
3675.0,1,raze,8
3675.0,1,jett,5
3675.0,1,cypher,2
3675.0,1,phoenix,1
3675.0,3,raze,1
3675.0,3,jett,1
3677.0,2,omen,10
3677.0,2,astra,9
3677.0,2,jett,1
3677.0,2,brimstone,1
3677.0,3,jett,6
3677.0,3,sage,2
3677.0,3,omen,2
3677.0,3,brimstone,2
3677.0,3,astra,1
3678.0,1,cypher,21
3678.0,1,killjoy,2
3678.0,2,cypher,27
3678.0,2,omen,24
3678.0,2,killjoy,17
3678.0,3,sage,5
3678.0,3,killjoy,2
3679.0,1,omen,5
3679.0,1,jett,4
3679.0,1,raze,1
3679.0,2,killjoy,42
3679.0,2,cypher,6
3679.0,2,skye,4
3679.0,2,sova,2
3679.0,3,killjoy,24
3679.0,3,jett,12
3679.0,3,raze,4
3679.0,3,viper,4
3679.0,3,skye,3
3680.0,1,jett,4
3680.0,1,breach,4
3680.0,1,raze,3
3680.0,1,omen,2
3680.0,1,phoenix,1
3680.0,2,raze,10
3680.0,2,breach,4
3680.0,2,phoenix,1
3680.0,2,sage,1
3681.0,1,sova,23
3681.0,1,omen,6
3681.0,1,killjoy,1
3681.0,1,brimstone,1
3681.0,2,sova,41
3681.0,2,astra,7
3681.0,3,sova,32
3681.0,3,skye,1
3681.0,3,sage,1
3682.0,1,omen,3
3682.0,2,omen,2
3682.0,2,sova,1
3682.0,3,sova,9
3682.0,3,viper,1
3682.0,3,astra,1
3683.0,2,jett,2
3683.0,3,jett,6
3684.0,1,jett,7
3684.0,1,raze,2
3684.0,2,jett,15
3684.0,2,sova,13
3684.0,2,sage,3
3684.0,2,skye,1
3684.0,2,raze,1
3684.0,2,phoenix,1
3685.0,2,sova,7
3685.0,2,cypher,6
3685.0,2,killjoy,5
3685.0,2,viper,3
3685.0,2,skye,2
3685.0,2,breach,1
3685.0,2,sage,1
3685.0,3,astra,8
3685.0,3,sova,7
3685.0,3,sage,6
3685.0,3,viper,3
3685.0,3,kayo,1
3685.0,3,skye,1
3686.0,1,sova,12
3686.0,1,jett,2
3686.0,1,sage,1
3686.0,1,breach,1
3686.0,2,sova,21
3686.0,2,raze,2
3686.0,2,viper,1
3687.0,1,breach,8
3687.0,1,phoenix,5
3687.0,1,raze,5
3687.0,1,jett,1
3687.0,2,astra,8
3687.0,2,killjoy,3
3687.0,2,omen,1
3687.0,3,astra,25
3687.0,3,viper,15
3687.0,3,sova,9
3687.0,3,sage,8
3687.0,3,omen,8
3687.0,3,brimstone,4
3687.0,3,killjoy,1
3688.0,1,raze,7
3688.0,1,breach,1
3688.0,2,astra,12
3688.0,2,omen,6
3688.0,2,skye,4
3688.0,2,viper,3
3688.0,2,brimstone,2
3688.0,2,sage,2
3688.0,2,raze,1
3688.0,2,killjoy,1
3688.0,3,viper,27
3688.0,3,astra,10
3688.0,3,cypher,8
3688.0,3,killjoy,5
3689.0,1,cypher,8
3689.0,1,killjoy,5
3689.0,1,phoenix,1
3689.0,3,killjoy,12
3689.0,3,cypher,7
3689.0,3,raze,2
3689.0,3,chamber,2
3689.0,3,astra,2
3689.0,3,viper,1
3690.0,1,jett,8
3690.0,2,jett,1
3690.0,2,raze,1
3690.0,3,jett,5
3690.0,3,raze,1
3691.0,1,phoenix,5
3691.0,1,sova,2
3691.0,1,breach,2
3691.0,2,reyna,2
3691.0,2,phoenix,2
3691.0,2,breach,1
3692.0,1,breach,5
3692.0,1,sova,2
3693.0,1,cypher,9
3693.0,2,cypher,11
3693.0,2,killjoy,6
3694.0,1,omen,5
3694.0,3,astra,2
3694.0,3,kayo,1
3695.0,1,jett,4
3702.0,1,reyna,12
3702.0,1,phoenix,8
3702.0,1,cypher,2
3702.0,2,reyna,5
3702.0,2,jett,1
3702.0,2,cypher,1
3702.0,3,jett,8
3702.0,3,sova,7
3702.0,3,sage,3
3702.0,3,skye,1
3702.0,3,phoenix,1
3703.0,1,raze,1
3703.0,1,phoenix,1
3703.0,2,sova,2
3703.0,2,reyna,2
3703.0,2,phoenix,1
3703.0,2,raze,1
3703.0,3,skye,6
3703.0,3,jett,4
3703.0,3,astra,3
3703.0,3,raze,2
3703.0,3,sage,1
3705.0,2,sova,3
3705.0,3,sova,2
3705.0,3,omen,1
3705.0,3,astra,1
3706.0,1,omen,11
3706.0,1,jett,8
3706.0,1,reyna,5
3706.0,2,omen,7
3706.0,2,jett,5
3706.0,3,viper,18
3706.0,3,omen,5
3706.0,3,sova,5
3706.0,3,breach,2
3706.0,3,skye,1
3706.0,3,killjoy,1
3707.0,1,raze,5
3707.0,1,jett,4
3707.0,1,cypher,3
3707.0,1,phoenix,3
3707.0,2,phoenix,2
3707.0,2,reyna,1
3707.0,2,raze,1
3708.0,1,cypher,4
3708.0,1,phoenix,2
3708.0,2,omen,4
3708.0,2,phoenix,2
3709.0,1,omen,9
3709.0,1,jett,6
3709.0,2,raze,5
3709.0,2,jett,1
3710.0,1,sova,8
3710.0,1,reyna,6
3710.0,1,jett,1
3710.0,2,sova,5
3710.0,2,reyna,1
3711.0,1,omen,6
3711.0,1,phoenix,4
3711.0,1,breach,3
3711.0,1,reyna,1
3711.0,1,sage,1
3711.0,2,sage,1
3711.0,2,reyna,1
3711.0,2,jett,1
3712.0,1,omen,9
3712.0,2,astra,2
3712.0,3,sova,8
3712.0,3,viper,2
3712.0,3,cypher,2
3712.0,3,astra,2
3712.0,3,chamber,1
3712.0,3,breach,1
3713.0,2,jett,1
3714.0,2,phoenix,2
3714.0,2,reyna,1
3717.0,2,breach,4
3717.0,2,viper,1
3717.0,2,phoenix,1
3717.0,2,omen,1
3718.0,1,omen,4
3718.0,1,reyna,2
3718.0,1,phoenix,2
3718.0,2,phoenix,4
3718.0,2,raze,3
3718.0,2,sova,1
3718.0,2,omen,1
3718.0,2,jett,1
3718.0,3,cypher,7
3718.0,3,omen,7
3718.0,3,skye,7
3718.0,3,reyna,7
3718.0,3,killjoy,4
3718.0,3,sova,3
3718.0,3,kayo,2
3718.0,3,viper,2
3718.0,3,sage,1
3718.0,3,raze,1
3718.0,3,astra,1
3719.0,1,killjoy,4
3719.0,1,cypher,2
3719.0,1,breach,1
3719.0,1,sova,1
3719.0,2,killjoy,2
3719.0,2,cypher,1
3719.0,3,killjoy,4
3719.0,3,cypher,3
3719.0,3,astra,2
3719.0,3,sage,1
3720.0,1,omen,2
3720.0,2,omen,5
3720.0,2,viper,1
3720.0,3,reyna,1
3720.0,3,omen,1
3722.0,1,jett,11
3722.0,1,reyna,2
3722.0,1,killjoy,2
3722.0,1,raze,1
3722.0,2,jett,28
3722.0,2,sage,4
3722.0,2,raze,2
3722.0,2,killjoy,2
3722.0,2,viper,1
3722.0,2,reyna,1
3722.0,3,jett,46
3722.0,3,omen,10
3722.0,3,viper,2
3722.0,3,killjoy,1
3722.0,3,raze,1
3723.0,1,cypher,1
3723.0,1,killjoy,1
3724.0,1,sova,2
3724.0,1,raze,1
3724.0,1,jett,1
3725.0,3,phoenix,3
3725.0,3,raze,1
3725.0,3,jett,1
3726.0,1,reyna,4
3726.0,1,omen,2
3726.0,1,raze,1
3726.0,1,brimstone,1
3726.0,2,yoru,1
3726.0,2,reyna,1
3726.0,2,omen,1
3726.0,3,jett,11
3726.0,3,sova,8
3726.0,3,reyna,2
3726.0,3,kayo,1
3726.0,3,skye,1
3726.0,3,yoru,1
3727.0,1,cypher,19
3727.0,1,viper,2
3727.0,2,killjoy,13
3727.0,2,cypher,13
3727.0,2,raze,9
3727.0,2,viper,8
3727.0,2,reyna,7
3727.0,2,jett,3
3727.0,2,sage,3
3727.0,2,skye,2
3727.0,3,killjoy,10
3727.0,3,sage,8
3727.0,3,cypher,6
3727.0,3,astra,6
3727.0,3,viper,2
3728.0,1,breach,18
3728.0,1,phoenix,10
3728.0,3,sova,3
3728.0,3,skye,1
3728.0,3,kayo,1
3728.0,3,chamber,1
3731.0,2,omen,2
3732.0,1,reyna,1
3732.0,1,breach,1
3732.0,2,sova,6
3732.0,2,jett,2
3732.0,2,sage,1
3732.0,2,reyna,1
3732.0,2,omen,1
3732.0,2,breach,1
3732.0,3,kayo,4
3732.0,3,skye,2
3733.0,1,sova,5
3733.0,1,cypher,1
3733.0,1,breach,1
3733.0,2,killjoy,4
3734.0,1,omen,16
3734.0,2,omen,3
3734.0,2,astra,1
3734.0,3,astra,4
3734.0,3,omen,2
3735.0,1,jett,1
3735.0,1,cypher,1
3736.0,1,breach,1
3736.0,1,phoenix,1
3737.0,2,jett,3
3737.0,3,killjoy,3
3737.0,3,jett,2
3737.0,3,cypher,1
3738.0,1,cypher,1
3739.0,2,omen,1
3741.0,1,raze,7
3741.0,1,reyna,4
3741.0,1,jett,2
3741.0,1,viper,1
3741.0,2,sage,2
3741.0,2,reyna,2
3741.0,2,jett,2
3741.0,2,cypher,2
3741.0,2,viper,1
3741.0,3,jett,15
3741.0,3,cypher,2
3741.0,3,viper,1
3741.0,3,reyna,1
3742.0,2,cypher,6
3742.0,2,sage,2
3742.0,2,killjoy,1
3742.0,3,jett,1
3742.0,3,sova,1
3742.0,3,breach,1
3744.0,1,brimstone,6
3744.0,2,brimstone,18
3744.0,2,viper,2
3745.0,1,breach,6
3745.0,2,raze,16
3745.0,2,breach,10
3745.0,2,phoenix,4
3745.0,2,jett,3
3745.0,3,raze,5
3745.0,3,jett,3
3745.0,3,phoenix,1
3746.0,1,sova,6
3746.0,2,sova,32
3746.0,2,sage,1
3746.0,3,sova,7
3746.0,3,breach,2
3747.0,1,killjoy,6
3747.0,2,killjoy,26
3747.0,2,skye,4
3747.0,2,sage,2
3747.0,2,cypher,1
3747.0,3,killjoy,7
3747.0,3,breach,2
3749.0,1,cypher,8
3749.0,1,killjoy,5
3750.0,1,raze,4
3750.0,1,omen,1
3751.0,1,jett,4
3751.0,1,cypher,2
3751.0,1,reyna,1
3752.0,1,omen,5
3752.0,1,sova,4
3752.0,1,raze,2
3752.0,1,cypher,1
3752.0,2,omen,3
3752.0,2,sova,1
3752.0,2,breach,1
3752.0,3,killjoy,2
3752.0,3,cypher,2
3752.0,3,sage,1
3753.0,1,phoenix,6
3753.0,1,breach,3
3753.0,1,omen,1
3753.0,2,breach,8
3753.0,2,phoenix,5
3753.0,2,brimstone,5
3753.0,2,reyna,3
3753.0,2,omen,3
3753.0,2,sage,2
3753.0,2,skye,1
3753.0,3,skye,17
3753.0,3,brimstone,11
3753.0,3,omen,4
3753.0,3,reyna,4
3753.0,3,phoenix,4
3753.0,3,sage,3
3753.0,3,killjoy,2
3753.0,3,breach,1
3754.0,1,sova,12
3754.0,1,jett,2
3754.0,1,raze,1
3754.0,2,sova,14
3754.0,2,raze,6
3754.0,2,sage,1
3754.0,3,sova,7
3754.0,3,sage,1
3754.0,3,raze,1
3756.0,1,omen,13
3756.0,1,cypher,1
3756.0,1,breach,1
3756.0,2,omen,7
3756.0,2,cypher,4
3756.0,2,killjoy,3
3756.0,2,sage,3
3756.0,2,sova,2
3756.0,2,skye,1
3756.0,2,phoenix,1
3757.0,1,omen,9
3757.0,1,raze,7
3757.0,1,phoenix,2
3757.0,1,breach,1
3757.0,2,sova,33
3757.0,2,omen,3
3757.0,2,breach,2
3757.0,2,sage,1
3757.0,2,phoenix,1
3757.0,3,sova,26
3757.0,3,omen,5
3757.0,3,skye,5
3758.0,1,sova,15
3758.0,1,viper,3
3758.0,2,astra,9
3758.0,3,sova,7
3758.0,3,killjoy,4
3758.0,3,viper,4
3758.0,3,astra,3
3758.0,3,cypher,1
3762.0,1,sova,4
3762.0,2,sova,4
3762.0,2,cypher,3
3762.0,2,skye,2
3762.0,2,killjoy,1
3762.0,3,sova,3
3762.0,3,cypher,2
3762.0,3,kayo,1
3763.0,1,cypher,8
3763.0,1,sova,3
3764.0,1,sova,8
3764.0,2,sova,8
3764.0,2,sage,4
3764.0,2,breach,1
3764.0,2,jett,1
3766.0,2,omen,2
3766.0,2,killjoy,2
3766.0,2,brimstone,1
3767.0,1,sage,1
3767.0,2,killjoy,4
3767.0,2,omen,3
3768.0,1,killjoy,1
3768.0,1,cypher,1
3768.0,3,killjoy,11
3768.0,3,cypher,4
3769.0,1,jett,2
3769.0,3,jett,16
3769.0,3,sage,1
3769.0,3,reyna,1
3769.0,3,kayo,1
3771.0,1,raze,1
3771.0,1,breach,1
3771.0,3,sage,9
3771.0,3,raze,6
3773.0,1,breach,2
3773.0,2,raze,8
3773.0,2,sage,2
3780.0,2,omen,17
3780.0,2,sage,6
3780.0,2,brimstone,6
3780.0,2,astra,6
3780.0,3,sova,3
3780.0,3,sage,3
3780.0,3,omen,3
3780.0,3,brimstone,1
3780.0,3,astra,1
3784.0,2,raze,34
3784.0,2,skye,1
3784.0,3,kayo,5
3784.0,3,reyna,3
3784.0,3,yoru,3
3784.0,3,skye,2
3784.0,3,jett,2
3784.0,3,raze,1
3784.0,3,sova,1
3793.0,1,jett,7
3793.0,1,killjoy,2
3793.0,1,reyna,1
3793.0,1,cypher,1
3793.0,2,raze,6
3793.0,2,killjoy,1
3793.0,2,jett,1
3793.0,2,cypher,1
3793.0,3,skye,6
3793.0,3,sova,3
3793.0,3,killjoy,3
3793.0,3,viper,1
3793.0,3,sage,1
3799.0,1,sova,1
3799.0,2,sova,2
3800.0,1,jett,1
3800.0,2,jett,2
3801.0,1,brimstone,1
3801.0,2,omen,1
3801.0,2,brimstone,1
3802.0,1,sage,1
3802.0,2,sage,1
3802.0,2,breach,1
3803.0,1,breach,1
3803.0,2,killjoy,2
3804.0,1,reyna,1
3805.0,1,sova,15
3805.0,1,sage,1
3805.0,1,breach,1
3805.0,2,sova,14
3805.0,2,sage,5
3805.0,2,breach,3
3805.0,2,skye,1
3805.0,3,breach,5
3805.0,3,sova,4
3805.0,3,skye,2
3806.0,1,omen,16
3806.0,1,viper,1
3806.0,2,omen,11
3806.0,2,viper,10
3806.0,2,astra,2
3806.0,3,viper,10
3806.0,3,astra,7
3806.0,3,omen,7
3806.0,3,sova,2
3807.0,1,raze,14
3807.0,1,reyna,3
3807.0,2,raze,15
3807.0,2,sage,7
3807.0,2,jett,1
3807.0,3,sage,15
3807.0,3,raze,5
3807.0,3,yoru,3
3807.0,3,viper,2
3815.0,3,jett,2
3817.0,1,breach,2
3817.0,1,omen,1
3817.0,1,brimstone,1
3817.0,2,skye,10
3817.0,2,sage,8
3817.0,2,breach,7
3817.0,2,brimstone,5
3817.0,2,reyna,1
3817.0,2,killjoy,1
3817.0,3,skye,4
3817.0,3,sage,2
3818.0,1,killjoy,2
3818.0,1,cypher,2
3818.0,2,viper,16
3818.0,2,cypher,13
3818.0,2,killjoy,3
3818.0,3,viper,4
3818.0,3,cypher,2
3819.0,1,jett,9
3819.0,1,sage,1
3819.0,2,jett,8
3819.0,2,sage,2
3819.0,3,jett,7
3819.0,3,sage,3
3822.0,1,raze,2
3822.0,1,sova,1
3822.0,2,raze,2
3822.0,2,breach,1
3822.0,2,reyna,1
3823.0,1,jett,3
3825.0,1,omen,6
3825.0,3,viper,1
3825.0,3,omen,1
3825.0,3,astra,1
3826.0,1,sova,6
3826.0,2,sova,28
3826.0,2,reyna,3
3826.0,2,sage,2
3826.0,2,omen,1
3826.0,2,breach,1
3826.0,3,sova,16
3826.0,3,reyna,10
3826.0,3,breach,3
3828.0,1,jett,6
3828.0,2,jett,30
3828.0,2,skye,3
3828.0,2,sage,1
3828.0,2,reyna,1
3828.0,3,jett,17
3828.0,3,sage,6
3828.0,3,skye,5
3828.0,3,raze,1
3829.0,1,raze,3
3829.0,1,phoenix,2
3829.0,1,reyna,1
3829.0,2,raze,1
3830.0,1,killjoy,4
3830.0,1,cypher,1
3830.0,1,breach,1
3831.0,1,jett,6
3832.0,1,killjoy,1
3834.0,1,raze,2
3834.0,1,omen,2
3835.0,1,sova,8
3836.0,1,reyna,3
3836.0,1,breach,1
3837.0,1,killjoy,6
3838.0,1,jett,9
3838.0,2,jett,3
3839.0,1,sova,7
3839.0,1,viper,2
3839.0,2,sova,3
3840.0,1,cypher,9
3841.0,1,omen,9
3842.0,1,killjoy,2
3842.0,1,breach,1
3843.0,1,omen,2
3843.0,1,jett,1
3844.0,1,sova,2
3844.0,1,killjoy,2
3845.0,1,jett,2
3845.0,1,viper,1
3845.0,1,raze,1
3846.0,1,cypher,3
3847.0,1,jett,2
3847.0,1,omen,1
3848.0,1,omen,2
3848.0,1,killjoy,1
3849.0,1,reyna,1
3849.0,1,jett,1
3851.0,1,sage,1
3851.0,1,breach,1
3852.0,1,sova,1
3852.0,1,killjoy,1
3853.0,1,omen,1
3853.0,1,raze,1
3854.0,1,sova,7
3855.0,1,omen,2
3855.0,1,brimstone,1
3855.0,1,viper,1
3856.0,1,raze,6
3856.0,1,sage,1
3857.0,1,omen,3
3857.0,1,cypher,1
3858.0,1,reyna,4
3858.0,1,phoenix,2
3858.0,1,raze,1
3859.0,1,reyna,4
3859.0,1,raze,2
3859.0,1,sage,1
3860.0,1,omen,7
3860.0,1,raze,1
3860.0,2,killjoy,4
3860.0,2,cypher,2
3860.0,2,viper,1
3860.0,3,sage,1
3860.0,3,killjoy,1
3861.0,1,jett,3
3861.0,1,cypher,1
3862.0,1,sova,4
3862.0,1,omen,3
3862.0,3,jett,2
3862.0,3,raze,2
3873.0,2,cypher,2
3873.0,2,phoenix,1
3873.0,3,sage,9
3873.0,3,viper,3
3873.0,3,raze,3
3873.0,3,skye,1
3873.0,3,killjoy,1
3873.0,3,kayo,1
3873.0,3,cypher,1
3874.0,2,sova,3
3874.0,3,sova,8
3874.0,3,skye,4
3874.0,3,killjoy,2
3874.0,3,sage,1
3875.0,1,jett,1
3875.0,1,breach,1
3875.0,2,jett,6
3875.0,2,raze,1
3875.0,3,reyna,1
3875.0,3,jett,1
3876.0,3,viper,1
3876.0,3,astra,1
3878.0,3,raze,1
3878.0,3,sage,1
3879.0,1,cypher,2
3879.0,2,phoenix,9
3879.0,2,reyna,6
3879.0,2,cypher,1
3879.0,3,cypher,2
3879.0,3,viper,1
3879.0,3,killjoy,1
3880.0,1,omen,23
3880.0,2,omen,4
3880.0,2,brimstone,3
3880.0,2,astra,3
3880.0,2,raze,2
3880.0,2,phoenix,1
3880.0,3,astra,22
3880.0,3,raze,11
3880.0,3,reyna,10
3880.0,3,skye,9
3880.0,3,sage,5
3880.0,3,phoenix,2
3880.0,3,omen,2
3882.0,1,jett,24
3882.0,2,jett,18
3882.0,2,raze,7
3882.0,2,viper,1
3882.0,3,jett,18
3882.0,3,killjoy,5
3882.0,3,raze,3
3882.0,3,sage,3
3882.0,3,astra,1
3883.0,1,omen,4
3883.0,1,cypher,3
3883.0,1,raze,1
3883.0,1,phoenix,1
3883.0,2,omen,4
3883.0,2,raze,3
3883.0,2,killjoy,1
3883.0,2,cypher,1
3883.0,2,breach,1
3883.0,3,sova,21
3883.0,3,killjoy,5
3883.0,3,skye,2
3883.0,3,phoenix,1
3883.0,3,reyna,1
3884.0,1,omen,4
3884.0,2,omen,3
3884.0,2,reyna,2
3884.0,2,phoenix,2
3884.0,2,cypher,2
3884.0,2,sage,1
3884.0,2,killjoy,1
3884.0,3,skye,6
3884.0,3,omen,4
3884.0,3,raze,3
3884.0,3,sage,2
3884.0,3,reyna,2
3884.0,3,killjoy,2
3884.0,3,sova,2
3884.0,3,kayo,1
3884.0,3,cypher,1
3885.0,1,omen,2
3885.0,2,astra,25
3885.0,2,omen,19
3885.0,2,viper,8
3885.0,2,brimstone,4
3885.0,2,cypher,3
3885.0,3,astra,37
3885.0,3,viper,24
3886.0,3,astra,1
3888.0,2,breach,1
3888.0,2,sage,1
3889.0,1,jett,7
3889.0,1,raze,1
3889.0,2,jett,32
3889.0,2,sage,3
3889.0,2,raze,1
3889.0,3,sova,27
3889.0,3,jett,5
3889.0,3,skye,1
3889.0,3,kayo,1
3892.0,1,sova,1
3893.0,1,jett,15
3893.0,1,raze,5
3893.0,1,sova,1
3893.0,2,sova,2
3893.0,2,raze,1
3894.0,1,brimstone,1
3895.0,1,breach,1
3900.0,1,breach,5
3900.0,2,omen,9
3900.0,2,raze,5
3900.0,2,phoenix,3
3900.0,2,astra,2
3900.0,2,reyna,1
3900.0,2,jett,1
3900.0,3,sage,5
3900.0,3,omen,4
3900.0,3,viper,2
3900.0,3,chamber,2
3900.0,3,brimstone,2
3900.0,3,breach,2
3901.0,1,brimstone,1
3901.0,1,omen,1
3901.0,2,omen,4
3901.0,3,astra,4
3901.0,3,sage,2
3901.0,3,omen,1
3902.0,1,omen,6
3902.0,1,reyna,1
3902.0,1,raze,1
3902.0,1,phoenix,1
3902.0,1,brimstone,1
3902.0,2,cypher,3
3902.0,2,killjoy,3
3902.0,2,sage,2
3902.0,2,reyna,1
3902.0,2,raze,1
3902.0,3,viper,6
3902.0,3,omen,4
3902.0,3,brimstone,4
3902.0,3,killjoy,3
3902.0,3,cypher,2
3902.0,3,raze,1
3902.0,3,astra,1
3903.0,1,breach,5
3903.0,1,cypher,2
3904.0,1,jett,9
3904.0,1,reyna,1
3904.0,1,raze,1
3904.0,1,omen,1
3904.0,2,raze,8
3904.0,2,jett,4
3904.0,2,sage,1
3904.0,2,killjoy,1
3904.0,3,reyna,1
3904.0,3,jett,1
3905.0,1,sova,4
3905.0,1,sage,1
3905.0,1,raze,1
3905.0,1,breach,1
3905.0,2,sova,7
3905.0,2,sage,5
3905.0,3,jett,2
3906.0,1,cypher,5
3906.0,1,reyna,3
3906.0,1,raze,2
3906.0,1,breach,2
3906.0,2,sova,9
3906.0,2,breach,2
3906.0,2,astra,1
3906.0,2,killjoy,1
3906.0,2,reyna,1
3906.0,2,omen,1
3906.0,3,sova,7
3906.0,3,reyna,3
3906.0,3,raze,2
3906.0,3,killjoy,2
3906.0,3,breach,2
3907.0,1,raze,1
3907.0,1,omen,1
3908.0,1,sova,3
3908.0,1,sage,1
3908.0,1,raze,1
3908.0,2,sova,8
3908.0,2,breach,1
3908.0,3,sova,12
3908.0,3,breach,3
3909.0,1,cypher,2
3909.0,1,viper,1
3909.0,1,killjoy,1
3909.0,1,jett,1
3909.0,2,sova,8
3910.0,1,breach,2
3911.0,1,cypher,2
3920.0,1,sova,5
3920.0,1,sage,1
3921.0,1,omen,4
3922.0,1,jett,5
3922.0,2,killjoy,5
3922.0,2,breach,3
3922.0,2,sage,2
3922.0,3,killjoy,2
3922.0,3,sage,1
3923.0,1,omen,6
3923.0,1,cypher,4
3923.0,1,breach,2
3923.0,1,sage,1
3923.0,1,killjoy,1
3923.0,2,killjoy,6
3923.0,2,cypher,3
3923.0,2,sova,2
3923.0,2,viper,1
3923.0,2,omen,1
3924.0,1,breach,7
3924.0,1,omen,4
3924.0,1,sage,1
3924.0,1,phoenix,1
3924.0,1,brimstone,1
3924.0,2,omen,5
3924.0,2,sage,5
3924.0,2,astra,3
3924.0,2,cypher,3
3924.0,2,reyna,1
3924.0,3,omen,1
3924.0,3,brimstone,1
3925.0,1,sova,5
3925.0,1,viper,1
3926.0,1,cypher,3
3926.0,1,killjoy,2
3926.0,1,raze,1
3926.0,2,killjoy,4
3926.0,2,cypher,4
3926.0,2,viper,1
3926.0,2,phoenix,1
3926.0,3,viper,2
3926.0,3,cypher,2
3927.0,1,omen,2
3928.0,1,raze,1
3929.0,2,raze,1
3929.0,2,jett,1
3932.0,2,breach,1
3932.0,2,raze,1
3934.0,1,sova,3
3934.0,1,viper,1
3934.0,2,sova,11
3934.0,2,skye,1
3934.0,3,sova,7
3935.0,1,breach,4
3936.0,1,raze,2
3936.0,1,jett,2
3936.0,2,astra,3
3936.0,2,sage,1
3936.0,2,killjoy,1
3936.0,3,astra,2
3936.0,3,viper,1
3936.0,3,killjoy,1
3936.0,3,chamber,1
3937.0,1,omen,4
3937.0,2,viper,2
3937.0,2,reyna,1
3937.0,2,phoenix,1
3937.0,3,astra,7
3937.0,3,reyna,3
3937.0,3,viper,3
3937.0,3,kayo,2
3938.0,1,killjoy,4
3939.0,1,phoenix,1
3939.0,1,jett,1
3939.0,1,breach,1
3939.0,2,raze,2
3939.0,2,sova,1
3940.0,1,killjoy,13
3940.0,1,breach,8
3940.0,1,omen,5
3940.0,3,viper,4
3940.0,3,killjoy,2
3942.0,1,breach,10
3942.0,1,omen,8
3942.0,1,sage,2
3943.0,1,jett,3
3943.0,3,killjoy,2
3945.0,1,raze,6
3945.0,1,jett,1
3945.0,2,raze,9
3945.0,2,omen,2
3945.0,2,sage,1
3945.0,2,jett,1
3946.0,1,breach,7
3946.0,2,viper,1
3946.0,3,sova,4
3946.0,3,skye,1
3946.0,3,breach,1
3947.0,1,omen,7
3947.0,2,sage,1
3947.0,3,jett,4
3947.0,3,raze,2
3948.0,1,sova,7
3948.0,2,sova,8
3948.0,2,viper,5
3950.0,1,raze,4
3950.0,1,killjoy,1
3950.0,1,phoenix,1
3950.0,2,raze,2
3951.0,1,omen,1
3951.0,1,cypher,1
3952.0,1,raze,1
3952.0,1,jett,1
3952.0,2,sova,2
3965.0,1,killjoy,2
3965.0,2,killjoy,5
3965.0,2,cypher,1
3966.0,1,sova,2
3966.0,2,sova,5
3966.0,2,skye,2
3966.0,2,raze,2
3966.0,2,sage,1
3966.0,2,omen,1
3966.0,2,astra,1
3966.0,3,sage,1
3966.0,3,raze,1
3966.0,3,kayo,1
3967.0,1,jett,2
3967.0,2,jett,6
3968.0,1,omen,8
3968.0,2,omen,1
3968.0,3,astra,19
3968.0,3,viper,8
3968.0,3,omen,5
3968.0,3,sage,1
3969.0,1,cypher,3
3969.0,1,skye,3
3969.0,1,breach,2
3969.0,1,killjoy,2
3969.0,1,raze,1
3969.0,2,cypher,11
3969.0,2,astra,6
3969.0,2,killjoy,5
3969.0,2,viper,2
3969.0,3,killjoy,5
3969.0,3,cypher,5
3969.0,3,viper,4
3969.0,3,astra,3
3969.0,3,kayo,1
3969.0,3,skye,1
3969.0,3,sage,1
3969.0,3,phoenix,1
3970.0,1,phoenix,7
3970.0,1,raze,3
3970.0,1,viper,1
3970.0,2,reyna,7
3970.0,2,cypher,5
3970.0,2,killjoy,4
3970.0,2,phoenix,3
3970.0,2,viper,1
3970.0,3,killjoy,19
3970.0,3,reyna,8
3970.0,3,cypher,1
3971.0,2,sage,1
3971.0,2,jett,1
3971.0,3,killjoy,2
3971.0,3,viper,1
3971.0,3,sage,1
3972.0,1,sova,4
3972.0,1,jett,1
3972.0,2,sage,4
3972.0,2,raze,3
3972.0,2,phoenix,1
3972.0,2,jett,1
3972.0,3,raze,21
3972.0,3,reyna,16
3972.0,3,sova,13
3972.0,3,sage,5
3972.0,3,phoenix,3
3972.0,3,breach,1
3973.0,1,omen,6
3973.0,1,killjoy,2
3973.0,1,cypher,1
3974.0,2,killjoy,3
3974.0,2,viper,3
3974.0,2,skye,1
3974.0,3,viper,2
3974.0,3,omen,1
3974.0,3,cypher,1
3974.0,3,brimstone,1
3977.0,1,breach,9
3977.0,2,breach,23
3977.0,2,skye,9
3977.0,3,breach,6
3977.0,3,sage,5
3977.0,3,skye,3
3977.0,3,kayo,2
3977.0,3,astra,2
3977.0,3,viper,1
3979.0,1,omen,5
3979.0,1,sova,2
3979.0,1,skye,1
3979.0,1,reyna,1
3979.0,1,raze,1
3979.0,2,viper,3
3979.0,2,astra,1
3979.0,2,skye,1
3979.0,3,sova,17
3979.0,3,viper,2
3979.0,3,skye,2
3980.0,1,jett,6
3980.0,1,killjoy,1
3980.0,1,cypher,1
3980.0,2,jett,21
3980.0,2,phoenix,7
3980.0,2,sage,3
3980.0,3,sova,36
3980.0,3,jett,11
3980.0,3,skye,10
3980.0,3,viper,7
3980.0,3,reyna,4
3980.0,3,sage,1
3980.0,3,kayo,1
3980.0,3,chamber,1
3981.0,1,omen,2
3982.0,1,reyna,4
3982.0,1,jett,2
3982.0,3,sova,6
3982.0,3,skye,1
3982.0,3,raze,1
3982.0,3,breach,1
3983.0,1,reyna,1
3983.0,1,phoenix,1
3983.0,2,raze,5
3983.0,2,reyna,4
3983.0,2,jett,3
3983.0,2,phoenix,2
3983.0,3,skye,19
3983.0,3,reyna,11
3983.0,3,kayo,9
3983.0,3,jett,7
3983.0,3,raze,5
3983.0,3,sova,3
3984.0,1,jett,25
3984.0,1,reyna,4
3984.0,2,jett,4
3984.0,2,reyna,2
3984.0,2,sage,1
3984.0,2,raze,1
3984.0,2,phoenix,1
3984.0,3,jett,45
3984.0,3,sage,10
3984.0,3,chamber,8
3984.0,3,breach,8
3984.0,3,raze,1
3984.0,3,kayo,1
3985.0,1,cypher,9
3985.0,2,cypher,8
3985.0,2,killjoy,3
3985.0,3,killjoy,3
3985.0,3,cypher,1
3986.0,1,reyna,1
3986.0,2,jett,6
3987.0,1,sova,1
3987.0,2,omen,6
3987.0,2,sova,5
3987.0,2,sage,1
3987.0,3,astra,6
3987.0,3,omen,3
3987.0,3,viper,3
3987.0,3,sova,1
3988.0,1,jett,1
3988.0,2,cypher,7
3988.0,2,killjoy,3
3988.0,2,sage,2
3988.0,2,sova,1
3988.0,2,omen,1
3988.0,3,cypher,10
3988.0,3,viper,4
3988.0,3,killjoy,3
3989.0,1,cypher,1
3989.0,2,raze,3
3989.0,2,breach,1
3991.0,1,killjoy,8
3991.0,1,breach,3
3991.0,2,sova,2
3992.0,1,sova,4
3992.0,2,sage,1
3992.0,2,omen,1
3992.0,3,viper,4
3992.0,3,astra,3
3992.0,3,killjoy,2
3992.0,3,skye,1
3992.0,3,omen,1
3993.0,1,jett,4
3993.0,1,raze,3
3993.0,1,reyna,2
3993.0,2,raze,5
3993.0,2,reyna,4
3993.0,2,jett,3
3993.0,2,omen,3
3993.0,2,astra,2
3993.0,2,phoenix,1
3993.0,2,sage,1
3993.0,3,jett,13
3993.0,3,astra,3
3993.0,3,raze,3
3993.0,3,omen,2
3993.0,3,yoru,1
3993.0,3,sage,1
3994.0,3,skye,1
3994.0,3,kayo,1
3996.0,2,sage,3
3996.0,2,breach,3
3996.0,2,astra,2
3996.0,2,skye,2
3996.0,3,reyna,15
3996.0,3,skye,3
3996.0,3,jett,2
3996.0,3,kayo,2
3996.0,3,raze,2
3997.0,2,killjoy,2
3997.0,2,astra,1
3997.0,3,sage,1
3997.0,3,killjoy,1
3998.0,1,cypher,12
3998.0,1,killjoy,8
3998.0,2,cypher,11
3998.0,2,sage,3
3998.0,2,killjoy,1
3998.0,3,killjoy,14
3998.0,3,chamber,6
3998.0,3,sage,5
3998.0,3,cypher,5
3998.0,3,viper,3
3998.0,3,skye,2
3999.0,1,sova,1
4001.0,1,omen,17
4001.0,2,astra,15
4001.0,2,omen,14
4001.0,3,astra,16
4001.0,3,viper,9
4001.0,3,omen,3
4001.0,3,sage,1
4001.0,3,killjoy,1
4003.0,1,killjoy,2
4004.0,1,sova,15
4004.0,1,raze,2
4004.0,2,raze,20
4004.0,2,sova,12
4004.0,2,phoenix,2
4004.0,2,sage,1
4004.0,2,jett,1
4004.0,3,raze,20
4004.0,3,skye,19
4004.0,3,kayo,5
4004.0,3,sova,4
4004.0,3,reyna,2
4004.0,3,viper,2
4004.0,3,phoenix,1
4004.0,3,breach,1
4005.0,2,skye,1
4006.0,1,sova,2
4006.0,1,cypher,1
4007.0,2,jett,2
4007.0,3,sova,2
4007.0,3,cypher,1
4008.0,1,sage,2
4008.0,2,sage,3
4008.0,2,raze,2
4008.0,2,breach,1
4008.0,3,astra,2
4008.0,3,skye,1
4008.0,3,sage,1
4008.0,3,reyna,1
4008.0,3,omen,1
4009.0,1,reyna,1
4009.0,2,reyna,8
4009.0,2,raze,4
4009.0,2,phoenix,3
4009.0,3,raze,26
4009.0,3,skye,15
4009.0,3,reyna,12
4009.0,3,kayo,4
4009.0,3,sage,1
4009.0,3,phoenix,1
4011.0,1,omen,19
4011.0,1,cypher,11
4011.0,1,sova,4
4011.0,1,skye,2
4011.0,2,cypher,20
4011.0,2,killjoy,11
4011.0,2,brimstone,6
4011.0,2,omen,6
4011.0,2,viper,2
4011.0,2,sage,2
4011.0,2,astra,1
4016.0,1,omen,4
4016.0,1,raze,1
4016.0,2,astra,11
4016.0,2,omen,8
4016.0,2,brimstone,4
4016.0,2,viper,1
4016.0,3,astra,5
4016.0,3,raze,2
4016.0,3,viper,1
4016.0,3,skye,1
4019.0,1,sova,2
4019.0,1,omen,1
4019.0,2,sova,9
4019.0,2,killjoy,1
4019.0,3,sova,2
4038.0,2,sova,1
4038.0,2,reyna,1
4038.0,2,raze,1
4038.0,2,jett,1
4038.0,3,breach,2
4038.0,3,kayo,1
4038.0,3,reyna,1
4038.0,3,sage,1
4040.0,2,omen,11
4041.0,2,killjoy,1
4041.0,2,sage,1
4042.0,2,breach,3
4048.0,1,omen,6
4048.0,2,breach,10
4048.0,2,phoenix,3
4048.0,2,skye,2
4048.0,3,breach,6
4048.0,3,kayo,1
4049.0,1,sova,6
4049.0,2,sova,11
4049.0,2,astra,2
4049.0,2,breach,2
4049.0,3,sova,10
4049.0,3,skye,3
4049.0,3,sage,2
4050.0,1,raze,4
4050.0,1,phoenix,2
4051.0,1,jett,6
4051.0,2,jett,13
4051.0,2,yoru,2
4051.0,3,jett,12
4051.0,3,skye,1
4051.0,3,reyna,1
4051.0,3,raze,1
4052.0,1,breach,6
4052.0,2,omen,15
4052.0,3,cypher,3
4052.0,3,astra,3
4052.0,3,sage,1
4052.0,3,omen,1
4052.0,3,killjoy,1
4054.0,1,breach,10
4054.0,1,phoenix,4
4054.0,1,raze,1
4054.0,2,skye,6
4054.0,2,omen,5
4054.0,2,breach,4
4054.0,2,cypher,4
4054.0,2,raze,4
4054.0,2,yoru,2
4054.0,2,killjoy,2
4054.0,2,sova,1
4054.0,3,skye,8
4054.0,3,raze,5
4054.0,3,killjoy,4
4054.0,3,cypher,2
4054.0,3,reyna,1
4055.0,1,sova,6
4055.0,2,sova,18
4055.0,2,sage,8
4055.0,2,reyna,1
4055.0,2,breach,1
4055.0,3,sova,17
4055.0,3,sage,3
4056.0,1,omen,9
4056.0,1,sage,3
4056.0,1,brimstone,2
4056.0,1,reyna,1
4056.0,2,jett,13
4056.0,2,omen,5
4056.0,2,brimstone,2
4056.0,3,astra,10
4056.0,3,omen,4
4056.0,3,reyna,1
4057.0,1,jett,6
4057.0,2,jett,3
4057.0,2,reyna,3
4057.0,2,sage,2
4057.0,2,raze,2
4057.0,2,cypher,2
4057.0,3,jett,10
4058.0,1,jett,1
4058.0,2,killjoy,1
4058.0,2,cypher,1
4059.0,1,omen,12
4059.0,1,killjoy,2
4059.0,2,omen,2
4059.0,3,killjoy,4
4059.0,3,cypher,3
4059.0,3,astra,3
4060.0,1,omen,4
4060.0,3,skye,3
4060.0,3,phoenix,2
4060.0,3,raze,1
4061.0,1,breach,2
4061.0,1,cypher,2
4061.0,2,cypher,2
4061.0,3,sova,5
4061.0,3,jett,1
4062.0,1,jett,4
4062.0,2,jett,3
4062.0,2,phoenix,1
4062.0,3,reyna,1
4062.0,3,jett,1
4063.0,1,breach,2
4064.0,1,raze,2
4064.0,1,sova,2
4077.0,1,jett,2
4078.0,1,reyna,1
4078.0,1,cypher,1
4079.0,1,omen,2
4095.0,1,jett,8
4095.0,1,reyna,2
4095.0,1,raze,1
4095.0,2,jett,25
4095.0,2,sage,2
4095.0,3,jett,65
4095.0,3,raze,2
4095.0,3,sage,1
4121.0,2,skye,2
4121.0,2,sova,2
4121.0,2,sage,1
4121.0,3,astra,1
4122.0,1,sova,8
4122.0,1,sage,3
4122.0,2,phoenix,4
4122.0,2,cypher,4
4122.0,2,killjoy,3
4122.0,2,breach,1
4122.0,2,reyna,1
4122.0,3,killjoy,1
4123.0,2,jett,2
4126.0,1,cypher,2
4126.0,1,killjoy,1
4126.0,2,omen,1
4126.0,2,brimstone,1
4126.0,3,cypher,1
4126.0,3,astra,1
4127.0,1,sova,2
4127.0,1,breach,1
4127.0,2,sova,5
4127.0,2,sage,1
4127.0,3,sova,5
4127.0,3,breach,1
4128.0,1,omen,2
4128.0,1,brimstone,1
4128.0,2,omen,2
4129.0,1,phoenix,2
4129.0,1,breach,1
4129.0,2,reyna,1
4129.0,2,sage,1
4130.0,1,raze,3
4130.0,2,raze,1
4130.0,2,phoenix,1
4130.0,3,reyna,1
4130.0,3,raze,1
4131.0,1,omen,3
4132.0,1,breach,3
4133.0,1,jett,2
4133.0,1,raze,1
4133.0,2,jett,13
4133.0,2,reyna,4
4133.0,2,sova,3
4133.0,2,phoenix,3
4133.0,2,sage,2
4133.0,3,sova,3
4133.0,3,reyna,1
4134.0,1,sova,3
4135.0,1,cypher,3
4135.0,2,sova,21
4135.0,2,omen,4
4135.0,3,astra,6
4135.0,3,viper,2
4135.0,3,omen,2
4136.0,1,omen,2
4136.0,2,reyna,4
4136.0,2,jett,3
4136.0,2,phoenix,2
4136.0,3,jett,5
4136.0,3,phoenix,1
4137.0,1,sova,1
4137.0,1,raze,1
4137.0,2,killjoy,4
4137.0,2,sova,3
4137.0,3,sage,1
4137.0,3,raze,1
4139.0,1,breach,2
4139.0,2,omen,6
4139.0,2,killjoy,2
4139.0,2,astra,1
4139.0,3,astra,2
4140.0,1,jett,2
4140.0,2,breach,6
4140.0,2,raze,3
4140.0,3,killjoy,4
4140.0,3,sova,2
4141.0,1,jett,5
4141.0,2,jett,2
4143.0,2,cypher,1
4144.0,1,omen,2
4145.0,2,sova,4
4145.0,2,breach,1
4145.0,2,astra,1
4145.0,2,sage,1
4145.0,3,sova,4
4145.0,3,kayo,1
4145.0,3,skye,1
4147.0,1,sova,9
4147.0,2,sova,45
4147.0,2,skye,2
4147.0,2,reyna,2
4147.0,3,jett,28
4147.0,3,sova,17
4147.0,3,sage,1
4148.0,2,omen,9
4148.0,2,brimstone,2
4151.0,2,sova,11
4151.0,2,omen,2
4151.0,2,raze,1
4151.0,2,cypher,1
4151.0,3,sova,8
4151.0,3,cypher,2
4151.0,3,viper,1
4152.0,2,reyna,4
4152.0,2,sova,2
4152.0,2,yoru,1
4152.0,2,sage,1
4152.0,2,phoenix,1
4152.0,3,skye,2
4152.0,3,reyna,2
4152.0,3,phoenix,2
4152.0,3,sage,1
4152.0,3,jett,1
4159.0,1,cypher,2
4159.0,1,sage,1
4159.0,2,cypher,1
4160.0,2,omen,1
4162.0,2,reyna,3
4162.0,2,raze,3
4162.0,2,phoenix,1
4162.0,2,jett,1
4162.0,3,reyna,4
4162.0,3,raze,3
4162.0,3,phoenix,1
4162.0,3,omen,1
4162.0,3,jett,1
4163.0,2,sova,1
4164.0,1,raze,15
4164.0,1,jett,13
4164.0,1,phoenix,7
4164.0,1,sage,1
4164.0,2,omen,21
4164.0,2,raze,9
4164.0,2,phoenix,8
4164.0,2,astra,4
4164.0,2,skye,2
4164.0,2,reyna,2
4164.0,2,brimstone,1
4164.0,2,cypher,1
4164.0,3,jett,16
4164.0,3,astra,12
4164.0,3,sage,5
4164.0,3,skye,5
4164.0,3,kayo,4
4164.0,3,raze,2
4164.0,3,omen,1
4164.0,3,reyna,1
4167.0,3,jett,2
4169.0,1,sova,5
4169.0,1,killjoy,1
4177.0,1,sova,4
4177.0,2,sova,11
4177.0,2,sage,4
4177.0,2,raze,4
4177.0,2,viper,2
4177.0,2,killjoy,2
4177.0,2,omen,1
4177.0,2,jett,1
4177.0,2,brimstone,1
4177.0,3,cypher,9
4177.0,3,sage,7
4177.0,3,sova,4
4177.0,3,brimstone,3
4177.0,3,killjoy,2
4177.0,3,breach,1
4179.0,1,breach,8
4179.0,1,skye,1
4179.0,1,omen,1
4179.0,1,viper,1
4179.0,2,omen,25
4179.0,2,sage,10
4179.0,2,viper,3
4179.0,2,sova,1
4180.0,1,breach,4
4180.0,1,sova,2
4180.0,2,breach,17
4180.0,2,skye,3
4180.0,2,killjoy,2
4180.0,2,viper,2
4180.0,2,sage,2
4180.0,2,cypher,1
4180.0,3,killjoy,5
4180.0,3,viper,3
4180.0,3,cypher,2
4181.0,1,sova,2
4181.0,1,sage,2
4181.0,1,breach,2
4181.0,2,sova,12
4181.0,2,reyna,6
4181.0,2,viper,2
4181.0,2,raze,2
4181.0,2,sage,1
4181.0,3,sova,13
4181.0,3,raze,12
4181.0,3,breach,3
4181.0,3,kayo,3
4181.0,3,skye,3
4181.0,3,reyna,2
4181.0,3,sage,1
4181.0,3,jett,1
4182.0,1,omen,4
4182.0,1,raze,2
4182.0,2,omen,10
4182.0,2,sage,9
4182.0,2,brimstone,6
4182.0,3,sage,6
4182.0,3,omen,3
4182.0,3,brimstone,1
4183.0,2,cypher,7
4183.0,2,killjoy,2
4186.0,2,astra,10
4186.0,2,omen,4
4186.0,2,brimstone,1
4186.0,3,astra,4
4186.0,3,sage,3
4186.0,3,killjoy,3
4186.0,3,viper,3
4186.0,3,brimstone,2
4186.0,3,skye,1
4186.0,3,cypher,1
4187.0,1,raze,2
4187.0,1,phoenix,2
4197.0,1,jett,1
4201.0,1,killjoy,1
4202.0,1,omen,1
4203.0,3,omen,2
4203.0,3,astra,2
4203.0,3,viper,1
4205.0,1,jett,1
4205.0,1,sova,1
4205.0,1,killjoy,1
4207.0,1,sova,1
4207.0,2,sova,5
4207.0,2,raze,1
4207.0,3,sova,2
4211.0,1,raze,1
4212.0,1,omen,1
4212.0,3,skye,2
4213.0,1,omen,1
4214.0,1,cypher,1
4214.0,2,astra,8
4214.0,2,omen,3
4214.0,2,viper,2
4214.0,3,killjoy,3
4214.0,3,cypher,2
4214.0,3,viper,1
4214.0,3,sage,1
4215.0,1,viper,1
4221.0,1,raze,3
4222.0,1,cypher,3
4223.0,1,omen,1
4223.0,3,sage,2
4223.0,3,viper,1
4223.0,3,jett,1
4224.0,2,sage,2
4224.0,2,sova,1
4224.0,3,sova,1
4224.0,3,skye,1
4225.0,1,reyna,3
4234.0,1,jett,2
4234.0,1,breach,1
4234.0,2,omen,4
4234.0,2,viper,1
4234.0,2,sova,1
4234.0,2,cypher,1
4234.0,2,brimstone,1
4234.0,2,astra,1
4234.0,3,sage,1
4234.0,3,omen,1
4235.0,2,killjoy,2
4238.0,2,raze,1
4238.0,2,jett,1
4244.0,2,jett,1
4244.0,2,reyna,1
4250.0,2,brimstone,1
4250.0,2,sage,1
4250.0,2,skye,1
4250.0,3,kayo,2
4250.0,3,skye,1
4250.0,3,sage,1
4250.0,3,phoenix,1
4263.0,1,raze,4
4263.0,2,raze,4
4263.0,2,reyna,1
4263.0,3,skye,1
4263.0,3,sage,1
4263.0,3,raze,1
4263.0,3,jett,1
4264.0,1,omen,4
4264.0,2,astra,4
4264.0,2,omen,1
4264.0,3,omen,3
4264.0,3,astra,1
4265.0,1,breach,3
4266.0,1,sova,3
4266.0,1,reyna,1
4266.0,2,sova,8
4266.0,2,sage,3
4266.0,3,sova,1
4266.0,3,sage,1
4267.0,1,cypher,3
4267.0,2,jett,2
4267.0,2,sage,1
4267.0,2,killjoy,1
4267.0,2,cypher,1
4267.0,3,jett,3
4267.0,3,phoenix,1
4268.0,1,sova,1
4274.0,1,cypher,2
4274.0,1,killjoy,1
4274.0,2,astra,2
4274.0,3,astra,3
4277.0,2,sage,5
4277.0,2,phoenix,1
4277.0,2,killjoy,1
4277.0,3,skye,2
4277.0,3,jett,1
4277.0,3,cypher,1
4278.0,1,cypher,6
4278.0,1,omen,2
4278.0,2,sova,6
4278.0,3,sova,3
4278.0,3,breach,1
4278.0,3,astra,1
4280.0,2,omen,2
4285.0,1,jett,1
4285.0,2,raze,4
4285.0,3,reyna,2
4290.0,1,jett,1
4291.0,1,skye,1
4292.0,3,killjoy,3
4292.0,3,sova,2
4292.0,3,cypher,2
4299.0,1,raze,1
4299.0,3,sova,1
4301.0,1,cypher,2
4301.0,2,viper,3
4301.0,2,cypher,2
4301.0,2,sage,1
4301.0,2,omen,1
4301.0,2,killjoy,1
4305.0,2,sage,4
4305.0,2,sova,2
4305.0,2,raze,1
4307.0,1,killjoy,2
4307.0,1,cypher,1
4307.0,2,killjoy,4
4307.0,2,jett,3
4307.0,2,skye,1
4307.0,2,breach,1
4307.0,3,jett,9
4307.0,3,raze,5
4307.0,3,skye,2
4307.0,3,viper,1
4307.0,3,sova,1
4308.0,2,sage,4
4308.0,2,astra,3
4308.0,2,omen,2
4308.0,2,brimstone,2
4308.0,3,sage,3
4308.0,3,brimstone,2
4308.0,3,viper,1
4308.0,3,omen,1
4311.0,2,sova,4
4311.0,2,sage,1
4311.0,2,killjoy,1
4311.0,3,killjoy,14
4311.0,3,sova,3
4311.0,3,breach,2
4311.0,3,sage,1
4312.0,2,raze,3
4312.0,2,viper,2
4312.0,2,skye,1
4312.0,3,breach,8
4312.0,3,raze,6
4312.0,3,viper,5
4312.0,3,astra,1
4314.0,2,jett,4
4314.0,2,skye,2
4314.0,3,jett,20
4316.0,2,sova,4
4316.0,2,killjoy,2
4316.0,2,breach,2
4316.0,2,raze,1
4316.0,3,killjoy,1
4316.0,3,astra,1
4317.0,1,jett,1
4317.0,3,sova,7
4317.0,3,astra,5
4317.0,3,jett,4
4317.0,3,breach,2
4318.0,1,phoenix,1
4319.0,2,killjoy,1
4319.0,3,killjoy,2
4319.0,3,cypher,2
4320.0,2,omen,9
4320.0,2,brimstone,6
4320.0,2,sage,3
4320.0,2,sova,1
4320.0,2,cypher,1
4320.0,3,omen,17
4320.0,3,brimstone,5
4320.0,3,sova,5
4321.0,1,breach,22
4321.0,2,breach,15
4321.0,2,sage,12
4321.0,2,omen,11
4321.0,2,astra,10
4321.0,2,brimstone,1
4321.0,3,cypher,7
4321.0,3,sage,6
4321.0,3,killjoy,5
4321.0,3,breach,4
4321.0,3,viper,2
4321.0,3,omen,1
4322.0,1,jett,2
4322.0,2,omen,1
4322.0,2,killjoy,1
4322.0,3,viper,1
4322.0,3,sova,1
4323.0,1,breach,5
4323.0,2,sova,8
4323.0,2,breach,4
4323.0,2,skye,1
4323.0,2,raze,1
4325.0,1,jett,2
4325.0,2,raze,10
4325.0,2,jett,9
4325.0,2,sova,1
4325.0,3,reyna,11
4325.0,3,jett,6
4325.0,3,breach,3
4325.0,3,skye,2
4325.0,3,raze,2
4325.0,3,kayo,2
4326.0,3,breach,1
4326.0,3,sova,1
4329.0,1,omen,4
4329.0,2,sova,2
4329.0,2,viper,1
4329.0,2,sage,1
4329.0,2,brimstone,1
4329.0,3,astra,4
4329.0,3,viper,1
4337.0,2,sova,5
4337.0,2,breach,2
4337.0,2,skye,2
4337.0,2,viper,1
4340.0,1,sova,25
4340.0,1,breach,1
4340.0,2,sova,14
4340.0,2,brimstone,4
4340.0,2,breach,1
4341.0,1,jett,2
4341.0,2,jett,3
4341.0,2,skye,1
4341.0,2,sage,1
4341.0,3,jett,2
4342.0,1,sova,9
4342.0,1,breach,1
4342.0,1,sage,1
4342.0,2,sova,5
4342.0,2,skye,3
4342.0,2,sage,1
4345.0,1,brimstone,1
4349.0,1,sova,4
4349.0,1,breach,3
4349.0,2,sova,1
4350.0,1,jett,7
4350.0,2,jett,2
4351.0,1,raze,3
4351.0,1,reyna,2
4351.0,1,phoenix,2
4351.0,3,sova,3
4351.0,3,sage,1
4352.0,1,omen,12
4352.0,1,breach,1
4353.0,1,cypher,12
4353.0,1,killjoy,1
4353.0,2,cypher,14
4353.0,2,killjoy,3
4353.0,3,cypher,7
4353.0,3,killjoy,6
4353.0,3,brimstone,3
4358.0,1,omen,7
4361.0,1,cypher,4
4362.0,1,omen,8
4362.0,1,viper,1
4362.0,2,omen,8
4362.0,2,viper,3
4362.0,2,brimstone,2
4362.0,2,astra,1
4362.0,3,sova,4
4362.0,3,breach,1
4363.0,1,raze,4
4364.0,1,omen,2
4364.0,2,omen,11
4364.0,3,astra,4
4364.0,3,viper,1
4365.0,1,cypher,3
4366.0,1,jett,3
4367.0,1,omen,2
4367.0,1,brimstone,1
4368.0,1,raze,1
4368.0,1,phoenix,1
4369.0,1,raze,1
4369.0,2,phoenix,2
4369.0,3,sova,2
4369.0,3,sage,1
4370.0,1,sova,2
4371.0,1,reyna,6
4371.0,1,jett,4
4371.0,1,cypher,3
4371.0,1,phoenix,1
4371.0,2,phoenix,11
4371.0,2,omen,4
4371.0,2,jett,2
4371.0,2,astra,2
4371.0,2,sage,1
4371.0,2,raze,1
4371.0,2,breach,1
4372.0,1,jett,6
4372.0,1,omen,5
4372.0,2,omen,3
4372.0,3,viper,9
4372.0,3,omen,7
4372.0,3,astra,5
4373.0,2,omen,20
4373.0,2,viper,7
4373.0,2,killjoy,4
4373.0,2,skye,2
4373.0,3,astra,11
4373.0,3,viper,10
4373.0,3,killjoy,2
4374.0,2,raze,10
4374.0,2,sova,4
4374.0,3,raze,8
4374.0,3,breach,3
4374.0,3,jett,2
4374.0,3,brimstone,2
4374.0,3,sage,1
4375.0,1,cypher,16
4375.0,1,omen,3
4375.0,2,phoenix,14
4375.0,2,reyna,11
4375.0,2,omen,9
4375.0,2,sage,4
4375.0,3,astra,33
4375.0,3,viper,7
4375.0,3,reyna,2
4375.0,3,sage,1
4375.0,3,phoenix,1
4375.0,3,omen,1
4376.0,1,jett,9
4376.0,1,cypher,3
4376.0,1,raze,3
4376.0,1,breach,2
4376.0,1,sage,2
4376.0,2,cypher,22
4376.0,2,killjoy,20
4376.0,2,brimstone,3
4376.0,2,sage,2
4376.0,2,raze,2
4376.0,2,sova,1
4376.0,2,reyna,1
4376.0,2,jett,1
4376.0,3,killjoy,23
4376.0,3,cypher,11
4376.0,3,sage,7
4376.0,3,raze,2
4376.0,3,viper,1
4376.0,3,breach,1
4377.0,1,breach,13
4377.0,1,jett,4
4377.0,1,phoenix,2
4377.0,2,jett,27
4377.0,2,phoenix,10
4377.0,2,raze,7
4377.0,2,reyna,5
4377.0,2,sage,3
4377.0,3,jett,39
4377.0,3,skye,4
4377.0,3,sage,1
4377.0,3,phoenix,1
4378.0,1,sova,10
4378.0,1,raze,9
4378.0,2,sova,37
4378.0,2,raze,9
4378.0,2,skye,4
4378.0,2,jett,1
4378.0,2,sage,1
4378.0,3,sova,31
4378.0,3,skye,11
4378.0,3,viper,3
4379.0,1,omen,14
4379.0,1,breach,3
4379.0,1,brimstone,2
4379.0,2,omen,22
4379.0,2,brimstone,6
4379.0,2,breach,5
4379.0,2,astra,5
4379.0,2,viper,3
4379.0,2,sage,2
4381.0,1,jett,4
4381.0,1,raze,2
4381.0,2,jett,9
4381.0,2,raze,1
4381.0,3,jett,3
4381.0,3,raze,1
4382.0,1,omen,10
4382.0,1,brimstone,3
4382.0,1,viper,2
4382.0,2,astra,12
4382.0,2,brimstone,8
4382.0,2,omen,8
4382.0,2,viper,4
4382.0,3,astra,10
4382.0,3,viper,5
4382.0,3,sova,1
4382.0,3,sage,1
4382.0,3,cypher,1
4382.0,3,brimstone,1
4383.0,1,killjoy,4
4383.0,1,cypher,2
4383.0,2,sova,2
4383.0,2,killjoy,2
4383.0,2,cypher,1
4383.0,3,breach,2
4383.0,3,skye,1
4384.0,1,breach,8
4384.0,2,sage,1
4384.0,2,phoenix,1
4384.0,3,skye,13
4384.0,3,sage,9
4384.0,3,sova,8
4384.0,3,cypher,4
4384.0,3,killjoy,4
4384.0,3,phoenix,3
4384.0,3,viper,1
4384.0,3,kayo,1
4385.0,1,sova,7
4385.0,1,raze,1
4385.0,2,omen,1
4385.0,2,astra,1
4385.0,3,astra,21
4385.0,3,viper,18
4385.0,3,omen,4
4386.0,1,sova,6
4386.0,2,sova,30
4386.0,2,sage,3
4386.0,2,viper,1
4386.0,2,skye,1
4386.0,2,breach,1
4386.0,3,sova,27
4386.0,3,viper,11
4387.0,1,jett,1
4387.0,2,jett,11
4387.0,3,jett,64
4387.0,3,raze,1
4387.0,3,cypher,1
4389.0,1,cypher,1
4390.0,1,sage,1
4391.0,1,reyna,1
4392.0,1,jett,1
4393.0,1,brimstone,1
4394.0,1,brimstone,1
4395.0,1,jett,1
4396.0,1,sova,1
4397.0,1,breach,1
4399.0,1,jett,13
4399.0,1,omen,1
4399.0,2,omen,7
4399.0,2,jett,7
4399.0,2,raze,6
4399.0,2,astra,1
4399.0,3,jett,13
4399.0,3,omen,6
4399.0,3,viper,2
4399.0,3,sage,1
4400.0,1,cypher,1
4400.0,2,sova,1
4400.0,2,sage,1
4401.0,1,killjoy,1
4402.0,1,breach,1
4403.0,1,brimstone,1
4404.0,1,jett,1
4404.0,2,raze,1
4404.0,2,breach,1
4404.0,3,raze,4
4404.0,3,phoenix,1
4404.0,3,killjoy,1
4404.0,3,kayo,1
4404.0,3,astra,1
4405.0,3,sova,2
4405.0,3,skye,1
4407.0,1,cypher,1
4408.0,1,sova,1
4409.0,1,sova,1
4410.0,1,killjoy,1
4411.0,1,omen,1
4412.0,1,cypher,1
4413.0,1,breach,1
4414.0,1,sage,1
4415.0,1,brimstone,1
4416.0,1,killjoy,1
4416.0,2,sage,1
4416.0,3,killjoy,3
4416.0,3,cypher,2
4416.0,3,brimstone,1
4417.0,1,raze,1
4417.0,3,jett,4
4418.0,1,breach,1
4419.0,1,cypher,1
4428.0,2,jett,2
4428.0,3,omen,3
4428.0,3,skye,1
4443.0,2,sova,1
4443.0,2,raze,1
4443.0,3,sova,2
4443.0,3,viper,1
4443.0,3,skye,1
4443.0,3,sage,1
4443.0,3,omen,1
4453.0,3,kayo,2
4453.0,3,reyna,1
4453.0,3,raze,1
4455.0,1,raze,1
4455.0,1,jett,1
4455.0,2,breach,2
4456.0,1,breach,2
4457.0,1,cypher,2
4457.0,2,sova,2
4457.0,3,jett,2
4457.0,3,sage,1
4459.0,1,sova,6
4459.0,1,raze,2
4459.0,2,sova,4
4459.0,2,raze,1
4459.0,3,sova,2
4460.0,1,omen,7
4460.0,1,brimstone,1
4460.0,2,omen,5
4461.0,1,reyna,6
4461.0,1,raze,1
4461.0,1,cypher,1
4461.0,2,reyna,4
4461.0,2,raze,1
4462.0,1,jett,7
4462.0,1,reyna,1
4462.0,2,jett,9
4462.0,2,sage,3
4462.0,2,raze,1
4462.0,3,astra,19
4462.0,3,viper,10
4462.0,3,omen,1
4463.0,1,killjoy,5
4463.0,1,cypher,2
4463.0,1,sage,1
4463.0,2,cypher,5
4463.0,3,killjoy,1
4463.0,3,viper,1
4465.0,3,cypher,2
4465.0,3,viper,1
4469.0,3,viper,2
4474.0,1,cypher,3
4474.0,1,jett,1
4474.0,2,sova,6
4474.0,2,sage,3
4474.0,2,cypher,2
4474.0,3,sova,8
4474.0,3,sage,2
4475.0,1,jett,2
4475.0,1,raze,1
4475.0,1,cypher,1
4475.0,2,raze,1
4475.0,2,cypher,1
4476.0,1,omen,3
4476.0,1,brimstone,1
4476.0,2,breach,18
4476.0,2,omen,4
4476.0,2,brimstone,4
4476.0,2,viper,2
4476.0,2,astra,1
4477.0,1,sova,5
4477.0,2,sova,7
4477.0,2,sage,2
4477.0,3,sova,2
4477.0,3,viper,1
4477.0,3,sage,1
4478.0,3,jett,7
4479.0,1,jett,3
4479.0,2,jett,10
4479.0,2,skye,6
4479.0,2,raze,2
4479.0,3,astra,13
4479.0,3,omen,4
4479.0,3,viper,3
4480.0,1,cypher,2
4480.0,1,killjoy,1
4481.0,1,sova,3
4482.0,1,omen,3
4486.0,2,sova,3
4486.0,2,raze,2
4486.0,2,omen,2
4486.0,2,reyna,1
4486.0,2,phoenix,1
4486.0,3,skye,1
4486.0,3,jett,1
4488.0,1,sova,1
4488.0,2,sova,16
4488.0,2,sage,1
4488.0,3,sova,2
4490.0,1,cypher,1
4491.0,1,omen,1
4492.0,1,breach,1
4492.0,3,jett,1
4498.0,3,jett,5
4504.0,1,sova,1
4504.0,1,phoenix,1
4504.0,2,sova,4
4504.0,2,jett,1
4504.0,2,brimstone,1
4504.0,3,sova,5
4504.0,3,skye,2
4504.0,3,sage,1
4504.0,3,reyna,1
4504.0,3,killjoy,1
4505.0,2,astra,5
4505.0,2,omen,2
4505.0,2,killjoy,1
4505.0,3,sage,1
4505.0,3,killjoy,1
4505.0,3,breach,1
4505.0,3,astra,1
4505.0,3,viper,1
4506.0,1,raze,1
4506.0,1,sova,1
4507.0,1,omen,2
4507.0,2,raze,2
4508.0,1,cypher,2
4508.0,2,cypher,4
4508.0,2,astra,2
4508.0,2,skye,1
4508.0,3,cypher,6
4508.0,3,astra,5
4508.0,3,skye,1
4508.0,3,reyna,1
4518.0,1,killjoy,1
4519.0,1,omen,2
4520.0,1,cypher,4
4520.0,1,sage,2
4520.0,1,jett,1
4520.0,2,jett,1
4520.0,2,raze,1
4521.0,1,sova,4
4521.0,1,killjoy,2
4521.0,1,breach,1
4521.0,2,sova,15
4521.0,2,killjoy,4
4521.0,2,skye,1
4521.0,2,breach,1
4521.0,3,sova,13
4521.0,3,skye,2
4521.0,3,killjoy,2
4521.0,3,breach,2
4521.0,3,omen,1
4523.0,1,phoenix,1
4524.0,1,raze,1
4525.0,1,sova,3
4525.0,1,phoenix,2
4525.0,1,cypher,1
4525.0,2,sova,15
4525.0,2,viper,11
4525.0,2,breach,6
4525.0,2,skye,3
4525.0,3,viper,14
4525.0,3,sova,6
4525.0,3,reyna,2
4525.0,3,omen,2
4525.0,3,skye,1
4526.0,1,omen,9
4526.0,2,reyna,1
4526.0,2,omen,1
4527.0,1,raze,8
4527.0,1,jett,1
4531.0,1,omen,3
4531.0,2,jett,7
4531.0,2,raze,6
4531.0,2,reyna,5
4531.0,3,raze,1
4531.0,3,jett,1
4532.0,1,sova,3
4532.0,2,killjoy,4
4532.0,2,sova,1
4533.0,1,reyna,1
4534.0,1,breach,3
4534.0,2,omen,8
4534.0,2,astra,6
4534.0,2,sova,3
4534.0,2,brimstone,1
4535.0,2,omen,1
4535.0,2,astra,1
4535.0,3,viper,2
4535.0,3,omen,1
4536.0,2,killjoy,1
4536.0,2,cypher,1
4538.0,2,raze,2
4538.0,3,sage,1
4538.0,3,reyna,1
4538.0,3,brimstone,1
4540.0,2,brimstone,2
4540.0,2,sova,2
4540.0,2,jett,2
4541.0,2,sova,4
4541.0,2,breach,3
4541.0,2,omen,2
4541.0,2,brimstone,1
4542.0,2,jett,2
4543.0,2,cypher,9
4543.0,2,killjoy,1
4543.0,3,viper,1
4543.0,3,omen,1
4544.0,2,astra,5
4544.0,2,jett,3
4544.0,2,raze,2
4544.0,2,viper,1
4544.0,3,jett,12
4544.0,3,omen,3
4544.0,3,viper,2
4544.0,3,raze,1
4545.0,1,omen,14
4545.0,1,raze,3
4545.0,1,phoenix,1
4545.0,2,jett,16
4545.0,2,omen,16
4545.0,2,phoenix,6
4547.0,1,phoenix,1
4549.0,1,cypher,2
4549.0,2,cypher,5
4549.0,2,viper,3
4549.0,2,killjoy,1
4549.0,3,viper,7
4549.0,3,cypher,4
4549.0,3,killjoy,1
4551.0,1,omen,2
4551.0,2,omen,2
4553.0,1,reyna,2
4553.0,2,jett,2
4554.0,1,sova,3
4554.0,1,sage,1
4554.0,1,raze,1
4554.0,2,sova,11
4554.0,3,sova,6
4556.0,1,cypher,18
4556.0,2,killjoy,4
4556.0,2,viper,2
4556.0,2,sage,2
4556.0,2,cypher,2
4558.0,1,jett,5
4558.0,1,raze,1
4558.0,2,jett,41
4558.0,2,reyna,1
4558.0,3,jett,19
4558.0,3,sova,3
4559.0,1,sova,2
4559.0,1,raze,2
4559.0,1,phoenix,2
4559.0,2,raze,23
4559.0,2,breach,11
4559.0,2,skye,4
4559.0,2,phoenix,3
4559.0,2,sage,1
4559.0,3,skye,11
4559.0,3,viper,4
4559.0,3,breach,3
4559.0,3,raze,2
4559.0,3,yoru,1
4559.0,3,sage,1
4560.0,1,omen,5
4560.0,1,brimstone,1
4560.0,2,omen,32
4560.0,2,brimstone,5
4560.0,2,astra,4
4560.0,2,viper,1
4560.0,3,astra,14
4560.0,3,viper,4
4560.0,3,omen,4
4561.0,2,omen,9
4561.0,2,brimstone,1
4561.0,3,omen,6
4562.0,1,cypher,4
4562.0,1,killjoy,1
4562.0,1,breach,1
4562.0,2,breach,23
4562.0,2,killjoy,17
4562.0,2,cypher,1
4562.0,2,sage,1
4562.0,3,killjoy,11
4562.0,3,breach,7
4562.0,3,cypher,2
4562.0,3,sage,2
4563.0,1,reyna,2
4563.0,1,jett,1
4563.0,2,omen,20
4563.0,2,jett,5
4563.0,3,jett,9
4563.0,3,astra,4
4563.0,3,omen,1
4564.0,1,cypher,2
4564.0,1,reyna,1
4565.0,1,raze,1
4565.0,1,omen,1
4565.0,1,cypher,1
4568.0,1,jett,1
4569.0,1,sage,5
4569.0,1,killjoy,3
4569.0,1,cypher,3
4569.0,3,astra,5
4569.0,3,sova,1
4569.0,3,breach,1
4571.0,1,breach,3
4571.0,2,killjoy,1
4571.0,2,cypher,1
4572.0,1,sage,3
4573.0,1,brimstone,2
4573.0,1,omen,1
4574.0,1,cypher,3
4575.0,1,raze,2
4575.0,1,jett,1
4576.0,1,cypher,1
4577.0,1,omen,1
4578.0,1,breach,1
4579.0,1,sova,1
4580.0,1,breach,7
4581.0,1,sova,7
4581.0,1,breach,2
4581.0,2,sova,31
4581.0,2,skye,13
4581.0,2,jett,5
4581.0,2,viper,2
4581.0,2,reyna,1
4581.0,3,jett,19
4581.0,3,viper,11
4581.0,3,skye,11
4581.0,3,kayo,10
4581.0,3,killjoy,3
4581.0,3,reyna,3
4581.0,3,raze,2
4581.0,3,sage,1
4583.0,1,brimstone,2
4583.0,1,breach,1
4584.0,1,reyna,1
4584.0,2,killjoy,1
4584.0,2,cypher,1
4585.0,2,omen,2
4585.0,2,killjoy,2
4585.0,2,cypher,1
4586.0,1,sova,5
4586.0,1,breach,1
4586.0,2,sova,11
4586.0,2,killjoy,2
4586.0,2,breach,2
4586.0,3,sova,2
4586.0,3,sage,1
4586.0,3,cypher,1
4587.0,1,jett,6
4587.0,2,cypher,11
4587.0,2,killjoy,2
4587.0,2,sova,2
4587.0,3,yoru,1
4587.0,3,skye,1
4587.0,3,kayo,1
4588.0,1,omen,2
4588.0,1,killjoy,1
4589.0,1,omen,2
4589.0,3,viper,5
4589.0,3,astra,3
4589.0,3,brimstone,2
4589.0,3,omen,1
4594.0,1,omen,3
4594.0,2,jett,13
4595.0,1,sova,3
4596.0,1,jett,9
4596.0,3,jett,23
4596.0,3,raze,3
4596.0,3,skye,1
4597.0,1,cypher,2
4598.0,1,jett,6
4598.0,2,jett,20
4598.0,2,sage,2
4598.0,3,jett,3
4598.0,3,astra,2
4599.0,1,killjoy,1
4600.0,1,raze,1
4600.0,2,raze,1
4600.0,3,raze,3
4600.0,3,jett,3
4601.0,1,omen,3
4601.0,1,cypher,2
4601.0,1,breach,1
4603.0,2,omen,19
4603.0,2,reyna,6
4603.0,2,sage,5
4603.0,2,jett,1
4603.0,2,brimstone,1
4603.0,2,astra,1
4603.0,2,phoenix,1
4605.0,1,cypher,2
4605.0,1,breach,1
4605.0,2,viper,1
4605.0,2,killjoy,1
4606.0,1,sage,2
4606.0,1,cypher,1
4606.0,2,sage,1
4606.0,2,raze,1
4607.0,3,sova,4
4607.0,3,sage,1
4608.0,1,killjoy,2
4609.0,1,breach,4
4611.0,1,sova,5
4611.0,1,omen,4
4611.0,2,sova,2
4611.0,2,omen,1
4611.0,3,sova,4
4611.0,3,sage,1
4614.0,1,killjoy,1
4615.0,1,breach,1
4616.0,1,killjoy,6
4617.0,1,breach,2
4617.0,1,raze,2
4621.0,3,omen,1
4621.0,3,brimstone,1
4623.0,1,raze,3
4623.0,2,viper,1
4623.0,2,killjoy,1
4623.0,2,cypher,1
4623.0,3,viper,1
4623.0,3,cypher,1
4629.0,2,sova,2
4629.0,2,reyna,2
4629.0,2,sage,1
4630.0,2,jett,2
4631.0,1,jett,1
4632.0,1,omen,1
4632.0,2,raze,1
4632.0,2,jett,1
4634.0,1,cypher,1
4635.0,1,jett,1
4637.0,1,breach,1
4639.0,1,raze,1
4639.0,1,jett,1
4639.0,2,sage,1
4639.0,2,cypher,1
4640.0,1,sova,2
4640.0,2,sova,2
4641.0,1,raze,2
4641.0,1,omen,2
4641.0,1,sova,1
4641.0,2,killjoy,2
4643.0,1,breach,6
4643.0,1,cypher,1
4643.0,2,breach,1
4643.0,2,killjoy,1
4643.0,3,killjoy,1
4643.0,3,omen,1
4646.0,3,jett,2
4646.0,3,raze,1
4649.0,1,sova,2
4650.0,3,sova,2
4650.0,3,raze,1
4657.0,2,sova,1
4657.0,2,reyna,1
4657.0,2,phoenix,1
4657.0,2,killjoy,1
4657.0,2,breach,1
4657.0,3,sova,2
4657.0,3,breach,1
4660.0,2,brimstone,2
4661.0,2,sova,1
4661.0,2,jett,1
4662.0,2,jett,2
4663.0,1,reyna,2
4663.0,1,breach,1
4663.0,2,breach,11
4663.0,2,raze,11
4663.0,2,viper,2
4663.0,2,sova,1
4663.0,3,astra,6
4663.0,3,raze,5
4663.0,3,viper,2
4663.0,3,sage,1
4664.0,3,jett,5
4666.0,2,brimstone,2
4666.0,3,jett,5
4666.0,3,raze,3
4666.0,3,skye,1
4666.0,3,breach,1
4674.0,3,skye,8
4674.0,3,sova,1
4674.0,3,cypher,1
4678.0,2,jett,2
4678.0,3,jett,1
4685.0,2,viper,1
4685.0,3,viper,2
4685.0,3,cypher,1
4685.0,3,brimstone,1
4686.0,2,raze,1
4687.0,1,omen,3
4687.0,2,omen,3
4688.0,1,sova,4
4688.0,1,breach,2
4688.0,1,sage,1
4688.0,2,sova,3
4688.0,2,reyna,1
4688.0,2,cypher,1
4688.0,2,breach,1
4689.0,1,raze,5
4689.0,1,breach,5
4689.0,2,cypher,24
4689.0,2,viper,3
4689.0,2,killjoy,2
4689.0,3,viper,15
4689.0,3,killjoy,4
4689.0,3,skye,2
4689.0,3,cypher,2
4689.0,3,breach,2
4689.0,3,kayo,1
4690.0,2,jett,4
4691.0,2,omen,9
4691.0,2,astra,3
4691.0,2,viper,3
4691.0,3,viper,7
4691.0,3,omen,3
4693.0,1,omen,3
4693.0,1,breach,2
4693.0,1,sova,1
4693.0,1,killjoy,1
4693.0,2,astra,12
4693.0,2,breach,1
4693.0,3,astra,18
4693.0,3,viper,8
4693.0,3,omen,8
4693.0,3,sage,4
4693.0,3,brimstone,2
4693.0,3,raze,2
4693.0,3,sova,2
4693.0,3,skye,2
4693.0,3,breach,1
4695.0,1,jett,2
4703.0,1,sova,3
4703.0,2,sova,1
4703.0,3,sova,2
4703.0,3,skye,2
4703.0,3,killjoy,1
4705.0,2,omen,1
4705.0,2,astra,1
4705.0,3,astra,7
4705.0,3,omen,4
4705.0,3,cypher,1
4705.0,3,skye,1
4708.0,2,skye,1
4708.0,2,breach,1
4708.0,3,sage,3
4708.0,3,sova,1
4708.0,3,jett,1
4708.0,3,breach,1
4710.0,1,omen,5
4710.0,1,sova,4
4710.0,1,phoenix,1
4710.0,1,jett,1
4710.0,2,astra,11
4710.0,2,omen,7
4710.0,2,sova,4
4710.0,2,breach,2
4710.0,2,viper,1
4710.0,3,sova,26
4710.0,3,cypher,5
4711.0,2,cypher,2
4711.0,2,raze,1
4711.0,2,breach,1
4712.0,1,phoenix,4
4712.0,1,jett,4
4712.0,1,reyna,2
4712.0,1,omen,1
4712.0,2,jett,15
4712.0,3,jett,30
4712.0,3,skye,1
4714.0,2,raze,9
4714.0,2,reyna,3
4714.0,2,phoenix,1
4714.0,3,raze,9
4714.0,3,jett,3
4714.0,3,sage,2
4714.0,3,reyna,1
4720.0,2,astra,11
4720.0,2,viper,1
4720.0,3,astra,10
4720.0,3,viper,3
4723.0,2,omen,1
4723.0,3,sova,5
4723.0,3,sage,4
4723.0,3,skye,3
4723.0,3,viper,2
4723.0,3,killjoy,2
4723.0,3,omen,2
4727.0,2,jett,2
4733.0,3,killjoy,11
4733.0,3,raze,8
4733.0,3,breach,5
4733.0,3,cypher,2
4733.0,3,viper,1
4734.0,2,jett,2
4737.0,2,raze,2
4737.0,3,raze,8
4737.0,3,killjoy,4
4737.0,3,viper,1
4742.0,2,jett,13
4742.0,3,jett,8
4742.0,3,killjoy,3
4745.0,2,omen,2
4750.0,3,jett,3
4750.0,3,raze,2
4752.0,2,raze,6
4752.0,2,cypher,2
4752.0,3,killjoy,19
4752.0,3,raze,18
4752.0,3,sage,6
4752.0,3,phoenix,1
4752.0,3,cypher,1
4753.0,2,viper,2
4753.0,2,sage,1
4753.0,3,sova,2
4753.0,3,raze,1
4753.0,3,killjoy,1
4754.0,2,breach,11
4754.0,2,killjoy,1
4754.0,2,sage,1
4754.0,3,killjoy,10
4754.0,3,breach,3
4754.0,3,cypher,3
4754.0,3,reyna,1
4757.0,3,astra,13
4763.0,3,astra,3
4763.0,3,viper,2
4763.0,3,omen,2
4763.0,3,cypher,1
4764.0,2,reyna,1
4764.0,3,raze,10
4764.0,3,kayo,3
4764.0,3,skye,2
4764.0,3,phoenix,1
4765.0,2,jett,1
4766.0,2,killjoy,1
4766.0,2,cypher,1
4766.0,3,killjoy,4
4766.0,3,raze,3
4766.0,3,sova,3
4766.0,3,cypher,1
4766.0,3,astra,1
4770.0,2,raze,25
4770.0,2,breach,5
4770.0,2,cypher,3
4770.0,2,sage,1
4770.0,3,raze,6
4770.0,3,reyna,1
4770.0,3,killjoy,1
4771.0,2,omen,11
4771.0,2,killjoy,6
4771.0,2,phoenix,5
4771.0,2,sage,1
4771.0,2,brimstone,1
4771.0,3,killjoy,2
4771.0,3,omen,2
4771.0,3,cypher,1
4771.0,3,sage,1
4771.0,3,astra,1
4771.0,3,brimstone,1
4773.0,2,jett,19
4773.0,2,omen,7
4773.0,2,sova,2
4773.0,2,brimstone,1
4774.0,2,sage,11
4774.0,2,reyna,3
4774.0,2,phoenix,3
4774.0,2,breach,3
4774.0,2,astra,1
4774.0,3,sage,12
4774.0,3,breach,7
4774.0,3,reyna,3
4774.0,3,phoenix,2
4777.0,2,astra,8
4777.0,3,astra,36
4777.0,3,viper,7
4777.0,3,omen,2
4778.0,2,brimstone,7
4778.0,2,breach,6
4778.0,2,killjoy,1
4778.0,2,omen,1
4778.0,2,skye,1
4778.0,3,sova,3
4778.0,3,astra,3
4778.0,3,viper,1
4778.0,3,reyna,1
4793.0,2,jett,9
4793.0,3,jett,1
4793.0,3,sova,1
4795.0,1,raze,2
4795.0,2,raze,9
4795.0,2,breach,2
4795.0,2,killjoy,1
4795.0,2,phoenix,1
4795.0,3,raze,7
4795.0,3,killjoy,4
4795.0,3,viper,1
4796.0,2,jett,10
4796.0,2,sova,4
4796.0,2,killjoy,2
4796.0,3,jett,11
4796.0,3,reyna,1
4798.0,1,killjoy,2
4798.0,2,killjoy,2
4799.0,1,sova,2
4799.0,2,sova,7
4799.0,2,killjoy,1
4799.0,3,sova,2
4799.0,3,killjoy,1
4801.0,2,raze,1
4802.0,2,phoenix,1
4807.0,2,jett,9
4807.0,2,phoenix,5
4807.0,2,raze,2
4807.0,2,reyna,1
4807.0,3,jett,10
4807.0,3,skye,3
4808.0,3,killjoy,3
4808.0,3,sage,1
4820.0,1,cypher,3
4821.0,1,sova,3
4822.0,1,breach,3
4827.0,1,jett,3
4827.0,1,sova,2
4827.0,2,jett,11
4827.0,2,sova,8
4827.0,2,sage,2
4827.0,3,sova,2
4827.0,3,sage,1
4828.0,1,raze,7
4828.0,1,phoenix,2
4828.0,1,sova,2
4828.0,2,raze,40
4828.0,3,skye,26
4828.0,3,raze,16
4828.0,3,reyna,12
4828.0,3,kayo,2
4829.0,3,jett,5
4830.0,2,sova,1
4830.0,3,sova,9
4830.0,3,omen,3
4838.0,1,sova,1
4838.0,3,raze,1
4838.0,3,skye,1
4839.0,1,cypher,1
4839.0,2,sage,1
4839.0,2,sova,1
4840.0,1,raze,1
4841.0,1,omen,1
4842.0,1,jett,1
4843.0,3,killjoy,3
4843.0,3,cypher,1
4844.0,2,sage,3
4844.0,2,raze,2
4844.0,2,phoenix,1
4846.0,1,jett,2
4846.0,2,breach,1
4846.0,2,jett,1
4847.0,1,omen,2
4847.0,2,omen,2
4847.0,2,skye,2
4848.0,1,raze,3
4848.0,3,astra,1
4848.0,3,brimstone,1
4849.0,1,omen,3
4850.0,1,cypher,2
4850.0,2,astra,1
4850.0,2,omen,1
4850.0,2,reyna,1
4850.0,2,sova,1
4851.0,2,omen,2
4851.0,2,astra,1
4851.0,3,viper,4
4851.0,3,brimstone,1
4851.0,3,omen,1
4851.0,3,sage,1
4855.0,1,cypher,4
4856.0,1,omen,4
4857.0,1,breach,4
4858.0,1,raze,2
4858.0,1,sova,2
4858.0,2,sova,8
4858.0,2,sage,1
4858.0,2,omen,1
4858.0,3,sage,3
4858.0,3,sova,1
4859.0,1,jett,4
4860.0,1,sova,4
4860.0,1,breach,1
4860.0,3,sova,3
4860.0,3,breach,1
4861.0,1,omen,4
4861.0,1,brimstone,1
4862.0,1,breach,3
4862.0,1,jett,2
4862.0,2,sage,1
4862.0,2,sova,1
4863.0,1,cypher,5
4863.0,3,skye,2
4863.0,3,sage,2
4864.0,1,jett,3
4864.0,1,raze,2
4864.0,2,killjoy,1
4864.0,2,sage,1
4864.0,3,killjoy,2
4864.0,3,viper,1
4865.0,1,jett,2
4865.0,1,omen,2
4865.0,1,viper,1
4865.0,2,killjoy,3
4865.0,2,cypher,1
4865.0,2,jett,1
4865.0,2,phoenix,1
4865.0,3,omen,1
4865.0,3,jett,1
4866.0,1,cypher,3
4866.0,1,sova,2
4866.0,2,sova,4
4866.0,2,killjoy,1
4866.0,2,raze,1
4866.0,2,skye,1
4866.0,3,sova,16
4866.0,3,skye,2
4866.0,3,kayo,1
4866.0,3,sage,1
4867.0,1,reyna,3
4867.0,1,phoenix,3
4867.0,1,jett,3
4867.0,1,omen,1
4867.0,1,raze,1
4867.0,1,sova,1
4867.0,2,jett,6
4867.0,2,raze,4
4867.0,2,reyna,3
4867.0,2,sage,2
4867.0,2,phoenix,2
4867.0,2,astra,1
4867.0,2,skye,1
4867.0,2,sova,1
4867.0,3,skye,5
4867.0,3,reyna,2
4867.0,3,kayo,2
4867.0,3,jett,2
4867.0,3,raze,1
4867.0,3,sage,1
4868.0,1,sova,2
4868.0,1,breach,1
4868.0,1,cypher,1
4868.0,1,reyna,1
4868.0,2,sova,15
4868.0,2,skye,4
4868.0,2,astra,3
4868.0,2,omen,2
4868.0,2,sage,2
4868.0,2,phoenix,1
4868.0,2,raze,1
4868.0,3,skye,9
4868.0,3,cypher,5
4868.0,3,astra,3
4868.0,3,breach,1
4868.0,3,sage,1
4868.0,3,viper,1
4869.0,1,omen,1
4869.0,1,sage,1
4869.0,2,jett,1
4870.0,1,sova,19
4870.0,1,viper,1
4870.0,2,sova,24
4870.0,2,skye,8
4870.0,2,astra,4
4870.0,2,cypher,1
4870.0,2,jett,1
4870.0,2,raze,1
4870.0,2,sage,1
4870.0,3,jett,5
4871.0,1,omen,11
4871.0,1,breach,4
4871.0,1,reyna,2
4871.0,1,jett,1
4871.0,1,phoenix,1
4871.0,1,sage,1
4871.0,2,raze,17
4871.0,2,sage,6
4871.0,2,jett,6
4871.0,2,omen,5
4871.0,2,brimstone,4
4871.0,2,breach,2
4871.0,2,sova,2
4871.0,2,phoenix,1
4871.0,2,reyna,1
4871.0,3,kayo,6
4871.0,3,sova,5
4871.0,3,breach,4
4871.0,3,viper,4
4871.0,3,skye,3
4871.0,3,astra,3
4871.0,3,raze,2
4871.0,3,reyna,2
4871.0,3,jett,1
4872.0,1,cypher,15
4872.0,1,killjoy,2
4872.0,1,omen,2
4872.0,2,cypher,12
4872.0,2,killjoy,11
4872.0,2,sage,3
4872.0,2,viper,2
4872.0,2,phoenix,1
4872.0,2,raze,1
4872.0,3,killjoy,5
4872.0,3,viper,2
4872.0,3,cypher,2
4872.0,3,astra,2
4872.0,3,sage,1
4872.0,3,skye,1
4872.0,3,sova,1
4873.0,1,reyna,6
4873.0,1,omen,5
4873.0,1,breach,5
4873.0,2,omen,26
4873.0,2,reyna,10
4873.0,2,killjoy,2
4873.0,2,brimstone,1
4873.0,3,astra,4
4873.0,3,skye,2
4873.0,3,killjoy,1
4874.0,1,jett,18
4874.0,1,reyna,2
4874.0,2,jett,25
4874.0,2,raze,11
4874.0,2,reyna,3
4874.0,2,phoenix,2
4874.0,2,skye,1
4874.0,3,jett,27
4874.0,3,reyna,1
4874.0,3,raze,1
4874.0,3,phoenix,1
4879.0,3,killjoy,8
4879.0,3,raze,3
4879.0,3,reyna,2
4881.0,2,killjoy,1
4884.0,2,sage,1
4884.0,2,sova,1
4884.0,3,sova,11
4884.0,3,cypher,1
4884.0,3,killjoy,1
4885.0,2,jett,8
4885.0,2,brimstone,1
4885.0,2,reyna,1
4885.0,3,jett,45
4889.0,1,omen,5
4890.0,1,sova,6
4890.0,1,skye,5
4890.0,1,raze,4
4890.0,1,cypher,3
4890.0,1,killjoy,2
4890.0,1,phoenix,1
4890.0,2,breach,2
4890.0,2,skye,2
4890.0,2,reyna,1
4890.0,2,sage,1
4890.0,2,viper,1
4891.0,1,omen,14
4891.0,1,breach,4
4891.0,1,brimstone,4
4891.0,1,viper,1
4891.0,2,sova,4
4891.0,2,sage,2
4891.0,2,breach,1
4892.0,1,breach,16
4892.0,1,jett,3
4892.0,1,raze,1
4892.0,2,breach,5
4893.0,1,cypher,8
4893.0,1,killjoy,6
4893.0,1,reyna,2
4893.0,1,omen,2
4893.0,1,brimstone,2
4893.0,1,sage,1
4893.0,2,killjoy,11
4893.0,2,cypher,7
4893.0,2,reyna,1
4893.0,2,sage,1
4893.0,3,sova,13
4893.0,3,sage,8
4893.0,3,cypher,5
4893.0,3,killjoy,5
4893.0,3,astra,4
4894.0,1,cypher,5
4894.0,2,breach,5
4894.0,2,killjoy,1
4894.0,3,viper,6
4894.0,3,killjoy,4
4894.0,3,skye,4
4894.0,3,kayo,2
4894.0,3,sage,1
4895.0,1,jett,2
4896.0,1,breach,2
4897.0,1,omen,2
4898.0,1,cypher,1
4898.0,1,killjoy,1
4899.0,1,sova,2
4900.0,1,phoenix,2
4901.0,1,jett,2
4902.0,1,omen,2
4903.0,1,jett,3
4904.0,1,killjoy,3
4904.0,2,killjoy,1
4905.0,1,omen,3
4905.0,2,omen,4
4906.0,1,jett,1
4906.0,1,omen,1
4906.0,1,sage,1
4907.0,1,killjoy,3
4907.0,1,jett,2
4908.0,1,jett,2
4908.0,2,omen,4
4908.0,3,killjoy,9
4908.0,3,cypher,4
4908.0,3,sage,1
4908.0,3,viper,1
4909.0,1,sova,6
4909.0,1,breach,2
4910.0,1,killjoy,5
4910.0,1,raze,4
4910.0,1,sage,2
4910.0,1,phoenix,1
4910.0,2,killjoy,3
4910.0,2,cypher,1
4911.0,1,jett,10
4911.0,1,phoenix,4
4913.0,1,raze,3
4914.0,1,jett,1
4914.0,1,cypher,1
4915.0,2,cypher,4
4915.0,2,killjoy,1
4916.0,2,sova,16
4916.0,2,phoenix,6
4916.0,2,reyna,1
4916.0,2,skye,1
4916.0,2,raze,1
4916.0,3,sova,21
4916.0,3,killjoy,15
4916.0,3,skye,10
4917.0,2,sova,17
4917.0,2,skye,3
4917.0,2,phoenix,2
4917.0,3,sova,7
4917.0,3,jett,1
4917.0,3,skye,1
4920.0,2,phoenix,2
4921.0,1,omen,8
4922.0,1,cypher,6
4922.0,1,killjoy,2
4922.0,2,killjoy,3
4922.0,2,cypher,2
4922.0,2,sova,1
4923.0,1,jett,4
4923.0,1,phoenix,4
4924.0,1,cypher,5
4924.0,1,sova,3
4924.0,1,killjoy,1
4924.0,2,killjoy,13
4924.0,2,sage,7
4924.0,2,cypher,5
4924.0,2,viper,3
4924.0,3,killjoy,36
4924.0,3,cypher,14
4924.0,3,viper,7
4924.0,3,astra,6
4924.0,3,sova,3
4926.0,1,sova,3
4926.0,2,sova,2
4926.0,3,sova,7
4927.0,1,reyna,6
4927.0,1,raze,2
4927.0,1,breach,1
4927.0,2,killjoy,20
4927.0,2,cypher,12
4927.0,2,viper,3
4927.0,3,viper,9
4927.0,3,cypher,7
4927.0,3,jett,5
4927.0,3,sage,3
4927.0,3,raze,1
4929.0,2,raze,2
4929.0,2,jett,2
4929.0,3,jett,1
4929.0,3,raze,1
4930.0,1,raze,2
4930.0,1,cypher,1
4930.0,2,cypher,2
4930.0,3,sova,34
4930.0,3,cypher,9
4930.0,3,viper,4
4930.0,3,sage,2
4930.0,3,kayo,2
4930.0,3,raze,1
4931.0,1,sova,5
4931.0,1,cypher,2
4931.0,1,breach,1
4931.0,1,killjoy,1
4931.0,1,reyna,1
4931.0,3,skye,22
4931.0,3,chamber,14
4931.0,3,kayo,10
4931.0,3,sova,6
4931.0,3,raze,4
4931.0,3,breach,2
4931.0,3,viper,2
4931.0,3,sage,2
4931.0,3,killjoy,1
4932.0,1,breach,1
4932.0,1,sova,1
4932.0,2,sova,3
4932.0,3,sova,18
4932.0,3,sage,1
4932.0,3,viper,1
4933.0,1,omen,10
4933.0,2,astra,1
4933.0,2,omen,1
4933.0,3,astra,33
4933.0,3,viper,19
4944.0,1,phoenix,3
4945.0,1,jett,10
4945.0,1,raze,2
4945.0,2,sova,13
4945.0,2,omen,10
4945.0,2,raze,7
4945.0,2,sage,2
4945.0,2,jett,2
4945.0,3,jett,7
4945.0,3,omen,6
4945.0,3,sage,2
4945.0,3,skye,1
4946.0,1,omen,12
4946.0,2,omen,1
4946.0,2,killjoy,1
4946.0,2,breach,1
4946.0,3,astra,2
4946.0,3,viper,1
4949.0,0,sova,3
4949.0,1,cypher,1
4949.0,2,raze,3
4949.0,2,omen,2
4949.0,2,brimstone,1
4949.0,2,killjoy,1
4949.0,3,killjoy,2
4949.0,3,cypher,1
4949.0,3,skye,1
4949.0,3,sova,1
4950.0,1,sova,1
4950.0,2,jett,1
4950.0,2,raze,1
4951.0,1,omen,5
4951.0,1,sage,3
4951.0,1,reyna,1
4951.0,2,omen,6
4951.0,2,sage,2
4952.0,1,cypher,3
4952.0,1,breach,2
4953.0,1,omen,3
4953.0,2,omen,1
4954.0,1,sova,2
4954.0,1,jett,1
4954.0,2,viper,1
4955.0,1,raze,3
4956.0,1,breach,2
4956.0,1,killjoy,1
4956.0,2,killjoy,2
4956.0,2,cypher,1
4956.0,2,sage,1
4956.0,3,sage,4
4956.0,3,viper,3
4956.0,3,breach,1
4956.0,3,cypher,1
4960.0,1,omen,3
4961.0,1,phoenix,7
4961.0,1,reyna,4
4961.0,1,raze,2
4961.0,2,sage,4
4961.0,2,viper,2
4961.0,2,breach,2
4961.0,2,raze,1
4961.0,3,raze,6
4961.0,3,viper,6
4961.0,3,sage,2
4961.0,3,phoenix,2
4961.0,3,breach,2
4961.0,3,jett,1
4962.0,1,omen,9
4962.0,1,viper,4
4962.0,1,raze,2
4962.0,1,reyna,1
4962.0,2,omen,4
4962.0,2,sage,1
4962.0,2,skye,1
4962.0,2,viper,1
4962.0,2,raze,1
4962.0,2,jett,1
4962.0,2,astra,1
4962.0,3,omen,19
4962.0,3,astra,10
4962.0,3,viper,10
4962.0,3,skye,1
4966.0,1,sage,1
4966.0,2,sova,5
4966.0,2,sage,3
4968.0,3,sova,3
4969.0,2,killjoy,6
4969.0,2,cypher,5
4969.0,3,viper,7
4969.0,3,killjoy,6
4969.0,3,sova,2
4969.0,3,cypher,2
4969.0,3,astra,2
4969.0,3,kayo,1
4971.0,1,jett,4
4971.0,1,cypher,1
4971.0,2,jett,7
4971.0,2,cypher,3
4971.0,2,raze,2
4971.0,2,brimstone,1
4971.0,2,killjoy,1
4971.0,3,cypher,3
4971.0,3,jett,1
4971.0,3,killjoy,1
4971.0,3,viper,1
4972.0,2,sova,3
4972.0,2,reyna,2
4973.0,1,jett,7
4973.0,1,killjoy,1
4973.0,1,reyna,1
4973.0,1,viper,1
4973.0,2,phoenix,11
4973.0,2,yoru,8
4973.0,2,raze,6
4973.0,2,skye,3
4973.0,2,sage,2
4973.0,2,jett,1
4973.0,3,skye,12
4973.0,3,phoenix,6
4973.0,3,kayo,1
4985.0,1,breach,1
4986.0,1,jett,1
4986.0,2,jett,2
4986.0,2,sage,1
4989.0,1,sova,1
4989.0,2,sova,2
4989.0,3,sova,2
4989.0,3,sage,1
4992.0,1,jett,1
4993.0,1,breach,1
4993.0,2,breach,1
4993.0,2,sage,1
5002.0,2,raze,1
5003.0,3,sova,2
5004.0,2,sova,4
5004.0,2,breach,2
5004.0,2,viper,1
5004.0,2,omen,1
5004.0,2,brimstone,1
5004.0,3,sova,5
5004.0,3,breach,2
5004.0,3,skye,1
5005.0,2,cypher,3
5005.0,2,killjoy,2
5005.0,2,skye,1
5005.0,3,killjoy,5
5005.0,3,skye,1
5006.0,1,cypher,5
5006.0,2,cypher,1
5006.0,3,astra,12
5006.0,3,viper,3
5006.0,3,cypher,2
5006.0,3,omen,1
5006.0,3,sage,1
5008.0,3,jett,4
5008.0,3,skye,2
5009.0,2,astra,15
5009.0,2,omen,1
5011.0,2,sage,10
5011.0,2,phoenix,2
5011.0,3,raze,1
5011.0,3,skye,1
5013.0,2,sova,6
5013.0,2,breach,2
5013.0,3,sova,2
5013.0,3,astra,2
5013.0,3,raze,1
5013.0,3,omen,1
5016.0,1,cypher,9
5016.0,2,cypher,5
5016.0,2,killjoy,1
5016.0,3,killjoy,5
5016.0,3,sage,4
5016.0,3,cypher,4
5016.0,3,astra,3
5016.0,3,brimstone,1
5017.0,0,brimstone,2
5017.0,1,omen,6
5017.0,1,brimstone,1
5017.0,2,omen,6
5017.0,2,astra,4
5017.0,2,viper,2
5017.0,3,omen,5
5017.0,3,sova,3
5017.0,3,killjoy,3
5017.0,3,cypher,2
5017.0,3,viper,2
5017.0,3,astra,1
5018.0,1,omen,4
5019.0,1,killjoy,2
5019.0,1,cypher,2
5019.0,2,astra,5
5019.0,2,omen,1
5020.0,1,raze,3
5020.0,1,reyna,1
5020.0,2,astra,8
5020.0,2,omen,5
5020.0,2,raze,2
5020.0,2,jett,1
5020.0,2,reyna,1
5020.0,2,skye,1
5020.0,3,astra,38
5020.0,3,viper,17
5020.0,3,omen,12
5020.0,3,jett,7
5020.0,3,phoenix,5
5020.0,3,raze,4
5020.0,3,skye,2
5020.0,3,killjoy,1
5020.0,3,sage,1
5021.0,1,reyna,2
5021.0,1,jett,2
5021.0,2,raze,1
5021.0,2,reyna,1
5021.0,3,cypher,1
5021.0,3,omen,1
5022.0,1,jett,5
5022.0,1,raze,2
5022.0,1,omen,2
5022.0,2,jett,31
5022.0,2,sova,11
5022.0,2,raze,5
5022.0,2,sage,2
5022.0,3,jett,29
5022.0,3,raze,7
5022.0,3,sova,3
5022.0,3,sage,2
5022.0,3,reyna,1
5023.0,1,omen,2
5024.0,1,raze,1
5024.0,1,reyna,1
5024.0,2,astra,6
5024.0,2,omen,1
5024.0,3,astra,6
5024.0,3,sage,1
5024.0,3,viper,1
5025.0,1,cypher,1
5025.0,1,jett,1
5026.0,1,breach,2
5027.0,1,sova,2
5028.0,3,jett,23
5028.0,3,raze,7
5028.0,3,reyna,2
5028.0,3,kayo,1
5030.0,2,jett,3
5030.0,2,reyna,2
5030.0,2,sova,1
5030.0,2,phoenix,1
5030.0,3,raze,3
5034.0,2,sova,3
5035.0,2,astra,2
5035.0,2,omen,1
5035.0,3,astra,13
5035.0,3,killjoy,12
5035.0,3,viper,2
5035.0,3,sage,2
5035.0,3,chamber,1
5035.0,3,cypher,1
5036.0,2,jett,3
5043.0,1,jett,2
5043.0,2,jett,2
5043.0,3,cypher,2
5044.0,1,omen,2
5045.0,1,breach,2
5046.0,1,cypher,2
5047.0,1,killjoy,1
5047.0,1,phoenix,1
5048.0,1,cypher,1
5048.0,1,killjoy,1
5048.0,2,cypher,5
5049.0,1,jett,2
5050.0,1,reyna,2
5050.0,2,raze,4
5050.0,2,reyna,2
5050.0,2,phoenix,1
5051.0,1,omen,2
5052.0,1,sova,2
5052.0,2,sova,12
5052.0,2,sage,1
5052.0,3,sova,24
5052.0,3,skye,5
5052.0,3,cypher,1
5052.0,3,kayo,1
5052.0,3,killjoy,1
5052.0,3,sage,1
5053.0,1,omen,2
5053.0,2,killjoy,2
5053.0,2,omen,1
5053.0,2,cypher,1
5053.0,3,cypher,2
5053.0,3,killjoy,1
5053.0,3,sage,1
5054.0,1,phoenix,1
5054.0,1,reyna,1
5054.0,2,raze,2
5054.0,2,breach,1
5054.0,2,phoenix,1
5055.0,1,breach,2
5055.0,2,jett,4
5055.0,2,sova,1
5055.0,2,astra,1
5055.0,2,breach,1
5055.0,2,sage,1
5055.0,3,raze,1
5055.0,3,jett,1
5056.0,1,cypher,2
5056.0,2,killjoy,3
5056.0,2,cypher,1
5056.0,2,sage,1
5057.0,1,cypher,2
5057.0,3,viper,8
5057.0,3,killjoy,2
5058.0,1,reyna,4
5059.0,1,jett,2
5059.0,1,killjoy,1
5059.0,1,raze,1
5060.0,1,jett,2
5060.0,1,sova,2
5065.0,1,sage,1
5065.0,1,sova,1
5066.0,1,jett,1
5066.0,1,omen,1
5066.0,2,jett,1
5066.0,2,sova,1
5067.0,1,breach,1
5067.0,1,sova,1
5069.0,1,phoenix,1
5069.0,1,raze,1
5070.0,1,jett,2
5070.0,1,omen,2
5071.0,1,killjoy,1
5071.0,1,cypher,1
5072.0,1,phoenix,1
5072.0,1,reyna,1
5072.0,2,sage,4
5072.0,2,killjoy,4
5072.0,2,cypher,3
5072.0,3,cypher,8
5072.0,3,sage,5
5072.0,3,killjoy,4
5073.0,1,jett,1
5073.0,1,reyna,1
5074.0,1,omen,2
5075.0,1,sova,2
5075.0,3,cypher,7
5075.0,3,sage,2
5075.0,3,killjoy,1
5075.0,3,viper,1
5076.0,1,omen,2
5077.0,1,cypher,4
5077.0,1,sova,2
5077.0,2,reyna,1
5077.0,2,sage,1
5078.0,1,jett,2
5078.0,2,cypher,2
5078.0,2,killjoy,1
5078.0,3,cypher,1
5078.0,3,sage,1
5079.0,1,breach,1
5079.0,1,cypher,1
5080.0,1,phoenix,2
5081.0,2,jett,2
5083.0,2,omen,2
5084.0,2,killjoy,1
5085.0,3,jett,1
5086.0,2,jett,8
5086.0,2,sage,4
5086.0,2,phoenix,1
5086.0,3,jett,22
5086.0,3,raze,1
5087.0,3,sova,2
5087.0,3,skye,1
5089.0,2,omen,2
5096.0,2,omen,5
5096.0,2,brimstone,3
5096.0,2,skye,2
5096.0,2,astra,2
5096.0,2,viper,1
5096.0,3,skye,6
5096.0,3,kayo,4
5096.0,3,astra,2
5098.0,3,skye,1
5099.0,2,astra,4
5099.0,2,jett,2
5099.0,2,sage,2
5099.0,2,omen,1
5099.0,2,viper,1
5099.0,3,astra,8
5099.0,3,viper,8
5099.0,3,skye,4
5099.0,3,cypher,2
5099.0,3,killjoy,2
5099.0,3,brimstone,1
5099.0,3,jett,1
5099.0,3,sage,1
5100.0,1,cypher,6
5100.0,1,killjoy,3
5100.0,2,killjoy,13
5100.0,2,cypher,12
5100.0,2,viper,5
5100.0,2,astra,1
5100.0,3,killjoy,4
5100.0,3,viper,1
5101.0,2,astra,1
5101.0,3,viper,2
5101.0,3,cypher,2
5101.0,3,killjoy,2
5101.0,3,sage,2
5102.0,2,sova,2
5102.0,2,skye,1
5104.0,2,sova,6
5104.0,2,skye,1
5110.0,2,omen,2
5112.0,2,raze,1
5112.0,2,reyna,1
5112.0,3,raze,5
5112.0,3,jett,5
5112.0,3,skye,2
5120.0,2,omen,2
5120.0,2,jett,2
5121.0,2,jett,1
5121.0,2,raze,1
5121.0,3,viper,9
5121.0,3,killjoy,7
5121.0,3,astra,5
5121.0,3,cypher,1
5124.0,1,omen,3
5125.0,1,sova,2
5125.0,1,breach,1
5125.0,3,sova,4
5126.0,1,jett,3
5126.0,2,astra,16
5126.0,2,omen,6
5126.0,2,jett,6
5126.0,2,brimstone,3
5126.0,2,skye,1
5126.0,2,sage,1
5126.0,3,astra,22
5126.0,3,omen,11
5126.0,3,sage,10
5126.0,3,viper,3
5126.0,3,skye,2
5127.0,1,reyna,4
5127.0,1,raze,2
5127.0,2,sova,8
5127.0,2,reyna,8
5127.0,2,raze,3
5127.0,2,sage,2
5127.0,3,sova,8
5127.0,3,reyna,3
5127.0,3,sage,1
5129.0,1,jett,4
5129.0,1,reyna,2
5129.0,2,jett,20
5129.0,2,reyna,5
5129.0,3,jett,37
5129.0,3,skye,23
5129.0,3,sage,14
5129.0,3,reyna,14
5129.0,3,breach,2
5129.0,3,kayo,1
5129.0,3,killjoy,1
5130.0,1,cypher,4
5130.0,1,killjoy,2
5130.0,2,killjoy,9
5131.0,1,omen,6
5131.0,2,omen,8
5132.0,1,sova,18
5132.0,2,raze,18
5132.0,2,phoenix,17
5132.0,2,reyna,7
5132.0,3,jett,20
5132.0,3,raze,11
5132.0,3,skye,10
5132.0,3,reyna,7
5132.0,3,kayo,3
5132.0,3,phoenix,2
5136.0,1,jett,2
5137.0,1,phoenix,2
5142.0,2,sage,1
5142.0,2,viper,1
5143.0,1,omen,4
5143.0,1,cypher,3
5143.0,1,killjoy,1
5145.0,3,sova,1
5145.0,3,sage,1
5146.0,2,omen,2
5146.0,2,phoenix,1
5146.0,3,omen,5
5146.0,3,viper,1
5147.0,2,killjoy,13
5147.0,2,viper,4
5147.0,2,sage,3
5147.0,2,brimstone,1
5147.0,3,killjoy,6
5147.0,3,viper,5
5147.0,3,sage,2
5148.0,2,omen,2
5148.0,2,jett,1
5149.0,2,viper,9
5149.0,2,omen,7
5149.0,2,astra,3
5149.0,3,viper,7
5149.0,3,astra,3
5149.0,3,omen,2
5150.0,1,cypher,2
5150.0,3,killjoy,4
5150.0,3,astra,3
5150.0,3,cypher,2
5150.0,3,sage,1
5150.0,3,viper,1
5151.0,1,jett,2
5152.0,1,sova,2
5153.0,1,raze,1
5153.0,1,reyna,1
5154.0,1,cypher,1
5154.0,1,killjoy,1
5154.0,2,cypher,3
5154.0,2,killjoy,2
5154.0,2,sage,1
5154.0,3,jett,6
5154.0,3,kayo,1
5155.0,1,omen,2
5156.0,1,omen,7
5156.0,2,astra,5
5156.0,2,sage,2
5156.0,2,omen,2
5156.0,3,sage,19
5156.0,3,astra,17
5156.0,3,omen,15
5156.0,3,viper,6
5156.0,3,cypher,2
5156.0,3,sova,1
5157.0,1,sova,7
5157.0,2,sova,7
5157.0,3,sova,57
5157.0,3,kayo,8
5157.0,3,skye,5
5158.0,1,raze,2
5158.0,1,jett,1
5158.0,1,reyna,1
5159.0,1,cypher,2
5159.0,3,astra,1
5160.0,1,phoenix,2
5161.0,1,omen,3
5161.0,3,sage,4
5161.0,3,brimstone,1
5161.0,3,viper,1
5162.0,1,raze,1
5163.0,1,omen,1
5164.0,2,jett,3
5166.0,3,jett,1
5166.0,3,raze,1
5167.0,1,sova,3
5167.0,3,sova,6
5167.0,3,killjoy,4
5167.0,3,cypher,3
5167.0,3,viper,3
5167.0,3,sage,1
5172.0,1,jett,2
5172.0,2,raze,1
5176.0,1,jett,10
5176.0,1,raze,1
5176.0,2,jett,5
5176.0,2,raze,1
5176.0,3,jett,4
5177.0,1,sova,6
5177.0,1,breach,2
5177.0,1,killjoy,2
5177.0,1,cypher,1
5177.0,2,killjoy,6
5177.0,2,cypher,3
5177.0,2,viper,1
5177.0,3,killjoy,4
5177.0,3,cypher,3
5177.0,3,viper,1
5178.0,1,jett,4
5178.0,1,omen,2
5178.0,2,raze,4
5178.0,2,omen,3
5178.0,2,jett,2
5178.0,3,jett,47
5178.0,3,raze,2
5178.0,3,sage,1
5179.0,1,omen,3
5179.0,1,raze,1
5179.0,1,reyna,1
5180.0,2,brimstone,1
5180.0,2,sova,1
5181.0,2,breach,1
5181.0,2,omen,1
5183.0,2,phoenix,1
5183.0,2,reyna,1
5185.0,2,cypher,4
5186.0,2,jett,8
5187.0,2,raze,3
5188.0,1,phoenix,2
5188.0,2,astra,30
5188.0,2,sage,13
5188.0,2,brimstone,5
5188.0,2,yoru,2
5188.0,2,omen,2
5188.0,2,phoenix,1
5188.0,3,astra,56
5188.0,3,viper,19
5188.0,3,sage,10
5188.0,3,killjoy,1
5188.0,3,omen,1
5189.0,1,cypher,2
5189.0,2,viper,51
5189.0,2,breach,2
5189.0,3,viper,34
5189.0,3,cypher,9
5189.0,3,skye,4
5189.0,3,killjoy,2
5190.0,1,omen,5
5190.0,1,viper,2
5190.0,2,sage,22
5190.0,2,jett,21
5190.0,2,raze,9
5190.0,2,omen,1
5190.0,3,jett,67
5190.0,3,sage,16
5190.0,3,raze,3
5190.0,3,chamber,3
5193.0,1,jett,1
5193.0,1,reyna,1
5194.0,2,sova,2
5194.0,2,killjoy,1
5194.0,3,killjoy,1
5194.0,3,sova,1
5197.0,1,sova,3
5197.0,1,breach,2
5197.0,1,sage,1
5197.0,2,breach,4
5197.0,2,sova,4
5198.0,2,omen,6
5198.0,2,reyna,3
5199.0,1,sage,2
5199.0,2,sova,1
5199.0,3,skye,5
5199.0,3,sage,3
5199.0,3,raze,2
5200.0,1,breach,2
5201.0,1,raze,2
5201.0,2,jett,1
5201.0,3,jett,3
5201.0,3,breach,1
5201.0,3,raze,1
5201.0,3,skye,1
5202.0,1,cypher,2
5203.0,1,sova,12
5203.0,1,breach,2
5203.0,2,sova,2
5203.0,3,sova,14
5203.0,3,omen,2
5203.0,3,skye,1
5204.0,1,reyna,7
5204.0,1,omen,4
5204.0,1,raze,3
5204.0,1,phoenix,1
5204.0,2,omen,2
5204.0,2,sage,1
5204.0,3,reyna,1
5204.0,3,sova,1
5205.0,1,jett,10
5205.0,1,reyna,2
5205.0,1,cypher,1
5205.0,1,sage,1
5205.0,2,jett,2
5205.0,2,sage,1
5205.0,3,astra,1
5205.0,3,jett,1
5205.0,3,kayo,1
5206.0,1,cypher,7
5206.0,1,omen,5
5206.0,1,killjoy,2
5206.0,2,killjoy,2
5206.0,2,cypher,1
5207.0,2,jett,3
5207.0,2,raze,2
5207.0,2,phoenix,2
5207.0,2,killjoy,1
5207.0,3,cypher,1
5207.0,3,viper,1
5208.0,2,jett,6
5208.0,2,sage,4
5208.0,2,raze,2
5208.0,2,viper,2
5208.0,2,sova,1
5208.0,2,skye,1
5208.0,3,jett,3
5208.0,3,sage,2
5209.0,2,sova,2
5210.0,2,astra,11
5210.0,2,sage,6
5210.0,2,brimstone,1
5210.0,3,astra,4
5210.0,3,sova,4
5210.0,3,skye,2
5210.0,3,omen,1
5210.0,3,sage,1
5211.0,1,jett,6
5211.0,1,phoenix,1
5211.0,2,jett,36
5211.0,2,phoenix,4
5211.0,3,jett,21
5211.0,3,sage,3
5211.0,3,phoenix,2
5211.0,3,skye,2
5211.0,3,raze,1
5211.0,3,reyna,1
5211.0,3,viper,1
5212.0,1,cypher,4
5212.0,1,viper,1
5212.0,2,cypher,38
5212.0,2,killjoy,17
5212.0,2,sage,13
5212.0,2,jett,2
5212.0,2,breach,1
5212.0,2,skye,1
5212.0,2,viper,1
5212.0,3,sage,19
5212.0,3,skye,8
5212.0,3,killjoy,6
5212.0,3,jett,3
5212.0,3,reyna,2
5212.0,3,breach,2
5212.0,3,cypher,1
5212.0,3,viper,1
5213.0,1,jett,4
5213.0,1,reyna,1
5214.0,1,reyna,3
5214.0,1,jett,1
5214.0,1,phoenix,1
5214.0,2,sage,2
5214.0,2,jett,1
5214.0,3,brimstone,1
5214.0,3,sage,1
5215.0,1,omen,5
5215.0,2,sova,4
5215.0,2,reyna,3
5215.0,2,cypher,1
5215.0,2,raze,1
5215.0,2,sage,1
5215.0,2,skye,1
5215.0,3,raze,4
5215.0,3,killjoy,2
5215.0,3,reyna,1
5216.0,1,sova,4
5216.0,1,raze,1
5216.0,2,sova,51
5216.0,2,killjoy,5
5216.0,2,skye,5
5216.0,2,sage,3
5216.0,2,raze,2
5216.0,2,phoenix,1
5216.0,2,astra,1
5216.0,3,killjoy,19
5216.0,3,sova,9
5216.0,3,viper,6
5216.0,3,cypher,2
5216.0,3,breach,2
5216.0,3,jett,1
5217.0,1,omen,2
5217.0,2,omen,3
5217.0,2,astra,1
5218.0,1,sova,2
5218.0,2,raze,24
5218.0,2,reyna,13
5218.0,2,breach,6
5218.0,2,phoenix,5
5218.0,2,sova,4
5218.0,2,sage,2
5218.0,3,reyna,5
5218.0,3,jett,4
5218.0,3,raze,4
5218.0,3,skye,3
5218.0,3,sova,1
5219.0,1,jett,2
5219.0,2,sage,3
5219.0,2,raze,2
5219.0,2,reyna,2
5219.0,2,phoenix,1
5220.0,1,cypher,8
5220.0,1,killjoy,1
5221.0,1,omen,5
5221.0,1,phoenix,4
5221.0,2,omen,23
5221.0,2,phoenix,5
5221.0,2,sage,4
5221.0,2,viper,3
5221.0,2,reyna,2
5221.0,2,raze,1
5221.0,3,omen,3
5221.0,3,sage,3
5221.0,3,astra,1
5221.0,3,phoenix,1
5221.0,3,reyna,1
5221.0,3,viper,1
5228.0,1,sova,6
5228.0,1,killjoy,1
5228.0,2,viper,9
5228.0,2,skye,7
5228.0,2,phoenix,3
5228.0,2,yoru,3
5228.0,2,reyna,1
5228.0,2,omen,1
5228.0,2,sage,1
5228.0,3,sova,7
5228.0,3,skye,7
5228.0,3,cypher,3
5228.0,3,sage,2
5228.0,3,jett,2
5228.0,3,yoru,1
5228.0,3,astra,1
5228.0,3,breach,1
5228.0,3,viper,1
5230.0,1,omen,7
5231.0,1,sova,2
5231.0,2,sova,5
5232.0,1,cypher,2
5232.0,2,breach,2
5232.0,2,killjoy,2
5232.0,2,viper,1
5233.0,1,breach,1
5233.0,1,raze,1
5233.0,2,cypher,1
5233.0,2,killjoy,1
5234.0,1,omen,2
5234.0,2,astra,3
5234.0,2,jett,2
5235.0,1,jett,2
5235.0,2,jett,3
5235.0,2,brimstone,1
5235.0,2,omen,1
5235.0,3,jett,14
5235.0,3,cypher,1
5235.0,3,skye,1
5236.0,1,cypher,4
5236.0,2,astra,9
5236.0,2,killjoy,9
5236.0,2,cypher,5
5236.0,3,killjoy,11
5236.0,3,viper,7
5236.0,3,omen,7
5236.0,3,astra,7
5236.0,3,cypher,1
5236.0,3,sage,1
5237.0,1,reyna,4
5237.0,3,cypher,2
5237.0,3,viper,1
5238.0,1,sova,4
5238.0,2,sova,28
5238.0,2,viper,2
5238.0,2,skye,2
5238.0,2,killjoy,1
5238.0,3,sova,11
5238.0,3,killjoy,1
5239.0,1,omen,4
5240.0,1,jett,3
5240.0,1,raze,1
5240.0,2,raze,7
5240.0,2,jett,6
5240.0,2,sage,2
5240.0,2,reyna,2
5240.0,3,jett,4
5240.0,3,phoenix,1
5240.0,3,raze,1
5241.0,1,raze,1
5241.0,2,jett,6
5241.0,3,sova,19
5241.0,3,skye,2
5241.0,3,viper,1
5242.0,1,breach,1
5244.0,1,omen,2
5244.0,2,omen,17
5244.0,2,astra,8
5244.0,2,viper,1
5244.0,3,viper,4
5244.0,3,cypher,3
5244.0,3,killjoy,2
5244.0,3,astra,2
5244.0,3,omen,1
5255.0,3,jett,4
5264.0,1,raze,1
5264.0,1,sage,1
5265.0,2,jett,2
5266.0,2,cypher,14
5266.0,2,killjoy,2
5266.0,2,skye,1
5266.0,2,omen,1
5274.0,2,cypher,1
5274.0,2,sage,1
5274.0,2,brimstone,1
5274.0,2,breach,1
5275.0,2,sova,2
5275.0,2,omen,1
5275.0,2,reyna,1
5276.0,2,killjoy,3
5276.0,2,breach,1
5277.0,2,omen,2
5277.0,2,brimstone,1
5277.0,2,sage,1
5278.0,1,brimstone,1
5278.0,1,omen,1
5279.0,2,raze,2
5279.0,3,killjoy,3
5279.0,3,viper,1
5280.0,1,jett,1
5280.0,1,sova,1
5280.0,2,breach,2
5280.0,2,sova,2
5281.0,2,jett,5
5281.0,2,astra,5
5281.0,2,raze,3
5281.0,2,omen,3
5281.0,3,sova,4
5281.0,3,jett,1
5281.0,3,viper,1
5282.0,2,brimstone,2
5283.0,1,raze,5
5283.0,2,raze,14
5283.0,2,sova,3
5283.0,3,raze,15
5283.0,3,jett,6
5284.0,2,sage,2
5284.0,2,omen,1
5284.0,2,sova,1
5284.0,3,sova,2
5292.0,1,phoenix,1
5292.0,1,raze,1
5292.0,2,raze,5
5292.0,2,reyna,2
5292.0,3,raze,9
5292.0,3,reyna,6
5292.0,3,jett,5
5292.0,3,sage,2
5292.0,3,phoenix,1
5298.0,1,phoenix,3
5298.0,1,reyna,2
5298.0,2,killjoy,1
5298.0,2,sage,1
5298.0,3,phoenix,1
5298.0,3,reyna,1
5299.0,1,sova,5
5300.0,1,jett,2
5300.0,2,sage,3
5306.0,1,reyna,1
5309.0,1,cypher,1
5309.0,2,omen,2
5309.0,2,killjoy,1
5309.0,2,astra,1
5318.0,1,breach,6
5319.0,1,jett,1
5320.0,1,raze,1
5323.0,3,jett,7
5323.0,3,raze,4
5327.0,2,sage,2
5327.0,2,reyna,1
5328.0,2,omen,3
5329.0,2,raze,3
5330.0,1,cypher,4
5330.0,1,jett,1
5330.0,1,killjoy,1
5330.0,1,raze,1
5330.0,2,sova,3
5330.0,2,cypher,2
5330.0,2,killjoy,1
5330.0,2,sage,1
5331.0,1,jett,8
5331.0,2,cypher,2
5331.0,2,killjoy,1
5332.0,1,jett,4
5337.0,3,sage,2
5337.0,3,viper,2
5337.0,3,astra,1
5338.0,3,jett,2
5351.0,2,omen,2
5351.0,2,astra,1
5351.0,2,sage,1
5351.0,2,viper,1
5351.0,3,astra,6
5353.0,1,omen,2
5354.0,1,killjoy,2
5354.0,2,cypher,1
5354.0,2,killjoy,1
5356.0,1,sova,2
5357.0,2,jett,1
5357.0,2,reyna,1
5357.0,3,sage,2
5357.0,3,jett,1
5357.0,3,kayo,1
5359.0,2,jett,5
5367.0,2,sova,7
5367.0,2,cypher,1
5367.0,2,viper,1
5367.0,3,cypher,1
5367.0,3,killjoy,1
5368.0,2,omen,5
5375.0,3,sova,5
5375.0,3,astra,5
5375.0,3,brimstone,2
5375.0,3,omen,1
5375.0,3,viper,1
5379.0,2,sova,4
5379.0,2,breach,1
5379.0,3,sova,3
5379.0,3,sage,1
5380.0,2,omen,2
5380.0,2,sage,1
5381.0,2,cypher,6
5381.0,2,killjoy,3
5381.0,3,sage,1
5381.0,3,killjoy,1
5381.0,3,cypher,1
5382.0,2,omen,2
5382.0,2,brimstone,1
5382.0,3,astra,3
5382.0,3,sova,1
5383.0,2,jett,3
5383.0,3,jett,2
5387.0,3,raze,3
5387.0,3,viper,2
5387.0,3,sage,1
5389.0,3,sage,3
5389.0,3,astra,1
5389.0,3,jett,1
5389.0,3,raze,1
5418.0,1,reyna,2
5419.0,1,omen,2
5420.0,1,breach,2
5421.0,1,sova,2
5422.0,1,cypher,1
5422.0,2,cypher,8
5422.0,2,jett,2
5422.0,2,killjoy,1
5422.0,3,cypher,9
5422.0,3,jett,3
5422.0,3,sage,1
5422.0,3,viper,1
5423.0,1,jett,1
5423.0,2,omen,8
5423.0,2,viper,2
5423.0,2,astra,1
5423.0,3,omen,9
5423.0,3,viper,2
5423.0,3,astra,1
5424.0,1,sova,1
5425.0,1,phoenix,1
5425.0,2,raze,5
5425.0,2,reyna,3
5425.0,2,phoenix,3
5425.0,3,reyna,7
5425.0,3,raze,4
5425.0,3,skye,1
5426.0,1,reyna,1
5426.0,2,reyna,4
5426.0,2,sage,3
5426.0,2,jett,2
5426.0,2,viper,2
5426.0,2,phoenix,1
5426.0,2,raze,1
5426.0,3,raze,3
5426.0,3,cypher,1
5426.0,3,jett,1
5426.0,3,reyna,1
5426.0,3,sage,1
5426.0,3,skye,1
5426.0,3,viper,1
5427.0,1,breach,1
5428.0,1,omen,1
5429.0,1,jett,5
5429.0,2,jett,2
5430.0,1,sova,5
5430.0,2,sova,2
5431.0,1,cypher,5
5431.0,2,cypher,2
5432.0,1,omen,5
5432.0,2,killjoy,8
5432.0,2,viper,6
5432.0,2,cypher,4
5432.0,2,omen,1
5432.0,2,brimstone,1
5432.0,3,killjoy,17
5432.0,3,viper,9
5432.0,3,cypher,7
5433.0,1,breach,5
5436.0,2,viper,5
5436.0,2,skye,2
5436.0,2,breach,1
5436.0,2,sova,1
5436.0,3,sova,8
5436.0,3,viper,3
5436.0,3,jett,3
5436.0,3,astra,2
5436.0,3,cypher,1
5436.0,3,raze,1
5436.0,3,sage,1
5436.0,3,skye,1
5444.0,1,killjoy,3
5444.0,3,killjoy,3
5444.0,3,reyna,3
5444.0,3,viper,3
5445.0,1,reyna,2
5445.0,1,sova,1
5445.0,3,jett,6
5445.0,3,reyna,1
5446.0,1,omen,3
5446.0,3,sova,4
5447.0,1,cypher,2
5447.0,1,breach,1
5447.0,3,astra,5
5447.0,3,brimstone,1
5447.0,3,sage,1
5447.0,3,sova,1
5447.0,3,viper,1
5448.0,1,raze,3
5448.0,3,skye,3
5448.0,3,sage,2
5448.0,3,raze,1
5448.0,3,reyna,1
5449.0,1,raze,3
5449.0,2,raze,9
5449.0,2,phoenix,6
5449.0,2,reyna,3
5449.0,2,viper,2
5449.0,2,jett,1
5449.0,3,jett,5
5449.0,3,raze,3
5449.0,3,sage,2
5449.0,3,phoenix,2
5449.0,3,reyna,1
5450.0,1,killjoy,3
5451.0,1,sova,2
5451.0,1,phoenix,1
5451.0,2,sova,2
5452.0,1,omen,3
5453.0,1,jett,2
5453.0,1,breach,1
5453.0,2,cypher,2
5459.0,1,killjoy,1
5461.0,1,breach,1
5462.0,1,jett,1
5463.0,2,viper,2
5464.0,2,omen,2
5475.0,1,sova,1
5476.0,1,killjoy,7
5476.0,1,jett,4
5476.0,2,jett,21
5476.0,2,killjoy,9
5476.0,2,sage,4
5476.0,2,reyna,2
5476.0,2,skye,2
5476.0,2,raze,1
5476.0,3,killjoy,2
5476.0,3,cypher,1
5476.0,3,sage,1
5477.0,1,omen,2
5477.0,2,sage,2
5477.0,2,killjoy,1
5477.0,3,sova,11
5477.0,3,viper,4
5477.0,3,breach,3
5477.0,3,jett,2
5478.0,1,omen,3
5479.0,1,cypher,3
5480.0,1,sage,2
5480.0,1,raze,1
5481.0,1,raze,2
5486.0,2,cypher,2
5487.0,1,sova,1
5487.0,2,sage,10
5487.0,2,cypher,6
5487.0,2,raze,3
5487.0,2,killjoy,1
5487.0,2,viper,1
5487.0,3,sage,6
5487.0,3,kayo,6
5487.0,3,cypher,4
5487.0,3,viper,3
5487.0,3,breach,1
5487.0,3,sova,1
5489.0,3,cypher,1
5489.0,3,sage,1
5490.0,2,phoenix,3
5490.0,2,jett,3
5493.0,1,jett,1
5497.0,1,omen,8
5498.0,1,jett,11
5498.0,2,jett,10
5499.0,2,jett,16
5499.0,3,jett,6
5499.0,3,sage,6
5499.0,3,skye,6
5499.0,3,brimstone,2
5499.0,3,omen,1
5500.0,1,omen,2
5500.0,1,sage,1
5500.0,1,brimstone,1
5500.0,2,sage,3
5500.0,2,skye,1
5500.0,2,killjoy,1
5500.0,3,reyna,1
5500.0,3,sage,1
5501.0,1,killjoy,10
5501.0,3,viper,5
5501.0,3,killjoy,3
5501.0,3,astra,1
5502.0,2,jett,3
5503.0,2,sova,2
5503.0,2,killjoy,2
5503.0,2,jett,1
5503.0,2,viper,1
5503.0,3,killjoy,2
5505.0,1,cypher,1
5505.0,1,killjoy,1
5505.0,2,killjoy,3
5505.0,2,cypher,2
5505.0,3,killjoy,2
5505.0,3,cypher,1
5505.0,3,sage,1
5506.0,1,jett,1
5506.0,1,omen,1
5506.0,2,reyna,4
5506.0,2,sage,4
5506.0,2,raze,3
5506.0,2,omen,2
5506.0,2,breach,2
5508.0,1,jett,1
5508.0,1,sage,1
5508.0,2,jett,4
5508.0,2,sova,1
5508.0,3,jett,3
5508.0,3,breach,1
5510.0,1,sova,6
5510.0,1,breach,2
5510.0,3,cypher,11
5510.0,3,omen,1
5510.0,3,sova,1
5511.0,1,killjoy,4
5511.0,1,cypher,2
5512.0,1,sova,8
5512.0,2,sage,1
5512.0,2,sova,1
5513.0,1,omen,6
5513.0,1,reyna,4
5513.0,1,raze,1
5513.0,1,viper,1
5513.0,2,sage,9
5513.0,2,viper,4
5513.0,2,sova,2
5513.0,2,raze,1
5513.0,2,skye,1
5513.0,3,sova,3
5513.0,3,breach,1
5515.0,1,cypher,8
5516.0,1,omen,8
5516.0,2,omen,11
5516.0,2,brimstone,1
5516.0,3,viper,4
5516.0,3,omen,1
5517.0,1,jett,8
5517.0,3,jett,10
5517.0,3,raze,2
5518.0,1,sage,8
5518.0,2,cypher,11
5518.0,2,killjoy,1
5518.0,3,sova,5
5527.0,1,omen,2
5527.0,1,breach,1
5536.0,1,cypher,4
5536.0,2,killjoy,5
5536.0,2,sova,3
5536.0,2,viper,2
5536.0,2,cypher,2
5536.0,2,astra,1
5536.0,3,killjoy,25
5536.0,3,sova,9
5536.0,3,viper,6
5536.0,3,sage,3
5536.0,3,skye,3
5536.0,3,cypher,1
5537.0,1,sova,2
5537.0,2,sova,11
5537.0,3,sova,24
5537.0,3,skye,4
5537.0,3,sage,2
5537.0,3,reyna,1
5538.0,1,raze,1
5538.0,1,reyna,1
5539.0,2,sova,1
5540.0,1,jett,2
5540.0,2,jett,7
5540.0,3,jett,21
5540.0,3,reyna,3
5540.0,3,raze,3
5540.0,3,skye,1
5541.0,1,cypher,1
5541.0,1,killjoy,1
5541.0,2,phoenix,2
5541.0,2,sage,2
5541.0,3,killjoy,8
5545.0,2,omen,2
5546.0,2,sova,1
5546.0,2,phoenix,1
5546.0,3,sova,2
5547.0,2,cypher,2
5548.0,1,breach,2
5548.0,2,cypher,25
5548.0,2,killjoy,10
5548.0,2,viper,9
5548.0,2,reyna,1
5548.0,3,killjoy,2
5548.0,3,viper,1
5549.0,1,omen,2
5549.0,2,brimstone,12
5549.0,2,omen,10
5549.0,2,sage,10
5549.0,2,astra,8
5549.0,2,breach,5
5549.0,3,sage,1
5549.0,3,brimstone,1
5549.0,3,astra,1
5550.0,1,cypher,2
5550.0,2,sova,24
5550.0,2,astra,9
5550.0,2,breach,7
5550.0,2,killjoy,2
5550.0,2,reyna,1
5550.0,2,skye,1
5550.0,2,viper,1
5550.0,3,breach,2
5550.0,3,sova,2
5550.0,3,astra,1
5550.0,3,brimstone,1
5561.0,1,breach,3
5561.0,2,sova,4
5561.0,2,breach,1
5562.0,1,omen,13
5562.0,2,omen,7
5562.0,2,astra,3
5562.0,2,viper,1
5563.0,1,cypher,9
5563.0,1,killjoy,4
5563.0,2,cypher,8
5563.0,2,killjoy,3
5563.0,2,sova,1
5563.0,3,astra,6
5563.0,3,jett,5
5563.0,3,cypher,4
5563.0,3,killjoy,2
5563.0,3,sova,2
5563.0,3,omen,1
5563.0,3,brimstone,1
5564.0,1,jett,13
5564.0,2,jett,9
5564.0,2,raze,2
5564.0,3,jett,8
5564.0,3,raze,5
5565.0,1,cypher,3
5565.0,3,sova,8
5565.0,3,astra,1
5565.0,3,breach,1
5566.0,1,sova,9
5566.0,1,jett,3
5566.0,1,raze,1
5566.0,2,raze,5
5566.0,2,jett,4
5566.0,2,sova,2
5566.0,3,sova,7
5566.0,3,sage,2
5567.0,1,breach,3
5568.0,1,raze,5
5568.0,1,sova,2
5568.0,1,jett,2
5568.0,1,reyna,1
5568.0,2,raze,13
5568.0,2,jett,7
5568.0,3,jett,23
5568.0,3,raze,21
5568.0,3,skye,2
5569.0,1,omen,7
5569.0,1,brimstone,4
5569.0,1,sage,2
5569.0,2,omen,9
5569.0,2,brimstone,3
5569.0,2,astra,2
5569.0,2,sage,2
5569.0,3,omen,8
5569.0,3,astra,5
5569.0,3,skye,4
5569.0,3,sage,3
5569.0,3,viper,3
5569.0,3,raze,2
5569.0,3,brimstone,1
5570.0,1,sova,1
5570.0,3,sage,1
5571.0,1,raze,1
5572.0,1,cypher,2
5573.0,1,breach,1
5573.0,1,reyna,1
5574.0,1,brimstone,2
5575.0,1,reyna,1
5575.0,1,sage,1
5576.0,1,raze,1
5577.0,1,sova,1
5579.0,1,killjoy,12
5579.0,1,cypher,2
5579.0,3,killjoy,3
5579.0,3,cypher,1
5579.0,3,viper,1
5581.0,1,sage,3
5582.0,1,jett,4
5582.0,1,breach,1
5582.0,1,reyna,1
5582.0,2,reyna,1
5582.0,2,killjoy,1
5582.0,2,cypher,1
5582.0,3,reyna,1
5583.0,1,raze,6
5584.0,1,sova,3
5585.0,1,cypher,1
5586.0,1,sova,1
5586.0,2,sova,2
5587.0,1,phoenix,1
5588.0,1,cypher,1
5589.0,1,jett,1
5590.0,1,omen,1
5591.0,1,breach,4
5592.0,1,killjoy,4
5593.0,1,jett,2
5593.0,1,raze,2
5593.0,2,omen,11
5593.0,3,skye,6
5593.0,3,phoenix,3
5593.0,3,brimstone,2
5593.0,3,omen,2
5593.0,3,sova,2
5593.0,3,reyna,1
5593.0,3,sage,1
5594.0,1,omen,4
5597.0,1,brimstone,3
5598.0,3,sova,2
5598.0,3,raze,1
5600.0,3,omen,2
5600.0,3,reyna,1
5601.0,2,killjoy,7
5601.0,2,cypher,2
5601.0,3,killjoy,9
5601.0,3,viper,2
5601.0,3,kayo,2
5608.0,2,cypher,10
5608.0,2,sage,1
5608.0,3,cypher,4
5608.0,3,killjoy,1
5609.0,2,raze,4
5609.0,3,raze,3
5633.0,2,omen,1
5633.0,2,sova,1
5634.0,2,omen,1
5634.0,2,sage,1
5635.0,2,cypher,2
5636.0,2,jett,1
5636.0,2,raze,1
5636.0,3,cypher,1
5636.0,3,sage,1
5636.0,3,skye,1
5637.0,2,phoenix,1
5637.0,2,reyna,1
5637.0,3,breach,1
5637.0,3,sage,1
5638.0,1,omen,4
5638.0,1,breach,3
5638.0,1,sage,3
5638.0,1,reyna,1
5638.0,2,sage,3
5638.0,3,sage,8
5638.0,3,astra,1
5638.0,3,brimstone,1
5638.0,3,omen,1
5638.0,3,reyna,1
5639.0,1,raze,11
5639.0,2,raze,8
5639.0,3,raze,16
5639.0,3,jett,9
5639.0,3,sage,2
5639.0,3,skye,2
5639.0,3,astra,1
5639.0,3,reyna,1
5640.0,1,cypher,8
5640.0,1,killjoy,3
5640.0,2,cypher,5
5640.0,2,killjoy,1
5641.0,1,sova,6
5641.0,1,omen,4
5641.0,1,viper,1
5641.0,2,sova,8
5641.0,3,sova,17
5641.0,3,omen,2
5641.0,3,skye,1
5642.0,1,jett,3
5642.0,1,breach,3
5642.0,1,sage,2
5642.0,1,omen,2
5642.0,1,brimstone,1
5642.0,2,astra,5
5642.0,2,omen,3
5642.0,3,viper,11
5642.0,3,astra,8
5642.0,3,jett,2
5642.0,3,breach,1
5642.0,3,sage,1
5642.0,3,skye,1
5648.0,1,cypher,10
5648.0,1,killjoy,1
5654.0,1,raze,8
5654.0,1,jett,3
5654.0,2,phoenix,1
5654.0,2,sage,1
5654.0,3,skye,11
5654.0,3,jett,9
5654.0,3,reyna,3
5654.0,3,sage,1
5655.0,1,sova,7
5655.0,1,breach,4
5656.0,1,jett,8
5656.0,1,phoenix,2
5656.0,1,sage,1
5657.0,1,omen,11
5658.0,1,sova,5
5658.0,1,breach,1
5658.0,2,sova,8
5658.0,2,breach,1
5658.0,3,breach,4
5658.0,3,sova,1
5658.0,3,sage,1
5659.0,1,cypher,4
5659.0,1,killjoy,2
5660.0,1,omen,4
5660.0,1,brimstone,2
5660.0,2,astra,6
5660.0,2,omen,3
5660.0,3,astra,6
5662.0,1,sova,4
5662.0,1,brimstone,3
5662.0,1,omen,2
5662.0,1,raze,2
5662.0,2,brimstone,1
5662.0,2,omen,1
5663.0,1,sova,5
5663.0,1,raze,4
5663.0,2,phoenix,1
5664.0,1,cypher,7
5664.0,1,killjoy,4
5664.0,2,cypher,2
5665.0,1,omen,8
5665.0,1,brimstone,1
5665.0,2,omen,1
5665.0,3,astra,2
5676.0,2,skye,3
5676.0,2,killjoy,2
5676.0,3,cypher,10
5676.0,3,killjoy,9
5676.0,3,skye,1
5676.0,3,viper,1
5678.0,1,brimstone,2
5679.0,1,sova,7
5679.0,2,astra,2
5679.0,3,sova,5
5680.0,1,reyna,4
5680.0,1,cypher,2
5680.0,1,jett,1
5680.0,2,cypher,1
5680.0,2,jett,1
5680.0,2,killjoy,1
5680.0,2,phoenix,1
5680.0,3,jett,1
5681.0,1,omen,6
5681.0,3,sage,3
5682.0,1,killjoy,4
5682.0,1,jett,2
5682.0,1,cypher,1
5682.0,3,brimstone,2
5682.0,3,viper,1
5683.0,1,jett,4
5683.0,1,breach,2
5683.0,1,raze,1
5685.0,1,cypher,2
5685.0,3,killjoy,2
5685.0,3,viper,2
5686.0,1,jett,4
5687.0,2,sova,12
5687.0,2,jett,7
5687.0,2,skye,2
5687.0,2,sage,2
5687.0,3,sova,8
5687.0,3,skye,7
5687.0,3,jett,3
5688.0,1,killjoy,2
5689.0,1,omen,2
5690.0,1,omen,6
5690.0,1,breach,1
5690.0,2,sova,8
5690.0,2,skye,1
5690.0,3,sova,2
5690.0,3,cypher,2
5690.0,3,sage,1
5690.0,3,skye,1
5691.0,1,reyna,3
5691.0,1,jett,2
5691.0,1,phoenix,2
5691.0,2,raze,2
5692.0,1,sova,5
5692.0,1,omen,1
5692.0,1,raze,1
5693.0,1,killjoy,7
5693.0,3,killjoy,2
5693.0,3,cypher,2
5696.0,2,cypher,2
5699.0,1,cypher,2
5701.0,2,astra,2
5701.0,2,breach,2
5701.0,3,astra,1
5703.0,2,sova,3
5703.0,2,sage,1
5703.0,3,sova,1
5704.0,2,jett,2
5704.0,2,raze,2
5704.0,3,phoenix,1
5705.0,1,breach,2
5706.0,1,jett,2
5706.0,1,sova,1
5706.0,1,raze,1
5706.0,2,sova,10
5706.0,2,raze,6
5706.0,2,viper,4
5706.0,2,jett,2
5706.0,2,breach,1
5708.0,1,reyna,2
5708.0,1,omen,2
5708.0,2,reyna,7
5708.0,2,cypher,4
5708.0,2,sage,2
5708.0,2,sova,2
5708.0,2,killjoy,2
5708.0,2,phoenix,1
5709.0,3,cypher,1
5709.0,3,killjoy,1
5716.0,1,brimstone,5
5716.0,1,reyna,2
5716.0,1,breach,1
5716.0,1,omen,1
5716.0,2,brimstone,4
5716.0,2,omen,4
5716.0,2,viper,3
5716.0,2,breach,2
5716.0,2,phoenix,2
5716.0,2,raze,2
5716.0,2,reyna,1
5716.0,3,sova,12
5716.0,3,breach,4
5716.0,3,brimstone,3
5716.0,3,kayo,3
5716.0,3,sage,1
5722.0,2,sova,2
5722.0,3,viper,6
5725.0,2,omen,5
5725.0,2,raze,2
5725.0,2,cypher,1
5740.0,1,sova,3
5741.0,1,jett,3
5742.0,1,breach,3
5743.0,1,omen,3
5744.0,1,killjoy,2
5744.0,1,cypher,1
5757.0,3,killjoy,1
5757.0,3,viper,1
5760.0,1,cypher,2
5761.0,1,jett,2
5762.0,1,breach,2
5763.0,1,omen,2
5764.0,1,sova,2
5765.0,1,killjoy,1
5765.0,1,sova,1
5766.0,1,omen,2
5767.0,1,phoenix,3
5767.0,1,jett,1
5767.0,1,reyna,1
5768.0,1,cypher,1
5768.0,1,reyna,1
5769.0,1,jett,1
5769.0,1,raze,1
5776.0,2,brimstone,3
5776.0,2,omen,2
5776.0,2,viper,1
5776.0,3,omen,3
5776.0,3,brimstone,3
5776.0,3,viper,3
5778.0,2,cypher,2
5778.0,2,killjoy,1
5778.0,3,killjoy,1
5778.0,3,sova,1
5779.0,2,sova,4
5784.0,1,omen,2
5784.0,2,omen,2
5784.0,3,astra,1
5784.0,3,omen,1
5785.0,1,raze,2
5785.0,2,jett,1
5785.0,2,raze,1
5786.0,1,jett,2
5794.0,3,sova,2
5794.0,3,skye,1
5795.0,2,sova,6
5795.0,2,breach,1
5795.0,3,sova,10
5795.0,3,skye,1
5796.0,2,sage,1
5796.0,3,jett,3
5798.0,1,killjoy,2
5798.0,1,phoenix,2
5798.0,1,raze,1
5798.0,2,breach,3
5798.0,2,sage,2
5798.0,2,reyna,1
5799.0,2,breach,2
5799.0,2,sage,2
5799.0,2,cypher,1
5799.0,2,viper,1
5799.0,3,sage,3
5799.0,3,viper,3
5799.0,3,cypher,2
5806.0,2,sova,4
5811.0,1,omen,1
5811.0,2,killjoy,2
5812.0,1,jett,1
5813.0,1,sova,1
5813.0,2,omen,1
5813.0,2,viper,1
5814.0,1,raze,1
5815.0,1,cypher,1
5816.0,2,sova,2
5817.0,2,sage,2
5821.0,1,reyna,1
5828.0,1,omen,1
5828.0,3,sage,2
5829.0,3,skye,1
5829.0,3,sova,1
5830.0,1,skye,1
5830.0,1,sova,1
5831.0,1,omen,1
5831.0,1,viper,1
5831.0,2,viper,1
5831.0,2,brimstone,1
5832.0,1,cypher,2
5833.0,1,reyna,1
5833.0,2,sage,2
5834.0,1,phoenix,1
5834.0,1,brimstone,1
5834.0,2,reyna,1
5834.0,2,skye,1
5834.0,3,breach,1
5834.0,3,skye,1
5835.0,1,killjoy,2
5846.0,1,sova,1
5847.0,1,killjoy,1
5847.0,2,jett,2
5848.0,1,jett,1
5848.0,2,sova,2
5859.0,1,jett,1
5860.0,1,raze,1
5860.0,3,omen,1
5860.0,3,raze,1
5861.0,1,breach,1
5862.0,1,sova,1
5863.0,1,jett,1
5864.0,1,cypher,1
5864.0,2,cypher,1
5864.0,2,killjoy,1
5865.0,1,omen,1
5865.0,3,jett,1
5866.0,1,jett,2
5867.0,1,omen,2
5867.0,1,cypher,1
5868.0,3,sage,2
5868.0,3,cypher,1
5868.0,3,killjoy,1
5883.0,1,omen,11
5883.0,2,omen,2
5883.0,2,viper,1
5883.0,3,viper,2
5883.0,3,astra,1
5883.0,3,omen,1
5886.0,1,breach,1
5886.0,3,astra,19
5886.0,3,viper,6
5886.0,3,sage,2
5886.0,3,omen,2
5886.0,3,cypher,1
5886.0,3,killjoy,1
5892.0,2,cypher,1
5895.0,1,killjoy,2
5896.0,1,breach,1
5898.0,1,omen,1
5899.0,1,sova,1
5900.0,1,raze,1
5901.0,1,sova,1
5902.0,1,cypher,1
5903.0,1,omen,1
5904.0,1,breach,1
5905.0,1,jett,1
5906.0,1,sage,1
5906.0,1,cypher,1
5907.0,1,breach,11
5908.0,1,omen,1
5909.0,1,cypher,1
5919.0,2,omen,1
5920.0,1,omen,3
5927.0,1,omen,2
5927.0,2,jett,3
5927.0,2,viper,2
5927.0,2,omen,2
5927.0,3,viper,2
5927.0,3,brimstone,1
5927.0,3,omen,1
5928.0,1,breach,1
5928.0,1,killjoy,1
5930.0,3,raze,1
5930.0,3,sova,1
5943.0,2,sage,2
5943.0,2,breach,1
5943.0,2,skye,1
5943.0,2,viper,1
5955.0,2,sova,2
5955.0,2,raze,1
5962.0,1,cypher,1
5962.0,1,killjoy,1
5962.0,3,astra,1
5963.0,1,phoenix,1
5963.0,1,reyna,1
5963.0,2,raze,2
5964.0,1,sova,2
5964.0,2,sova,2
5965.0,1,omen,2
5966.0,1,raze,2
5966.0,2,raze,5
5966.0,2,reyna,3
5966.0,2,sage,1
5967.0,3,sova,4
5972.0,1,sova,2
5973.0,1,cypher,2
5973.0,2,yoru,1
5973.0,2,cypher,1
5974.0,1,raze,2
5975.0,1,omen,2
5976.0,1,jett,2
5977.0,1,breach,1
5979.0,2,jett,1
5979.0,2,reyna,1
5981.0,1,raze,1
5982.0,1,sova,1
5983.0,1,omen,1
5983.0,2,omen,2
5983.0,3,astra,3
5983.0,3,sage,2
5983.0,3,skye,1
5983.0,3,brimstone,1
5983.0,3,omen,1
5984.0,1,killjoy,1
5990.0,3,jett,4
5992.0,1,sova,4
5992.0,1,raze,1
5992.0,1,cypher,1
5993.0,1,reyna,3
5994.0,1,breach,5
5995.0,1,omen,5
5996.0,1,cypher,4
5996.0,1,killjoy,1
5999.0,2,omen,2
6002.0,1,raze,1
6002.0,3,reyna,1
6002.0,3,sage,1
6003.0,1,breach,1
6004.0,1,jett,1
6005.0,1,killjoy,1
6017.0,2,sage,1
6022.0,2,raze,22
6022.0,2,killjoy,8
6022.0,3,raze,16
6022.0,3,killjoy,10
6022.0,3,skye,1
6024.0,2,reyna,1
6024.0,3,skye,2
6025.0,2,sova,10
6025.0,2,viper,2
6025.0,3,skye,6
6025.0,3,sova,3
6025.0,3,sage,2
6032.0,2,omen,7
6032.0,2,sova,4
6032.0,2,cypher,3
6032.0,2,breach,3
6033.0,2,astra,5
6033.0,2,sage,1
6033.0,3,astra,8
6033.0,3,omen,5
6033.0,3,sage,5
6033.0,3,breach,1
6033.0,3,brimstone,1
6034.0,1,reyna,1
6038.0,2,brimstone,2
6041.0,1,breach,1
6043.0,3,killjoy,1
6043.0,3,sage,1
6043.0,3,viper,1
6060.0,1,sova,9
6060.0,1,killjoy,2
6060.0,1,breach,1
6060.0,2,sova,6
6060.0,3,sova,5
6060.0,3,astra,2
6060.0,3,viper,2
6060.0,3,sage,1
6068.0,1,raze,5
6069.0,1,reyna,2
6069.0,1,phoenix,2
6069.0,1,jett,1
6069.0,3,reyna,6
6069.0,3,phoenix,1
6069.0,3,omen,1
6069.0,3,jett,1
6069.0,3,brimstone,1
6070.0,1,omen,5
6071.0,1,sova,5
6071.0,3,killjoy,2
6071.0,3,sage,2
6071.0,3,sova,2
6071.0,3,breach,1
6071.0,3,omen,1
6083.0,3,phoenix,7
6088.0,1,omen,8
6089.0,1,jett,8
6089.0,2,jett,10
6090.0,1,raze,8
6090.0,2,raze,5
6090.0,2,cypher,2
6090.0,2,sage,1
6091.0,1,killjoy,4
6091.0,1,cypher,1
6092.0,1,omen,4
6092.0,1,jett,1
6092.0,1,sage,1
6092.0,2,cypher,2
6098.0,2,killjoy,1
6098.0,2,viper,1
6103.0,2,cypher,1
6103.0,2,killjoy,1
6106.0,2,astra,1
6106.0,2,viper,1
6108.0,1,jett,3
6108.0,1,cypher,1
6108.0,1,sova,1
6108.0,2,sova,5
6108.0,2,sage,1
6114.0,1,jett,1
6114.0,2,jett,3
6114.0,3,sova,2
6114.0,3,sage,1
6115.0,1,breach,1
6116.0,1,phoenix,1
6117.0,1,omen,1
6117.0,2,breach,3
6118.0,1,killjoy,1
6124.0,2,brimstone,1
6124.0,2,omen,1
6125.0,2,reyna,1
6125.0,2,sage,1
6125.0,3,sage,7
6125.0,3,jett,4
6125.0,3,reyna,1
6135.0,1,killjoy,3
6136.0,2,sova,1
6137.0,1,raze,2
6137.0,1,sage,1
6141.0,1,reyna,1
6150.0,1,sova,3
6151.0,1,jett,3
6157.0,1,raze,2
6158.0,1,omen,2
6159.0,1,breach,2
6160.0,1,sage,2
6189.0,2,astra,1
6189.0,2,omen,1
6189.0,3,astra,9
6189.0,3,omen,5
6189.0,3,viper,1
6200.0,2,cypher,2
6202.0,3,cypher,1
6202.0,3,viper,1
6210.0,1,cypher,5
6210.0,1,sova,1
6210.0,2,cypher,11
6210.0,2,skye,3
6210.0,2,killjoy,1
6211.0,1,raze,5
6211.0,1,phoenix,1
6211.0,2,raze,12
6211.0,2,jett,7
6211.0,2,sage,1
6212.0,1,omen,4
6212.0,1,brimstone,2
6212.0,2,omen,14
6212.0,2,astra,3
6212.0,2,brimstone,3
6212.0,3,astra,3
6212.0,3,sage,2
6212.0,3,brimstone,1
6212.0,3,killjoy,1
6212.0,3,omen,1
6213.0,1,breach,5
6213.0,1,raze,1
6213.0,2,breach,14
6213.0,2,skye,5
6213.0,2,killjoy,1
6213.0,3,viper,4
6213.0,3,breach,4
6214.0,1,jett,3
6214.0,1,sova,2
6214.0,1,cypher,1
6214.0,2,sova,5
6214.0,2,omen,3
6214.0,2,cypher,2
6220.0,2,cypher,1
6220.0,2,raze,1
6220.0,2,reyna,1
6227.0,2,jett,2
6227.0,2,sova,1
6229.0,2,raze,2
6229.0,2,killjoy,1
6238.0,2,raze,1
6238.0,2,skye,1
6238.0,2,yoru,1
6238.0,3,sage,4
6238.0,3,raze,2
6248.0,3,reyna,1
6248.0,3,skye,1
6255.0,1,raze,2
6255.0,2,raze,3
6255.0,2,jett,1
6257.0,1,breach,1
6273.0,2,viper,2
6275.0,2,raze,1
6275.0,2,breach,1
6276.0,1,jett,1
6276.0,2,omen,2
6278.0,1,omen,1
6278.0,2,brimstone,2
6285.0,1,jett,2
6286.0,1,breach,2
6287.0,1,cypher,2
6288.0,1,sova,2
6289.0,1,omen,2
6300.0,1,cypher,1
6300.0,2,viper,3
6300.0,2,breach,2
6300.0,2,cypher,1
6300.0,2,killjoy,1
6300.0,2,sage,1
6300.0,3,cypher,1
6300.0,3,viper,1
6301.0,1,jett,1
6302.0,1,omen,1
6304.0,1,raze,1
6305.0,1,sova,1
6306.0,1,jett,1
6306.0,1,raze,1
6307.0,1,sova,2
6307.0,3,breach,1
6307.0,3,sova,1
6308.0,1,cypher,1
6309.0,1,breach,2
6310.0,1,cypher,1
6310.0,1,omen,1
6310.0,3,killjoy,2
6311.0,1,breach,2
6311.0,2,jett,2
6311.0,3,jett,2
6312.0,1,raze,1
6312.0,1,skye,1
6312.0,2,sova,2
6312.0,3,sova,2
6313.0,1,cypher,2
6313.0,2,killjoy,1
6313.0,2,viper,1
6313.0,3,viper,1
6313.0,3,cypher,1
6314.0,1,jett,1
6314.0,1,raze,1
6314.0,2,breach,1
6314.0,2,reyna,1
6314.0,3,phoenix,1
6314.0,3,reyna,1
6317.0,2,cypher,2
6317.0,2,killjoy,1
6329.0,3,jett,14
6329.0,3,skye,12
6329.0,3,breach,12
6329.0,3,killjoy,1
6329.0,3,astra,1
6330.0,3,killjoy,4
6330.0,3,sage,1
6332.0,3,breach,3
6332.0,3,raze,1
6332.0,3,sova,1
6333.0,3,jett,4
6333.0,3,skye,1
6337.0,3,sova,6
6337.0,3,astra,1
6338.0,2,astra,7
6338.0,2,brimstone,1
6338.0,2,cypher,1
6338.0,2,killjoy,1
6338.0,2,sage,1
6348.0,1,cypher,2
6349.0,1,raze,3
6350.0,1,breach,1
6351.0,1,killjoy,1
6354.0,1,breach,2
6354.0,1,omen,2
6360.0,1,jett,2
6361.0,1,omen,1
6361.0,1,raze,1
6362.0,1,cypher,1
6362.0,1,killjoy,1
6362.0,3,viper,1
6362.0,3,breach,1
6363.0,1,breach,2
6364.0,1,omen,1
6364.0,1,raze,1
6364.0,3,sova,6
6364.0,3,killjoy,2
6364.0,3,skye,2
6364.0,3,breach,1
6364.0,3,cypher,1
6366.0,2,sova,2
6366.0,2,breach,1
6366.0,2,jett,1
6366.0,2,sage,1
6367.0,2,omen,2
6369.0,2,killjoy,1
6371.0,1,raze,1
6372.0,1,omen,1
6373.0,1,breach,1
6373.0,1,reyna,1
6374.0,1,omen,1
6375.0,1,breach,1
6375.0,3,omen,1
6376.0,1,sage,1
6377.0,1,cypher,1
6378.0,1,raze,1
6379.0,1,cypher,2
6380.0,1,omen,2
6381.0,1,jett,1
6382.0,1,sova,2
6384.0,1,cypher,1
6386.0,1,omen,2
6386.0,3,astra,3
6386.0,3,killjoy,1
6386.0,3,sage,1
6387.0,1,sova,2
6387.0,2,cypher,1
6387.0,2,sova,1
6388.0,1,cypher,8
6388.0,1,phoenix,3
6388.0,1,breach,2
6388.0,1,killjoy,1
6388.0,2,astra,6
6388.0,2,jett,2
6388.0,2,raze,2
6388.0,2,sage,2
6388.0,2,omen,1
6389.0,1,cypher,3
6389.0,1,phoenix,1
6389.0,1,raze,1
6389.0,2,cypher,1
6389.0,2,raze,1
6389.0,3,cypher,1
6389.0,3,sage,1
6390.0,1,phoenix,2
6390.0,1,reyna,2
6390.0,1,jett,1
6390.0,3,reyna,2
6390.0,3,jett,1
6391.0,1,cypher,2
6392.0,2,jett,15
6392.0,2,skye,1
6392.0,3,jett,31
6392.0,3,reyna,4
6392.0,3,raze,2
6392.0,3,omen,1
6395.0,2,jett,2
6395.0,2,sage,2
6395.0,3,jett,1
6396.0,3,sage,2
6396.0,3,viper,1
6397.0,1,breach,1
6397.0,1,raze,1
6398.0,1,cypher,1
6398.0,1,killjoy,1
6399.0,1,reyna,1
6399.0,1,sova,1
6400.0,1,jett,2
6401.0,1,omen,2
6402.0,1,cypher,5
6402.0,2,killjoy,22
6402.0,2,cypher,17
6402.0,3,sova,23
6402.0,3,viper,2
6402.0,3,breach,1
6402.0,3,cypher,1
6403.0,1,breach,2
6403.0,1,raze,2
6403.0,1,reyna,1
6403.0,2,breach,2
6403.0,2,raze,1
6403.0,3,raze,4
6403.0,3,breach,2
6403.0,3,kayo,2
6403.0,3,killjoy,2
6403.0,3,reyna,2
6403.0,3,phoenix,1
6404.0,1,sova,5
6404.0,2,sova,7
6404.0,2,raze,1
6404.0,3,sova,2
6405.0,1,cypher,2
6405.0,1,killjoy,1
6405.0,2,breach,1
6405.0,2,cypher,1
6405.0,3,astra,2
6405.0,3,cypher,1
6410.0,3,astra,2
6410.0,3,sage,1
6412.0,2,sova,4
6412.0,2,viper,3
6413.0,2,killjoy,2
6413.0,2,sage,2
6413.0,2,cypher,1
6413.0,2,skye,1
6413.0,2,viper,1
6413.0,3,viper,2
6413.0,3,omen,1
6413.0,3,skye,1
6413.0,3,sova,1
6414.0,1,reyna,1
6414.0,2,phoenix,3
6414.0,2,sova,2
6415.0,2,jett,2
6415.0,2,raze,2
6415.0,2,omen,1
6415.0,3,jett,1
6415.0,3,raze,1
6415.0,3,reyna,1
6415.0,3,sage,1
6415.0,3,viper,1
6416.0,1,omen,8
6416.0,1,jett,5
6416.0,2,jett,51
6416.0,2,raze,1
6416.0,3,jett,90
6416.0,3,skye,2
6418.0,1,phoenix,2
6418.0,1,breach,1
6418.0,1,cypher,1
6418.0,1,killjoy,1
6418.0,2,sage,4
6418.0,2,phoenix,3
6418.0,2,breach,1
6418.0,2,cypher,1
6418.0,2,jett,1
6418.0,2,raze,1
6418.0,3,kayo,12
6418.0,3,raze,9
6418.0,3,skye,7
6418.0,3,sage,6
6418.0,3,reyna,2
6418.0,3,jett,2
6418.0,3,breach,1
6419.0,1,reyna,2
6419.0,1,phoenix,1
6419.0,2,raze,1
6419.0,3,sage,3
6419.0,3,raze,3
6419.0,3,reyna,3
6419.0,3,killjoy,2
6419.0,3,skye,2
6419.0,3,cypher,1
6420.0,1,jett,2
6421.0,1,brimstone,1
6421.0,1,omen,1
6422.0,1,cypher,2
6423.0,1,raze,1
6423.0,1,reyna,1
6424.0,1,sova,2
6425.0,1,cypher,2
6426.0,1,sova,2
6427.0,1,jett,2
6428.0,1,omen,2
6428.0,2,omen,2
6428.0,2,brimstone,1
6429.0,2,sova,2
6429.0,2,sage,1
6431.0,2,viper,4
6431.0,2,astra,3
6431.0,3,astra,14
6431.0,3,viper,7
6431.0,3,omen,4
6431.0,3,sage,2
6431.0,3,brimstone,1
6432.0,1,reyna,3
6432.0,1,raze,2
6432.0,1,phoenix,1
6432.0,2,reyna,11
6432.0,2,raze,8
6432.0,2,phoenix,1
6432.0,3,skye,17
6432.0,3,sage,8
6432.0,3,reyna,3
6432.0,3,phoenix,2
6432.0,3,raze,2
6432.0,3,jett,1
6432.0,3,viper,1
6434.0,2,omen,4
6434.0,2,viper,2
6434.0,2,astra,2
6434.0,2,reyna,1
6434.0,3,astra,22
6434.0,3,sage,11
6434.0,3,skye,7
6434.0,3,kayo,6
6434.0,3,viper,3
6434.0,3,omen,1
6435.0,1,sova,2
6435.0,2,sova,4
6436.0,1,jett,1
6436.0,1,raze,1
6436.0,2,omen,5
6436.0,2,astra,1
6436.0,2,cypher,1
6436.0,2,killjoy,1
6437.0,1,phoenix,2
6437.0,2,phoenix,5
6437.0,2,viper,5
6437.0,2,reyna,3
6437.0,2,cypher,1
6437.0,2,sage,1
6437.0,3,skye,15
6437.0,3,viper,11
6437.0,3,kayo,5
6437.0,3,reyna,3
6437.0,3,sage,2
6437.0,3,raze,1
6438.0,1,cypher,2
6438.0,2,cypher,3
6438.0,2,viper,1
6438.0,3,sova,3
6438.0,3,killjoy,1
6439.0,1,omen,2
6440.0,1,sova,2
6441.0,1,omen,2
6442.0,1,sova,2
6442.0,3,phoenix,2
6442.0,3,jett,1
6442.0,3,kayo,1
6442.0,3,sage,1
6442.0,3,skye,1
6443.0,1,omen,2
6444.0,1,jett,2
6444.0,2,omen,2
6444.0,2,astra,1
6445.0,1,phoenix,2
6445.0,3,jett,1
6446.0,1,cypher,2
6446.0,2,sova,2
6446.0,3,cypher,3
6446.0,3,skye,3
6446.0,3,killjoy,2
6446.0,3,viper,1
6446.0,3,sova,1
6446.0,3,astra,1
6446.0,3,sage,1
6447.0,1,killjoy,2
6447.0,1,cypher,1
6448.0,1,jett,3
6449.0,1,sova,2
6449.0,1,breach,1
6450.0,1,phoenix,1
6450.0,1,raze,1
6450.0,1,reyna,1
6450.0,2,killjoy,8
6450.0,2,cypher,2
6450.0,2,viper,2
6450.0,3,cypher,8
6450.0,3,astra,4
6450.0,3,skye,4
6450.0,3,killjoy,4
6450.0,3,viper,2
6451.0,1,cypher,2
6451.0,2,cypher,5
6451.0,2,killjoy,1
6455.0,1,omen,2
6455.0,2,omen,3
6455.0,2,brimstone,1
6456.0,1,reyna,2
6456.0,2,reyna,5
6456.0,3,breach,3
6456.0,3,sage,2
6456.0,3,jett,1
6456.0,3,skye,1
6457.0,1,jett,2
6457.0,2,jett,7
6457.0,3,jett,12
6458.0,1,sova,2
6458.0,2,sova,4
6459.0,1,sova,2
6460.0,1,omen,2
6460.0,2,brimstone,1
6460.0,2,omen,1
6461.0,1,raze,2
6462.0,1,cypher,2
6463.0,1,reyna,2
6463.0,2,jett,10
6463.0,2,reyna,2
6463.0,2,raze,1
6463.0,3,jett,21
6463.0,3,raze,7
6463.0,3,skye,4
6463.0,3,reyna,2
6463.0,3,phoenix,1
6463.0,3,sage,1
6464.0,1,jett,3
6464.0,2,jett,18
6464.0,2,reyna,5
6464.0,2,phoenix,2
6464.0,2,raze,1
6464.0,3,jett,45
6464.0,3,chamber,2
6464.0,3,raze,1
6465.0,1,sova,5
6465.0,1,raze,1
6465.0,2,sova,4
6465.0,2,raze,1
6465.0,3,sova,1
6466.0,1,omen,4
6466.0,2,killjoy,3
6466.0,2,astra,2
6466.0,2,sova,1
6466.0,3,astra,1
6488.0,2,jett,1
6490.0,2,phoenix,1
6492.0,2,breach,2
6495.0,2,reyna,3
6495.0,2,phoenix,2
6495.0,2,raze,2
6495.0,3,phoenix,1
6495.0,3,raze,1
6496.0,1,sova,8
6496.0,1,raze,1
6502.0,1,killjoy,4
6502.0,3,kayo,1
6502.0,3,reyna,1
6503.0,1,breach,3
6503.0,1,reyna,1
6503.0,3,killjoy,10
6503.0,3,astra,6
6503.0,3,viper,3
6503.0,3,cypher,1
6504.0,3,chamber,2
6505.0,1,raze,7
6505.0,1,jett,6
6505.0,2,jett,1
6505.0,3,jett,5
6505.0,3,raze,5
6505.0,3,skye,4
6505.0,3,reyna,2
6506.0,1,sova,4
6506.0,2,sova,1
6506.0,3,sova,2
6510.0,2,brimstone,3
6510.0,2,viper,1
6510.0,2,omen,1
6510.0,3,viper,16
6510.0,3,brimstone,7
6510.0,3,omen,5
6510.0,3,astra,2
6513.0,2,sova,5
6513.0,2,raze,1
6513.0,2,sage,1
6513.0,3,raze,15
6513.0,3,sova,2
6515.0,1,cypher,3
6515.0,1,killjoy,1
6516.0,1,sage,3
6516.0,1,phoenix,1
6516.0,3,cypher,1
6516.0,3,sage,1
6517.0,1,breach,3
6517.0,1,omen,1
6517.0,2,breach,4
6517.0,2,sage,2
6517.0,2,brimstone,1
6517.0,3,skye,16
6517.0,3,sage,1
6518.0,1,jett,4
6518.0,2,jett,6
6518.0,2,sage,1
6518.0,3,jett,11
6518.0,3,sage,8
6518.0,3,brimstone,4
6518.0,3,raze,1
6526.0,3,jett,5
6526.0,3,sage,4
6526.0,3,breach,1
6526.0,3,raze,1
6526.0,3,reyna,1
6527.0,3,cypher,2
6531.0,1,omen,6
6531.0,1,phoenix,2
6531.0,2,omen,3
6531.0,3,astra,3
6531.0,3,sova,2
6537.0,3,kayo,1
6539.0,3,kayo,3
6539.0,3,reyna,2
6539.0,3,raze,1
6541.0,1,sova,2
6541.0,1,raze,1
6542.0,1,sage,2
6542.0,1,raze,1
6543.0,1,cypher,3
6543.0,1,breach,3
6543.0,2,cypher,1
6544.0,1,jett,3
6544.0,2,jett,1
6545.0,1,omen,5
6545.0,2,omen,1
6559.0,1,omen,3
6559.0,1,cypher,2
6559.0,1,sage,1
6559.0,2,raze,7
6559.0,2,sage,5
6559.0,3,kayo,2
6559.0,3,omen,2
6559.0,3,viper,2
6559.0,3,skye,1
6559.0,3,sage,1
6559.0,3,raze,1
6559.0,3,astra,1
6559.0,3,cypher,1
6560.0,1,phoenix,2
6560.0,1,breach,1
6560.0,1,omen,1
6560.0,1,raze,1
6560.0,1,sage,1
6560.0,2,reyna,1
6560.0,2,sage,1
6560.0,3,phoenix,1
6560.0,3,reyna,1
6560.0,3,sage,1
6565.0,3,brimstone,1
6565.0,3,omen,1
6565.0,3,skye,1
6566.0,1,raze,3
6567.0,1,killjoy,3
6567.0,2,omen,3
6567.0,2,brimstone,1
6567.0,2,viper,1
6568.0,1,breach,3
6569.0,1,jett,4
6569.0,1,phoenix,2
6569.0,3,phoenix,1
6569.0,3,sage,1
6570.0,1,killjoy,5
6570.0,1,cypher,1
6571.0,1,breach,4
6571.0,1,reyna,3
6571.0,1,sova,2
6571.0,2,jett,2
6571.0,2,phoenix,1
6571.0,2,skye,1
6571.0,3,omen,1
6571.0,3,viper,1
6572.0,1,omen,6
6572.0,2,omen,10
6572.0,2,astra,3
6572.0,2,sage,1
6572.0,2,viper,1
6572.0,3,astra,14
6572.0,3,viper,4
6572.0,3,skye,2
6573.0,1,raze,6
6574.0,1,jett,3
6574.0,2,jett,1
6574.0,3,jett,3
6574.0,3,skye,1
6575.0,1,cypher,2
6575.0,1,killjoy,1
6575.0,2,sage,8
6575.0,2,killjoy,6
6575.0,2,cypher,1
6575.0,3,killjoy,8
6575.0,3,cypher,2
6575.0,3,sage,2
6576.0,1,sova,2
6576.0,1,sage,1
6576.0,2,sova,1
6576.0,3,sova,26
6576.0,3,astra,1
6577.0,1,reyna,2
6577.0,1,phoenix,1
6578.0,1,omen,3
6578.0,3,omen,1
6578.0,3,viper,1
6579.0,1,cypher,1
6579.0,1,omen,1
6582.0,1,cypher,4
6582.0,1,killjoy,2
6582.0,1,reyna,2
6582.0,1,raze,1
6582.0,2,cypher,11
6582.0,2,sage,4
6582.0,2,viper,4
6582.0,2,killjoy,4
6582.0,2,brimstone,3
6582.0,2,astra,1
6582.0,2,sova,1
6582.0,3,cypher,19
6582.0,3,killjoy,7
6582.0,3,viper,2
6582.0,3,sage,1
6582.0,3,brimstone,1
6583.0,1,jett,3
6583.0,1,phoenix,1
6583.0,1,reyna,1
6583.0,2,reyna,6
6583.0,2,phoenix,4
6583.0,2,raze,3
6583.0,2,sova,1
6583.0,3,jett,1
6584.0,1,cypher,3
6584.0,1,killjoy,1
6584.0,2,cypher,13
6584.0,2,viper,11
6584.0,2,killjoy,5
6584.0,3,skye,12
6584.0,3,reyna,7
6584.0,3,astra,4
6584.0,3,cypher,4
6584.0,3,killjoy,2
6584.0,3,sage,1
6584.0,3,viper,1
6586.0,3,jett,3
6586.0,3,cypher,1
6586.0,3,raze,1
6594.0,2,jett,4
6595.0,2,cypher,2
6595.0,2,killjoy,1
6596.0,3,cypher,2
6596.0,3,killjoy,2
6596.0,3,viper,2
6606.0,2,jett,6
6606.0,2,raze,1
6606.0,3,cypher,13
6606.0,3,killjoy,4
6606.0,3,chamber,2
6606.0,3,skye,2
6606.0,3,viper,1
6606.0,3,reyna,1
6607.0,2,killjoy,3
6607.0,2,cypher,2
6607.0,2,viper,1
6607.0,2,sage,1
6608.0,1,cypher,3
6608.0,1,killjoy,1
6608.0,2,phoenix,3
6608.0,2,omen,2
6608.0,2,reyna,2
6609.0,1,sova,3
6610.0,2,breach,1
6610.0,2,sova,1
6611.0,2,jett,1
6611.0,2,reyna,1
6611.0,3,brimstone,1
6612.0,2,raze,2
6613.0,2,jett,1
6614.0,2,sage,1
6620.0,3,astra,2
6621.0,2,omen,2
6621.0,3,phoenix,1
6622.0,1,cypher,1
6622.0,2,cypher,3
6622.0,2,killjoy,1
6624.0,2,raze,2
6624.0,2,omen,2
6624.0,2,cypher,2
6624.0,2,killjoy,1
6624.0,3,skye,10
6624.0,3,sova,5
6624.0,3,reyna,3
6624.0,3,astra,2
6624.0,3,omen,1
6624.0,3,raze,1
6631.0,3,omen,1
6633.0,3,astra,2
6634.0,3,cypher,2
6634.0,3,killjoy,1
6634.0,3,viper,1
6643.0,2,breach,2
6643.0,2,astra,1
6643.0,2,raze,1
6643.0,2,reyna,1
6643.0,3,astra,9
6643.0,3,reyna,5
6643.0,3,viper,3
6643.0,3,jett,3
6643.0,3,raze,2
6643.0,3,sova,2
6643.0,3,killjoy,1
6643.0,3,skye,1
6650.0,1,sova,2
6652.0,1,cypher,3
6653.0,1,omen,3
6653.0,2,astra,24
6653.0,2,omen,20
6653.0,2,viper,16
6653.0,2,brimstone,12
6653.0,2,breach,1
6653.0,3,astra,30
6653.0,3,viper,8
6653.0,3,cypher,4
6654.0,1,jett,3
6654.0,2,jett,52
6654.0,2,reyna,8
6654.0,2,sage,3
6654.0,2,raze,2
6654.0,2,phoenix,1
6654.0,2,cypher,1
6654.0,3,jett,41
6654.0,3,reyna,3
6654.0,3,astra,1
6654.0,3,sova,1
6654.0,3,viper,1
6655.0,1,sova,3
6656.0,1,phoenix,2
6656.0,1,raze,1
6656.0,3,jett,7
6656.0,3,raze,2
6657.0,1,omen,3
6657.0,1,brimstone,1
6658.0,1,cypher,2
6659.0,1,jett,1
6659.0,2,jett,10
6659.0,2,viper,3
6659.0,2,sage,2
6659.0,3,jett,9
6659.0,3,raze,2
6659.0,3,reyna,2
6659.0,3,sova,2
6659.0,3,breach,1
6660.0,1,sova,1
6661.0,1,cypher,1
6663.0,1,omen,1
6664.0,1,jett,4
6664.0,2,jett,21
6664.0,3,jett,16
6664.0,3,raze,3
6665.0,1,jett,1
6667.0,2,killjoy,1
6667.0,3,cypher,1
6668.0,2,astra,8
6668.0,2,omen,2
6668.0,3,astra,11
6668.0,3,viper,3
6668.0,3,brimstone,2
6672.0,1,jett,3
6672.0,1,reyna,1
6672.0,2,raze,7
6672.0,2,phoenix,2
6672.0,2,sage,1
6672.0,3,sage,3
6672.0,3,skye,3
6672.0,3,phoenix,3
6672.0,3,reyna,2
6672.0,3,sova,2
6672.0,3,viper,2
6672.0,3,jett,1
6673.0,1,omen,4
6673.0,2,omen,3
6674.0,1,breach,2
6674.0,1,killjoy,2
6674.0,2,killjoy,10
6674.0,3,astra,9
6674.0,3,viper,6
6675.0,1,sova,3
6675.0,1,killjoy,1
6675.0,2,viper,1
6676.0,1,phoenix,2
6676.0,1,raze,1
6676.0,1,viper,1
6676.0,2,raze,1
6677.0,1,breach,4
6677.0,1,raze,1
6677.0,1,sage,1
6677.0,2,cypher,8
6677.0,2,sova,1
6677.0,2,sage,1
6677.0,2,killjoy,1
6677.0,3,viper,3
6677.0,3,killjoy,2
6677.0,3,omen,1
6677.0,3,jett,1
6677.0,3,cypher,1
6678.0,1,sova,5
6678.0,1,raze,1
6678.0,2,sova,8
6678.0,2,jett,2
6678.0,2,skye,1
6678.0,3,sova,5
6678.0,3,cypher,1
6678.0,3,killjoy,1
6678.0,3,sage,1
6679.0,1,jett,4
6679.0,1,breach,1
6679.0,1,reyna,1
6679.0,2,jett,8
6679.0,2,raze,1
6679.0,2,sage,1
6679.0,2,sova,1
6679.0,3,jett,4
6679.0,3,phoenix,1
6679.0,3,raze,1
6679.0,3,sage,1
6679.0,3,skye,1
6680.0,1,killjoy,3
6680.0,1,raze,2
6680.0,1,cypher,1
6680.0,2,breach,9
6680.0,2,reyna,1
6682.0,1,sova,1
6683.0,1,omen,1
6684.0,1,breach,1
6685.0,1,jett,1
6686.0,1,phoenix,1
6697.0,1,sova,3
6698.0,2,sova,15
6698.0,2,breach,7
6698.0,2,sage,1
6698.0,2,skye,1
6699.0,2,cypher,9
6699.0,2,omen,7
6699.0,2,killjoy,7
6699.0,2,sage,1
6699.0,3,brimstone,1
6700.0,2,jett,19
6700.0,2,raze,2
6700.0,2,reyna,2
6700.0,2,viper,1
6700.0,3,jett,2
6700.0,3,raze,1
6700.0,3,skye,1
6701.0,2,phoenix,12
6701.0,2,raze,6
6701.0,2,skye,2
6701.0,2,sova,1
6701.0,2,sage,1
6701.0,2,cypher,1
6701.0,2,reyna,1
6701.0,3,skye,1
6702.0,2,omen,14
6702.0,2,killjoy,6
6702.0,2,astra,2
6702.0,2,breach,1
6702.0,2,sage,1
6702.0,3,astra,3
6702.0,3,viper,1
6703.0,2,sova,2
6704.0,2,breach,1
6705.0,2,brimstone,1
6705.0,2,omen,1
6706.0,2,jett,2
6707.0,2,cypher,1
6707.0,2,killjoy,1
6714.0,3,cypher,10
6714.0,3,killjoy,6
6714.0,3,sage,2
6714.0,3,skye,1
6719.0,1,reyna,3
6719.0,1,raze,1
6720.0,3,killjoy,2
6720.0,3,astra,1
6720.0,3,viper,1
6721.0,3,viper,2
6721.0,3,killjoy,2
6723.0,1,sova,9
6723.0,2,sova,24
6723.0,2,raze,2
6723.0,2,cypher,2
6723.0,2,jett,2
6723.0,2,viper,1
6723.0,2,sage,1
6723.0,3,sova,9
6723.0,3,skye,7
6723.0,3,jett,2
6723.0,3,sage,1
6730.0,1,cypher,7
6730.0,2,killjoy,2
6731.0,1,jett,5
6731.0,1,raze,2
6731.0,2,jett,2
6732.0,1,breach,3
6732.0,1,sova,3
6732.0,1,omen,1
6732.0,2,breach,1
6732.0,2,reyna,1
6733.0,1,omen,6
6733.0,1,sova,1
6733.0,2,phoenix,4
6733.0,2,reyna,2
6733.0,2,killjoy,1
6733.0,2,omen,1
6733.0,2,raze,1
6733.0,2,yoru,1
6733.0,3,jett,4
6733.0,3,raze,2
6734.0,1,reyna,6
6734.0,1,raze,1
6734.0,2,skye,2
6734.0,3,raze,1
6734.0,3,phoenix,1
6736.0,2,killjoy,2
6741.0,1,cypher,1
6741.0,1,omen,1
6742.0,1,omen,1
6742.0,1,raze,1
6742.0,2,sova,2
6743.0,1,phoenix,1
6743.0,1,reyna,1
6743.0,2,raze,2
6744.0,1,jett,2
6744.0,2,omen,2
6745.0,1,killjoy,1
6745.0,1,sova,1
6777.0,2,jett,1
6777.0,2,raze,1
6782.0,1,breach,3
6785.0,1,raze,2
6792.0,1,cypher,2
6830.0,1,jett,1
6836.0,1,cypher,1
6837.0,1,reyna,1
6838.0,1,omen,1
6839.0,2,raze,1
6846.0,1,jett,1
6846.0,2,sova,2
6847.0,1,cypher,8
6847.0,1,killjoy,5
6847.0,3,astra,2
6847.0,3,cypher,1
6847.0,3,skye,1
6847.0,3,sova,1
6847.0,3,yoru,1
6851.0,1,killjoy,1
6852.0,1,jett,1
6853.0,1,reyna,1
6854.0,1,omen,1
6855.0,1,sova,1
6856.0,1,jett,3
6856.0,2,jett,7
6856.0,2,breach,1
6857.0,1,raze,2
6857.0,1,omen,1
6858.0,1,killjoy,2
6858.0,1,sova,1
6859.0,1,omen,2
6859.0,1,sova,1
6860.0,1,breach,3
6861.0,2,skye,1
6861.0,2,sova,1
6861.0,2,yoru,1
6862.0,2,sage,2
6862.0,2,raze,1
6862.0,2,reyna,1
6863.0,2,astra,2
6863.0,2,omen,1
6863.0,2,sage,1
6864.0,2,sage,1
6865.0,2,brimstone,1
6867.0,2,raze,1
6868.0,2,breach,1
6869.0,1,omen,1
6873.0,1,jett,1
6873.0,2,sage,7
6873.0,2,jett,3
6873.0,2,cypher,2
6873.0,2,killjoy,2
6873.0,3,astra,4
6873.0,3,sage,1
6873.0,3,skye,1
6874.0,1,omen,1
6875.0,1,sova,1
6878.0,2,sova,13
6878.0,2,skye,6
6878.0,2,breach,3
6878.0,2,sage,1
6878.0,3,omen,6
6878.0,3,sova,2
6878.0,3,breach,1
6881.0,1,viper,1
6885.0,2,omen,1
6885.0,2,viper,1
6886.0,2,sage,1
6886.0,2,viper,1
6888.0,2,skye,1
6888.0,2,sova,1
6889.0,1,killjoy,5
6889.0,1,sova,2
6889.0,2,skye,5
6889.0,2,sova,4
6889.0,2,breach,3
6889.0,2,viper,2
6889.0,3,sova,13
6889.0,3,breach,9
6889.0,3,viper,3
6889.0,3,killjoy,1
6890.0,2,raze,2
6895.0,3,sova,2
6896.0,2,cypher,2
6899.0,2,omen,6
6899.0,3,viper,4
6899.0,3,astra,1
6899.0,3,breach,1
6899.0,3,skye,1
6900.0,2,sage,4
6900.0,2,breach,1
6900.0,2,reyna,1
6900.0,3,killjoy,6
6900.0,3,brimstone,1
6902.0,3,jett,1
6902.0,3,reyna,1
6904.0,3,jett,7
6907.0,3,jett,1
6907.0,3,viper,1
6909.0,1,jett,13
6909.0,2,jett,11
6909.0,2,raze,1
6909.0,3,jett,18
6909.0,3,raze,4
6910.0,1,breach,13
6910.0,2,breach,10
6910.0,2,sage,1
6910.0,2,skye,1
6910.0,3,breach,2
6910.0,3,omen,2
6910.0,3,skye,2
6910.0,3,sova,1
6911.0,1,sova,11
6911.0,1,omen,2
6911.0,2,sova,9
6911.0,2,astra,1
6911.0,2,raze,1
6911.0,2,skye,1
6911.0,3,sova,2
6911.0,3,astra,1
6911.0,3,cypher,1
6911.0,3,raze,1
6911.0,3,skye,1
6911.0,3,viper,1
6918.0,2,killjoy,33
6918.0,2,viper,2
6918.0,3,killjoy,14
6918.0,3,cypher,7
6918.0,3,sage,2
6918.0,3,astra,1
6918.0,3,viper,1
6921.0,3,killjoy,7
6921.0,3,viper,2
6921.0,3,jett,2
6921.0,3,reyna,1
6922.0,1,raze,3
6922.0,3,raze,3
6922.0,3,sage,2
6922.0,3,kayo,1
6922.0,3,reyna,1
6923.0,1,sova,3
6924.0,3,omen,1
6924.0,3,killjoy,1
6924.0,3,raze,1
6925.0,1,cypher,2
6925.0,1,killjoy,1
6925.0,2,sage,3
6925.0,2,brimstone,2
6925.0,2,omen,2
6925.0,2,skye,1
6925.0,2,viper,1
6925.0,3,jett,5
6925.0,3,skye,4
6925.0,3,cypher,3
6925.0,3,omen,1
6925.0,3,sage,1
6926.0,1,jett,2
6926.0,1,reyna,1
6926.0,2,astra,4
6926.0,2,sage,2
6926.0,2,jett,1
6926.0,3,reyna,5
6926.0,3,astra,1
6928.0,2,raze,4
6928.0,2,reyna,1
6928.0,2,sage,1
6930.0,1,omen,1
6931.0,1,omen,1
6931.0,1,phoenix,1
6932.0,2,cypher,1
6932.0,2,killjoy,1
6934.0,2,astra,2
6934.0,3,astra,3
6934.0,3,cypher,1
6934.0,3,killjoy,1
6936.0,2,astra,1
6936.0,2,omen,1
6937.0,1,jett,1
6938.0,1,raze,1
6940.0,1,raze,8
6940.0,2,sage,6
6940.0,3,sage,3
6943.0,2,omen,2
6945.0,2,sage,1
6945.0,2,skye,1
6946.0,2,killjoy,3
6946.0,2,cypher,1
6946.0,3,sova,1
6946.0,3,cypher,1
6960.0,1,raze,1
6961.0,1,reyna,1
6963.0,1,cypher,1
6965.0,3,astra,1
6965.0,3,omen,1
6970.0,2,sova,2
6970.0,2,sage,1
6976.0,2,killjoy,3
6976.0,2,brimstone,1
6976.0,3,killjoy,4
6976.0,3,brimstone,3
6976.0,3,cypher,1
6984.0,1,omen,3
6984.0,2,sage,2
6985.0,1,cypher,1
6985.0,1,raze,1
6985.0,1,reyna,1
6986.0,1,sova,1
6987.0,1,jett,2
6987.0,1,breach,1
6988.0,1,cypher,2
6988.0,1,sage,1
6988.0,2,killjoy,1
6988.0,2,viper,1
6988.0,3,skye,3
6988.0,3,sova,1
6988.0,3,viper,1
6988.0,3,sage,1
6988.0,3,killjoy,1
6994.0,1,raze,2
6994.0,2,raze,13
6994.0,2,sage,2
6994.0,2,phoenix,1
6994.0,3,raze,10
6994.0,3,killjoy,3
6994.0,3,sage,1
6995.0,1,killjoy,1
6995.0,1,viper,1
6995.0,2,astra,12
6995.0,2,omen,2
6995.0,2,sage,2
6995.0,3,astra,8
6995.0,3,skye,3
6995.0,3,jett,1
6995.0,3,sage,1
6995.0,3,viper,1
7003.0,1,sova,2
7003.0,1,sage,1
7003.0,3,sova,7
7003.0,3,skye,3
7003.0,3,sage,1
7003.0,3,viper,1
7006.0,1,omen,3
7042.0,1,cypher,17
7042.0,1,jett,1
7042.0,1,killjoy,1
7042.0,1,omen,1
7042.0,2,cypher,17
7042.0,2,killjoy,16
7042.0,2,reyna,7
7042.0,2,omen,4
7042.0,2,phoenix,4
7042.0,2,sage,1
7042.0,3,viper,16
7042.0,3,killjoy,14
7042.0,3,skye,6
7042.0,3,cypher,5
7042.0,3,reyna,2
7043.0,1,raze,14
7043.0,1,jett,6
7043.0,2,raze,34
7043.0,2,jett,6
7043.0,2,phoenix,4
7043.0,2,reyna,3
7043.0,2,omen,2
7043.0,3,astra,27
7043.0,3,killjoy,6
7043.0,3,viper,4
7043.0,3,omen,2
7043.0,3,raze,2
7045.0,1,jett,15
7045.0,1,reyna,1
7045.0,1,sage,1
7045.0,1,sova,1
7045.0,2,jett,14
7045.0,2,raze,4
7045.0,2,sage,4
7045.0,2,viper,1
7045.0,3,jett,26
7045.0,3,raze,14
7045.0,3,kayo,4
7045.0,3,sage,3
7045.0,3,cypher,2
7045.0,3,reyna,2
7045.0,3,breach,1
7045.0,3,skye,1
7046.0,1,breach,16
7046.0,1,phoenix,1
7046.0,1,killjoy,1
7046.0,2,killjoy,13
7046.0,2,breach,7
7046.0,2,sage,2
7046.0,2,phoenix,1
7046.0,3,sage,2
7046.0,3,phoenix,1
7047.0,1,raze,12
7047.0,1,sova,5
7047.0,1,jett,1
7047.0,2,sova,20
7047.0,2,raze,2
7047.0,2,sage,1
7047.0,3,sova,7
7047.0,3,sage,4
7048.0,1,omen,18
7048.0,2,omen,15
7048.0,2,brimstone,7
7048.0,2,sage,1
7048.0,3,astra,4
7048.0,3,brimstone,3
7048.0,3,viper,3
7048.0,3,omen,1
7049.0,1,cypher,8
7049.0,1,sova,8
7049.0,1,killjoy,2
7049.0,2,killjoy,6
7049.0,2,cypher,4
7049.0,2,sova,3
7049.0,2,sage,1
7049.0,3,skye,9
7049.0,3,sage,6
7049.0,3,reyna,3
7049.0,3,killjoy,3
7049.0,3,viper,2
7049.0,3,breach,1
7049.0,3,cypher,1
7049.0,3,phoenix,1
7049.0,3,raze,1
7050.0,1,jett,5
7050.0,1,sage,2
7050.0,1,reyna,1
7050.0,2,raze,8
7050.0,2,jett,5
7050.0,2,reyna,1
7050.0,2,sage,1
7050.0,3,viper,19
7050.0,3,sage,11
7050.0,3,astra,5
7050.0,3,reyna,3
7050.0,3,omen,3
7050.0,3,raze,1
7050.0,3,killjoy,1
7051.0,1,raze,6
7051.0,1,cypher,2
7052.0,1,omen,4
7052.0,1,breach,2
7052.0,1,sova,2
7052.0,2,omen,2
7052.0,2,raze,1
7053.0,1,breach,3
7053.0,1,killjoy,2
7062.0,1,breach,1
7062.0,1,sova,1
7062.0,2,sova,2
7098.0,1,omen,1
7099.0,1,raze,1
7100.0,1,sage,1
7101.0,1,cypher,1
7102.0,1,breach,1
7104.0,2,sage,4
7104.0,2,raze,3
7104.0,2,jett,3
7104.0,2,breach,1
7104.0,2,reyna,1
7104.0,2,skye,1
7104.0,3,jett,20
7104.0,3,sage,10
7104.0,3,reyna,4
7104.0,3,raze,3
7104.0,3,skye,2
7105.0,2,omen,4
7105.0,2,astra,1
7106.0,3,sage,5
7106.0,3,reyna,2
7106.0,3,omen,1
7110.0,1,viper,3
7110.0,1,breach,1
7110.0,1,sage,1
7111.0,1,sova,4
7111.0,1,raze,1
7112.0,1,cypher,5
7113.0,1,jett,5
7119.0,1,omen,5
7129.0,2,jett,1
7134.0,2,sova,2
7134.0,2,killjoy,2
7135.0,2,sova,4
7135.0,2,raze,2
7135.0,2,breach,2
7135.0,2,jett,1
7135.0,3,sova,10
7135.0,3,jett,2
7135.0,3,skye,1
7149.0,1,omen,1
7150.0,1,reyna,1
7151.0,1,brimstone,1
7152.0,1,sova,1
7158.0,1,omen,1
7158.0,3,sova,2
7159.0,1,omen,1
7160.0,1,breach,1
7160.0,2,breach,2
7160.0,3,sage,1
7160.0,3,skye,1
7161.0,1,raze,1
7162.0,1,jett,1
7162.0,3,jett,19
7162.0,3,raze,5
7162.0,3,sage,3
7162.0,3,kayo,2
7163.0,1,cypher,1
7167.0,3,cypher,1
7168.0,3,skye,1
7169.0,3,sova,1
7172.0,1,killjoy,1
7178.0,1,jett,1
7182.0,2,omen,1
7192.0,3,raze,1
7193.0,3,omen,1
7193.0,3,raze,1
7193.0,3,viper,1
7201.0,1,raze,1
7204.0,2,cypher,1
7204.0,2,sova,1
7207.0,2,cypher,2
7207.0,2,killjoy,1
7214.0,1,raze,2
7214.0,2,killjoy,5
7214.0,2,yoru,2
7214.0,2,breach,1
7214.0,3,breach,3
7214.0,3,skye,2
7214.0,3,reyna,1
7215.0,1,breach,2
7215.0,2,skye,1
7215.0,2,viper,1
7216.0,1,raze,1
7217.0,1,sage,1
7217.0,3,killjoy,1
7217.0,3,sage,1
7218.0,1,cypher,1
7219.0,1,jett,1
7219.0,3,jett,2
7220.0,2,sova,1
7220.0,3,sova,4
7220.0,3,reyna,2
7221.0,3,skye,2
7222.0,2,omen,6
7222.0,2,brimstone,2
7223.0,1,cypher,1
7229.0,2,sage,2
7229.0,2,phoenix,1
7234.0,3,jett,2
7242.0,1,omen,1
7242.0,2,astra,2
7242.0,2,viper,2
7242.0,2,omen,1
7242.0,2,skye,1
7242.0,3,astra,2
7242.0,3,omen,1
7242.0,3,sova,1
7242.0,3,viper,1
7243.0,1,breach,1
7243.0,2,killjoy,2
7244.0,1,jett,1
7244.0,2,jett,5
7244.0,2,reyna,1
7244.0,3,jett,4
7244.0,3,sage,1
7245.0,1,raze,1
7246.0,1,killjoy,1
7246.0,2,sova,5
7246.0,2,sage,1
7247.0,1,raze,1
7247.0,3,raze,1
7247.0,3,jett,1
7250.0,2,sova,1
7250.0,2,sage,1
7250.0,3,sova,2
7250.0,3,sage,1
7250.0,3,skye,1
7252.0,2,cypher,2
7253.0,2,omen,2
7253.0,3,killjoy,3
7253.0,3,cypher,1
7255.0,2,jett,1
7255.0,2,reyna,1
7258.0,2,brimstone,1
7258.0,2,omen,1
7258.0,3,sova,11
7258.0,3,brimstone,1
7258.0,3,omen,1
7258.0,3,viper,1
7267.0,2,jett,3
7267.0,2,reyna,1
7268.0,1,cypher,1
7268.0,2,cypher,2
7268.0,2,killjoy,1
7268.0,2,sage,1
7269.0,1,breach,1
7270.0,1,jett,1
7271.0,1,sova,1
7272.0,1,omen,1
7272.0,2,breach,1
7272.0,2,sage,1
7276.0,2,astra,3
7276.0,3,viper,2
7276.0,3,astra,1
7276.0,3,brimstone,1
7287.0,2,sova,9
7287.0,2,jett,2
7287.0,3,sova,4
7287.0,3,jett,1
7289.0,2,reyna,4
7289.0,2,raze,3
7289.0,2,phoenix,2
7289.0,2,sage,2
7289.0,3,reyna,2
7289.0,3,raze,2
7289.0,3,phoenix,1
7292.0,2,jett,4
7292.0,3,jett,3
7293.0,2,sage,4
7293.0,3,skye,2
7293.0,3,sage,1
7295.0,2,cypher,4
7295.0,3,cypher,2
7295.0,3,viper,1
7299.0,1,omen,10
7299.0,1,brimstone,1
7299.0,2,brimstone,3
7300.0,1,cypher,7
7300.0,1,killjoy,4
7300.0,2,killjoy,4
7300.0,2,cypher,1
7301.0,1,jett,6
7301.0,1,raze,2
7302.0,1,sova,7
7302.0,1,breach,1
7303.0,1,cypher,2
7303.0,3,jett,1
7303.0,3,phoenix,1
7311.0,1,cypher,2
7311.0,1,viper,2
7311.0,1,breach,1
7311.0,1,skye,1
7311.0,2,breach,6
7311.0,2,skye,2
7311.0,2,viper,2
7311.0,2,omen,1
7311.0,3,killjoy,5
7311.0,3,kayo,2
7312.0,1,jett,4
7312.0,2,jett,2
7312.0,2,killjoy,1
7312.0,3,jett,3
7312.0,3,raze,1
7314.0,1,sova,2
7315.0,1,sova,1
7318.0,2,sova,1
7321.0,1,omen,1
7323.0,1,omen,13
7323.0,2,brimstone,15
7323.0,2,omen,6
7323.0,2,astra,4
7323.0,2,cypher,2
7323.0,2,sova,1
7323.0,3,omen,3
7323.0,3,sage,3
7323.0,3,viper,1
7324.0,2,sova,2
7332.0,1,jett,2
7332.0,1,raze,1
7332.0,2,jett,2
7338.0,3,jett,1
7338.0,3,raze,1
7339.0,3,viper,2
7340.0,3,cypher,1
7340.0,3,reyna,1
7342.0,3,sage,2
7351.0,1,cypher,4
7351.0,2,killjoy,1
7351.0,2,viper,1
7352.0,1,jett,4
7353.0,1,omen,4
7353.0,2,sova,10
7353.0,2,breach,3
7353.0,3,skye,13
7353.0,3,sova,1
7353.0,3,breach,1
7354.0,1,breach,4
7359.0,1,cypher,1
7361.0,1,breach,1
7362.0,1,sova,1
7363.0,1,raze,1
7364.0,1,jett,1
7365.0,1,omen,1
7368.0,1,cypher,2
7368.0,2,killjoy,14
7368.0,2,cypher,6
7368.0,2,jett,6
7368.0,2,viper,1
7368.0,3,killjoy,8
7368.0,3,cypher,4
7368.0,3,viper,2
7368.0,3,brimstone,1
7369.0,1,breach,1
7369.0,1,omen,1
7369.0,2,cypher,7
7369.0,2,killjoy,4
7369.0,2,sage,3
7369.0,3,killjoy,5
7369.0,3,astra,2
7369.0,3,breach,2
7369.0,3,cypher,2
7369.0,3,brimstone,1
7370.0,1,jett,1
7370.0,1,omen,1
7370.0,3,astra,3
7370.0,3,omen,2
7371.0,1,jett,1
7371.0,1,phoenix,1
7372.0,1,sova,2
7372.0,3,viper,3
7372.0,3,killjoy,3
7372.0,3,cypher,1
7373.0,2,omen,1
7373.0,3,killjoy,3
7373.0,3,skye,2
7373.0,3,jett,1
7373.0,3,sova,1
7373.0,3,viper,1
7374.0,1,breach,1
7374.0,2,omen,4
7374.0,2,sova,2
7374.0,2,astra,1
7374.0,2,breach,1
7375.0,1,reyna,7
7375.0,1,phoenix,7
7375.0,2,killjoy,15
7375.0,2,cypher,3
7375.0,2,reyna,2
7375.0,2,phoenix,1
7375.0,2,viper,1
7375.0,3,kayo,3
7375.0,3,cypher,2
7375.0,3,chamber,1
7375.0,3,sage,1
7375.0,3,viper,1
7376.0,1,sova,10
7376.0,1,breach,4
7376.0,2,brimstone,9
7376.0,2,sova,6
7376.0,2,omen,6
7376.0,2,sage,1
7377.0,1,jett,14
7377.0,2,jett,12
7377.0,2,sova,5
7377.0,2,breach,2
7377.0,2,omen,2
7377.0,2,sage,1
7377.0,3,skye,3
7377.0,3,jett,2
7377.0,3,reyna,2
7377.0,3,kayo,1
7378.0,1,raze,14
7378.0,2,raze,19
7378.0,2,reyna,2
7378.0,2,jett,1
7378.0,3,reyna,15
7378.0,3,raze,11
7378.0,3,jett,5
7379.0,1,jett,5
7379.0,1,phoenix,2
7379.0,2,jett,4
7380.0,1,omen,6
7380.0,1,brimstone,1
7380.0,2,omen,4
7381.0,1,reyna,6
7381.0,1,raze,1
7381.0,2,reyna,13
7381.0,2,sage,3
7381.0,2,killjoy,3
7381.0,2,raze,2
7381.0,2,skye,1
7381.0,3,reyna,9
7381.0,3,killjoy,7
7381.0,3,cypher,7
7381.0,3,jett,6
7381.0,3,raze,5
7381.0,3,astra,4
7381.0,3,breach,3
7382.0,1,killjoy,4
7382.0,1,jett,2
7382.0,1,cypher,1
7382.0,2,sova,3
7382.0,2,omen,3
7382.0,2,skye,2
7382.0,2,cypher,1
7382.0,2,brimstone,1
7383.0,1,sova,6
7383.0,1,viper,1
7383.0,2,jett,9
7383.0,2,sova,5
7383.0,2,viper,5
7383.0,2,raze,3
7383.0,3,jett,9
7383.0,3,breach,8
7383.0,3,viper,5
7383.0,3,raze,4
7383.0,3,skye,3
7383.0,3,sage,1
7384.0,1,omen,3
7385.0,1,sova,2
7385.0,1,breach,1
7386.0,1,sage,1
7387.0,1,breach,1
7387.0,1,raze,1
7387.0,1,reyna,1
7387.0,2,omen,6
7387.0,2,breach,1
7387.0,2,cypher,1
7387.0,2,jett,1
7387.0,2,reyna,1
7387.0,3,astra,1
7387.0,3,cypher,1
7390.0,2,phoenix,1
7391.0,2,sova,1
7395.0,1,jett,1
7396.0,1,killjoy,1
7397.0,1,omen,1
7398.0,1,raze,1
7399.0,1,sova,1
7400.0,1,sova,2
7400.0,2,sova,1
7401.0,1,sova,1
7402.0,1,raze,2
7402.0,1,phoenix,1
7402.0,2,sage,3
7402.0,2,raze,1
7402.0,2,reyna,1
7402.0,3,sova,2
7403.0,1,jett,2
7403.0,1,phoenix,1
7403.0,2,raze,2
7403.0,2,jett,1
7403.0,2,reyna,1
7403.0,3,jett,6
7403.0,3,kayo,3
7403.0,3,killjoy,2
7403.0,3,raze,2
7403.0,3,sage,2
7404.0,1,omen,3
7404.0,2,omen,6
7404.0,2,sova,3
7404.0,2,astra,1
7404.0,3,sova,3
7404.0,3,astra,2
7404.0,3,breach,1
7404.0,3,cypher,1
7404.0,3,viper,1
7405.0,1,cypher,3
7405.0,2,raze,5
7405.0,2,cypher,1
7405.0,2,jett,1
7405.0,2,phoenix,1
7405.0,3,sova,3
7405.0,3,jett,2
7405.0,3,skye,2
7405.0,3,raze,1
7406.0,1,omen,8
7406.0,2,omen,16
7406.0,2,viper,5
7406.0,2,sage,2
7406.0,2,brimstone,2
7406.0,3,killjoy,7
7406.0,3,cypher,2
7406.0,3,sage,1
7406.0,3,viper,1
7407.0,1,jett,8
7407.0,2,sova,5
7407.0,2,sage,3
7407.0,2,omen,1
7407.0,3,sova,1
7408.0,1,raze,4
7408.0,1,breach,1
7408.0,1,phoenix,1
7408.0,2,raze,6
7408.0,2,killjoy,6
7408.0,2,cypher,4
7408.0,2,sage,3
7408.0,2,breach,3
7408.0,2,phoenix,1
7408.0,2,jett,1
7408.0,3,astra,10
7408.0,3,jett,4
7408.0,3,raze,2
7408.0,3,killjoy,1
7408.0,3,skye,1
7408.0,3,viper,1
7409.0,1,cypher,8
7409.0,2,killjoy,5
7409.0,2,cypher,4
7409.0,3,astra,3
7409.0,3,killjoy,2
7409.0,3,cypher,1
7409.0,3,sage,1
7410.0,1,sova,5
7410.0,1,breach,1
7410.0,2,sova,19
7410.0,2,breach,4
7410.0,2,brimstone,2
7410.0,3,sova,6
7410.0,3,skye,3
7410.0,3,breach,3
7410.0,3,reyna,1
7416.0,1,omen,5
7416.0,2,brimstone,3
7416.0,2,omen,2
7417.0,1,jett,4
7417.0,1,phoenix,1
7417.0,2,sage,6
7417.0,2,raze,5
7417.0,2,killjoy,5
7417.0,2,phoenix,3
7417.0,2,jett,2
7417.0,2,viper,1
7417.0,3,killjoy,8
7417.0,3,viper,3
7417.0,3,sage,3
7417.0,3,jett,3
7417.0,3,kayo,1
7417.0,3,phoenix,1
7417.0,3,skye,1
7418.0,1,reyna,2
7418.0,1,cypher,1
7418.0,1,phoenix,1
7418.0,1,raze,1
7418.0,2,astra,11
7418.0,2,viper,3
7418.0,2,omen,3
7418.0,2,cypher,2
7418.0,2,killjoy,2
7418.0,2,brimstone,1
7418.0,3,astra,3
7420.0,3,omen,2
7424.0,1,omen,1
7424.0,2,omen,3
7425.0,1,sova,1
7425.0,2,reyna,1
7425.0,2,raze,1
7425.0,2,phoenix,1
7425.0,3,sova,2
7426.0,1,jett,1
7426.0,2,jett,10
7426.0,3,jett,7
7426.0,3,kayo,3
7426.0,3,reyna,2
7426.0,3,raze,1
7427.0,1,reyna,1
7427.0,2,cypher,1
7427.0,2,killjoy,1
7427.0,2,sage,1
7428.0,1,raze,1
7429.0,2,omen,1
7430.0,2,omen,2
7430.0,2,viper,1
7431.0,2,killjoy,1
7434.0,2,omen,6
7434.0,2,brimstone,2
7434.0,2,jett,1
7434.0,3,jett,4
7434.0,3,viper,3
7434.0,3,omen,1
7435.0,2,omen,2
7435.0,2,astra,1
7435.0,2,viper,1
7435.0,3,viper,4
7435.0,3,astra,2
7435.0,3,omen,2
7436.0,2,jett,8
7436.0,2,reyna,1
7437.0,2,raze,8
7437.0,2,sage,1
7437.0,3,raze,2
7437.0,3,skye,1
7439.0,1,sova,3
7439.0,2,sova,4
7439.0,2,breach,1
7440.0,1,jett,11
7440.0,2,raze,18
7440.0,2,sage,7
7440.0,2,phoenix,5
7440.0,2,jett,3
7440.0,2,breach,1
7440.0,3,jett,7
7440.0,3,raze,6
7440.0,3,sage,4
7440.0,3,skye,4
7440.0,3,kayo,2
7440.0,3,astra,1
7440.0,3,breach,1
7441.0,1,sova,4
7441.0,1,killjoy,4
7441.0,1,sage,2
7441.0,1,cypher,1
7441.0,2,cypher,17
7441.0,2,killjoy,15
7441.0,2,sage,1
7441.0,3,skye,11
7441.0,3,cypher,9
7441.0,3,killjoy,3
7441.0,3,sage,2
7442.0,1,cypher,6
7442.0,1,omen,5
7442.0,2,omen,16
7442.0,2,brimstone,10
7442.0,2,viper,5
7442.0,2,astra,3
7442.0,3,astra,5
7442.0,3,viper,4
7442.0,3,brimstone,2
7443.0,1,breach,8
7443.0,1,reyna,2
7443.0,1,sova,1
7443.0,2,sova,26
7443.0,2,breach,6
7443.0,2,cypher,1
7443.0,2,raze,1
7443.0,3,sova,18
7443.0,3,breach,2
7443.0,3,jett,2
7443.0,3,skye,2
7443.0,3,sage,1
7444.0,1,omen,6
7444.0,1,sova,2
7444.0,1,sage,1
7445.0,1,jett,3
7445.0,3,sova,30
7445.0,3,skye,10
7445.0,3,astra,2
7445.0,3,sage,1
7446.0,1,killjoy,3
7446.0,2,killjoy,6
7446.0,2,cypher,2
7447.0,1,omen,3
7447.0,2,jett,5
7447.0,2,breach,5
7447.0,2,omen,2
7447.0,2,sage,2
7447.0,3,astra,12
7447.0,3,sage,9
7447.0,3,jett,7
7447.0,3,viper,7
7447.0,3,killjoy,4
7447.0,3,omen,3
7447.0,3,chamber,1
7447.0,3,sova,1
7447.0,3,brimstone,1
7448.0,1,breach,3
7448.0,2,brimstone,1
7448.0,3,jett,2
7449.0,1,cypher,2
7452.0,3,phoenix,3
7452.0,3,skye,2
7452.0,3,raze,1
7453.0,3,sova,6
7456.0,1,sova,4
7456.0,1,sage,2
7456.0,2,jett,2
7456.0,3,killjoy,5
7456.0,3,jett,4
7456.0,3,raze,2
7458.0,1,sova,10
7458.0,1,omen,1
7458.0,1,raze,1
7458.0,2,sova,41
7458.0,2,omen,6
7458.0,2,raze,2
7458.0,2,breach,2
7458.0,2,skye,1
7458.0,3,viper,7
7458.0,3,killjoy,5
7458.0,3,sova,3
7458.0,3,cypher,2
7458.0,3,skye,1
7458.0,3,sage,1
7460.0,3,sova,22
7460.0,3,breach,5
7460.0,3,skye,4
7477.0,1,breach,1
7478.0,2,raze,5
7478.0,2,sage,1
7479.0,2,cypher,1
7479.0,2,killjoy,1
7479.0,2,reyna,1
7480.0,2,sova,4
7480.0,2,killjoy,2
7482.0,2,omen,3
7483.0,1,jett,9
7483.0,1,raze,3
7483.0,2,raze,8
7483.0,2,jett,1
7483.0,3,kayo,5
7483.0,3,raze,3
7483.0,3,reyna,1
7483.0,3,sage,1
7485.0,1,omen,2
7485.0,2,astra,7
7485.0,2,omen,2
7485.0,2,killjoy,1
7485.0,3,astra,17
7485.0,3,killjoy,8
7485.0,3,viper,6
7485.0,3,jett,1
7485.0,3,omen,1
7490.0,3,sova,2
7491.0,3,sova,2
7494.0,3,jett,4
7494.0,3,raze,1
7495.0,3,sova,3
7495.0,3,skye,3
7498.0,2,killjoy,2
7498.0,3,killjoy,2
7498.0,3,sova,2
7498.0,3,cypher,1
7498.0,3,skye,1
7498.0,3,viper,1
7509.0,2,cypher,1
7509.0,2,breach,1
7509.0,2,killjoy,1
7509.0,2,omen,1
7510.0,2,reyna,3
7510.0,2,sage,1
7511.0,2,sova,4
7513.0,2,jett,2
7513.0,3,jett,3
7514.0,2,omen,1
7514.0,2,raze,1
7515.0,1,cypher,2
7515.0,1,brimstone,1
7516.0,2,sova,1
7517.0,1,reyna,1
7517.0,1,raze,1
7517.0,1,jett,1
7518.0,1,omen,2
7518.0,1,phoenix,1
7519.0,1,jett,1
7519.0,1,phoenix,1
7519.0,1,sova,1
7521.0,1,sage,1
7522.0,1,raze,1
7523.0,1,killjoy,1
7524.0,1,omen,1
7525.0,1,sova,2
7525.0,2,sova,8
7525.0,2,omen,3
7525.0,2,brimstone,1
7525.0,3,skye,1
7525.0,3,sova,1
7526.0,1,cypher,1
7526.0,1,killjoy,1
7526.0,2,killjoy,5
7527.0,1,jett,1
7527.0,1,phoenix,1
7527.0,2,raze,11
7527.0,2,jett,1
7527.0,2,phoenix,1
7527.0,2,reyna,1
7527.0,3,jett,2
7528.0,1,omen,2
7528.0,2,jett,1
7528.0,3,skye,2
7528.0,3,reyna,1
7529.0,1,reyna,1
7529.0,1,jett,1
7529.0,2,reyna,1
7529.0,2,jett,1
7530.0,3,jett,4
7531.0,1,reyna,2
7531.0,2,jett,25
7531.0,2,reyna,6
7531.0,3,jett,9
7531.0,3,reyna,5
7532.0,1,cypher,3
7532.0,1,omen,2
7532.0,3,viper,2
7532.0,3,cypher,1
7532.0,3,skye,1
7533.0,1,cypher,2
7534.0,1,jett,1
7534.0,1,reyna,1
7535.0,1,phoenix,1
7535.0,1,raze,1
7536.0,1,omen,2
7537.0,1,sova,2
7539.0,3,sage,1
7539.0,3,sova,1
7540.0,1,sova,1
7541.0,3,reyna,1
7541.0,3,sova,1
7545.0,2,cypher,2
7545.0,2,viper,1
7547.0,2,omen,2
7547.0,2,jett,1
7547.0,3,jett,3
7548.0,1,sova,2
7549.0,1,breach,2
7550.0,1,cypher,2
7551.0,1,jett,2
7552.0,1,brimstone,1
7552.0,1,omen,1
7557.0,2,brimstone,1
7557.0,2,omen,1
7557.0,3,reyna,1
7557.0,3,sage,1
7560.0,1,raze,4
7560.0,1,sova,1
7560.0,2,sova,1
7560.0,3,viper,2
7560.0,3,killjoy,1
7575.0,1,breach,1
7580.0,2,sage,1
7582.0,2,viper,1
7586.0,1,reyna,8
7588.0,2,jett,14
7589.0,2,omen,8
7589.0,2,killjoy,6
7589.0,2,brimstone,4
7589.0,2,viper,3
7589.0,2,cypher,2
7589.0,2,astra,1
7589.0,3,sage,1
7590.0,1,cypher,1
7591.0,1,omen,1
7592.0,1,jett,1
7593.0,1,sova,1
7594.0,1,phoenix,1
7600.0,2,jett,1
7600.0,2,raze,1
7603.0,2,phoenix,17
7603.0,2,sage,17
7603.0,2,viper,5
7603.0,3,viper,8
7603.0,3,sage,6
7603.0,3,sova,5
7603.0,3,killjoy,2
7603.0,3,cypher,2
7603.0,3,skye,2
7603.0,3,astra,1
7603.0,3,phoenix,1
7605.0,2,cypher,23
7605.0,2,killjoy,6
7605.0,2,sova,3
7605.0,2,viper,2
7605.0,2,sage,1
7605.0,3,cypher,7
7605.0,3,sova,4
7605.0,3,viper,4
7605.0,3,breach,1
7605.0,3,killjoy,1
7606.0,2,omen,4
7607.0,3,killjoy,4
7607.0,3,viper,1
7608.0,2,cypher,4
7609.0,2,raze,11
7609.0,2,sova,5
7609.0,2,killjoy,2
7609.0,3,raze,6
7609.0,3,killjoy,3
7610.0,2,sova,4
7611.0,2,sova,3
7611.0,2,cypher,1
7612.0,2,jett,3
7613.0,1,breach,2
7614.0,2,phoenix,2
7614.0,2,reyna,1
7614.0,2,jett,1
7615.0,1,omen,2
7616.0,1,cypher,2
7616.0,2,cypher,4
7616.0,2,killjoy,1
7616.0,3,killjoy,6
7616.0,3,sage,5
7616.0,3,cypher,4
7616.0,3,sova,3
7616.0,3,reyna,1
7617.0,1,reyna,2
7618.0,1,jett,2
7618.0,2,sova,17
7618.0,2,skye,6
7618.0,2,breach,1
7618.0,2,sage,1
7618.0,3,sova,14
7618.0,3,skye,5
7619.0,2,reyna,3
7619.0,2,phoenix,3
7631.0,1,breach,1
7631.0,1,omen,1
7631.0,1,raze,1
7632.0,1,omen,2
7632.0,1,sova,1
7632.0,2,omen,5
7633.0,1,cypher,2
7633.0,1,killjoy,1
7634.0,1,phoenix,2
7634.0,1,jett,1
7634.0,2,jett,5
7635.0,1,phoenix,1
7635.0,1,reyna,1
7635.0,1,jett,1
7636.0,1,sova,5
7636.0,1,breach,1
7637.0,1,cypher,5
7637.0,1,killjoy,1
7637.0,2,killjoy,6
7637.0,2,cypher,2
7638.0,1,omen,6
7639.0,1,raze,4
7639.0,1,phoenix,1
7639.0,2,brimstone,2
7639.0,2,omen,2
7639.0,3,omen,3
7639.0,3,brimstone,2
7639.0,3,skye,1
7640.0,2,killjoy,2
7640.0,2,cypher,1
7641.0,2,sova,2
7641.0,2,raze,1
7647.0,1,sova,3
7647.0,1,killjoy,2
7647.0,2,sova,2
7648.0,1,breach,4
7648.0,1,raze,1
7648.0,2,raze,2
7649.0,1,cypher,3
7649.0,1,sova,1
7649.0,1,breach,1
7649.0,2,jett,2
7650.0,1,jett,5
7650.0,2,cypher,2
7651.0,1,omen,5
7651.0,2,omen,2
7652.0,2,raze,2
7652.0,3,sage,4
7652.0,3,raze,1
7653.0,2,sova,2
7654.0,2,cypher,1
7654.0,2,killjoy,1
7656.0,1,omen,2
7656.0,1,reyna,2
7658.0,2,sova,2
7660.0,2,cypher,6
7660.0,2,killjoy,6
7660.0,3,cypher,11
7660.0,3,killjoy,8
7660.0,3,viper,5
7660.0,3,sage,1
7660.0,3,skye,1
7673.0,1,omen,1
7680.0,2,raze,2
7689.0,1,sova,2
7696.0,1,cypher,3
7697.0,1,omen,3
7698.0,1,sova,3
7698.0,2,reyna,1
7700.0,1,jett,3
7702.0,1,omen,2
7702.0,3,astra,1
7704.0,1,omen,3
7704.0,2,reyna,1
7704.0,2,sage,1
7704.0,3,killjoy,5
7705.0,1,reyna,2
7705.0,1,phoenix,1
7705.0,2,jett,2
7705.0,3,jett,5
7706.0,2,raze,6
7706.0,2,reyna,1
7706.0,3,cypher,2
7706.0,3,raze,2
7708.0,3,raze,1
7709.0,3,jett,2
7710.0,3,brimstone,1
7710.0,3,omen,1
7711.0,3,killjoy,3
7711.0,3,brimstone,1
7711.0,3,cypher,1
7712.0,3,sova,2
7715.0,1,breach,2
7716.0,1,jett,1
7716.0,2,jett,41
7716.0,2,raze,4
7716.0,2,reyna,1
7716.0,3,jett,14
7716.0,3,raze,5
7716.0,3,sage,2
7718.0,1,jett,1
7718.0,2,raze,2
7718.0,2,reyna,2
7718.0,2,sova,1
7718.0,2,jett,1
7718.0,3,jett,1
7718.0,3,sage,1
7718.0,3,skye,1
7720.0,2,raze,2
7720.0,2,jett,1
7721.0,1,cypher,1
7721.0,1,sova,1
7722.0,1,omen,2
7722.0,2,phoenix,1
7723.0,1,breach,2
7723.0,2,brimstone,1
7724.0,1,cypher,1
7724.0,1,raze,1
7724.0,2,raze,1
7725.0,1,jett,2
7725.0,2,jett,1
7726.0,2,jett,1
7726.0,2,phoenix,1
7726.0,2,reyna,1
7727.0,2,brimstone,1
7727.0,2,omen,1
7728.0,2,sova,2
7728.0,2,breach,1
7729.0,3,killjoy,3
7729.0,3,cypher,1
7729.0,3,reyna,1
7729.0,3,sage,1
7729.0,3,viper,1
7730.0,2,brimstone,1
7731.0,2,sova,3
7732.0,2,reyna,11
7732.0,2,killjoy,7
7732.0,2,sage,3
7732.0,2,phoenix,2
7732.0,2,astra,1
7732.0,3,astra,4
7732.0,3,sage,3
7732.0,3,killjoy,2
7732.0,3,cypher,1
7733.0,2,killjoy,1
7733.0,2,omen,1
7733.0,2,phoenix,1
7733.0,3,killjoy,4
7733.0,3,viper,2
7734.0,2,killjoy,1
7736.0,2,reyna,3
7736.0,2,raze,2
7736.0,2,omen,1
7736.0,3,reyna,1
7736.0,3,raze,1
7736.0,3,jett,1
7740.0,2,omen,7
7740.0,2,raze,2
7740.0,2,brimstone,2
7740.0,2,astra,1
7740.0,3,omen,4
7740.0,3,viper,4
7740.0,3,astra,3
7741.0,1,sage,3
7741.0,2,brimstone,3
7741.0,2,sage,3
7741.0,2,omen,1
7741.0,3,cypher,2
7742.0,1,cypher,1
7742.0,2,raze,5
7742.0,2,omen,2
7742.0,3,sage,1
7742.0,3,skye,1
7743.0,1,jett,1
7743.0,2,killjoy,4
7743.0,2,cypher,1
7743.0,2,sova,1
7743.0,2,viper,1
7744.0,1,omen,3
7745.0,1,sova,1
7745.0,2,sova,6
7745.0,2,cypher,1
7745.0,3,sova,4
7745.0,3,skye,3
7745.0,3,jett,1
7745.0,3,kayo,1
7746.0,2,jett,1
7746.0,2,killjoy,1
7746.0,2,phoenix,1
7746.0,2,raze,1
7746.0,2,reyna,1
7746.0,3,sova,4
7747.0,2,cypher,2
7747.0,2,jett,2
7747.0,2,phoenix,1
7747.0,2,raze,1
7748.0,2,sova,9
7748.0,2,killjoy,1
7749.0,2,killjoy,4
7749.0,2,cypher,3
7749.0,2,sova,2
7749.0,2,phoenix,1
7749.0,2,reyna,1
7749.0,2,sage,1
7749.0,3,killjoy,6
7749.0,3,sage,3
7749.0,3,phoenix,2
7749.0,3,reyna,1
7749.0,3,brimstone,1
7751.0,2,jett,4
7751.0,2,reyna,3
7751.0,2,raze,1
7751.0,2,phoenix,1
7751.0,3,reyna,5
7751.0,3,astra,3
7751.0,3,jett,3
7751.0,3,raze,2
7751.0,3,sage,2
7751.0,3,skye,1
7753.0,3,sage,1
7753.0,3,sova,1
7754.0,2,reyna,1
7754.0,2,skye,1
7754.0,3,raze,6
7754.0,3,skye,5
7754.0,3,jett,3
7754.0,3,reyna,2
7754.0,3,breach,1
7754.0,3,brimstone,1
7754.0,3,sage,1
7755.0,2,killjoy,5
7755.0,2,sova,3
7755.0,2,brimstone,1
7755.0,2,cypher,1
7755.0,3,sova,5
7755.0,3,breach,3
7755.0,3,skye,3
7755.0,3,astra,2
7756.0,2,raze,6
7756.0,2,reyna,2
7756.0,2,sage,2
7756.0,2,phoenix,1
7756.0,2,jett,1
7756.0,3,cypher,2
7756.0,3,reyna,2
7756.0,3,killjoy,1
7757.0,2,jett,6
7757.0,2,sova,4
7757.0,2,raze,1
7757.0,2,sage,1
7758.0,2,omen,6
7758.0,2,phoenix,3
7758.0,2,cypher,1
7758.0,2,sova,1
7758.0,3,omen,4
7758.0,3,viper,3
7758.0,3,astra,1
7761.0,1,cypher,4
7761.0,1,killjoy,1
7761.0,2,killjoy,6
7761.0,2,cypher,2
7761.0,2,jett,1
7761.0,3,cypher,3
7761.0,3,killjoy,2
7761.0,3,skye,2
7762.0,1,breach,1
7763.0,1,omen,5
7763.0,2,omen,34
7763.0,2,astra,8
7763.0,2,brimstone,3
7763.0,2,cypher,1
7763.0,3,killjoy,2
7763.0,3,cypher,1
7764.0,1,cypher,3
7764.0,1,brimstone,1
7764.0,1,omen,1
7764.0,2,cypher,16
7764.0,2,killjoy,6
7764.0,2,sova,5
7764.0,2,viper,1
7764.0,3,sova,7
7764.0,3,reyna,5
7764.0,3,viper,4
7764.0,3,cypher,3
7764.0,3,killjoy,1
7765.0,1,omen,2
7765.0,1,reyna,2
7765.0,1,jett,1
7768.0,1,cypher,2
7768.0,1,killjoy,1
7772.0,1,raze,2
7772.0,1,sage,1
7773.0,1,omen,3
7774.0,1,jett,3
7776.0,1,killjoy,3
7779.0,1,cypher,2
7782.0,1,jett,2
7782.0,1,reyna,1
7782.0,2,astra,3
7782.0,2,omen,3
7782.0,2,jett,2
7782.0,3,astra,1
7782.0,3,omen,1
7782.0,3,viper,1
7783.0,1,sova,3
7783.0,3,astra,6
7783.0,3,omen,6
7783.0,3,viper,4
7783.0,3,breach,1
7786.0,1,raze,3
7786.0,2,sova,3
7786.0,2,raze,3
7786.0,2,phoenix,1
7786.0,2,sage,1
7786.0,3,sova,7
7786.0,3,sage,2
7789.0,1,cypher,3
7789.0,2,killjoy,2
7789.0,2,cypher,1
7790.0,1,omen,3
7792.0,1,raze,3
7793.0,2,sova,2
7793.0,2,omen,1
7794.0,1,cypher,5
7794.0,1,killjoy,1
7795.0,1,reyna,4
7795.0,1,raze,1
7795.0,1,jett,1
7795.0,2,brimstone,5
7795.0,2,cypher,4
7795.0,2,omen,4
7795.0,2,raze,3
7795.0,2,jett,3
7795.0,2,killjoy,3
7795.0,2,astra,2
7795.0,2,phoenix,1
7795.0,2,sage,1
7795.0,2,skye,1
7795.0,2,sova,1
7795.0,3,raze,2
7795.0,3,cypher,1
7795.0,3,jett,1
7795.0,3,sage,1
7795.0,3,skye,1
7796.0,1,sova,2
7797.0,1,omen,2
7798.0,1,breach,2
7799.0,1,raze,1
7799.0,1,reyna,1
7800.0,1,jett,2
7801.0,1,omen,6
7801.0,2,omen,1
7802.0,1,sova,6
7802.0,2,omen,7
7802.0,2,sage,5
7802.0,2,breach,4
7802.0,2,astra,3
7802.0,2,brimstone,3
7802.0,2,killjoy,3
7802.0,2,jett,1
7802.0,3,astra,4
7802.0,3,omen,1
7803.0,1,raze,3
7803.0,2,killjoy,4
7803.0,2,sage,2
7803.0,2,cypher,2
7803.0,2,phoenix,2
7804.0,1,sova,4
7804.0,2,killjoy,16
7804.0,2,phoenix,1
7804.0,2,viper,1
7804.0,3,killjoy,7
7804.0,3,cypher,1
7804.0,3,sage,1
7804.0,3,skye,1
7804.0,3,sova,1
7804.0,3,viper,1
7805.0,1,omen,3
7805.0,1,breach,1
7805.0,2,omen,19
7805.0,2,brimstone,1
7805.0,3,omen,6
7805.0,3,viper,1
7805.0,3,astra,1
7806.0,1,reyna,3
7806.0,1,omen,1
7807.0,1,jett,3
7807.0,1,cypher,1
7809.0,1,phoenix,2
7810.0,1,cypher,1
7810.0,1,sova,1
7810.0,2,omen,2
7810.0,2,brimstone,1
7811.0,1,jett,1
7811.0,1,omen,1
7812.0,1,cypher,1
7812.0,1,omen,1
7813.0,1,reyna,1
7813.0,1,sova,1
7813.0,2,sova,2
7813.0,2,raze,1
7813.0,3,sova,12
7813.0,3,skye,1
7814.0,1,cypher,1
7814.0,1,sova,1
7815.0,1,cypher,1
7815.0,1,omen,1
7816.0,1,jett,2
7816.0,2,killjoy,1
7817.0,1,breach,1
7817.0,1,brimstone,1
7818.0,1,phoenix,1
7818.0,1,raze,1
7819.0,2,killjoy,1
7820.0,2,killjoy,1
7820.0,2,sage,1
7820.0,3,killjoy,1
7821.0,3,astra,3
7821.0,3,omen,1
7821.0,3,sova,1
7823.0,2,sova,2
7823.0,3,sova,3
7823.0,3,sage,1
7823.0,3,viper,1
7824.0,2,reyna,1
7824.0,2,jett,1
7824.0,3,killjoy,2
7824.0,3,cypher,1
7824.0,3,sage,1
7834.0,2,phoenix,3
7834.0,2,reyna,1
7836.0,2,sova,3
7836.0,2,sage,1
7837.0,2,brimstone,2
7837.0,2,omen,2
7841.0,1,jett,3
7842.0,1,raze,3
7843.0,1,omen,3
7843.0,2,omen,1
7843.0,3,sova,2
7843.0,3,sage,1
7844.0,1,sova,3
7845.0,1,breach,3
7845.0,2,sova,1
7845.0,3,sova,2
7847.0,2,sova,1
7848.0,1,cypher,3
7848.0,2,omen,7
7848.0,2,brimstone,4
7848.0,2,sova,2
7848.0,3,sova,7
7848.0,3,cypher,1
7849.0,1,jett,3
7849.0,2,skye,5
7849.0,2,raze,4
7849.0,2,jett,3
7849.0,2,phoenix,1
7849.0,3,sage,3
7849.0,3,jett,2
7849.0,3,skye,2
7849.0,3,phoenix,1
7850.0,1,breach,6
7851.0,1,jett,4
7851.0,1,cypher,2
7851.0,2,omen,7
7851.0,2,jett,5
7851.0,2,killjoy,5
7851.0,2,cypher,4
7851.0,2,breach,2
7851.0,2,phoenix,1
7851.0,2,sage,1
7851.0,3,killjoy,4
7851.0,3,sage,3
7851.0,3,viper,2
7851.0,3,cypher,1
7852.0,1,raze,5
7852.0,1,cypher,1
7852.0,2,cypher,5
7852.0,2,killjoy,1
7852.0,2,sage,1
7853.0,1,sova,4
7853.0,1,jett,2
7853.0,2,reyna,9
7853.0,2,raze,5
7853.0,2,jett,5
7853.0,2,viper,1
7853.0,2,sova,1
7853.0,2,omen,1
7853.0,3,viper,5
7853.0,3,raze,3
7853.0,3,omen,1
7853.0,3,jett,1
7854.0,1,omen,6
7855.0,1,cypher,1
7855.0,1,omen,1
7855.0,1,sova,1
7856.0,1,raze,3
7856.0,2,killjoy,3
7856.0,2,omen,1
7856.0,2,raze,1
7857.0,1,phoenix,5
7857.0,1,killjoy,1
7857.0,2,raze,44
7857.0,2,sova,2
7857.0,2,reyna,1
7857.0,3,viper,7
7857.0,3,raze,3
7857.0,3,kayo,3
7857.0,3,sova,1
7858.0,1,raze,9
7859.0,1,cypher,6
7859.0,2,sage,2
7859.0,2,omen,2
7859.0,2,reyna,1
7860.0,1,breach,6
7860.0,3,astra,3
7860.0,3,viper,2
7861.0,1,omen,6
7861.0,1,jett,2
7861.0,1,phoenix,1
7861.0,2,jett,31
7861.0,2,reyna,6
7861.0,2,cypher,6
7861.0,2,killjoy,4
7861.0,3,astra,6
7861.0,3,sage,3
7861.0,3,brimstone,3
7861.0,3,omen,2
7862.0,1,phoenix,1
7863.0,1,brimstone,3
7863.0,1,cypher,3
7865.0,2,astra,1
7865.0,2,omen,1
7865.0,3,cypher,2
7865.0,3,killjoy,1
7866.0,2,raze,2
7867.0,2,cypher,1
7867.0,2,sage,1
7868.0,2,jett,3
7868.0,2,sage,3
7870.0,1,killjoy,2
7870.0,1,cypher,1
7870.0,2,omen,22
7870.0,2,astra,16
7870.0,2,brimstone,7
7870.0,2,yoru,1
7870.0,3,astra,20
7870.0,3,viper,7
7870.0,3,omen,4
7871.0,3,raze,11
7871.0,3,kayo,9
7871.0,3,jett,6
7871.0,3,reyna,5
7871.0,3,viper,4
7871.0,3,sova,4
7871.0,3,sage,3
7871.0,3,skye,1
7872.0,3,skye,7
7872.0,3,sova,5
7872.0,3,cypher,3
7872.0,3,astra,1
7872.0,3,kayo,1
7872.0,3,phoenix,1
7873.0,1,cypher,1
7873.0,1,reyna,1
7873.0,2,omen,21
7873.0,2,raze,15
7873.0,2,phoenix,8
7873.0,2,reyna,7
7873.0,2,killjoy,3
7873.0,3,jett,16
7873.0,3,skye,10
7873.0,3,sage,6
7873.0,3,raze,5
7873.0,3,reyna,3
7873.0,3,astra,2
7873.0,3,phoenix,1
7875.0,3,cypher,1
7876.0,3,sova,1
7879.0,1,sova,3
7879.0,1,killjoy,2
7880.0,2,raze,5
7881.0,2,omen,2
7881.0,3,viper,2
7881.0,3,sage,2
7881.0,3,breach,1
7881.0,3,raze,1
7881.0,3,skye,1
7882.0,2,jett,14
7882.0,2,sova,3
7882.0,2,yoru,3
7882.0,2,raze,2
7882.0,2,reyna,2
7882.0,2,sage,1
7882.0,2,skye,1
7882.0,3,jett,7
7882.0,3,sova,2
7882.0,3,yoru,1
7883.0,1,sova,2
7883.0,3,killjoy,5
7883.0,3,viper,4
7883.0,3,raze,3
7883.0,3,omen,2
7883.0,3,phoenix,1
7883.0,3,sage,1
7883.0,3,skye,1
7883.0,3,cypher,1
7883.0,3,breach,1
7884.0,2,skye,3
7884.0,3,skye,7
7888.0,1,killjoy,1
7888.0,2,viper,5
7888.0,2,cypher,1
7889.0,1,omen,1
7889.0,2,omen,1
7889.0,2,sage,1
7897.0,1,sova,1
7898.0,1,jett,1
7898.0,2,jett,3
7898.0,2,raze,1
7909.0,2,sage,1
7909.0,2,sova,1
7920.0,2,jett,1
7920.0,2,reyna,1
7922.0,1,sova,1
7923.0,1,cypher,1
7929.0,1,raze,2
7929.0,3,kayo,3
7929.0,3,phoenix,2
7929.0,3,viper,2
7929.0,3,raze,1
7929.0,3,skye,1
7930.0,2,sova,2
7932.0,2,omen,2
7933.0,2,breach,2
7965.0,1,sova,2
7965.0,1,breach,1
7968.0,1,omen,1
7969.0,1,sage,1
7972.0,2,breach,3
7972.0,2,skye,1
7972.0,3,skye,6
7972.0,3,sage,1
7974.0,1,killjoy,2
7974.0,1,omen,2
7974.0,1,sage,1
7974.0,2,cypher,2
7980.0,2,cypher,1
7980.0,2,killjoy,1
7981.0,3,omen,2
7983.0,1,omen,4
7983.0,2,omen,7
7983.0,2,brimstone,6
7983.0,2,astra,5
7983.0,2,cypher,2
7983.0,3,astra,19
7983.0,3,viper,14
7983.0,3,kayo,10
7983.0,3,cypher,6
7983.0,3,omen,2
7983.0,3,sage,1
7984.0,1,cypher,1
7985.0,1,omen,2
7986.0,1,cypher,1
7986.0,1,killjoy,1
7987.0,1,raze,2
7988.0,1,cypher,2
7989.0,1,sova,2
7990.0,1,raze,3
7991.0,1,omen,3
7991.0,3,jett,2
7992.0,1,omen,2
7993.0,1,reyna,3
7995.0,1,phoenix,2
7995.0,1,reyna,1
7995.0,2,phoenix,7
7995.0,2,killjoy,2
7995.0,2,skye,2
7995.0,2,brimstone,1
7995.0,2,omen,1
7995.0,2,raze,1
7995.0,2,yoru,1
7995.0,3,astra,3
7995.0,3,killjoy,1
7995.0,3,reyna,1
7995.0,3,viper,1
7996.0,1,reyna,2
7996.0,1,sova,2
7997.0,1,omen,1
7998.0,1,cypher,1
7999.0,1,sova,1
8000.0,1,raze,1
8001.0,1,jett,1
8002.0,2,sova,5
8002.0,2,sage,5
8003.0,2,jett,6
8003.0,2,breach,4
8003.0,3,omen,1
8004.0,2,reyna,6
8004.0,2,raze,4
8004.0,3,sova,3
8004.0,3,sage,3
8004.0,3,raze,1
8005.0,2,omen,9
8005.0,2,viper,1
8009.0,2,jett,8
8009.0,2,raze,3
8009.0,2,sova,2
8009.0,2,viper,1
8009.0,3,jett,4
8013.0,1,omen,4
8013.0,1,jett,1
8014.0,2,brimstone,4
8014.0,2,cypher,4
8014.0,2,sage,4
8014.0,2,breach,1
8014.0,3,sage,4
8014.0,3,cypher,2
8014.0,3,sova,2
8014.0,3,brimstone,1
8016.0,2,jett,2
8017.0,2,viper,1
8017.0,2,omen,1
8018.0,2,breach,1
8018.0,2,sage,1
8018.0,3,breach,2
8019.0,2,sova,2
8020.0,2,cypher,1
8020.0,2,killjoy,1
8023.0,1,sage,1
8024.0,1,cypher,1
8025.0,1,killjoy,2
8025.0,1,omen,1
8025.0,1,reyna,1
8025.0,2,sova,29
8025.0,2,breach,9
8025.0,2,skye,1
8027.0,1,breach,1
8028.0,1,killjoy,1
8029.0,1,jett,1
8030.0,1,omen,1
8031.0,1,sova,1
8032.0,1,sova,4
8032.0,2,sova,1
8033.0,1,killjoy,2
8033.0,1,reyna,1
8033.0,1,cypher,1
8033.0,2,astra,2
8033.0,2,killjoy,1
8034.0,1,killjoy,1
8034.0,2,killjoy,11
8034.0,2,cypher,2
8034.0,3,cypher,4
8034.0,3,astra,2
8034.0,3,brimstone,1
8034.0,3,killjoy,1
8034.0,3,omen,1
8034.0,3,viper,1
8035.0,1,jett,3
8035.0,2,jett,5
8035.0,2,raze,3
8035.0,2,cypher,2
8035.0,3,jett,7
8035.0,3,sage,7
8035.0,3,reyna,4
8035.0,3,raze,2
8035.0,3,sova,2
8035.0,3,viper,2
8035.0,3,killjoy,1
8036.0,1,omen,3
8036.0,2,raze,8
8036.0,2,jett,5
8036.0,2,phoenix,1
8036.0,3,jett,12
8036.0,3,raze,6
8036.0,3,phoenix,1
8037.0,1,brimstone,3
8037.0,1,jett,2
8037.0,1,raze,2
8037.0,2,brimstone,6
8037.0,2,viper,4
8037.0,2,omen,3
8037.0,2,jett,2
8037.0,2,killjoy,2
8037.0,3,jett,4
8037.0,3,sage,2
8037.0,3,viper,1
8038.0,1,sova,4
8038.0,1,killjoy,2
8038.0,1,breach,1
8038.0,2,sova,16
8038.0,2,breach,1
8038.0,3,skye,3
8038.0,3,breach,2
8038.0,3,sova,1
8039.0,1,sage,4
8039.0,3,viper,10
8039.0,3,sage,3
8039.0,3,killjoy,2
8040.0,1,cypher,3
8040.0,1,omen,3
8040.0,1,brimstone,1
8040.0,2,killjoy,7
8040.0,2,cypher,4
8040.0,2,omen,3
8040.0,2,viper,1
8040.0,3,astra,4
8040.0,3,viper,2
8040.0,3,killjoy,1
8041.0,1,raze,3
8041.0,1,cypher,3
8041.0,1,killjoy,1
8041.0,2,raze,10
8041.0,2,sage,5
8041.0,2,brimstone,1
8041.0,2,omen,1
8041.0,2,viper,1
8041.0,3,omen,13
8041.0,3,astra,13
8041.0,3,viper,11
8041.0,3,skye,2
8042.0,1,jett,8
8042.0,1,skye,2
8042.0,2,skye,5
8042.0,2,breach,1
8042.0,2,sage,1
8042.0,3,astra,6
8042.0,3,skye,2
8042.0,3,brimstone,1
8042.0,3,omen,1
8042.0,3,viper,1
8043.0,1,raze,2
8043.0,2,raze,4
8044.0,1,omen,1
8044.0,1,sova,1
8044.0,2,sova,4
8044.0,2,raze,1
8044.0,3,sova,16
8044.0,3,breach,5
8044.0,3,killjoy,4
8044.0,3,skye,4
8044.0,3,sage,1
8045.0,1,raze,3
8045.0,1,jett,3
8046.0,1,omen,2
8047.0,1,raze,4
8047.0,2,raze,3
8047.0,2,phoenix,1
8048.0,1,cypher,2
8048.0,2,killjoy,5
8048.0,2,viper,3
8048.0,2,cypher,2
8048.0,2,sage,1
8048.0,3,killjoy,10
8048.0,3,viper,10
8048.0,3,breach,4
8048.0,3,astra,2
8048.0,3,brimstone,2
8048.0,3,cypher,1
8049.0,1,omen,1
8049.0,1,killjoy,1
8049.0,1,cypher,1
8049.0,1,breach,1
8050.0,1,jett,4
8050.0,3,astra,11
8050.0,3,jett,10
8050.0,3,sage,7
8050.0,3,viper,3
8052.0,1,reyna,2
8053.0,1,omen,2
8054.0,1,killjoy,1
8054.0,1,sage,1
8054.0,2,reyna,6
8054.0,2,sage,4
8054.0,2,breach,4
8054.0,2,raze,2
8054.0,2,cypher,1
8054.0,2,killjoy,1
8054.0,2,phoenix,1
8054.0,3,astra,1
8054.0,3,cypher,1
8054.0,3,sage,1
8054.0,3,skye,1
8054.0,3,viper,1
8055.0,1,jett,1
8055.0,1,raze,1
8055.0,2,sova,12
8055.0,2,breach,4
8055.0,2,jett,2
8055.0,3,sova,7
8055.0,3,skye,1
8055.0,3,sage,1
8056.0,1,raze,1
8056.0,1,reyna,1
8056.0,2,raze,15
8056.0,2,omen,7
8056.0,2,phoenix,2
8056.0,2,reyna,1
8056.0,3,raze,4
8056.0,3,reyna,2
8056.0,3,skye,2
8056.0,3,kayo,1
8056.0,3,phoenix,1
8057.0,2,reyna,1
8057.0,3,viper,10
8057.0,3,astra,9
8058.0,1,reyna,3
8058.0,1,phoenix,1
8059.0,1,raze,2
8059.0,1,sage,2
8059.0,2,raze,12
8059.0,2,skye,1
8059.0,3,raze,1
8059.0,3,reyna,1
8059.0,3,yoru,1
8060.0,1,omen,2
8060.0,1,brimstone,1
8060.0,1,sova,1
8061.0,1,skye,1
8061.0,1,raze,1
8061.0,1,killjoy,1
8062.0,1,cypher,4
8063.0,1,sova,1
8064.0,1,jett,3
8064.0,1,reyna,1
8065.0,1,killjoy,1
8065.0,1,omen,1
8065.0,1,raze,1
8065.0,1,sage,1
8066.0,1,reyna,2
8066.0,2,cypher,1
8067.0,1,omen,2
8067.0,2,omen,1
8068.0,1,cypher,2
8069.0,1,breach,2
8070.0,1,sova,2
8070.0,2,sova,1
8071.0,1,phoenix,2
8071.0,1,raze,1
8071.0,2,omen,8
8071.0,2,reyna,5
8071.0,2,sage,1
8072.0,1,cypher,2
8072.0,1,killjoy,1
8077.0,2,jett,1
8077.0,2,skye,1
8077.0,3,cypher,2
8077.0,3,viper,1
8078.0,1,omen,8
8078.0,2,sova,2
8078.0,3,sova,55
8078.0,3,sage,5
8078.0,3,skye,1
8079.0,1,jett,8
8079.0,2,jett,1
8079.0,2,raze,1
8079.0,3,jett,1
8080.0,1,jett,2
8081.0,1,sova,2
8082.0,1,cypher,2
8082.0,2,cypher,24
8082.0,2,viper,11
8082.0,2,killjoy,8
8082.0,2,sage,5
8082.0,3,astra,37
8082.0,3,viper,15
8082.0,3,omen,2
8083.0,1,omen,2
8084.0,1,cypher,1
8084.0,1,omen,1
8084.0,2,sova,5
8085.0,1,raze,11
8085.0,1,jett,1
8085.0,2,jett,6
8085.0,3,jett,60
8085.0,3,raze,5
8085.0,3,sova,4
8086.0,1,omen,6
8086.0,1,cypher,3
8086.0,1,sova,1
8086.0,2,sova,5
8086.0,2,cypher,3
8086.0,2,skye,1
8086.0,2,sage,1
8089.0,1,jett,2
8090.0,1,omen,3
8091.0,1,breach,6
8091.0,1,reyna,4
8091.0,1,phoenix,1
8092.0,1,omen,1
8094.0,1,omen,1
8094.0,1,sova,1
8095.0,1,raze,1
8095.0,1,reyna,1
8096.0,1,phoenix,1
8096.0,1,sova,1
8097.0,1,jett,1
8097.0,1,omen,1
8097.0,2,killjoy,6
8097.0,2,brimstone,2
8097.0,2,jett,1
8097.0,2,omen,1
8097.0,2,sage,1
8098.0,1,cypher,2
8099.0,1,sova,5
8099.0,1,viper,2
8100.0,1,omen,7
8101.0,1,reyna,3
8101.0,1,phoenix,2
8101.0,1,sage,1
8101.0,1,cypher,1
8102.0,1,jett,4
8102.0,1,raze,3
8103.0,1,raze,1
8103.0,1,reyna,1
8104.0,1,cypher,3
8104.0,1,sage,2
8105.0,1,sova,2
8105.0,1,cypher,1
8110.0,2,raze,2
8110.0,3,sage,1
8110.0,3,skye,1
8112.0,1,cypher,2
8113.0,1,sova,2
8114.0,1,omen,2
8115.0,1,breach,2
8116.0,1,raze,2
8117.0,1,jett,2
8118.0,1,breach,6
8118.0,1,phoenix,5
8118.0,1,reyna,4
8118.0,2,skye,27
8118.0,2,breach,9
8118.0,2,sage,3
8118.0,3,skye,31
8118.0,3,sage,14
8118.0,3,breach,1
8118.0,3,kayo,1
8120.0,1,jett,1
8120.0,1,raze,1
8121.0,1,omen,2
8121.0,3,skye,1
8121.0,3,killjoy,1
8122.0,1,phoenix,2
8124.0,1,omen,2
8125.0,1,sova,2
8126.0,1,killjoy,1
8126.0,1,reyna,1
8127.0,1,jett,1
8127.0,1,sova,1
8128.0,1,omen,2
8129.0,1,killjoy,1
8129.0,1,reyna,1
8130.0,1,jett,1
8130.0,1,sova,1
8131.0,1,breach,2
8132.0,1,raze,1
8132.0,1,sova,1
8133.0,1,brimstone,2
8134.0,1,cypher,1
8134.0,1,reyna,1
8135.0,1,jett,2
8136.0,1,jett,5
8137.0,1,sova,5
8137.0,2,sova,15
8137.0,2,sage,1
8137.0,2,skye,1
8137.0,3,sova,34
8137.0,3,killjoy,7
8137.0,3,omen,1
8137.0,3,skye,1
8138.0,1,omen,3
8138.0,1,breach,2
8138.0,2,omen,11
8138.0,2,astra,2
8138.0,2,brimstone,1
8139.0,1,breach,1
8139.0,2,sage,1
8140.0,1,omen,1
8140.0,2,brimstone,1
8141.0,1,reyna,1
8141.0,2,raze,1
8142.0,1,sova,1
8142.0,2,sova,1
8143.0,1,jett,1
8143.0,2,reyna,1
8145.0,1,raze,4
8146.0,1,reyna,3
8146.0,1,jett,1
8146.0,2,jett,4
8146.0,2,sage,2
8146.0,2,reyna,1
8146.0,3,jett,8
8148.0,1,omen,1
8149.0,1,skye,1
8149.0,1,sova,1
8151.0,1,omen,1
8151.0,2,viper,2
8152.0,1,killjoy,1
8152.0,2,killjoy,2
8152.0,2,raze,2
8152.0,3,sova,5
8152.0,3,raze,1
8153.0,1,raze,1
8154.0,1,breach,1
8154.0,2,sage,1
8154.0,2,sova,1
8154.0,3,astra,2
8154.0,3,viper,2
8154.0,3,killjoy,1
8155.0,1,reyna,1
8155.0,2,jett,2
8155.0,2,sage,2
8155.0,3,jett,4
8155.0,3,cypher,1
8155.0,3,killjoy,1
8155.0,3,reyna,1
8155.0,3,sage,1
8155.0,3,viper,1
8156.0,1,breach,1
8156.0,1,killjoy,1
8156.0,2,sage,1
8156.0,3,killjoy,2
8156.0,3,astra,1
8156.0,3,cypher,1
8156.0,3,reyna,1
8156.0,3,sage,1
8157.0,1,jett,2
8158.0,1,raze,2
8158.0,3,skye,3
8158.0,3,raze,1
8158.0,3,sage,1
8159.0,1,omen,2
8159.0,2,jett,1
8160.0,1,sova,2
8160.0,2,killjoy,1
8160.0,3,killjoy,1
8160.0,3,skye,1
8161.0,1,killjoy,1
8163.0,1,jett,1
8164.0,1,sova,1
8165.0,1,jett,5
8165.0,2,jett,4
8165.0,2,omen,2
8165.0,2,reyna,2
8165.0,2,sage,1
8165.0,3,jett,7
8165.0,3,reyna,3
8165.0,3,sage,3
8166.0,1,sova,2
8166.0,1,killjoy,1
8166.0,1,sage,1
8166.0,2,sova,11
8166.0,2,raze,1
8166.0,3,sova,8
8166.0,3,astra,1
8167.0,1,omen,2
8168.0,1,cypher,2
8168.0,1,raze,2
8168.0,1,reyna,1
8168.0,2,omen,5
8168.0,2,astra,4
8168.0,2,viper,3
8168.0,3,omen,4
8168.0,3,astra,3
8168.0,3,reyna,3
8168.0,3,viper,2
8169.0,1,breach,3
8169.0,1,reyna,1
8169.0,1,sova,1
8175.0,1,killjoy,2
8175.0,1,cypher,2
8175.0,3,jett,6
8175.0,3,killjoy,4
8175.0,3,cypher,3
8175.0,3,kayo,1
8175.0,3,raze,1
8175.0,3,skye,1
8175.0,3,viper,1
8176.0,1,jett,3
8176.0,1,raze,1
8176.0,3,raze,7
8176.0,3,jett,4
8176.0,3,reyna,2
8176.0,3,skye,2
8177.0,1,sova,3
8177.0,1,sage,1
8177.0,3,sova,11
8177.0,3,killjoy,3
8177.0,3,viper,2
8177.0,3,cypher,1
8178.0,1,omen,2
8178.0,1,reyna,1
8178.0,3,omen,6
8178.0,3,viper,2
8178.0,3,brimstone,1
8178.0,3,killjoy,1
8178.0,3,sova,1
8179.0,1,omen,2
8179.0,3,sage,4
8179.0,3,omen,1
8179.0,3,astra,1
8180.0,1,jett,2
8181.0,1,cypher,1
8181.0,1,omen,1
8182.0,1,sova,1
8183.0,1,phoenix,1
8183.0,1,raze,1
8184.0,1,breach,1
8184.0,1,omen,1
8184.0,3,sova,4
8184.0,3,sage,2
8184.0,3,skye,1
8185.0,1,killjoy,1
8186.0,1,reyna,1
8186.0,2,jett,1
8186.0,2,sage,1
8187.0,1,reyna,1
8188.0,1,omen,1
8189.0,1,jett,1
8190.0,1,killjoy,1
8191.0,1,sova,1
8192.0,1,phoenix,2
8193.0,1,skye,2
8194.0,1,cypher,1
8195.0,1,omen,2
8196.0,1,jett,2
8208.0,1,omen,1
8209.0,1,breach,1
8217.0,1,killjoy,1
8217.0,2,killjoy,22
8217.0,3,cypher,4
8217.0,3,viper,3
8218.0,1,raze,1
8218.0,2,jett,4
8218.0,2,raze,2
8218.0,3,sage,3
8218.0,3,jett,2
8218.0,3,raze,1
8219.0,2,sage,2
8220.0,2,raze,1
8220.0,2,jett,1
8221.0,2,phoenix,2
8222.0,2,omen,2
8223.0,2,omen,2
8225.0,2,omen,8
8225.0,2,phoenix,1
8225.0,3,jett,3
8225.0,3,sova,2
8225.0,3,breach,1
8226.0,2,sova,10
8226.0,2,sage,2
8226.0,3,sova,6
8226.0,3,reyna,3
8226.0,3,sage,3
8226.0,3,skye,2
8226.0,3,viper,1
8227.0,2,omen,1
8231.0,3,sage,2
8232.0,3,raze,2
8233.0,3,brimstone,1
8233.0,3,omen,1
8234.0,3,skye,2
8235.0,1,cypher,7
8235.0,2,omen,9
8235.0,2,cypher,9
8235.0,2,breach,2
8236.0,1,omen,6
8236.0,1,phoenix,3
8236.0,1,jett,2
8237.0,1,breach,11
8237.0,2,sova,2
8237.0,3,breach,9
8237.0,3,skye,7
8237.0,3,kayo,4
8237.0,3,reyna,2
8240.0,1,omen,3
8240.0,2,killjoy,3
8240.0,2,omen,3
8240.0,2,jett,2
8240.0,2,cypher,1
8240.0,3,killjoy,6
8240.0,3,cypher,5
8240.0,3,sage,2
8240.0,3,viper,2
8240.0,3,chamber,1
8240.0,3,kayo,1
8240.0,3,reyna,1
8240.0,3,astra,1
8242.0,1,cypher,3
8243.0,1,reyna,5
8244.0,1,killjoy,4
8244.0,1,raze,1
8245.0,1,omen,4
8245.0,1,cypher,1
8246.0,1,breach,2
8246.0,1,sage,2
8246.0,1,omen,1
8247.0,1,sova,5
8248.0,1,sova,2
8248.0,1,breach,1
8249.0,1,breach,2
8249.0,1,sage,1
8250.0,1,jett,2
8250.0,1,raze,1
8251.0,1,omen,3
8252.0,1,sova,3
8253.0,1,sova,1
8254.0,1,reyna,1
8255.0,1,cypher,1
8256.0,1,jett,1
8257.0,1,sage,1
8258.0,1,phoenix,2
8258.0,1,reyna,1
8259.0,1,cypher,2
8259.0,1,killjoy,1
8259.0,2,phoenix,1
8260.0,1,jett,3
8261.0,1,cypher,4
8261.0,1,breach,3
8261.0,1,killjoy,1
8261.0,2,killjoy,2
8261.0,2,brimstone,1
8261.0,3,cypher,2
8262.0,1,breach,4
8262.0,1,reyna,2
8262.0,1,jett,2
8262.0,2,jett,11
8262.0,2,phoenix,5
8262.0,2,sage,4
8262.0,2,raze,1
8262.0,2,reyna,1
8262.0,2,skye,1
8262.0,3,jett,32
8263.0,1,omen,8
8264.0,1,sova,1
8264.0,2,sova,3
8264.0,3,skye,2
8264.0,3,sova,2
8265.0,1,sova,4
8265.0,3,skye,1
8265.0,3,jett,1
8266.0,1,reyna,4
8267.0,1,jett,4
8267.0,2,sova,1
8267.0,3,jett,3
8267.0,3,raze,1
8267.0,3,sova,1
8268.0,1,jett,8
8268.0,2,jett,2
8269.0,1,breach,2
8269.0,1,phoenix,1
8270.0,1,jett,2
8270.0,1,raze,1
8270.0,2,jett,1
8270.0,2,sage,1
8272.0,1,reyna,3
8272.0,1,phoenix,2
8272.0,2,sova,1
8272.0,3,sova,6
8272.0,3,jett,4
8272.0,3,skye,3
8272.0,3,breach,1
8272.0,3,reyna,1
8273.0,1,cypher,3
8273.0,3,astra,9
8273.0,3,viper,6
8273.0,3,sova,6
8273.0,3,skye,3
8274.0,1,sova,3
8275.0,1,omen,3
8275.0,1,phoenix,1
8275.0,2,omen,7
8276.0,1,cypher,1
8276.0,3,cypher,1
8277.0,1,jett,2
8277.0,2,jett,1
8278.0,1,sova,2
8278.0,2,skye,1
8278.0,2,sova,1
8278.0,3,sova,3
8278.0,3,kayo,2
8280.0,1,raze,2
8280.0,3,omen,1
8280.0,3,skye,1
8281.0,1,breach,1
8281.0,1,omen,1
8282.0,1,cypher,1
8282.0,1,omen,1
8283.0,1,cypher,1
8283.0,1,sova,1
8284.0,1,jett,2
8286.0,1,omen,4
8286.0,2,astra,9
8286.0,2,omen,5
8286.0,2,sage,2
8286.0,3,astra,29
8286.0,3,viper,9
8286.0,3,sage,8
8286.0,3,omen,6
8286.0,3,killjoy,4
8286.0,3,cypher,2
8286.0,3,skye,2
8288.0,3,skye,1
8290.0,1,sova,2
8290.0,1,breach,1
8290.0,1,cypher,1
8291.0,1,jett,3
8291.0,1,phoenix,1
8292.0,1,killjoy,3
8292.0,1,reyna,1
8293.0,1,raze,2
8293.0,1,breach,1
8293.0,1,phoenix,1
8294.0,1,omen,4
8295.0,1,cypher,5
8295.0,1,killjoy,3
8296.0,1,breach,9
8296.0,2,cypher,1
8297.0,1,omen,2
8297.0,1,sage,2
8297.0,1,killjoy,1
8297.0,1,reyna,1
8298.0,1,omen,2
8298.0,1,jett,1
8298.0,1,reyna,1
8299.0,1,jett,2
8299.0,1,breach,1
8299.0,1,brimstone,1
8299.0,1,killjoy,1
8299.0,1,omen,1
8300.0,1,raze,4
8300.0,1,killjoy,1
8300.0,1,sage,1
8301.0,1,killjoy,3
8301.0,1,breach,1
8301.0,1,jett,1
8301.0,1,phoenix,1
8302.0,1,reyna,2
8303.0,1,cypher,3
8303.0,1,reyna,1
8304.0,1,breach,2
8304.0,1,jett,2
8305.0,1,omen,4
8306.0,1,reyna,3
8306.0,1,killjoy,1
8307.0,1,breach,2
8307.0,1,jett,1
8307.0,1,killjoy,1
8308.0,1,killjoy,1
8309.0,1,omen,1
8309.0,1,sage,1
8310.0,1,killjoy,2
8311.0,1,sova,1
8311.0,1,brimstone,1
8312.0,1,reyna,2
8313.0,1,phoenix,1
8313.0,1,jett,1
8314.0,1,cypher,3
8315.0,1,sova,3
8315.0,2,sova,2
8316.0,1,reyna,3
8317.0,1,omen,3
8318.0,1,raze,2
8318.0,1,jett,1
8318.0,3,breach,2
8318.0,3,astra,1
8318.0,3,reyna,1
8318.0,3,viper,1
8320.0,1,raze,5
8321.0,1,sova,3
8321.0,1,killjoy,2
8321.0,1,reyna,2
8322.0,1,omen,7
8324.0,2,skye,10
8324.0,2,killjoy,2
8324.0,3,raze,4
8324.0,3,jett,3
8324.0,3,skye,1
8324.0,3,sova,1
8325.0,1,breach,1
8325.0,1,phoenix,1
8326.0,2,breach,6
8326.0,2,viper,3
8326.0,2,cypher,1
8326.0,2,killjoy,1
8326.0,3,breach,8
8326.0,3,cypher,5
8326.0,3,killjoy,4
8326.0,3,viper,3
8326.0,3,sova,1
8326.0,3,yoru,1
8326.0,3,kayo,1
8326.0,3,astra,1
8327.0,2,astra,2
8328.0,2,sova,2
8328.0,2,cypher,1
8328.0,3,sova,3
8328.0,3,chamber,1
8330.0,2,sova,6
8330.0,2,breach,1
8330.0,3,sova,6
8330.0,3,breach,1
8330.0,3,raze,1
8332.0,2,phoenix,1
8332.0,2,raze,1
8334.0,2,jett,4
8334.0,2,raze,1
8334.0,3,jett,1
8334.0,3,raze,1
8336.0,2,omen,3
8336.0,2,brimstone,1
8338.0,1,omen,2
8339.0,1,cypher,2
8339.0,2,killjoy,1
8339.0,3,cypher,3
8339.0,3,viper,3
8339.0,3,brimstone,1
8339.0,3,sova,1
8339.0,3,sage,1
8339.0,3,astra,1
8340.0,2,cypher,1
8340.0,2,killjoy,1
8340.0,2,sova,1
8342.0,2,astra,2
8342.0,2,omen,1
8342.0,3,omen,2
8343.0,2,raze,7
8343.0,2,cypher,1
8343.0,2,phoenix,1
8343.0,3,jett,3
8343.0,3,raze,1
8345.0,3,killjoy,12
8345.0,3,jett,5
8345.0,3,chamber,1
8345.0,3,sage,1
8345.0,3,skye,1
8345.0,3,sova,1
8346.0,2,jett,1
8346.0,3,jett,3
8354.0,1,breach,2
8356.0,1,omen,1
8369.0,1,cypher,2
8369.0,1,sage,2
8369.0,1,killjoy,1
8369.0,3,chamber,6
8369.0,3,sage,2
8369.0,3,killjoy,1
8371.0,2,jett,1
8371.0,2,raze,1
8371.0,3,viper,3
8371.0,3,chamber,3
8371.0,3,cypher,2
8373.0,1,jett,2
8373.0,2,raze,1
8373.0,3,jett,10
8373.0,3,raze,2
8373.0,3,sage,1
8374.0,1,killjoy,5
8374.0,1,cypher,3
8375.0,1,jett,4
8375.0,1,raze,2
8375.0,1,reyna,2
8375.0,2,raze,4
8375.0,2,reyna,2
8375.0,2,phoenix,2
8375.0,2,skye,1
8375.0,3,skye,9
8375.0,3,raze,8
8375.0,3,reyna,3
8375.0,3,killjoy,2
8375.0,3,sage,2
8375.0,3,kayo,1
8375.0,3,phoenix,1
8376.0,1,phoenix,6
8376.0,1,raze,1
8376.0,1,jett,1
8376.0,2,jett,14
8376.0,2,reyna,4
8376.0,2,phoenix,4
8376.0,2,raze,3
8376.0,2,sage,1
8376.0,3,jett,22
8376.0,3,astra,5
8376.0,3,raze,4
8382.0,2,omen,9
8393.0,3,skye,4
8393.0,3,reyna,3
8393.0,3,kayo,1
8397.0,2,sova,9
8397.0,2,reyna,1
8397.0,3,jett,11
8397.0,3,sova,9
8397.0,3,raze,8
8397.0,3,astra,3
8399.0,2,omen,2
8399.0,2,cypher,1
8399.0,2,skye,1
8399.0,3,killjoy,13
8399.0,3,viper,8
8399.0,3,cypher,7
8399.0,3,sova,3
8399.0,3,astra,2
8399.0,3,raze,2
8399.0,3,kayo,1
8400.0,2,breach,2
8400.0,3,skye,6
8400.0,3,reyna,3
8400.0,3,sage,2
8402.0,2,cypher,2
8402.0,2,killjoy,2
8402.0,2,viper,1
8402.0,3,viper,11
8402.0,3,cypher,7
8402.0,3,chamber,4
8402.0,3,kayo,3
8402.0,3,reyna,3
8402.0,3,sova,1
8403.0,2,phoenix,1
8403.0,2,reyna,1
8403.0,3,jett,5
8403.0,3,raze,3
8403.0,3,reyna,2
8403.0,3,phoenix,1
8405.0,2,sova,11
8405.0,2,phoenix,6
8405.0,2,killjoy,1
8405.0,3,sova,14
8405.0,3,killjoy,8
8405.0,3,kayo,8
8405.0,3,skye,7
8405.0,3,sage,6
8405.0,3,reyna,4
8405.0,3,jett,4
8405.0,3,cypher,1
8405.0,3,viper,1
8407.0,3,jett,11
8407.0,3,raze,3
8407.0,3,skye,2
8407.0,3,sova,2
8407.0,3,killjoy,1
8407.0,3,viper,1
8408.0,2,jett,9
8408.0,2,omen,4
8408.0,2,reyna,2
8408.0,2,sage,1
8408.0,3,astra,11
8408.0,3,jett,7
8408.0,3,omen,4
8408.0,3,viper,4
8408.0,3,sage,3
8408.0,3,reyna,2
8408.0,3,raze,1
8409.0,3,astra,2
8409.0,3,viper,2
8410.0,3,kayo,1
8410.0,3,skye,1
8412.0,3,killjoy,3
8412.0,3,sage,1
8413.0,2,sova,2
8413.0,2,sage,1
8414.0,2,cypher,2
8414.0,3,reyna,1
8414.0,3,sova,1
8419.0,3,jett,52
8419.0,3,raze,7
8419.0,3,reyna,5
8419.0,3,skye,3
8419.0,3,kayo,2
8419.0,3,phoenix,1
8426.0,3,kayo,1
8426.0,3,skye,1
8432.0,1,jett,1
8432.0,2,sova,2
8432.0,2,phoenix,1
8432.0,2,sage,1
8432.0,2,viper,1
8432.0,3,sage,1
8432.0,3,viper,1
8434.0,3,sova,5
8434.0,3,cypher,4
8434.0,3,sage,2
8434.0,3,skye,2
8434.0,3,phoenix,1
8435.0,2,sage,4
8435.0,2,killjoy,4
8435.0,2,cypher,2
8435.0,2,sova,1
8440.0,2,sova,3
8440.0,2,cypher,1
8440.0,2,sage,1
8440.0,2,viper,1
8440.0,3,sova,3
8440.0,3,breach,1
8440.0,3,viper,1
8442.0,3,sova,2
8443.0,3,astra,1
8443.0,3,omen,1
8447.0,2,raze,3
8447.0,2,killjoy,2
8447.0,3,killjoy,10
8447.0,3,viper,4
8447.0,3,cypher,3
8456.0,1,omen,3
8456.0,2,omen,10
8456.0,2,astra,7
8456.0,2,sage,3
8456.0,2,sova,2
8456.0,2,brimstone,1
8456.0,3,astra,10
8456.0,3,cypher,5
8456.0,3,sage,5
8456.0,3,viper,2
8456.0,3,brimstone,1
8458.0,1,sage,2
8458.0,1,reyna,1
8458.0,2,reyna,2
8459.0,1,cypher,2
8459.0,1,killjoy,1
8459.0,2,cypher,1
8459.0,2,killjoy,1
8469.0,1,breach,2
8473.0,1,jett,2
8474.0,1,phoenix,1
8474.0,1,raze,1
8475.0,1,sova,2
8476.0,1,sage,2
8478.0,2,sova,4
8478.0,2,breach,1
8478.0,2,omen,1
8479.0,2,raze,4
8479.0,2,sova,2
8479.0,2,killjoy,1
8479.0,2,sage,1
8480.0,2,reyna,18
8480.0,2,raze,3
8480.0,2,jett,3
8480.0,3,jett,14
8480.0,3,raze,5
8480.0,3,reyna,4
8486.0,2,omen,1
8486.0,2,brimstone,1
8487.0,1,raze,2
8490.0,1,killjoy,1
8491.0,1,killjoy,6
8492.0,1,reyna,2
8492.0,1,raze,1
8492.0,3,sage,10
8492.0,3,astra,2
8492.0,3,cypher,1
8492.0,3,omen,1
8492.0,3,viper,1
8496.0,1,omen,4
8496.0,2,omen,30
8496.0,2,astra,2
8496.0,3,astra,34
8496.0,3,viper,26
8496.0,3,omen,13
8496.0,3,sage,4
8497.0,1,jett,1
8497.0,2,raze,5
8497.0,2,phoenix,5
8497.0,2,jett,2
8497.0,3,raze,4
8497.0,3,jett,3
8497.0,3,skye,2
8497.0,3,astra,1
8497.0,3,phoenix,1
8497.0,3,reyna,1
8500.0,1,omen,2
8501.0,1,killjoy,1
8502.0,2,breach,1
8502.0,3,raze,5
8502.0,3,killjoy,3
8502.0,3,reyna,2
8503.0,2,jett,7
8503.0,2,sage,3
8504.0,2,killjoy,2
8504.0,2,omen,2
8504.0,2,breach,1
8504.0,2,brimstone,1
8504.0,2,cypher,1
8504.0,2,skye,1
8504.0,2,sova,1
8504.0,3,sova,5
8504.0,3,jett,4
8504.0,3,cypher,1
8504.0,3,raze,1
8504.0,3,reyna,1
8504.0,3,viper,1
8505.0,2,sova,6
8505.0,2,cypher,2
8505.0,3,sova,5
8505.0,3,kayo,1
8506.0,1,omen,2
8506.0,3,raze,5
8506.0,3,cypher,2
8506.0,3,jett,1
8506.0,3,kayo,1
8507.0,1,cypher,2
8510.0,3,cypher,1
8510.0,3,sova,1
8511.0,2,cypher,1
8517.0,2,reyna,1
8518.0,2,cypher,1
8518.0,2,phoenix,1
8518.0,3,astra,9
8518.0,3,cypher,3
8518.0,3,killjoy,2
8518.0,3,sage,2
8519.0,3,sova,3
8519.0,3,skye,2
8519.0,3,reyna,1
8521.0,2,skye,1
8521.0,3,skye,3
8521.0,3,reyna,2
8526.0,2,omen,1
8527.0,2,jett,1
8529.0,2,sova,1
8529.0,3,killjoy,14
8529.0,3,viper,4
8529.0,3,cypher,4
8529.0,3,astra,1
8529.0,3,chamber,1
8529.0,3,kayo,1
8529.0,3,sova,1
8537.0,2,phoenix,14
8537.0,2,sage,5
8537.0,2,skye,3
8537.0,3,skye,30
8537.0,3,reyna,8
8537.0,3,phoenix,6
8537.0,3,kayo,5
8537.0,3,viper,3
8537.0,3,sage,1
8537.0,3,raze,1
8539.0,2,jett,13
8539.0,2,raze,8
8539.0,2,sage,1
8539.0,3,skye,22
8539.0,3,raze,10
8539.0,3,jett,7
8539.0,3,sage,5
8539.0,3,kayo,4
8539.0,3,reyna,3
8539.0,3,killjoy,1
8539.0,3,viper,1
8540.0,2,jett,3
8540.0,2,phoenix,3
8540.0,3,reyna,2
8540.0,3,jett,1
8540.0,3,raze,1
8541.0,2,phoenix,1
8541.0,2,sova,1
8542.0,2,omen,4
8542.0,2,viper,2
8542.0,2,killjoy,1
8542.0,3,sage,1
8542.0,3,cypher,1
8543.0,2,viper,1
8543.0,2,jett,1
8545.0,2,jett,7
8545.0,2,raze,2
8545.0,2,skye,1
8545.0,2,viper,1
8545.0,3,jett,3
8545.0,3,sage,1
8545.0,3,skye,1
8547.0,2,skye,3
8547.0,3,jett,1
8547.0,3,raze,1
8548.0,2,cypher,1
8548.0,2,sage,1
8549.0,2,raze,19
8549.0,2,phoenix,7
8549.0,2,viper,4
8549.0,2,sage,3
8549.0,2,breach,1
8549.0,2,reyna,1
8549.0,3,raze,11
8549.0,3,viper,10
8549.0,3,sage,5
8549.0,3,omen,1
8549.0,3,phoenix,1
8549.0,3,skye,1
8550.0,1,skye,3
8550.0,2,skye,2
8550.0,2,sage,1
8551.0,2,sova,9
8551.0,2,jett,2
8551.0,2,sage,2
8551.0,3,skye,19
8551.0,3,sova,3
8551.0,3,reyna,1
8552.0,1,jett,2
8552.0,3,killjoy,2
8552.0,3,cypher,1
8553.0,1,raze,2
8554.0,1,cypher,1
8554.0,1,killjoy,1
8555.0,1,sage,1
8555.0,1,sova,1
8555.0,3,sova,2
8555.0,3,sage,1
8556.0,1,omen,2
8556.0,3,astra,7
8556.0,3,skye,3
8556.0,3,breach,1
8556.0,3,sage,1
8556.0,3,viper,1
8560.0,2,phoenix,2
8566.0,2,jett,1
8571.0,2,omen,2
8573.0,2,breach,3
8573.0,2,sage,3
8573.0,2,omen,2
8573.0,2,raze,2
8573.0,2,killjoy,1
8573.0,2,skye,1
8577.0,2,sova,12
8577.0,2,jett,2
8577.0,2,sage,1
8577.0,3,jett,6
8577.0,3,reyna,3
8577.0,3,phoenix,1
8578.0,2,reyna,4
8578.0,2,killjoy,1
8579.0,2,cypher,1
8579.0,2,jett,1
8579.0,2,killjoy,1
8579.0,3,killjoy,1
8579.0,3,kayo,1
8580.0,2,cypher,2
8580.0,2,killjoy,1
8581.0,1,omen,2
8581.0,2,omen,12
8581.0,2,raze,9
8581.0,2,astra,3
8581.0,2,brimstone,3
8581.0,2,jett,2
8581.0,2,phoenix,1
8581.0,2,sage,1
8581.0,2,viper,1
8581.0,3,raze,8
8581.0,3,cypher,4
8581.0,3,killjoy,3
8581.0,3,skye,3
8581.0,3,reyna,1
8581.0,3,phoenix,1
8582.0,1,cypher,1
8582.0,1,killjoy,1
8582.0,2,sova,9
8582.0,2,cypher,8
8582.0,2,astra,3
8582.0,2,breach,3
8582.0,2,skye,3
8582.0,2,killjoy,2
8582.0,2,reyna,2
8582.0,2,phoenix,1
8582.0,2,raze,1
8582.0,3,breach,7
8582.0,3,sage,4
8582.0,3,killjoy,4
8582.0,3,sova,3
8582.0,3,cypher,2
8584.0,2,omen,1
8585.0,2,jett,1
8586.0,2,sage,4
8586.0,2,reyna,2
8587.0,2,phoenix,4
8587.0,2,skye,2
8587.0,2,sage,1
8587.0,2,raze,1
8590.0,2,astra,11
8590.0,2,omen,8
8590.0,2,brimstone,6
8590.0,2,viper,2
8590.0,2,reyna,1
8590.0,3,jett,15
8590.0,3,reyna,3
8592.0,2,breach,2
8593.0,2,jett,2
8603.0,3,killjoy,2
8603.0,3,viper,2
8603.0,3,cypher,1
8604.0,2,brimstone,1
8604.0,2,omen,1
8607.0,2,sage,3
8607.0,2,jett,2
8607.0,2,brimstone,1
8607.0,2,reyna,1
8607.0,3,sage,11
8607.0,3,jett,6
8613.0,2,skye,2
8614.0,2,sova,2
8614.0,3,viper,3
8614.0,3,cypher,1
8614.0,3,killjoy,1
8614.0,3,sage,1
8614.0,3,sova,1
8615.0,2,killjoy,2
8616.0,2,omen,2
8616.0,3,jett,7
8617.0,2,raze,2
8617.0,3,skye,2
8617.0,3,killjoy,2
8623.0,2,sova,2
8626.0,3,killjoy,3
8626.0,3,cypher,1
8627.0,3,omen,1
8627.0,3,sage,1
8628.0,2,raze,5
8628.0,2,breach,3
8629.0,2,jett,17
8629.0,2,phoenix,13
8629.0,2,sova,5
8629.0,3,jett,8
8629.0,3,sova,5
8629.0,3,raze,4
8629.0,3,skye,2
8631.0,2,sova,8
8631.0,2,cypher,4
8655.0,3,jett,1
8656.0,3,omen,1
8660.0,2,jett,1
8660.0,2,raze,1
8667.0,2,omen,1
8667.0,2,raze,1
8669.0,2,jett,1
8670.0,2,jett,2
8670.0,2,sage,1
8672.0,2,phoenix,1
8672.0,2,reyna,1
8672.0,3,raze,3
8672.0,3,reyna,3
8672.0,3,skye,2
8672.0,3,phoenix,1
8672.0,3,sage,1
8673.0,2,jett,43
8673.0,3,jett,24
8677.0,1,reyna,2
8677.0,2,sova,37
8677.0,2,raze,11
8677.0,2,skye,5
8677.0,3,sova,26
8677.0,3,skye,14
8677.0,3,kayo,6
8677.0,3,breach,2
8677.0,3,reyna,1
8678.0,2,skye,2
8678.0,2,reyna,1
8680.0,2,jett,7
8680.0,2,raze,3
8681.0,2,breach,1
8682.0,2,sova,1
8683.0,2,brimstone,1
8684.0,2,raze,1
8685.0,2,killjoy,1
8687.0,2,raze,8
8698.0,2,cypher,1
8699.0,2,jett,1
8700.0,2,reyna,1
8701.0,2,omen,1
8702.0,2,sova,1
8704.0,2,cypher,8
8704.0,2,viper,5
8704.0,2,raze,4
8704.0,2,killjoy,3
8704.0,2,sage,1
8705.0,2,omen,2
8706.0,2,jett,1
8706.0,2,raze,1
8709.0,2,omen,14
8709.0,2,brimstone,1
8712.0,2,omen,6
8712.0,2,astra,2
8712.0,3,astra,1
8712.0,3,omen,1
8712.0,3,sova,1
8713.0,2,jett,6
8714.0,2,sova,4
8716.0,2,cypher,28
8716.0,2,killjoy,14
8716.0,2,sova,3
8716.0,3,jett,8
8716.0,3,omen,7
8716.0,3,viper,4
8716.0,3,sova,4
8716.0,3,sage,1
8716.0,3,skye,1
8717.0,2,cypher,2
8717.0,2,reyna,1
8718.0,2,reyna,4
8718.0,2,jett,3
8718.0,2,raze,2
8718.0,2,brimstone,1
8718.0,2,phoenix,1
8718.0,2,sage,1
8719.0,2,brimstone,1
8719.0,2,cypher,1
8719.0,2,sova,1
8720.0,2,jett,2
8720.0,2,cypher,1
8720.0,2,omen,1
8720.0,2,sova,1
8721.0,2,cypher,5
8721.0,2,omen,2
8721.0,2,breach,1
8721.0,2,jett,1
8721.0,3,sage,1
8722.0,2,breach,3
8722.0,2,jett,2
8722.0,2,reyna,2
8722.0,2,cypher,1
8722.0,2,phoenix,1
8722.0,2,raze,1
8722.0,2,sage,1
8722.0,2,sova,1
8722.0,3,sova,4
8722.0,3,killjoy,3
8722.0,3,sage,1
8722.0,3,cypher,1
8727.0,2,jett,13
8727.0,2,cypher,3
8727.0,2,reyna,1
8728.0,2,jett,4
8729.0,2,sova,3
8730.0,2,raze,4
8730.0,2,reyna,1
8730.0,2,sova,1
8731.0,2,jett,6
8731.0,2,sova,6
8731.0,2,skye,2
8731.0,2,cypher,1
8731.0,3,sova,5
8731.0,3,skye,5
8732.0,2,sova,1
8733.0,2,omen,2
8734.0,2,jett,2
8735.0,2,sage,1
8736.0,2,reyna,2
8737.0,2,breach,1
8738.0,2,sage,1
8740.0,2,omen,4
8740.0,2,brimstone,1
8741.0,2,sage,2
8742.0,3,jett,8
8742.0,3,reyna,3
8742.0,3,astra,3
8742.0,3,viper,1
8742.0,3,raze,1
8744.0,2,astra,3
8744.0,2,cypher,2
8744.0,2,sage,1
8744.0,3,kayo,3
8746.0,2,raze,8
8746.0,2,jett,6
8746.0,2,skye,3
8746.0,2,viper,3
8746.0,2,reyna,2
8746.0,2,killjoy,2
8746.0,2,breach,1
8746.0,2,cypher,1
8746.0,2,omen,1
8746.0,2,sova,1
8746.0,3,jett,64
8746.0,3,viper,5
8746.0,3,raze,4
8746.0,3,skye,4
8747.0,2,omen,5
8747.0,2,astra,1
8747.0,2,sage,1
8747.0,2,viper,1
8747.0,3,omen,2
8747.0,3,brimstone,1
8747.0,3,sage,1
8748.0,2,phoenix,11
8748.0,2,jett,10
8748.0,2,raze,6
8748.0,2,sage,1
8748.0,3,raze,7
8748.0,3,phoenix,6
8748.0,3,kayo,3
8748.0,3,reyna,2
8749.0,2,jett,1
8750.0,2,cypher,1
8750.0,3,cypher,3
8750.0,3,killjoy,3
8750.0,3,viper,3
8751.0,2,breach,1
8751.0,3,sova,7
8751.0,3,sage,2
8751.0,3,skye,1
8752.0,2,omen,1
8752.0,3,astra,2
8752.0,3,raze,2
8752.0,3,skye,2
8752.0,3,viper,2
8752.0,3,sage,1
8753.0,2,raze,1
8758.0,2,cypher,7
8758.0,2,jett,2
8758.0,2,killjoy,1
8758.0,3,jett,4
8758.0,3,skye,3
8758.0,3,raze,1
8761.0,3,viper,1
8768.0,2,brimstone,1
8769.0,2,skye,1
8770.0,2,jett,1
8771.0,2,reyna,1
8772.0,2,killjoy,1
8772.0,2,cypher,1
8773.0,2,jett,2
8774.0,2,raze,1
8774.0,2,phoenix,1
8775.0,2,sage,3
8776.0,2,sova,9
8777.0,2,raze,3
8777.0,2,breach,1
8777.0,2,brimstone,1
8778.0,2,jett,5
8778.0,2,phoenix,3
8779.0,2,cypher,8
8779.0,2,killjoy,1
8780.0,2,cypher,2
8781.0,2,phoenix,2
8782.0,2,brimstone,2
8783.0,2,phoenix,2
8783.0,2,jett,1
8784.0,2,sage,2
8785.0,2,phoenix,2
8786.0,2,jett,9
8786.0,2,skye,4
8786.0,3,jett,3
8787.0,2,killjoy,7
8787.0,2,cypher,6
8788.0,2,sova,7
8788.0,2,sage,1
8789.0,2,omen,12
8789.0,2,brimstone,1
8790.0,2,raze,4
8791.0,2,sova,3
8791.0,2,breach,1
8793.0,2,reyna,2
8795.0,2,sova,5
8795.0,2,breach,1
8796.0,2,jett,2
8796.0,2,sage,1
8796.0,3,raze,4
8796.0,3,jett,1
8796.0,3,reyna,1
8803.0,3,killjoy,2
8805.0,2,sova,4
8805.0,3,sova,29
8805.0,3,breach,3
8805.0,3,skye,2
8810.0,2,cypher,1
8810.0,3,cypher,1
8810.0,3,sage,1
8811.0,2,raze,1
8811.0,3,jett,1
8811.0,3,raze,1
8811.0,3,skye,1
8813.0,2,cypher,9
8813.0,2,sova,3
8813.0,2,viper,3
8813.0,2,sage,1
8813.0,3,astra,10
8813.0,3,viper,7
8813.0,3,cypher,7
8813.0,3,sova,2
8813.0,3,omen,1
8813.0,3,skye,1
8814.0,2,jett,6
8814.0,2,astra,2
8814.0,2,viper,1
8814.0,3,jett,17
8814.0,3,sage,3
8815.0,3,breach,1
8815.0,3,sage,1
8815.0,3,skye,1
8819.0,3,astra,8
8819.0,3,viper,2
8821.0,3,brimstone,1
8824.0,2,viper,4
8824.0,2,omen,1
8824.0,3,astra,2
8824.0,3,viper,2
8824.0,3,breach,1
8825.0,2,killjoy,4
8825.0,2,cypher,3
8825.0,3,killjoy,9
8825.0,3,viper,7
8825.0,3,cypher,1
8828.0,2,sova,1
8829.0,2,sova,3
8830.0,2,omen,2
8830.0,2,brimstone,1
8831.0,2,cypher,3
8831.0,3,killjoy,3
8831.0,3,viper,1
8832.0,2,breach,3
8833.0,2,jett,3
8834.0,2,breach,2
8834.0,2,cypher,1
8834.0,2,sage,1
8835.0,2,omen,5
8835.0,2,brimstone,3
8835.0,2,jett,1
8836.0,2,raze,5
8837.0,2,killjoy,1
8837.0,2,sage,1
8838.0,2,viper,2
8838.0,2,astra,1
8838.0,3,omen,3
8838.0,3,viper,2
8840.0,2,jett,2
8841.0,2,sova,10
8841.0,2,raze,3
8841.0,2,brimstone,1
8841.0,2,breach,1
8841.0,3,cypher,1
8841.0,3,raze,1
8841.0,3,skye,1
8842.0,2,killjoy,9
8842.0,2,cypher,6
8842.0,3,kayo,5
8842.0,3,sage,3
8842.0,3,cypher,2
8842.0,3,viper,2
8847.0,2,sova,4
8847.0,2,astra,3
8847.0,2,omen,2
8847.0,2,sage,1
8849.0,2,phoenix,1
8849.0,2,reyna,1
8849.0,3,skye,7
8849.0,3,raze,6
8849.0,3,reyna,6
8849.0,3,jett,2
8849.0,3,phoenix,2
8849.0,3,sage,2
8849.0,3,yoru,2
8854.0,2,cypher,3
8854.0,2,omen,3
8854.0,2,raze,3
8854.0,2,sage,3
8854.0,2,phoenix,2
8854.0,2,breach,2
8854.0,2,killjoy,1
8854.0,2,skye,1
8854.0,3,sage,2
8854.0,3,skye,1
8858.0,2,reyna,3
8858.0,2,astra,2
8858.0,2,sova,1
8858.0,3,viper,4
8858.0,3,astra,1
8858.0,3,brimstone,1
8858.0,3,killjoy,1
8858.0,3,omen,1
8862.0,2,astra,7
8862.0,2,skye,4
8862.0,3,omen,5
8862.0,3,astra,4
8862.0,3,sage,3
8862.0,3,skye,3
8862.0,3,jett,2
8862.0,3,reyna,2
8862.0,3,sova,2
8870.0,3,astra,1
8870.0,3,omen,1
8871.0,2,raze,1
8872.0,2,omen,11
8872.0,2,raze,5
8872.0,2,sage,3
8872.0,2,astra,2
8872.0,3,astra,10
8872.0,3,sage,5
8872.0,3,raze,4
8872.0,3,skye,2
8872.0,3,breach,1
8872.0,3,omen,1
8872.0,3,viper,1
8873.0,2,jett,27
8873.0,2,reyna,3
8873.0,3,jett,8
8874.0,2,sova,2
8874.0,2,reyna,1
8877.0,2,killjoy,1
8877.0,2,cypher,1
8878.0,2,jett,2
8879.0,2,sova,2
8880.0,2,omen,2
8881.0,2,reyna,2
8882.0,2,sage,2
8883.0,2,cypher,1
8883.0,2,killjoy,1
8884.0,2,raze,2
8889.0,2,killjoy,12
8889.0,2,astra,4
8889.0,2,cypher,3
8889.0,3,sage,7
8889.0,3,sova,5
8889.0,3,breach,1
8889.0,3,kayo,1
8891.0,3,raze,1
8891.0,3,sage,1
8892.0,3,reyna,2
8902.0,2,sova,2
8903.0,2,phoenix,1
8903.0,2,reyna,1
8905.0,2,raze,7
8905.0,2,skye,2
8905.0,2,phoenix,2
8905.0,2,reyna,2
8905.0,3,raze,12
8905.0,3,skye,7
8905.0,3,jett,6
8905.0,3,kayo,3
8905.0,3,reyna,3
8905.0,3,viper,1
8906.0,2,sova,4
8906.0,2,cypher,2
8907.0,2,jett,2
8907.0,2,raze,1
8907.0,3,jett,5
8907.0,3,skye,3
8907.0,3,raze,1
8908.0,3,sova,10
8910.0,2,reyna,1
8910.0,2,skye,1
8910.0,3,skye,2
8910.0,3,sage,2
8911.0,2,sova,1
8911.0,3,sova,4
8912.0,3,jett,2
8914.0,3,astra,7
8914.0,3,reyna,6
8914.0,3,kayo,4
8914.0,3,jett,3
8914.0,3,viper,3
8914.0,3,raze,2
8914.0,3,breach,1
8916.0,2,brimstone,1
8916.0,2,omen,1
8917.0,2,phoenix,1
8917.0,2,viper,1
8918.0,2,raze,1
8918.0,2,jett,1
8918.0,3,astra,2
8919.0,2,killjoy,2
8919.0,3,killjoy,2
8920.0,2,breach,1
8920.0,2,sova,1
8921.0,2,omen,1
8921.0,2,raze,1
8922.0,2,brimstone,1
8922.0,2,phoenix,1
8923.0,2,jett,2
8924.0,2,cypher,2
8925.0,2,sova,2
8926.0,2,cypher,3
8926.0,2,viper,3
8926.0,2,killjoy,2
8926.0,2,skye,1
8926.0,3,viper,19
8926.0,3,astra,11
8926.0,3,killjoy,5
8926.0,3,cypher,2
8926.0,3,sova,2
8926.0,3,sage,1
8927.0,2,sova,4
8928.0,2,killjoy,2
8928.0,2,phoenix,1
8928.0,2,sage,1
8928.0,3,killjoy,2
8929.0,2,reyna,2
8929.0,2,phoenix,1
8929.0,2,omen,1
8930.0,2,jett,4
8930.0,3,jett,1
8930.0,3,reyna,1
8931.0,2,brimstone,1
8931.0,2,cypher,1
8931.0,2,omen,1
8931.0,2,viper,1
8931.0,3,sova,2
8932.0,2,phoenix,1
8932.0,2,raze,1
8933.0,2,jett,2
8933.0,2,phoenix,1
8933.0,3,jett,1
8933.0,3,sage,1
8934.0,2,astra,1
8934.0,2,brimstone,1
8934.0,2,omen,1
8935.0,2,sova,3
8935.0,3,sova,2
8936.0,2,cypher,3
8936.0,3,cypher,1
8936.0,3,sage,1
8937.0,2,raze,1
8937.0,2,reyna,1
8938.0,2,sova,1
8938.0,2,breach,1
8939.0,2,cypher,2
8940.0,2,jett,2
8941.0,2,omen,2
8941.0,3,jett,2
8941.0,3,raze,1
8947.0,2,reyna,4
8947.0,2,phoenix,3
8947.0,2,sage,1
8947.0,2,brimstone,1
8947.0,3,phoenix,5
8947.0,3,skye,4
8947.0,3,brimstone,2
8947.0,3,kayo,2
8947.0,3,sage,1
8951.0,2,skye,1
8951.0,2,sova,1
8953.0,2,killjoy,1
8953.0,2,viper,1
8954.0,2,jett,2
8955.0,2,breach,1
8955.0,2,raze,1
8963.0,2,omen,1
8963.0,2,viper,1
8963.0,3,jett,1
8964.0,2,cypher,2
8964.0,2,jett,1
8964.0,3,sage,1
8964.0,3,sova,1
8966.0,2,reyna,4
8967.0,2,killjoy,4
8967.0,3,kayo,2
8967.0,3,killjoy,2
8967.0,3,cypher,1
8967.0,3,sova,1
8968.0,2,sova,5
8968.0,2,sage,2
8968.0,3,sova,3
8980.0,2,phoenix,3
8980.0,2,raze,1
8981.0,2,killjoy,2
8982.0,2,sova,2
8983.0,2,jett,2
8983.0,2,killjoy,1
8983.0,2,sage,1
8984.0,2,omen,2
8989.0,2,jett,2
8990.0,2,omen,1
8990.0,2,sova,1
8991.0,2,cypher,1
8991.0,2,killjoy,1
8992.0,2,omen,1
8992.0,2,sova,1
8993.0,2,breach,1
8993.0,2,phoenix,1
8994.0,3,sova,21
8994.0,3,viper,3
8994.0,3,kayo,1
8994.0,3,sage,1
8995.0,3,killjoy,1
9001.0,2,omen,3
9002.0,3,jett,2
9005.0,2,raze,2
9005.0,3,skye,1
9008.0,2,raze,2
9008.0,2,phoenix,1
9009.0,2,jett,4
9010.0,2,omen,4
9011.0,2,sage,2
9011.0,2,raze,1
9011.0,2,sova,1
9012.0,2,killjoy,3
9012.0,2,cypher,1
9012.0,3,sova,1
9013.0,2,breach,1
9019.0,2,jett,1
9019.0,2,phoenix,1
9020.0,2,omen,2
9021.0,2,phoenix,1
9021.0,2,reyna,1
9022.0,2,sage,7
9022.0,2,viper,5
9022.0,2,skye,4
9022.0,2,cypher,3
9022.0,2,killjoy,3
9022.0,3,viper,5
9022.0,3,jett,5
9022.0,3,sage,3
9022.0,3,cypher,2
9022.0,3,kayo,1
9022.0,3,raze,1
9022.0,3,skye,1
9031.0,2,jett,2
9031.0,3,skye,6
9031.0,3,reyna,2
9031.0,3,viper,2
9031.0,3,kayo,1
9033.0,2,jett,1
9033.0,2,reyna,1
9034.0,2,cypher,2
9035.0,2,sova,2
9036.0,2,jett,1
9036.0,2,phoenix,1
9037.0,2,brimstone,2
9038.0,3,viper,5
9038.0,3,astra,2
9038.0,3,kayo,1
9038.0,3,phoenix,1
9039.0,3,astra,1
9042.0,2,astra,1
9042.0,2,phoenix,1
9042.0,2,sage,1
9043.0,2,sova,3
9043.0,3,sova,3
9044.0,3,jett,3
9044.0,3,cypher,1
9044.0,3,raze,1
9045.0,2,jett,2
9046.0,2,viper,2
9046.0,2,omen,1
9047.0,2,viper,3
9047.0,3,jett,4
9047.0,3,raze,2
9047.0,3,viper,2
9047.0,3,skye,1
9048.0,2,reyna,2
9049.0,2,sova,2
9049.0,3,sova,1
9050.0,2,omen,2
9051.0,2,phoenix,2
9051.0,3,sova,1
9051.0,3,breach,1
9052.0,2,raze,1
9052.0,2,jett,1
9053.0,2,killjoy,2
9054.0,2,jett,1
9054.0,2,reyna,1
9055.0,2,brimstone,1
9055.0,2,killjoy,1
9055.0,2,omen,1
9055.0,2,sova,1
9055.0,3,sova,8
9056.0,2,phoenix,1
9056.0,2,raze,1
9057.0,2,cypher,1
9057.0,2,sova,1
9061.0,3,astra,1
9063.0,3,jett,2
9065.0,3,sova,20
9065.0,3,sage,2
9065.0,3,skye,1
9067.0,2,sova,5
9067.0,2,sage,1
9067.0,3,sova,5
9078.0,2,raze,2
9078.0,3,jett,1
9078.0,3,raze,1
9080.0,2,raze,2
9081.0,2,jett,1
9081.0,2,phoenix,1
9083.0,2,sova,2
9084.0,2,omen,2
9085.0,2,breach,1
9085.0,2,cypher,1
9086.0,2,jett,1
9086.0,2,reyna,1
9087.0,2,omen,2
9088.0,2,phoenix,2
9089.0,2,killjoy,1
9089.0,2,sage,1
9090.0,3,viper,1
9090.0,3,cypher,1
9096.0,2,cypher,2
9098.0,2,sova,2
9099.0,2,jett,2
9100.0,2,cypher,2
9101.0,2,phoenix,1
9101.0,2,raze,1
9102.0,2,brimstone,1
9102.0,2,omen,1
9102.0,3,breach,2
9102.0,3,kayo,2
9102.0,3,viper,1
9103.0,2,breach,1
9103.0,2,jett,1
9103.0,3,astra,2
9103.0,3,sova,1
9103.0,3,reyna,1
9103.0,3,chamber,1
9105.0,2,sova,3
9105.0,2,skye,1
9105.0,3,sova,2
9105.0,3,skye,1
9106.0,2,brimstone,2
9106.0,2,reyna,1
9106.0,2,sova,1
9106.0,3,brimstone,1
9106.0,3,reyna,1
9106.0,3,sage,1
9106.0,3,sova,1
9106.0,3,viper,1
9107.0,2,killjoy,2
9108.0,2,raze,1
9108.0,2,sova,1
9109.0,2,jett,3
9109.0,2,astra,2
9109.0,2,breach,2
9109.0,2,skye,2
9109.0,3,jett,7
9109.0,3,kayo,1
9109.0,3,skye,1
9110.0,2,breach,1
9110.0,2,sova,1
9116.0,2,killjoy,3
9116.0,2,omen,2
9116.0,2,cypher,1
9116.0,2,sage,1
9123.0,2,raze,2
9123.0,2,sova,1
9126.0,3,sova,8
9127.0,2,killjoy,2
9127.0,2,viper,1
9127.0,2,sage,1
9127.0,2,cypher,1
9129.0,2,omen,3
9130.0,2,killjoy,3
9131.0,2,jett,18
9131.0,2,sage,3
9131.0,3,jett,2
9132.0,2,sage,2
9132.0,2,phoenix,1
9135.0,2,killjoy,9
9135.0,2,cypher,4
9135.0,2,sage,2
9135.0,3,sova,5
9135.0,3,breach,1
9135.0,3,cypher,1
9135.0,3,killjoy,1
9135.0,3,sage,1
9136.0,2,breach,1
9136.0,2,cypher,1
9136.0,2,omen,1
9136.0,2,phoenix,1
9137.0,2,jett,2
9138.0,2,brimstone,1
9138.0,2,sova,1
9139.0,2,phoenix,1
9139.0,2,breach,1
9139.0,3,breach,2
9139.0,3,sova,1
9140.0,2,raze,2
9141.0,2,omen,3
9141.0,2,brimstone,1
9142.0,2,cypher,2
9143.0,2,phoenix,2
9145.0,2,killjoy,1
9145.0,2,sova,1
9151.0,2,breach,4
9151.0,2,cypher,1
9152.0,2,reyna,2
9152.0,2,sage,2
9152.0,2,phoenix,1
9152.0,3,jett,12
9152.0,3,reyna,12
9152.0,3,sage,7
9152.0,3,skye,5
9152.0,3,viper,2
9152.0,3,astra,1
9152.0,3,killjoy,1
9152.0,3,omen,1
9153.0,2,jett,5
9154.0,2,sova,5
9171.0,2,phoenix,2
9171.0,2,reyna,2
9172.0,2,sova,3
9172.0,2,sage,1
9173.0,2,sova,4
9173.0,2,breach,1
9173.0,3,sova,4
9173.0,3,kayo,1
9175.0,3,raze,5
9175.0,3,reyna,1
9175.0,3,sage,1
9175.0,3,skye,1
9179.0,3,jett,3
9179.0,3,skye,2
9179.0,3,killjoy,1
9179.0,3,raze,1
9180.0,2,phoenix,1
9180.0,3,raze,1
9180.0,3,viper,1
9181.0,2,omen,1
9181.0,3,sova,2
9181.0,3,sage,1
9183.0,3,jett,9
9185.0,2,jett,1
9185.0,2,raze,1
9185.0,2,reyna,1
9185.0,3,jett,8
9185.0,3,viper,3
9185.0,3,raze,2
9185.0,3,sova,2
9187.0,3,viper,1
9187.0,3,cypher,1
9187.0,3,killjoy,1
9188.0,2,sova,2
9188.0,2,jett,1
9188.0,3,viper,1
9188.0,3,skye,1
9188.0,3,cypher,1
9189.0,2,reyna,1
9189.0,2,sage,1
9189.0,2,sova,1
9189.0,3,astra,1
9189.0,3,omen,1
9189.0,3,skye,1
9194.0,3,brimstone,1
9194.0,3,sage,1
9196.0,2,jett,25
9196.0,2,raze,3
9196.0,3,jett,17
9196.0,3,reyna,3
9197.0,2,reyna,1
9197.0,2,sova,1
9198.0,2,brimstone,2
9199.0,2,raze,2
9200.0,2,sova,2
9200.0,2,breach,1
9201.0,2,jett,3
9202.0,2,jett,2
9202.0,2,omen,2
9203.0,2,jett,1
9203.0,2,brimstone,1
9204.0,2,reyna,2
9205.0,2,cypher,2
9206.0,2,sova,2
9207.0,2,raze,1
9207.0,2,omen,1
9218.0,2,cypher,4
9218.0,2,breach,1
9218.0,2,sage,1
9219.0,2,jett,5
9219.0,2,phoenix,3
9219.0,2,skye,2
9219.0,2,breach,1
9220.0,2,killjoy,7
9220.0,2,skye,3
9220.0,2,cypher,1
9220.0,3,killjoy,4
9220.0,3,viper,1
9221.0,2,sova,5
9225.0,3,astra,1
9225.0,3,reyna,1
9229.0,3,skye,2
9231.0,3,jett,2
9233.0,2,killjoy,3
9233.0,2,cypher,2
9233.0,3,astra,3
9233.0,3,brimstone,2
9233.0,3,cypher,2
9233.0,3,omen,2
9233.0,3,sova,1
9233.0,3,viper,1
9234.0,2,omen,1
9234.0,2,sova,1
9235.0,2,breach,2
9236.0,2,raze,1
9236.0,2,omen,1
9236.0,3,astra,3
9236.0,3,viper,1
9237.0,2,sova,2
9243.0,2,brimstone,1
9243.0,2,skye,1
9244.0,2,breach,1
9244.0,2,omen,1
9244.0,3,omen,2
9245.0,2,cypher,1
9245.0,2,sova,1
9245.0,3,sova,2
9246.0,2,breach,2
9246.0,3,astra,2
9246.0,3,viper,1
9247.0,2,jett,2
9247.0,3,reyna,2
9247.0,3,skye,2
9248.0,2,killjoy,6
9248.0,2,reyna,3
9248.0,2,cypher,1
9251.0,3,cypher,2
9251.0,3,sova,2
9252.0,2,cypher,1
9252.0,2,killjoy,1
9253.0,2,sova,2
9254.0,2,raze,2
9254.0,2,jett,1
9255.0,2,raze,12
9255.0,2,phoenix,2
9255.0,2,cypher,1
9255.0,3,raze,3
9255.0,3,breach,1
9255.0,3,viper,1
9258.0,3,omen,5
9258.0,3,astra,2
9261.0,2,jett,1
9261.0,2,reyna,1
9262.0,2,jett,2
9262.0,3,cypher,1
9262.0,3,jett,1
9262.0,3,raze,1
9263.0,2,phoenix,10
9263.0,2,raze,5
9263.0,2,reyna,3
9263.0,3,phoenix,2
9263.0,3,skye,2
9263.0,3,cypher,1
9266.0,1,jett,2
9266.0,1,sage,1
9266.0,2,jett,6
9266.0,2,raze,2
9266.0,2,reyna,1
9266.0,2,sage,1
9266.0,3,jett,9
9266.0,3,raze,7
9266.0,3,reyna,1
9273.0,2,raze,1
9274.0,2,sova,2
9276.0,2,omen,1
9276.0,2,brimstone,1
9278.0,2,astra,9
9278.0,2,omen,7
9278.0,2,brimstone,3
9278.0,2,sage,3
9278.0,2,viper,2
9278.0,2,skye,1
9278.0,2,breach,1
9278.0,3,astra,5
9278.0,3,brimstone,3
9278.0,3,viper,2
9278.0,3,omen,1
9279.0,3,astra,1
9279.0,3,sova,1
9280.0,3,sage,1
9280.0,3,sova,1
9282.0,3,sage,1
9282.0,3,skye,1
9283.0,2,sage,5
9283.0,2,reyna,4
9283.0,2,killjoy,2
9283.0,2,cypher,1
9284.0,2,raze,16
9284.0,2,sova,6
9284.0,2,jett,2
9284.0,3,raze,11
9285.0,2,omen,1
9285.0,2,killjoy,1
9285.0,2,cypher,1
9290.0,2,omen,4
9290.0,2,brimstone,3
9290.0,3,sova,8
9290.0,3,omen,4
9290.0,3,jett,1
9291.0,2,jett,4
9291.0,3,skye,4
9291.0,3,cypher,4
9291.0,3,sage,3
9291.0,3,breach,3
9291.0,3,jett,2
9291.0,3,raze,1
9292.0,2,skye,2
9292.0,2,reyna,2
9292.0,2,raze,1
9292.0,3,jett,1
9292.0,3,raze,1
9293.0,2,omen,3
9293.0,2,brimstone,2
9294.0,2,cypher,2
9294.0,2,sova,2
9294.0,2,sage,1
9294.0,3,viper,2
9295.0,2,killjoy,3
9296.0,2,sova,24
9296.0,2,raze,1
9296.0,2,sage,1
9296.0,3,sova,3
9296.0,3,killjoy,1
9296.0,3,skye,1
9297.0,2,jett,15
9297.0,2,raze,7
9297.0,3,jett,5
9298.0,2,raze,4
9298.0,3,jett,3
9299.0,2,killjoy,3
9299.0,2,cypher,1
9300.0,2,killjoy,1
9306.0,3,omen,1
9317.0,3,cypher,2
9317.0,3,viper,2
9320.0,3,sova,3
9320.0,3,astra,1
9322.0,3,sova,1
9325.0,3,skye,1
9326.0,3,astra,3
9326.0,3,reyna,1
9326.0,3,sage,1
9336.0,2,jett,2
9337.0,2,omen,2
9338.0,2,killjoy,2
9339.0,2,breach,2
9339.0,2,phoenix,1
9340.0,2,sova,2
9343.0,2,killjoy,3
9343.0,2,jett,1
9343.0,2,raze,1
9343.0,3,skye,2
9343.0,3,kayo,1
9343.0,3,sage,1
9348.0,2,cypher,2
9348.0,2,killjoy,1
9349.0,2,omen,3
9350.0,2,raze,2
9350.0,2,breach,1
9351.0,2,jett,3
9352.0,2,sova,3
9353.0,2,jett,2
9353.0,3,phoenix,2
9353.0,3,sage,2
9353.0,3,skye,1
9354.0,2,omen,2
9354.0,3,astra,8
9354.0,3,viper,3
9354.0,3,omen,1
9354.0,3,brimstone,1
9355.0,2,omen,2
9355.0,2,brimstone,1
9356.0,2,raze,3
9356.0,2,phoenix,1
9360.0,1,cypher,1
9360.0,1,killjoy,1
9360.0,2,killjoy,1
9360.0,3,cypher,2
9360.0,3,viper,1
9360.0,3,killjoy,1
9361.0,2,omen,10
9361.0,2,raze,7
9361.0,2,cypher,5
9361.0,2,sage,4
9361.0,2,killjoy,2
9361.0,2,phoenix,1
9361.0,3,jett,13
9361.0,3,raze,11
9362.0,2,sova,6
9363.0,2,brimstone,4
9363.0,2,omen,2
9363.0,3,omen,3
9363.0,3,skye,1
9365.0,2,cypher,2
9366.0,2,raze,2
9367.0,2,omen,2
9368.0,2,reyna,2
9369.0,2,breach,2
9371.0,2,jett,8
9371.0,2,raze,1
9372.0,2,brimstone,2
9373.0,2,brimstone,1
9374.0,2,jett,5
9374.0,3,brimstone,4
9374.0,3,omen,2
9374.0,3,sage,2
9374.0,3,astra,1
9375.0,2,brimstone,3
9375.0,2,omen,2
9376.0,2,sova,4
9376.0,2,sage,1
9377.0,2,raze,3
9377.0,2,phoenix,1
9377.0,2,reyna,1
9377.0,3,reyna,7
9377.0,3,jett,1
9377.0,3,raze,1
9378.0,2,raze,3
9378.0,2,cypher,1
9378.0,2,reyna,1
9391.0,2,cypher,1
9391.0,2,killjoy,1
9391.0,2,skye,1
9398.0,2,astra,2
9399.0,2,skye,1
9399.0,2,sova,1
9417.0,2,raze,3
9417.0,2,killjoy,1
9417.0,2,reyna,1
9423.0,2,breach,1
9423.0,2,phoenix,1
9431.0,3,astra,6
9431.0,3,breach,2
9431.0,3,skye,2
9431.0,3,sova,2
9431.0,3,phoenix,1
9432.0,3,astra,5
9432.0,3,sage,2
9433.0,3,astra,14
9433.0,3,reyna,1
9433.0,3,cypher,1
9434.0,3,sova,9
9434.0,3,raze,3
9434.0,3,jett,3
9434.0,3,sage,2
9435.0,2,omen,1
9435.0,2,skye,1
9436.0,2,astra,2
9438.0,2,jett,2
9439.0,2,killjoy,1
9439.0,2,viper,1
9447.0,2,omen,1
9447.0,2,reyna,1
9447.0,3,raze,1
9447.0,3,sage,1
9502.0,3,jett,1
9502.0,3,skye,1
9505.0,2,jett,2
9505.0,3,jett,5
9505.0,3,sage,3
9505.0,3,kayo,2
9506.0,3,astra,1
9506.0,3,brimstone,1
9508.0,3,reyna,5
9508.0,3,sage,3
9508.0,3,skye,1
9508.0,3,raze,1
9508.0,3,sova,1
9512.0,2,cypher,2
9512.0,2,omen,2
9513.0,2,omen,2
9513.0,2,sage,2
9514.0,2,raze,2
9514.0,2,reyna,2
9515.0,2,jett,4
9516.0,2,sova,3
9516.0,2,breach,1
9525.0,2,sova,4
9526.0,2,omen,2
9531.0,2,breach,2
9531.0,3,astra,1
9531.0,3,viper,1
9532.0,2,cypher,1
9532.0,2,killjoy,1
9533.0,2,sova,5
9533.0,2,viper,3
9533.0,3,sova,8
9533.0,3,sage,3
9533.0,3,breach,2
9533.0,3,skye,2
9541.0,2,sova,6
9543.0,2,killjoy,4
9558.0,2,sova,11
9558.0,2,jett,2
9558.0,3,jett,3
9558.0,3,sova,2
9558.0,3,reyna,1
9558.0,3,skye,1
9559.0,2,raze,7
9559.0,2,jett,4
9559.0,2,reyna,2
9559.0,3,raze,2
9559.0,3,reyna,2
9559.0,3,skye,1
9559.0,3,jett,1
9560.0,2,cypher,6
9560.0,2,killjoy,3
9560.0,2,jett,2
9560.0,3,jett,1
9561.0,2,sage,12
9561.0,2,skye,1
9578.0,2,omen,2
9579.0,2,raze,1
9579.0,2,reyna,1
9604.0,2,jett,2
9605.0,2,phoenix,1
9605.0,2,sage,1
9606.0,2,killjoy,2
9607.0,2,sova,2
9608.0,2,brimstone,1
9608.0,2,viper,1
9623.0,3,killjoy,16
9623.0,3,cypher,2
9623.0,3,sova,1
9627.0,3,killjoy,4
9627.0,3,cypher,3
9627.0,3,sage,2
9629.0,3,skye,4
9629.0,3,breach,4
9629.0,3,sage,1
9642.0,2,killjoy,3
9642.0,2,cypher,2
9643.0,2,omen,2
9643.0,2,raze,1
9643.0,2,jett,1
9643.0,2,brimstone,1
9644.0,2,raze,2
9644.0,2,jett,1
9646.0,2,sage,2
9646.0,2,brimstone,1
9667.0,2,breach,2
9668.0,2,jett,2
9669.0,2,raze,2
9671.0,2,killjoy,2
9698.0,3,astra,6
9698.0,3,viper,3
9698.0,3,omen,2
9698.0,3,sage,1
9701.0,2,killjoy,6
9701.0,2,breach,5
9701.0,2,cypher,2
9701.0,2,phoenix,2
9701.0,2,astra,1
9701.0,3,skye,4
9701.0,3,sova,3
9701.0,3,omen,2
9701.0,3,cypher,1
9701.0,3,kayo,1
9701.0,3,killjoy,1
9701.0,3,reyna,1
9701.0,3,viper,1
9702.0,2,omen,2
9703.0,2,phoenix,1
9703.0,2,killjoy,1
9704.0,2,cypher,1
9704.0,2,raze,1
9705.0,2,jett,2
9706.0,2,sova,2
9717.0,2,jett,3
9717.0,2,brimstone,1
9717.0,2,omen,1
9717.0,2,sage,1
9718.0,2,killjoy,6
9719.0,2,jett,1
9719.0,2,sova,1
9720.0,2,omen,4
9720.0,2,reyna,2
9720.0,2,phoenix,1
9720.0,2,skye,1
9720.0,3,killjoy,2
9720.0,3,kayo,1
9721.0,2,skye,10
9721.0,2,raze,8
9721.0,2,phoenix,3
9721.0,2,jett,2
9721.0,2,reyna,1
9734.0,2,jett,3
9734.0,2,raze,2
9734.0,2,sage,2
9734.0,2,breach,2
9734.0,3,jett,9
9734.0,3,raze,4
9734.0,3,reyna,1
9734.0,3,sage,1
9734.0,3,skye,1
9735.0,2,omen,6
9735.0,2,astra,1
9735.0,2,viper,1
9735.0,3,viper,6
9735.0,3,astra,6
9735.0,3,kayo,2
9735.0,3,breach,1
9735.0,3,skye,1
9736.0,2,killjoy,8
9736.0,2,cypher,1
9736.0,3,viper,3
9736.0,3,skye,3
9736.0,3,cypher,3
9736.0,3,killjoy,2
9736.0,3,sova,2
9736.0,3,sage,1
9736.0,3,breach,1
9736.0,3,omen,1
9737.0,2,yoru,2
9737.0,2,jett,2
9737.0,2,raze,2
9737.0,2,killjoy,1
9737.0,2,phoenix,1
9737.0,2,reyna,1
9737.0,3,jett,7
9737.0,3,kayo,1
9737.0,3,raze,1
9737.0,3,reyna,1
9738.0,2,killjoy,4
9738.0,2,brimstone,1
9738.0,2,sage,1
9739.0,2,omen,1
9740.0,2,raze,6
9740.0,2,killjoy,1
9741.0,2,omen,3
9741.0,2,viper,3
9741.0,2,breach,1
9741.0,3,astra,2
9741.0,3,viper,2
9743.0,2,phoenix,1
9744.0,2,sova,4
9744.0,2,breach,1
9744.0,2,sage,1
9745.0,2,reyna,4
9745.0,2,jett,3
9745.0,2,sage,2
9745.0,3,jett,12
9746.0,2,brimstone,2
9747.0,2,raze,6
9747.0,2,phoenix,2
9747.0,2,killjoy,1
9747.0,3,skye,3
9747.0,3,raze,3
9747.0,3,phoenix,2
9747.0,3,omen,1
9747.0,3,reyna,1
9748.0,3,raze,2
9748.0,3,jett,1
9749.0,2,breach,1
9749.0,2,brimstone,1
9751.0,2,jett,1
9751.0,2,phoenix,1
9762.0,2,omen,3
9762.0,2,viper,1
9762.0,3,viper,2
9762.0,3,omen,1
9765.0,2,viper,2
9765.0,2,cypher,1
9765.0,2,killjoy,1
9765.0,3,omen,1
9771.0,1,cypher,3
9780.0,2,jett,25
9780.0,2,killjoy,2
9780.0,3,jett,12
9780.0,3,sova,11
9780.0,3,omen,7
9780.0,3,killjoy,4
9780.0,3,astra,3
9780.0,3,brimstone,1
9783.0,2,raze,3
9783.0,3,raze,1
9790.0,3,skye,2
9799.0,2,sova,16
9799.0,2,sage,14
9799.0,2,reyna,5
9799.0,2,breach,2
9799.0,2,cypher,1
9800.0,2,omen,32
9800.0,2,astra,16
9800.0,2,brimstone,6
9800.0,2,viper,3
9800.0,3,astra,29
9800.0,3,viper,13
9800.0,3,cypher,8
9800.0,3,sage,4
9800.0,3,omen,3
9801.0,2,raze,23
9801.0,2,phoenix,10
9801.0,2,sova,7
9801.0,2,killjoy,4
9801.0,2,jett,4
9801.0,2,breach,3
9801.0,2,skye,2
9801.0,2,yoru,2
9801.0,2,reyna,1
9801.0,2,sage,1
9801.0,3,jett,38
9801.0,3,kayo,7
9801.0,3,sage,4
9801.0,3,skye,4
9801.0,3,sova,3
9801.0,3,reyna,2
9801.0,3,yoru,2
9801.0,3,breach,1
9802.0,2,killjoy,14
9802.0,2,sage,14
9802.0,2,cypher,13
9802.0,2,sova,6
9802.0,2,breach,6
9802.0,2,viper,3
9802.0,2,skye,1
9802.0,3,killjoy,27
9802.0,3,viper,14
9802.0,3,cypher,12
9802.0,3,astra,5
9802.0,3,omen,1
9803.0,2,jett,42
9803.0,2,skye,5
9803.0,2,sage,4
9803.0,2,raze,3
9803.0,2,breach,3
9803.0,3,skye,21
9803.0,3,jett,11
9803.0,3,sova,9
9803.0,3,sage,8
9803.0,3,viper,7
9803.0,3,raze,2
9803.0,3,breach,1
9804.0,3,astra,1
9804.0,3,viper,1
9810.0,3,killjoy,3
9810.0,3,cypher,2
9810.0,3,viper,1
9810.0,3,skye,1
9810.0,3,sage,1
9810.0,3,phoenix,1
9810.0,3,raze,1
9810.0,3,reyna,1
9812.0,3,omen,1
9812.0,3,astra,1
9816.0,2,omen,2
9817.0,2,reyna,2
9818.0,2,raze,3
9818.0,2,jett,1
9820.0,2,cypher,2
9820.0,2,raze,2
9820.0,2,reyna,1
9821.0,2,omen,6
9821.0,2,raze,2
9821.0,3,jett,3
9822.0,2,jett,6
9822.0,2,viper,2
9822.0,3,omen,2
9822.0,3,viper,1
9823.0,2,sova,2
9824.0,2,phoenix,1
9824.0,2,reyna,1
9825.0,2,breach,2
9825.0,3,skye,2
9825.0,3,sage,1
9826.0,2,sova,2
9826.0,2,omen,1
9833.0,2,omen,2
9835.0,2,phoenix,2
9835.0,3,killjoy,3
9835.0,3,viper,2
9835.0,3,phoenix,2
9835.0,3,cypher,1
9836.0,2,cypher,2
9837.0,2,raze,1
9837.0,2,reyna,1
9915.0,2,jett,6
9915.0,2,killjoy,1
9915.0,3,sage,2
9915.0,3,jett,1
9915.0,3,killjoy,1
9946.0,2,sage,2
9947.0,2,jett,2
9948.0,2,brimstone,1
9948.0,2,omen,1
9949.0,2,sova,2
9950.0,2,cypher,1
9950.0,2,killjoy,1
9962.0,3,reyna,2
9962.0,3,sage,1
9977.0,3,brimstone,1
9977.0,3,sage,1
10013.0,2,raze,1
10013.0,2,jett,1
10015.0,2,sova,1
10015.0,2,killjoy,1
10016.0,2,omen,1
10016.0,2,brimstone,1
10017.0,2,jett,1
10017.0,2,reyna,1
10018.0,2,sage,2
10019.0,2,killjoy,4
10020.0,2,jett,2
10020.0,2,reyna,2
10021.0,2,omen,2
10022.0,2,omen,2
10022.0,2,breach,1
10022.0,2,raze,1
10023.0,2,sova,2
10023.0,2,sage,1
10023.0,2,skye,1
10025.0,2,phoenix,3
10025.0,2,sage,1
10025.0,3,skye,5
10025.0,3,astra,4
10025.0,3,sage,3
10025.0,3,reyna,3
10025.0,3,omen,1
10025.0,3,phoenix,1
10026.0,2,raze,2
10026.0,2,sova,2
10027.0,2,omen,2
10028.0,2,killjoy,1
10028.0,2,sage,1
10029.0,2,killjoy,1
10029.0,2,sova,1
10030.0,2,jett,2
10031.0,3,sova,1
10032.0,2,killjoy,1
10032.0,2,reyna,1
10033.0,2,brimstone,1
10033.0,2,omen,1
10034.0,2,jett,1
10034.0,2,phoenix,1
10035.0,2,sova,2
10036.0,2,jett,1
10036.0,2,phoenix,1
10044.0,3,skye,1
10048.0,2,omen,1
10048.0,2,sage,1
10049.0,2,killjoy,1
10049.0,2,viper,1
10049.0,3,skye,1
10049.0,3,cypher,1
10050.0,2,omen,1
10050.0,2,breach,1
10051.0,2,jett,2
10052.0,2,killjoy,1
10052.0,2,sage,1
10053.0,2,raze,3
10053.0,2,jett,1
10053.0,3,cypher,10
10053.0,3,reyna,8
10053.0,3,killjoy,6
10053.0,3,skye,6
10053.0,3,raze,5
10053.0,3,jett,3
10053.0,3,kayo,1
10054.0,2,killjoy,2
10054.0,2,cypher,1
10054.0,3,cypher,1
10054.0,3,killjoy,1
10055.0,2,breach,1
10055.0,2,reyna,1
10056.0,2,sova,2
10057.0,2,jett,2
10057.0,3,omen,2
10058.0,2,brimstone,2
10059.0,2,cypher,1
10059.0,2,killjoy,1
10060.0,2,jett,2
10071.0,2,omen,1
10071.0,2,sage,1
10071.0,2,sova,1
10071.0,2,skye,1
10071.0,3,killjoy,4
10071.0,3,viper,3
10071.0,3,sage,3
10071.0,3,cypher,2
10071.0,3,skye,1
10072.0,3,omen,1
10072.0,3,sage,1
10074.0,2,omen,4
10074.0,2,skye,1
10074.0,3,reyna,2
10074.0,3,astra,1
10074.0,3,brimstone,1
10082.0,2,sova,2
10082.0,2,jett,1
10083.0,2,jett,2
10083.0,2,phoenix,1
10083.0,2,reyna,1
10083.0,2,sage,1
10084.0,2,astra,3
10084.0,2,brimstone,1
10084.0,2,killjoy,1
10084.0,2,phoenix,1
10084.0,2,reyna,1
10084.0,2,skye,1
10086.0,2,sova,5
10086.0,2,cypher,4
10086.0,2,reyna,2
10086.0,2,phoenix,1
10087.0,2,omen,3
10087.0,2,raze,3
10087.0,2,killjoy,2
10087.0,2,phoenix,2
10087.0,2,cypher,1
10087.0,2,breach,1
10088.0,2,astra,5
10088.0,2,omen,4
10088.0,2,jett,3
10088.0,2,brimstone,2
10088.0,2,sage,2
10088.0,2,raze,1
10089.0,2,jett,12
10089.0,2,raze,5
10089.0,2,reyna,3
10090.0,2,cypher,5
10090.0,2,reyna,3
10090.0,2,brimstone,1
10090.0,2,omen,1
10090.0,2,raze,1
10091.0,2,jett,2
10092.0,2,sova,9
10092.0,2,jett,5
10092.0,2,killjoy,2
10092.0,2,raze,2
10092.0,2,phoenix,1
10092.0,3,sova,12
10092.0,3,raze,2
10092.0,3,skye,1
10092.0,3,jett,1
10092.0,3,sage,1
10093.0,2,sage,1
10093.0,2,skye,1
10095.0,2,astra,2
10096.0,2,killjoy,2
10101.0,3,breach,1
10101.0,3,raze,1
10101.0,3,sage,1
10101.0,3,skye,1
10102.0,3,brimstone,1
10102.0,3,omen,1
10104.0,3,killjoy,1
10104.0,3,jett,1
10106.0,3,killjoy,1
10106.0,3,sage,1
10118.0,3,breach,7
10118.0,3,skye,5
10118.0,3,killjoy,1
10119.0,3,omen,3
10119.0,3,astra,1
10125.0,2,jett,14
10125.0,2,sage,1
10125.0,3,jett,25
10125.0,3,sova,1
10125.0,3,skye,1
10125.0,3,sage,1
10125.0,3,raze,1
10126.0,2,omen,12
10126.0,2,brimstone,1
10127.0,2,jett,3
10127.0,2,raze,2
10127.0,3,jett,9
10127.0,3,reyna,5
10127.0,3,killjoy,4
10127.0,3,cypher,4
10127.0,3,raze,3
10127.0,3,sage,2
10127.0,3,sova,2
10127.0,3,kayo,1
10127.0,3,skye,1
10136.0,2,raze,3
10136.0,2,jett,2
10136.0,2,reyna,1
10136.0,3,jett,6
10136.0,3,raze,2
10137.0,2,cypher,1
10137.0,2,jett,1
10137.0,3,killjoy,7
10137.0,3,sova,4
10137.0,3,cypher,4
10137.0,3,sage,2
10137.0,3,reyna,1
10137.0,3,viper,1
10138.0,2,sova,3
10138.0,2,brimstone,2
10138.0,2,sage,1
10138.0,3,sova,1
10138.0,3,sage,1
10139.0,2,viper,2
10139.0,2,cypher,1
10139.0,2,sage,1
10139.0,2,astra,1
10139.0,2,brimstone,1
10139.0,3,kayo,4
10139.0,3,viper,3
10139.0,3,breach,1
10139.0,3,omen,1
10139.0,3,sova,1
10141.0,2,raze,2
10141.0,2,jett,1
10141.0,2,sage,1
10141.0,2,skye,1
10142.0,2,sage,2
10142.0,2,sova,1
10143.0,2,omen,3
10143.0,2,killjoy,1
10143.0,2,viper,1
10143.0,3,killjoy,2
10143.0,3,cypher,1
10143.0,3,viper,1
10144.0,2,killjoy,3
10146.0,3,astra,10
10146.0,3,skye,3
10146.0,3,sage,2
10146.0,3,phoenix,1
10153.0,3,killjoy,1
10153.0,3,cypher,1
10155.0,2,sova,3
10155.0,2,breach,2
10155.0,3,sova,14
10155.0,3,breach,9
10155.0,3,kayo,7
10156.0,2,raze,2
10156.0,2,skye,2
10156.0,2,jett,1
10156.0,3,jett,12
10156.0,3,raze,6
10156.0,3,astra,3
10156.0,3,kayo,2
10156.0,3,skye,2
10157.0,2,killjoy,2
10158.0,2,jett,2
10158.0,2,breach,1
10158.0,2,brimstone,1
10158.0,2,sage,1
10160.0,2,jett,9
10160.0,3,jett,33
10160.0,3,raze,6
10161.0,2,cypher,5
10161.0,2,killjoy,3
10161.0,2,sage,1
10161.0,3,jett,9
10161.0,3,yoru,1
10161.0,3,raze,1
10162.0,2,omen,4
10162.0,2,brimstone,1
10162.0,2,viper,1
10163.0,2,sova,9
10163.0,3,sova,10
10163.0,3,skye,1
10164.0,2,phoenix,2
10164.0,2,sage,1
10165.0,3,breach,1
10165.0,3,sova,1
10172.0,3,astra,7
10172.0,3,viper,7
10172.0,3,raze,1
10172.0,3,brimstone,1
10172.0,3,reyna,1
10183.0,2,sova,4
10183.0,2,cypher,1
10183.0,3,sova,2
10183.0,3,killjoy,2
10186.0,2,sova,3
10186.0,3,sova,1
10187.0,2,cypher,6
10187.0,2,killjoy,3
10188.0,2,breach,7
10188.0,2,raze,1
10188.0,3,jett,1
10190.0,2,jett,1
10193.0,3,jett,1
10194.0,3,killjoy,1
10194.0,3,cypher,1
10195.0,3,raze,1
10195.0,3,reyna,1
10196.0,3,omen,2
10200.0,2,brimstone,1
10202.0,2,sova,1
10203.0,2,sova,2
10203.0,2,raze,1
10203.0,3,sova,7
10204.0,2,cypher,1
10215.0,2,sova,7
10215.0,2,raze,3
10215.0,2,breach,1
10215.0,3,sova,7
10216.0,2,killjoy,6
10216.0,2,sage,5
10216.0,3,killjoy,3
10216.0,3,kayo,2
10216.0,3,skye,2
10216.0,3,sage,1
10217.0,2,jett,9
10217.0,2,reyna,1
10217.0,2,raze,1
10217.0,3,jett,8
10218.0,2,killjoy,4
10218.0,2,reyna,3
10218.0,2,phoenix,2
10218.0,2,cypher,1
10218.0,2,jett,1
10218.0,2,raze,1
10218.0,3,jett,5
10218.0,3,reyna,2
10218.0,3,raze,1
10218.0,3,kayo,1
10218.0,3,killjoy,1
10218.0,3,yoru,1
10219.0,2,omen,11
10236.0,3,skye,1
10241.0,2,sage,1
10254.0,2,raze,1
10270.0,3,raze,3
10270.0,3,jett,2
10273.0,2,reyna,4
10273.0,2,sova,2
10273.0,3,sova,11
10288.0,3,breach,2
10290.0,2,sova,1
10290.0,2,breach,1
10291.0,2,omen,1
10291.0,2,brimstone,1
10292.0,2,cypher,2
10293.0,2,breach,1
10293.0,2,sage,1
10294.0,2,raze,2
10301.0,3,sova,5
10301.0,3,sage,2
10301.0,3,viper,2
10307.0,2,breach,10
10307.0,3,raze,2
10312.0,2,omen,2
10312.0,2,astra,2
10312.0,2,reyna,1
10312.0,2,viper,1
10312.0,3,brimstone,3
10312.0,3,sage,2
10312.0,3,omen,2
10312.0,3,astra,1
10318.0,3,phoenix,1
10318.0,3,raze,1
10319.0,3,jett,2
10326.0,2,brimstone,1
10326.0,2,viper,1
10326.0,3,brimstone,1
10326.0,3,sova,1
10327.0,2,jett,2
10327.0,3,jett,2
10328.0,2,sova,2
10338.0,2,sova,3
10338.0,2,sage,2
10338.0,3,jett,9
10339.0,2,sage,1
10339.0,2,cypher,1
10339.0,3,cypher,5
10339.0,3,killjoy,3
10339.0,3,skye,1
10340.0,2,raze,3
10340.0,2,jett,2
10354.0,2,jett,1
10354.0,2,skye,1
10354.0,3,omen,3
10354.0,3,sage,2
10354.0,3,skye,1
10354.0,3,yoru,1
10361.0,2,sova,2
10362.0,2,jett,2
10362.0,2,raze,1
10363.0,2,jett,2
10368.0,3,cypher,1
10368.0,3,jett,1
10369.0,3,breach,2
10370.0,3,astra,1
10370.0,3,jett,1
10372.0,2,jett,1
10372.0,2,sage,1
10373.0,2,raze,2
10375.0,2,sova,1
10375.0,2,sage,1
10378.0,2,sage,2
10378.0,2,reyna,1
10378.0,2,raze,1
10378.0,2,phoenix,1
10378.0,2,omen,1
10378.0,3,killjoy,2
10378.0,3,breach,1
10378.0,3,cypher,1
10378.0,3,sage,1
10396.0,3,killjoy,1
10397.0,3,jett,1
10402.0,3,omen,3
10402.0,3,astra,2
10402.0,3,brimstone,1
10402.0,3,viper,1
10404.0,2,sage,3
10404.0,2,brimstone,1
10404.0,2,omen,1
10405.0,2,astra,5
10405.0,2,phoenix,1
10405.0,2,skye,1
10406.0,2,jett,6
10406.0,2,raze,1
10407.0,2,sova,2
10412.0,2,sova,1
10413.0,2,omen,1
10414.0,2,killjoy,1
10414.0,2,cypher,1
10428.0,3,cypher,1
10428.0,3,killjoy,1
10431.0,2,sova,5
10434.0,3,sova,2
10436.0,3,kayo,6
10436.0,3,skye,6
10436.0,3,reyna,4
10439.0,2,phoenix,1
10439.0,2,sage,1
10439.0,3,raze,1
10439.0,3,skye,1
10440.0,2,sova,2
10440.0,2,skye,1
10440.0,3,sova,8
10440.0,3,jett,1
10442.0,2,breach,2
10457.0,2,reyna,2
10458.0,3,sage,9
10458.0,3,jett,1
10458.0,3,raze,1
10460.0,2,sova,6
10460.0,2,killjoy,2
10463.0,2,jett,5
10463.0,2,viper,1
10463.0,2,reyna,1
10463.0,3,jett,13
10464.0,3,jett,3
10464.0,3,phoenix,1
10464.0,3,sova,1
10469.0,3,sova,4
10474.0,2,reyna,2
10474.0,2,cypher,1
10474.0,2,jett,1
10474.0,2,viper,1
10474.0,3,jett,2
10474.0,3,sage,1
10475.0,2,astra,4
10475.0,2,viper,1
10475.0,3,omen,2
10475.0,3,astra,1
10476.0,2,sova,4
10476.0,2,sage,1
10476.0,3,sova,2
10476.0,3,skye,1
10477.0,2,jett,2
10477.0,2,phoenix,1
10477.0,2,killjoy,1
10477.0,2,sova,1
10477.0,3,cypher,2
10477.0,3,raze,1
10478.0,2,raze,2
10478.0,2,cypher,1
10481.0,2,omen,2
10482.0,2,raze,2
10483.0,2,skye,1
10484.0,2,jett,2
10485.0,2,phoenix,1
10485.0,2,reyna,1
10486.0,3,sova,12
10486.0,3,viper,5
10486.0,3,killjoy,1
10486.0,3,raze,1
10489.0,3,raze,8
10489.0,3,sage,4
10489.0,3,cypher,2
10489.0,3,kayo,2
10489.0,3,brimstone,1
10489.0,3,killjoy,1
10489.0,3,viper,1
10492.0,3,viper,1
10492.0,3,omen,1
10496.0,2,killjoy,28
10496.0,2,sage,11
10496.0,2,breach,3
10496.0,2,viper,1
10496.0,2,phoenix,1
10496.0,2,jett,1
10501.0,2,sage,1
10501.0,2,sova,1
10502.0,2,sova,9
10502.0,3,sova,8
10502.0,3,sage,2
10504.0,2,omen,2
10504.0,2,astra,1
10505.0,2,omen,1
10511.0,2,killjoy,4
10511.0,3,killjoy,1
10511.0,3,sage,1
10512.0,2,jett,4
10512.0,3,sova,2
10515.0,2,breach,2
10515.0,2,phoenix,2
10515.0,3,reyna,1
10518.0,2,omen,11
10518.0,2,viper,7
10518.0,2,astra,4
10518.0,2,sova,3
10518.0,3,viper,2
10518.0,3,brimstone,1
10519.0,2,sova,4
10519.0,2,killjoy,3
10519.0,2,cypher,2
10519.0,2,jett,1
10519.0,2,skye,1
10519.0,3,skye,2
10519.0,3,sova,1
10520.0,2,jett,8
10521.0,2,reyna,12
10521.0,2,jett,5
10521.0,2,raze,5
10521.0,2,sage,1
10521.0,2,skye,1
10521.0,2,sova,1
10521.0,3,jett,2
10521.0,3,raze,1
10524.0,2,breach,1
10524.0,2,sage,1
10543.0,2,jett,10
10543.0,2,sage,1
10543.0,3,jett,3
10550.0,3,jett,2
10553.0,2,jett,10
10553.0,2,cypher,2
10553.0,2,killjoy,1
10554.0,2,sova,2
10554.0,2,breach,1
10555.0,2,raze,2
10555.0,2,killjoy,1
10556.0,2,jett,3
10557.0,2,breach,1
10557.0,2,cypher,1
10557.0,2,sage,1
10558.0,2,omen,3
10559.0,2,omen,2
10560.0,2,sage,1
10560.0,2,sova,1
10561.0,2,reyna,2
10563.0,2,omen,1
10563.0,2,phoenix,1
10563.0,2,sage,1
10567.0,2,sova,1
10568.0,2,omen,6
10568.0,2,astra,3
10568.0,2,raze,2
10568.0,2,jett,2
10568.0,2,phoenix,1
10568.0,3,raze,2
10568.0,3,reyna,1
10573.0,2,sova,3
10573.0,2,cypher,1
10573.0,2,killjoy,1
10575.0,2,omen,5
10575.0,2,brimstone,3
10575.0,2,cypher,3
10575.0,2,killjoy,3
10575.0,2,sage,3
10575.0,3,astra,1
10581.0,2,sova,9
10581.0,2,cypher,3
10581.0,2,killjoy,3
10581.0,2,breach,1
10581.0,3,killjoy,1
10581.0,3,jett,1
10581.0,3,reyna,1
10582.0,2,omen,3
10583.0,3,jett,7
10583.0,3,brimstone,1
10583.0,3,sage,1
10584.0,2,skye,6
10584.0,2,jett,4
10584.0,3,jett,16
10584.0,3,skye,3
10585.0,2,cypher,8
10585.0,2,yoru,1
10585.0,2,breach,1
10585.0,3,cypher,4
10585.0,3,breach,3
10585.0,3,skye,3
10585.0,3,killjoy,2
10585.0,3,sage,2
10585.0,3,viper,2
10586.0,2,skye,1
10586.0,3,astra,6
10586.0,3,viper,3
10586.0,3,sova,1
10587.0,2,omen,1
10587.0,3,omen,3
10587.0,3,viper,2
10588.0,2,reyna,1
10588.0,3,reyna,10
10590.0,2,astra,1
10597.0,2,raze,2
10597.0,3,jett,3
10597.0,3,raze,1
10599.0,2,sova,2
10599.0,3,phoenix,1
10599.0,3,sage,1
10599.0,3,skye,1
10599.0,3,yoru,1
10600.0,2,omen,2
10600.0,2,raze,1
10601.0,2,cypher,3
10602.0,2,reyna,1
10602.0,2,raze,1
10602.0,2,jett,1
10603.0,2,sova,2
10603.0,2,reyna,1
10604.0,3,astra,2
10604.0,3,viper,1
10610.0,2,astra,1
10611.0,2,phoenix,1
10612.0,2,killjoy,1
10613.0,2,jett,1
10614.0,2,sova,1
10617.0,3,killjoy,5
10617.0,3,brimstone,3
10617.0,3,breach,1
10617.0,3,viper,1
10620.0,2,jett,1
10620.0,2,sova,1
10626.0,2,sova,4
10626.0,3,sage,3
10626.0,3,breach,1
10626.0,3,sova,1
10627.0,2,sage,3
10627.0,2,killjoy,1
10627.0,3,killjoy,5
10628.0,2,reyna,2
10628.0,2,skye,2
10628.0,3,skye,5
10630.0,2,omen,4
10630.0,2,viper,1
10630.0,2,raze,1
10635.0,3,astra,3
10635.0,3,omen,1
10635.0,3,sage,1
10635.0,3,viper,1
10639.0,3,sova,4
10639.0,3,sage,1
10648.0,2,jett,1
10648.0,3,skye,1
10651.0,2,raze,2
10651.0,2,sage,2
10654.0,3,skye,3
10655.0,2,phoenix,2
10655.0,2,raze,2
10655.0,2,reyna,2
10657.0,2,killjoy,2
10657.0,2,sage,2
10657.0,2,brimstone,1
10657.0,2,viper,1
10658.0,2,skye,2
10658.0,2,jett,1
10658.0,2,sova,1
10659.0,2,sova,3
10659.0,2,viper,3
10660.0,2,omen,21
10660.0,2,sova,3
10660.0,2,killjoy,2
10660.0,2,breach,1
10660.0,2,sage,1
10660.0,3,sova,1
10661.0,2,cypher,23
10661.0,2,skye,3
10661.0,2,jett,1
10661.0,2,killjoy,1
10661.0,3,cypher,2
10661.0,3,killjoy,1
10675.0,2,brimstone,2
10675.0,2,omen,1
10675.0,2,killjoy,1
10675.0,3,killjoy,4
10675.0,3,cypher,2
10675.0,3,sage,1
10678.0,2,astra,3
10678.0,2,brimstone,1
10678.0,3,astra,3
10678.0,3,omen,2
10678.0,3,brimstone,1
10697.0,3,jett,8
10698.0,3,viper,3
10698.0,3,astra,2
10698.0,3,reyna,2
10698.0,3,kayo,1
10701.0,3,reyna,4
10701.0,3,sova,1
10703.0,2,sova,15
10703.0,2,breach,3
10703.0,2,skye,2
10703.0,2,sage,2
10703.0,2,brimstone,2
10703.0,2,omen,1
10703.0,3,sova,28
10703.0,3,sage,4
10703.0,3,reyna,3
10703.0,3,breach,2
10703.0,3,killjoy,1
10714.0,3,sova,3
10714.0,3,omen,1
10714.0,3,sage,1
10718.0,2,sage,1
10718.0,3,skye,3
10718.0,3,kayo,2
10718.0,3,cypher,1
10725.0,2,cypher,5
10725.0,2,killjoy,3
10725.0,3,killjoy,1
10725.0,3,viper,1
10728.0,2,sova,2
10728.0,2,sage,1
10729.0,2,omen,2
10729.0,2,cypher,1
10730.0,2,phoenix,3
10738.0,2,raze,8
10738.0,2,jett,7
10738.0,2,killjoy,3
10738.0,2,reyna,1
10738.0,2,sage,1
10738.0,3,killjoy,3
10738.0,3,sage,3
10738.0,3,phoenix,2
10738.0,3,cypher,1
10738.0,3,jett,1
10738.0,3,raze,1
10738.0,3,reyna,1
10738.0,3,viper,1
10739.0,2,sova,15
10739.0,2,jett,4
10739.0,2,sage,1
10739.0,3,sova,8
10739.0,3,jett,2
10739.0,3,astra,1
10739.0,3,breach,1
10750.0,2,killjoy,2
10750.0,2,sage,1
10750.0,2,raze,1
10750.0,2,omen,1
10756.0,2,sova,3
10757.0,2,jett,3
10757.0,3,jett,6
10758.0,2,astra,2
10758.0,2,viper,1
10758.0,3,sova,5
10758.0,3,astra,1
10758.0,3,breach,1
10759.0,2,reyna,2
10759.0,2,sage,1
10759.0,3,killjoy,2
10759.0,3,sage,2
10759.0,3,reyna,1
10760.0,2,killjoy,2
10760.0,2,reyna,1
10761.0,3,omen,2
10767.0,2,viper,6
10767.0,2,breach,3
10767.0,2,brimstone,2
10767.0,2,killjoy,2
10767.0,2,astra,1
10767.0,2,omen,1
10767.0,2,phoenix,1
10767.0,2,sage,1
10775.0,2,reyna,2
10775.0,2,skye,2
10775.0,2,sage,1
10775.0,2,viper,1
10775.0,3,jett,2
10775.0,3,raze,1
10777.0,2,jett,2
10777.0,2,brimstone,1
10777.0,2,raze,1
10778.0,2,omen,3
10778.0,2,sova,1
10779.0,2,omen,2
10779.0,2,sage,1
10782.0,2,skye,4
10782.0,2,breach,3
10782.0,2,jett,2
10782.0,2,reyna,2
10782.0,3,skye,25
10782.0,3,reyna,10
10782.0,3,breach,5
10782.0,3,sage,4
10782.0,3,kayo,1
10782.0,3,jett,1
10782.0,3,raze,1
10784.0,2,killjoy,6
10784.0,2,cypher,1
10784.0,2,reyna,1
10784.0,2,sage,1
10789.0,2,omen,1
10790.0,2,omen,2
10791.0,2,jett,1
10791.0,2,breach,1
10791.0,3,jett,4
10792.0,2,raze,1
10792.0,2,jett,1
10793.0,2,jett,1
10794.0,2,raze,1
10795.0,2,cypher,1
10796.0,2,breach,1
10806.0,2,brimstone,1
10806.0,2,jett,1
10806.0,2,omen,1
10806.0,2,sova,1
10806.0,3,sova,3
10807.0,2,raze,1
10807.0,2,reyna,1
10807.0,3,raze,2
10807.0,3,reyna,2
10807.0,3,phoenix,1
10812.0,2,jett,3
10813.0,2,sage,2
10813.0,2,raze,1
10815.0,2,sova,2
10815.0,2,viper,1
10816.0,2,raze,5
10816.0,2,jett,5
10816.0,3,viper,1
10816.0,3,killjoy,1
10816.0,3,jett,1
10817.0,2,omen,2
10817.0,2,brimstone,1
10818.0,2,killjoy,3
10818.0,2,breach,3
10818.0,2,yoru,2
10818.0,2,phoenix,1
10818.0,2,reyna,1
10818.0,3,killjoy,1
10818.0,3,reyna,1
10818.0,3,viper,1
10821.0,2,killjoy,2
10821.0,2,jett,1
10821.0,3,jett,11
10821.0,3,raze,2
10823.0,2,sova,5
10823.0,2,killjoy,1
10823.0,2,viper,1
10823.0,3,sova,5
10823.0,3,killjoy,1
10839.0,2,raze,1
10839.0,2,sage,1
10840.0,2,jett,2
10841.0,2,sova,1
10842.0,2,omen,1
10843.0,2,reyna,1
10844.0,2,raze,1
10845.0,2,killjoy,1
10857.0,2,skye,1
10858.0,2,viper,1
10869.0,2,omen,1
10870.0,3,jett,2
10871.0,2,omen,3
10871.0,2,brimstone,1
10875.0,2,killjoy,2
10875.0,2,sage,1
10875.0,2,viper,1
10875.0,3,killjoy,1
10883.0,3,brimstone,3
10883.0,3,astra,2
10883.0,3,killjoy,1
10883.0,3,viper,1
10885.0,2,reyna,1
10885.0,2,viper,1
10887.0,2,sage,13
10887.0,2,skye,2
10887.0,3,sage,13
10887.0,3,reyna,3
10887.0,3,breach,3
10887.0,3,kayo,2
10887.0,3,skye,2
10887.0,3,phoenix,1
10946.0,3,breach,7
10946.0,3,sova,5
10946.0,3,jett,1
10948.0,2,omen,1
10950.0,2,phoenix,1
10950.0,3,jett,1
10951.0,2,raze,1
10956.0,2,omen,2
10956.0,2,astra,1
10959.0,2,raze,6
10959.0,2,omen,4
10959.0,2,reyna,3
10959.0,2,sage,1
10961.0,2,astra,7
10961.0,2,brimstone,1
10961.0,2,reyna,1
10961.0,2,sage,1
10961.0,3,sova,7
10961.0,3,astra,4
10961.0,3,viper,1
10961.0,3,skye,1
10961.0,3,killjoy,1
10961.0,3,sage,1
10965.0,2,killjoy,3
10965.0,3,cypher,8
10965.0,3,killjoy,6
10965.0,3,viper,2
10965.0,3,raze,1
10971.0,3,skye,5
10971.0,3,jett,3
10971.0,3,sage,3
10971.0,3,viper,2
10971.0,3,astra,1
10972.0,3,breach,4
10972.0,3,brimstone,2
10975.0,3,astra,4
10975.0,3,sova,2
10976.0,3,sage,1
10976.0,3,skye,1
10992.0,2,astra,1
10992.0,2,reyna,1
10995.0,2,sova,2
10997.0,1,omen,1
11001.0,3,sage,14
11001.0,3,sova,6
11001.0,3,brimstone,4
11001.0,3,chamber,2
11001.0,3,jett,2
11010.0,3,brimstone,3
11013.0,3,reyna,1
11013.0,3,kayo,1
11025.0,2,phoenix,3
11025.0,2,sage,2
11033.0,2,omen,2
11034.0,2,killjoy,2
11035.0,2,raze,2
11036.0,2,phoenix,11
11036.0,2,raze,4
11036.0,2,reyna,3
11036.0,2,jett,2
11036.0,3,skye,10
11036.0,3,raze,5
11036.0,3,reyna,5
11036.0,3,phoenix,5
11036.0,3,omen,2
11036.0,3,kayo,1
11036.0,3,sage,1
11036.0,3,sova,1
11037.0,2,sova,2
11037.0,2,sage,1
11038.0,2,astra,9
11038.0,2,brimstone,5
11038.0,2,sova,4
11038.0,2,omen,3
11038.0,2,viper,3
11038.0,3,viper,15
11038.0,3,omen,5
11038.0,3,astra,3
11039.0,2,sova,7
11039.0,2,omen,2
11039.0,2,killjoy,1
11039.0,2,sage,1
11040.0,2,killjoy,4
11040.0,2,omen,3
11040.0,2,brimstone,1
11040.0,2,sage,1
11041.0,2,omen,28
11041.0,2,brimstone,3
11041.0,2,astra,2
11041.0,2,jett,2
11041.0,3,reyna,11
11041.0,3,phoenix,8
11041.0,3,astra,5
11041.0,3,brimstone,2
11041.0,3,jett,2
11041.0,3,omen,2
11041.0,3,sage,1
11044.0,2,killjoy,4
11044.0,2,cypher,4
11044.0,2,sova,3
11044.0,2,jett,1
11044.0,2,skye,1
11046.0,2,raze,28
11046.0,2,phoenix,1
11046.0,2,reyna,1
11046.0,3,omen,4
11046.0,3,sage,3
11046.0,3,brimstone,2
11046.0,3,astra,2
11046.0,3,raze,2
11047.0,2,cypher,2
11049.0,2,sage,1
11049.0,2,sova,1
11051.0,2,omen,2
11052.0,2,omen,1
11052.0,2,raze,1
11052.0,2,sage,1
11053.0,2,raze,1
11053.0,2,jett,1
11054.0,2,breach,1
11054.0,2,sage,1
11055.0,2,brimstone,1
11055.0,2,omen,1
11056.0,2,killjoy,1
11056.0,2,viper,1
11057.0,2,jett,1
11058.0,2,phoenix,1
11063.0,2,reyna,1
11063.0,2,sage,1
11064.0,2,jett,2
11065.0,2,omen,2
11067.0,2,killjoy,2
11076.0,2,breach,1
11083.0,2,jett,2
11084.0,2,omen,2
11086.0,2,sova,2
11087.0,2,jett,1
11102.0,2,sage,4
11104.0,2,breach,1
11104.0,2,sova,1
11106.0,2,cypher,26
11106.0,2,sage,7
11106.0,2,killjoy,4
11106.0,2,reyna,1
11106.0,3,cypher,21
11106.0,3,sage,6
11106.0,3,viper,2
11106.0,3,raze,1
11111.0,2,cypher,2
11118.0,2,astra,9
11118.0,2,sage,4
11118.0,3,astra,39
11118.0,3,viper,20
11118.0,3,sage,4
11118.0,3,omen,3
11118.0,3,brimstone,1
11122.0,3,omen,3
11122.0,3,astra,1
11122.0,3,viper,1
11127.0,2,viper,7
11127.0,2,brimstone,4
11127.0,2,omen,2
11127.0,3,viper,4
11127.0,3,omen,3
11127.0,3,brimstone,2
11155.0,1,cypher,5
11155.0,1,killjoy,1
11155.0,2,cypher,15
11155.0,2,viper,5
11155.0,2,killjoy,4
11155.0,2,reyna,1
11155.0,3,reyna,3
11173.0,2,brimstone,1
11173.0,2,viper,1
11175.0,2,brimstone,1
11175.0,2,phoenix,1
11175.0,2,sage,1
11178.0,3,sova,2
11180.0,3,skye,3
11180.0,3,sova,2
11183.0,3,sova,19
11183.0,3,breach,6
11183.0,3,sage,2
11184.0,2,skye,4
11184.0,2,reyna,3
11184.0,2,jett,2
11184.0,3,kayo,1
11185.0,3,omen,1
11190.0,3,omen,3
11190.0,3,viper,1
11198.0,2,cypher,2
11199.0,2,sova,2
11203.0,3,sova,2
11206.0,3,kayo,1
11206.0,3,viper,1
11207.0,3,viper,5
11207.0,3,killjoy,3
11207.0,3,reyna,1
11207.0,3,raze,1
11208.0,3,killjoy,7
11209.0,3,reyna,3
11209.0,3,raze,3
11209.0,3,jett,2
11209.0,3,phoenix,1
11210.0,2,jett,2
11217.0,2,sova,2
11217.0,2,raze,1
11217.0,2,sage,1
11218.0,2,omen,10
11218.0,2,brimstone,4
11218.0,2,raze,3
11218.0,2,jett,1
11218.0,2,phoenix,1
11218.0,3,jett,10
11218.0,3,raze,4
11224.0,2,sova,5
11224.0,2,raze,1
11224.0,2,sage,1
11225.0,2,sage,15
11225.0,2,omen,12
11225.0,2,skye,2
11225.0,3,skye,22
11225.0,3,omen,7
11225.0,3,sage,3
11228.0,2,cypher,3
11232.0,2,sova,10
11232.0,2,viper,3
11232.0,2,sage,2
11232.0,2,skye,2
11232.0,3,sova,10
11232.0,3,raze,2
11232.0,3,skye,1
11233.0,2,skye,6
11233.0,2,raze,5
11233.0,2,killjoy,3
11233.0,2,jett,2
11233.0,2,breach,1
11233.0,3,skye,5
11233.0,3,raze,3
11233.0,3,breach,3
11233.0,3,killjoy,2
11235.0,2,sova,7
11235.0,2,reyna,1
11235.0,2,viper,1
11235.0,3,jett,2
11235.0,3,killjoy,1
11235.0,3,breach,1
11235.0,3,raze,1
11236.0,2,raze,5
11236.0,2,phoenix,2
11236.0,2,cypher,1
11236.0,2,viper,1
11236.0,3,skye,2
11236.0,3,jett,1
11236.0,3,raze,1
11236.0,3,sage,1
11239.0,2,sova,9
11239.0,3,skye,6
11239.0,3,sova,1
11239.0,3,astra,1
11240.0,2,astra,5
11240.0,2,viper,4
11240.0,3,astra,4
11240.0,3,viper,3
11240.0,3,raze,1
11241.0,2,jett,5
11241.0,2,sage,3
11241.0,2,reyna,1
11242.0,2,killjoy,8
11242.0,2,sage,1
11242.0,3,cypher,2
11242.0,3,killjoy,2
11242.0,3,astra,1
11242.0,3,omen,1
11242.0,3,viper,1
11245.0,3,jett,4
11245.0,3,sage,1
11248.0,2,sova,4
11248.0,2,killjoy,1
11248.0,3,sova,3
11248.0,3,breach,1
11248.0,3,sage,1
11249.0,2,killjoy,4
11249.0,2,omen,1
11249.0,3,viper,4
11249.0,3,cypher,1
11250.0,2,sage,1
11250.0,2,raze,1
11250.0,2,reyna,1
11250.0,2,jett,1
11250.0,2,astra,1
11252.0,2,omen,3
11252.0,2,reyna,1
11252.0,2,sage,1
11253.0,2,omen,4
11253.0,2,astra,3
11253.0,2,viper,3
11254.0,2,killjoy,7
11254.0,2,cypher,2
11254.0,2,sage,1
11254.0,3,killjoy,4
11254.0,3,cypher,3
11254.0,3,viper,1
11255.0,2,sova,8
11255.0,2,breach,1
11255.0,2,skye,1
11256.0,2,jett,4
11256.0,2,raze,3
11256.0,2,phoenix,2
11256.0,3,jett,7
11256.0,3,skye,1
11257.0,3,reyna,2
11257.0,3,viper,2
11257.0,3,raze,1
11259.0,3,astra,3
11259.0,3,reyna,2
11259.0,3,viper,1
11262.0,3,astra,4
11262.0,3,viper,1
11262.0,3,sage,1
11262.0,3,raze,1
11304.0,2,jett,2
11305.0,2,sage,1
11305.0,2,sova,1
11309.0,2,killjoy,2
11310.0,2,sage,1
11310.0,2,sova,1
11313.0,2,jett,2
11316.0,3,killjoy,3
11316.0,3,brimstone,1
11316.0,3,cypher,1
11322.0,2,jett,1
11329.0,2,sova,2
11330.0,2,viper,5
11330.0,2,cypher,3
11330.0,2,killjoy,2
11330.0,2,brimstone,1
11330.0,2,omen,1
11331.0,2,jett,2
11331.0,2,viper,2
11332.0,2,skye,3
11332.0,2,raze,2
11332.0,2,phoenix,1
11332.0,2,reyna,1
11336.0,2,raze,2
11338.0,2,breach,2
11339.0,2,cypher,1
11339.0,2,killjoy,1
11340.0,2,astra,1
11340.0,2,sova,1
11342.0,2,sage,2
11342.0,2,jett,1
11342.0,2,sova,1
11343.0,2,breach,1
11343.0,2,cypher,1
11343.0,3,skye,1
11343.0,3,sova,1
11345.0,3,viper,1
11345.0,3,brimstone,1
11347.0,3,jett,1
11347.0,3,skye,1
11367.0,2,jett,2
11367.0,3,jett,3
11367.0,3,killjoy,2
11367.0,3,cypher,1
11367.0,3,reyna,1
11391.0,2,sova,1
11405.0,2,sova,1
11418.0,3,sage,5
11418.0,3,raze,4
11418.0,3,jett,4
11426.0,2,killjoy,1
11452.0,3,jett,2
11452.0,3,skye,1
11475.0,2,sova,1
11476.0,2,omen,1
11477.0,2,reyna,1
11495.0,3,breach,3
11495.0,3,jett,1
11495.0,3,sage,1
11510.0,2,cypher,2
11511.0,2,raze,1
11511.0,2,sage,1
11521.0,2,omen,2
11521.0,2,breach,1
11522.0,2,sova,2
11523.0,2,jett,2
11524.0,2,killjoy,1
11524.0,2,phoenix,1
11524.0,2,reyna,1
11525.0,2,cypher,1
11525.0,2,killjoy,1
11526.0,2,jett,10
11526.0,2,raze,1
11527.0,2,reyna,5
11527.0,2,raze,3
11527.0,2,breach,1
11527.0,2,jett,1
11528.0,2,omen,9
11528.0,2,phoenix,1
11528.0,3,reyna,3
11528.0,3,phoenix,1
11528.0,3,raze,1
11529.0,2,sova,9
11536.0,2,omen,2
11536.0,3,astra,15
11536.0,3,viper,2
11538.0,2,sova,2
11538.0,2,omen,1
11544.0,2,omen,1
11555.0,2,jett,1
11555.0,3,skye,14
11558.0,2,sova,4
11558.0,2,sage,1
11558.0,2,skye,1
11558.0,3,sova,11
11558.0,3,skye,2
11558.0,3,killjoy,2
11558.0,3,sage,1
11560.0,3,skye,2
11560.0,3,sova,1
11565.0,2,raze,1
11567.0,2,raze,1
11568.0,2,omen,1
11569.0,2,cypher,1
11570.0,2,jett,1
11578.0,2,killjoy,1
11578.0,3,jett,3
11578.0,3,sage,3
11578.0,3,cypher,2
11578.0,3,phoenix,1
11578.0,3,reyna,1
11578.0,3,sova,1
11584.0,2,raze,1
11585.0,2,killjoy,1
11586.0,2,jett,1
11587.0,2,sage,1
11588.0,2,omen,1
11594.0,2,raze,1
11594.0,2,skye,1
11595.0,2,killjoy,1
11596.0,2,raze,1
11597.0,2,omen,1
11597.0,2,sage,1
11598.0,2,phoenix,1
11598.0,2,sage,1
11600.0,2,jett,6
11600.0,2,skye,1
11611.0,2,jett,1
11612.0,2,jett,4
11612.0,2,killjoy,1
11612.0,3,cypher,2
11612.0,3,killjoy,1
11628.0,2,sova,20
11628.0,2,killjoy,5
11628.0,2,sage,4
11628.0,2,jett,2
11628.0,2,breach,1
11628.0,3,sova,17
11628.0,3,raze,2
11628.0,3,sage,2
11628.0,3,killjoy,1
11628.0,3,brimstone,1
11628.0,3,jett,1
11628.0,3,reyna,1
11630.0,2,cypher,2
11630.0,2,killjoy,1
11666.0,2,raze,1
11687.0,2,cypher,2
11687.0,2,omen,1
11695.0,3,jett,1
11696.0,3,astra,1
11697.0,3,jett,2
11704.0,2,killjoy,1
11704.0,3,sova,9
11704.0,3,viper,1
11705.0,3,astra,3
11705.0,3,raze,1
11705.0,3,viper,1
11713.0,2,jett,1
11732.0,3,jett,1
11737.0,3,jett,5
11739.0,3,jett,1
11783.0,2,killjoy,1
11784.0,2,omen,1
11785.0,2,jett,1
11786.0,2,sova,1
11787.0,2,reyna,1
11813.0,2,killjoy,2
11813.0,2,omen,2
11813.0,3,killjoy,2
11813.0,3,sage,1
11821.0,2,omen,2
11822.0,2,brimstone,1
11822.0,2,raze,1
11824.0,2,reyna,1
11824.0,2,sova,1
11829.0,3,killjoy,2
11830.0,3,jett,2
11833.0,2,skye,3
11833.0,2,omen,2
11833.0,3,skye,2
11833.0,3,brimstone,1
11833.0,3,sage,1
11834.0,2,jett,2
11834.0,2,phoenix,1
11834.0,2,raze,1
11836.0,2,killjoy,4
11836.0,2,cypher,1
11836.0,3,viper,2
11836.0,3,cypher,2
11837.0,2,astra,3
11837.0,2,jett,2
11837.0,3,jett,2
11837.0,3,breach,1
11837.0,3,brimstone,1
11839.0,3,sage,1
11841.0,2,raze,3
11841.0,2,jett,2
11841.0,2,omen,2
11841.0,2,reyna,1
11843.0,2,jett,1
11843.0,3,killjoy,1
11843.0,3,sage,1
11845.0,2,jett,1
11846.0,2,cypher,1
11847.0,2,reyna,1
11848.0,2,omen,1
11850.0,2,phoenix,2
11850.0,2,reyna,1
11851.0,2,omen,7
11851.0,2,jett,5
11851.0,2,sage,3
11851.0,2,astra,2
11851.0,2,brimstone,1
11857.0,3,cypher,2
11857.0,3,viper,1
11868.0,2,jett,4
11868.0,2,phoenix,3
11868.0,2,breach,1
11868.0,2,skye,1
11871.0,2,omen,2
11871.0,2,sage,1
11871.0,3,astra,5
11871.0,3,omen,2
11871.0,3,reyna,1
11874.0,2,raze,1
11874.0,2,reyna,1
11881.0,3,reyna,1
11882.0,2,jett,1
11885.0,3,cypher,1
11885.0,3,sage,1
11886.0,3,reyna,2
11888.0,3,raze,8
11889.0,3,sova,2
11895.0,3,raze,3
11901.0,2,killjoy,5
11901.0,2,breach,3
11901.0,2,viper,3
11901.0,2,omen,2
11901.0,2,skye,1
11901.0,3,viper,6
11901.0,3,killjoy,3
11902.0,2,jett,7
11902.0,2,sage,3
11902.0,2,raze,2
11902.0,3,sage,4
11902.0,3,killjoy,4
11902.0,3,jett,3
11902.0,3,viper,3
11902.0,3,raze,1
11906.0,3,raze,16
11906.0,3,sova,5
11906.0,3,sage,5
11906.0,3,breach,3
11906.0,3,skye,1
11913.0,2,omen,2
11920.0,2,killjoy,1
11920.0,2,omen,1
11920.0,3,jett,2
11920.0,3,killjoy,2
11920.0,3,cypher,1
11920.0,3,raze,1
11921.0,2,raze,6
11921.0,2,reyna,4
11921.0,2,jett,3
11921.0,3,jett,5
11921.0,3,raze,1
11942.0,3,viper,1
11942.0,3,sage,1
11943.0,3,astra,1
11943.0,3,sage,1
11944.0,3,sova,5
11945.0,3,reyna,3
11945.0,3,killjoy,1
11945.0,3,raze,1
11947.0,2,jett,3
11947.0,2,sova,2
11947.0,2,sage,2
11947.0,2,raze,1
11947.0,3,sage,10
11947.0,3,sova,7
11947.0,3,skye,5
11947.0,3,kayo,2
11948.0,2,raze,5
11948.0,2,jett,3
11948.0,3,jett,28
11948.0,3,raze,3
11948.0,3,sage,1
11949.0,2,omen,5
11949.0,2,astra,2
11949.0,2,viper,1
11949.0,3,viper,18
11949.0,3,astra,10
11949.0,3,omen,9
11954.0,2,sova,4
11954.0,2,raze,2
11954.0,2,phoenix,1
11954.0,3,sova,14
11954.0,3,raze,3
11955.0,2,raze,6
11955.0,2,breach,3
11955.0,2,skye,1
11955.0,3,jett,2
11955.0,3,raze,2
11956.0,2,jett,10
11956.0,2,sage,2
11956.0,2,phoenix,1
11956.0,3,jett,11
11956.0,3,phoenix,1
11957.0,2,astra,6
11957.0,2,viper,1
11957.0,3,astra,14
11957.0,3,viper,3
11958.0,2,cypher,6
11958.0,2,sage,1
11958.0,3,killjoy,8
11958.0,3,sage,3
11958.0,3,cypher,3
11958.0,3,viper,3
11959.0,2,jett,2
11959.0,2,phoenix,1
11959.0,3,skye,5
11959.0,3,phoenix,5
11959.0,3,sage,4
11959.0,3,killjoy,3
11960.0,3,sova,8
11960.0,3,skye,1
11961.0,2,sage,1
11961.0,2,raze,1
11962.0,2,sage,1
11962.0,2,jett,1
11963.0,2,astra,1
11963.0,2,killjoy,1
11964.0,3,killjoy,6
11964.0,3,raze,6
11964.0,3,cypher,3
11964.0,3,viper,2
11966.0,2,sova,5
11966.0,2,breach,3
11966.0,3,sova,11
11966.0,3,sage,3
11966.0,3,killjoy,1
11968.0,2,sova,5
11968.0,2,breach,2
11968.0,2,skye,2
11968.0,3,sova,7
11968.0,3,skye,4
11968.0,3,breach,1
11969.0,2,reyna,4
11969.0,2,sage,3
11969.0,2,brimstone,2
11970.0,2,killjoy,1
11970.0,2,sova,1
11971.0,2,phoenix,1
11971.0,2,reyna,1
11971.0,3,jett,7
11973.0,3,killjoy,1
11973.0,3,viper,1
11976.0,2,killjoy,8
11976.0,2,cypher,1
11977.0,2,phoenix,1
11977.0,2,reyna,1
11978.0,2,skye,6
11978.0,2,raze,2
11978.0,2,sage,1
11978.0,3,skye,9
11978.0,3,sova,7
11978.0,3,breach,1
11979.0,2,astra,5
11979.0,2,omen,2
11979.0,2,brimstone,1
11979.0,2,viper,1
11980.0,2,raze,5
11980.0,2,jett,4
11980.0,3,jett,14
11980.0,3,raze,3
11999.0,2,jett,2
12000.0,2,sova,7
12000.0,2,sage,1
12000.0,3,sova,17
12000.0,3,viper,7
12000.0,3,astra,5
12000.0,3,sage,4
12001.0,2,omen,2
12014.0,2,sage,2
12015.0,2,omen,1
12015.0,2,viper,1
12016.0,2,killjoy,2
12018.0,2,sova,1
12018.0,2,skye,1
12027.0,3,astra,2
12030.0,2,skye,1
12030.0,2,raze,1
12064.0,3,viper,3
12068.0,3,sova,2
12068.0,3,sage,1
12074.0,2,omen,2
12075.0,2,astra,8
12075.0,3,astra,20
12075.0,3,omen,2
12075.0,3,brimstone,1
12075.0,3,cypher,1
12075.0,3,viper,1
12080.0,1,cypher,2
12080.0,2,astra,1
12080.0,2,brimstone,1
12080.0,2,cypher,1
12080.0,2,killjoy,1
12080.0,3,omen,2
12085.0,2,killjoy,2
12086.0,2,raze,2
12091.0,3,breach,1
12091.0,3,sage,1
12093.0,3,jett,2
12098.0,1,jett,2
12098.0,1,sova,2
12098.0,2,jett,23
12098.0,2,raze,3
12098.0,2,phoenix,2
12098.0,2,skye,1
12098.0,2,sage,1
12098.0,3,sage,3
12098.0,3,skye,1
12098.0,3,jett,1
12103.0,2,phoenix,1
12103.0,2,reyna,1
12103.0,3,jett,5
12103.0,3,reyna,3
12103.0,3,phoenix,1
12103.0,3,raze,1
12111.0,2,brimstone,5
12111.0,2,omen,3
12111.0,2,sage,1
12117.0,2,sova,4
12117.0,3,sova,1
12117.0,3,sage,1
12124.0,2,raze,1
12124.0,2,reyna,1
12124.0,2,viper,1
12124.0,2,yoru,1
12124.0,3,raze,1
12124.0,3,yoru,1
12125.0,2,killjoy,2
12125.0,2,omen,2
12125.0,3,viper,1
12125.0,3,killjoy,1
12142.0,2,killjoy,4
12142.0,2,sage,4
12142.0,2,breach,1
12143.0,3,sova,5
12143.0,3,skye,1
12145.0,3,astra,2
12147.0,2,sage,8
12147.0,2,jett,2
12155.0,2,raze,4
12155.0,2,astra,1
12155.0,3,sova,4
12155.0,3,breach,3
12171.0,2,astra,2
12171.0,2,omen,2
12174.0,2,killjoy,1
12193.0,2,raze,2
12207.0,1,reyna,2
12207.0,1,omen,1
12207.0,2,sova,6
12207.0,2,phoenix,5
12207.0,2,sage,3
12207.0,2,raze,2
12207.0,2,breach,1
12207.0,3,sova,5
12207.0,3,killjoy,3
12207.0,3,sage,3
12207.0,3,skye,3
12207.0,3,phoenix,1
12207.0,3,reyna,1
12214.0,3,killjoy,8
12214.0,3,yoru,2
12214.0,3,jett,2
12214.0,3,sova,2
12214.0,3,brimstone,1
12214.0,3,cypher,1
12214.0,3,phoenix,1
12216.0,3,jett,8
12216.0,3,raze,3
12216.0,3,killjoy,2
12226.0,2,omen,2
12226.0,3,killjoy,4
12226.0,3,cypher,3
12226.0,3,viper,1
12226.0,3,astra,1
12226.0,3,breach,1
12252.0,2,sova,5
12252.0,2,sage,1
12253.0,2,killjoy,4
12253.0,2,brimstone,1
12253.0,2,cypher,1
12254.0,2,skye,3
12254.0,2,sage,2
12254.0,2,breach,1
12282.0,2,sage,1
12282.0,2,sova,1
12283.0,2,omen,2
12284.0,2,killjoy,2
12289.0,2,raze,3
12289.0,3,skye,5
12289.0,3,kayo,1
12290.0,2,killjoy,2
12290.0,2,cypher,1
12291.0,2,astra,3
12291.0,3,astra,3
12291.0,3,cypher,1
12292.0,2,jett,3
12292.0,3,jett,6
12293.0,2,sage,2
12293.0,2,sova,1
12293.0,3,sova,4
12297.0,2,killjoy,9
12297.0,2,brimstone,3
12297.0,2,sage,3
12297.0,2,cypher,2
12297.0,3,cypher,2
12297.0,3,sage,2
12297.0,3,killjoy,1
12312.0,3,killjoy,1
12320.0,2,killjoy,5
12320.0,2,cypher,4
12320.0,2,sova,1
12320.0,3,sage,1
12320.0,3,omen,1
12320.0,3,brimstone,1
12323.0,2,cypher,7
12323.0,2,killjoy,2
12323.0,2,sova,1
12323.0,3,viper,22
12323.0,3,cypher,11
12323.0,3,killjoy,9
12352.0,2,killjoy,1
12353.0,2,sova,1
12354.0,3,jett,2
12354.0,3,sage,1
12354.0,3,raze,1
12354.0,3,phoenix,1
12360.0,2,killjoy,1
12360.0,3,killjoy,2
12360.0,3,sage,2
12360.0,3,cypher,1
12361.0,2,sova,1
12361.0,3,jett,4
12361.0,3,skye,1
12362.0,2,reyna,1
12363.0,3,sova,4
12363.0,3,skye,1
12364.0,2,omen,1
12364.0,3,omen,3
12364.0,3,viper,2
12365.0,2,omen,7
12365.0,2,raze,1
12365.0,2,phoenix,1
12365.0,2,reyna,1
12365.0,2,viper,1
12365.0,2,sage,1
12365.0,3,jett,3
12365.0,3,astra,2
12365.0,3,brimstone,2
12365.0,3,skye,2
12365.0,3,raze,1
12385.0,2,omen,2
12387.0,3,omen,1
12388.0,3,sage,1
12390.0,3,sova,1
12391.0,2,omen,3
12392.0,3,sage,1
12393.0,3,sage,1
12393.0,3,skye,1
12394.0,2,breach,5
12399.0,2,omen,2
12400.0,2,sova,1
12400.0,2,phoenix,1
12401.0,2,jett,2
12402.0,2,cypher,2
12403.0,2,sova,1
12403.0,2,sage,1
12410.0,2,cypher,2
12411.0,2,sage,1
12411.0,2,raze,1
12412.0,2,jett,2
12413.0,2,omen,2
12414.0,2,breach,1
12414.0,2,raze,1
12433.0,2,omen,3
12433.0,2,astra,2
12468.0,2,jett,2
12469.0,3,sage,1
12469.0,3,killjoy,1
12474.0,3,viper,1
12474.0,3,sova,1
12474.0,3,skye,1
12474.0,3,jett,1
12475.0,3,sova,1
12475.0,3,killjoy,1
12478.0,2,sova,2
12478.0,3,sova,2
12485.0,3,sova,1
12485.0,3,skye,1
12524.0,3,viper,1
12524.0,3,killjoy,1
12528.0,3,jett,11
12529.0,2,raze,2
12575.0,3,jett,2
12579.0,3,astra,4
12579.0,3,viper,3
12579.0,3,killjoy,1
12584.0,2,sage,1
12584.0,2,killjoy,1
12593.0,3,viper,1
12593.0,3,killjoy,1
12593.0,3,cypher,1
12598.0,3,sova,1
12600.0,2,sage,1
12600.0,2,breach,1
12606.0,3,breach,2
12606.0,3,sova,2
12606.0,3,viper,1
12611.0,2,skye,5
12611.0,3,skye,3
12623.0,3,sova,6
12623.0,3,sage,1
12629.0,2,jett,1
12629.0,3,jett,1
12649.0,2,astra,2
12651.0,2,jett,2
12655.0,3,jett,4
12655.0,3,sage,1
12666.0,3,jett,8
12666.0,3,skye,4
12666.0,3,sage,3
12666.0,3,viper,1
12666.0,3,breach,1
12672.0,3,chamber,2
12672.0,3,astra,1
12672.0,3,reyna,1
12672.0,3,viper,1
12673.0,3,breach,1
12673.0,3,sage,1
12676.0,3,raze,2
12676.0,3,jett,1
12701.0,2,jett,2
12702.0,3,jett,11
12702.0,3,sage,2
12703.0,2,breach,1
12703.0,2,sage,1
12703.0,3,sova,1
12703.0,3,sage,1
12707.0,3,astra,2
12749.0,3,sage,1
12749.0,3,cypher,1
12810.0,3,raze,4
12810.0,3,jett,3
12810.0,3,skye,2
12810.0,3,sage,1
12812.0,3,viper,2
12868.0,2,sova,1
12872.0,3,jett,6
12872.0,3,astra,3
12872.0,3,viper,1
12873.0,2,jett,2
12873.0,3,jett,1
12874.0,2,reyna,2
12875.0,2,sage,1
12875.0,2,sova,1
12876.0,2,omen,2
12877.0,2,cypher,2
12878.0,2,sova,3
12878.0,3,sova,11
12879.0,2,killjoy,2
12879.0,2,cypher,1
12879.0,3,sova,1
12880.0,2,jett,1
12880.0,3,jett,10
12880.0,3,raze,1
12891.0,2,sova,3
12891.0,2,omen,2
12892.0,2,omen,4
12892.0,2,killjoy,3
12899.0,2,phoenix,2
12899.0,3,phoenix,2
12900.0,2,jett,1
12900.0,2,raze,1
12900.0,3,jett,1
12900.0,3,raze,1
12901.0,2,cypher,1
12901.0,2,killjoy,1
12901.0,3,cypher,2
12902.0,2,sova,2
12902.0,3,sova,2
12903.0,2,jett,3
12904.0,2,sova,3
12904.0,3,sova,24
12904.0,3,astra,14
12904.0,3,sage,6
12904.0,3,breach,2
12904.0,3,skye,2
12905.0,2,raze,2
12905.0,2,jett,1
12905.0,2,reyna,1
12906.0,2,killjoy,2
12906.0,2,cypher,1
12906.0,2,sage,1
12907.0,2,cypher,1
12907.0,3,jett,7
12910.0,3,jett,1
12911.0,2,sova,4
12911.0,2,sage,1
12911.0,3,kayo,3
12911.0,3,sova,3
12911.0,3,astra,1
12911.0,3,skye,1
12912.0,2,cypher,1
12912.0,3,cypher,1
12918.0,3,astra,4
12918.0,3,viper,2
12918.0,3,cypher,1
12919.0,2,astra,1
12919.0,3,astra,3
12919.0,3,cypher,2
12919.0,3,jett,1
12919.0,3,skye,1
12921.0,2,skye,1
12922.0,2,omen,1
12932.0,2,cypher,18
12932.0,2,sova,6
12932.0,2,killjoy,2
12932.0,2,reyna,2
12932.0,2,sage,1
12932.0,3,sova,19
12932.0,3,cypher,9
12932.0,3,killjoy,6
12932.0,3,sage,3
12932.0,3,viper,1
12933.0,2,astra,1
12933.0,2,sova,1
12933.0,3,jett,1
12934.0,2,breach,2
12937.0,2,breach,3
12937.0,2,skye,2
12937.0,3,skye,1
12938.0,2,killjoy,3
12939.0,2,sova,3
12939.0,3,sova,2
12939.0,3,sage,1
12940.0,2,jett,2
12940.0,2,phoenix,1
12940.0,3,jett,3
12940.0,3,skye,2
12941.0,2,raze,2
12941.0,2,jett,1
12947.0,2,omen,2
12947.0,2,reyna,1
12947.0,3,jett,55
12947.0,3,raze,2
12947.0,3,sage,1
12947.0,3,skye,1
12947.0,3,sova,1
12955.0,3,sova,3
12955.0,3,viper,1
12964.0,2,phoenix,2
12964.0,2,raze,1
12968.0,3,jett,3
12968.0,3,astra,2
12976.0,3,astra,2
12979.0,2,cypher,1
12979.0,3,skye,9
12979.0,3,sage,1
12980.0,2,raze,1
12980.0,3,raze,6
12980.0,3,jett,4
12981.0,2,astra,2
12981.0,2,omen,2
12981.0,3,astra,5
12982.0,2,jett,2
12987.0,3,sage,3
12987.0,3,cypher,1
12987.0,3,skye,1
12993.0,2,jett,4
12994.0,3,sage,2
12994.0,3,skye,2
12998.0,3,jett,1
12998.0,3,raze,1
12999.0,3,sova,2
13001.0,3,astra,1
13001.0,3,viper,1
13002.0,3,sova,6
13002.0,3,sage,1
13002.0,3,reyna,1
13013.0,3,jett,2
13015.0,3,viper,2
13023.0,2,breach,1
13024.0,2,killjoy,1
13024.0,2,sage,1
13024.0,3,viper,2
13024.0,3,sage,1
13024.0,3,killjoy,1
13031.0,3,skye,2
13032.0,2,killjoy,2
13032.0,2,omen,2
13039.0,2,jett,5
13039.0,2,raze,4
13039.0,3,jett,20
13043.0,2,jett,4
13043.0,2,raze,2
13043.0,3,jett,5
13043.0,3,sova,2
13043.0,3,raze,1
13043.0,3,breach,1
13047.0,2,omen,1
13057.0,1,jett,9
13057.0,1,raze,2
13057.0,2,jett,2
13057.0,3,jett,12
13057.0,3,raze,1
13058.0,2,breach,2
13064.0,3,jett,13
13064.0,3,reyna,1
13066.0,2,sova,1
13070.0,2,omen,1
13070.0,2,reyna,1
13072.0,2,phoenix,1
13072.0,2,cypher,1
13073.0,2,jett,1
13073.0,2,sage,1
13074.0,2,jett,1
13074.0,2,phoenix,1
13076.0,2,omen,1
13077.0,2,phoenix,1
13078.0,2,omen,2
13078.0,2,jett,1
13079.0,2,killjoy,1
13080.0,2,sage,1
13084.0,2,sage,1
13092.0,2,reyna,5
13092.0,2,sage,2
13092.0,2,killjoy,2
13093.0,3,raze,3
13093.0,3,reyna,2
13100.0,2,reyna,1
13100.0,2,cypher,1
13101.0,2,omen,2
13102.0,3,raze,3
13102.0,3,sage,3
13102.0,3,skye,3
13104.0,3,sova,8
13104.0,3,breach,1
13105.0,3,killjoy,4
13105.0,3,cypher,3
13105.0,3,viper,1
13106.0,2,viper,6
13107.0,2,sova,3
13107.0,2,jett,1
13167.0,3,cypher,1
13174.0,3,killjoy,2
13181.0,3,sova,2
13181.0,3,skye,1
13184.0,2,sova,2
13184.0,3,sova,1
13184.0,3,sage,1
13196.0,3,sova,3
13200.0,2,sova,1
13201.0,2,omen,1
13203.0,2,sova,1
13204.0,2,cypher,1
13205.0,2,jett,1
13206.0,2,brimstone,1
13207.0,2,breach,1
13213.0,2,killjoy,1
13214.0,2,raze,1
13215.0,2,reyna,1
13216.0,2,brimstone,1
13217.0,2,sova,1
13218.0,2,omen,1
13218.0,2,astra,1
13218.0,3,cypher,4
13218.0,3,viper,4
13218.0,3,killjoy,2
13218.0,3,sova,2
13218.0,3,skye,1
13219.0,2,killjoy,1
13219.0,2,cypher,1
13219.0,3,killjoy,17
13219.0,3,sage,3
13219.0,3,viper,3
13219.0,3,cypher,1
13220.0,2,jett,2
13220.0,3,astra,15
13220.0,3,jett,8
13220.0,3,raze,1
13221.0,2,phoenix,1
13221.0,3,jett,14
13221.0,3,reyna,8
13221.0,3,raze,3
13221.0,3,kayo,1
13221.0,3,phoenix,1
13222.0,2,sova,2
13222.0,3,sova,16
13222.0,3,breach,4
13222.0,3,sage,3
13222.0,3,skye,1
13223.0,2,sage,1
13223.0,3,viper,4
13223.0,3,omen,3
13223.0,3,astra,3
13224.0,2,jett,1
13225.0,2,sage,1
13226.0,2,sova,1
13227.0,2,raze,1
13228.0,2,omen,1
13229.0,2,jett,5
13229.0,2,reyna,3
13229.0,2,raze,1
13230.0,2,sova,8
13230.0,2,killjoy,1
13231.0,2,astra,6
13231.0,2,brimstone,1
13231.0,2,omen,1
13231.0,2,viper,1
13232.0,2,raze,1
13232.0,3,jett,7
13232.0,3,raze,3
13233.0,2,raze,1
13233.0,2,reyna,1
13234.0,2,cypher,2
13235.0,3,viper,5
13235.0,3,cypher,2
13235.0,3,skye,2
13236.0,2,cypher,2
13251.0,2,omen,2
13258.0,2,reyna,1
13258.0,2,raze,1
13272.0,3,astra,8
13272.0,3,viper,1
13318.0,2,astra,2
13334.0,2,killjoy,1
13335.0,2,jett,1
13336.0,2,reyna,1
13337.0,2,sova,1
13348.0,3,viper,1
13348.0,3,killjoy,1
13395.0,2,sova,1
13395.0,2,brimstone,1
13403.0,3,breach,1
13403.0,3,sova,1
13412.0,3,sage,1
13412.0,3,skye,1
13413.0,3,sova,2
13415.0,3,killjoy,1
13415.0,3,astra,1
13427.0,2,killjoy,2
13427.0,2,viper,2
13429.0,3,killjoy,1
13429.0,3,skye,1
13430.0,3,jett,2
13431.0,3,sova,2
13432.0,3,cypher,1
13432.0,3,sage,1
13433.0,3,viper,2
13439.0,2,raze,3
13439.0,2,jett,2
13439.0,3,jett,8
13439.0,3,killjoy,3
13439.0,3,raze,1
13440.0,2,sova,5
13441.0,2,omen,4
13441.0,2,reyna,1
13443.0,3,viper,5
13443.0,3,cypher,3
13443.0,3,reyna,3
13445.0,3,astra,1
13445.0,3,viper,1
13475.0,2,cypher,3
13475.0,2,viper,2
13545.0,3,astra,1
13545.0,3,omen,1
13602.0,3,skye,4
13602.0,3,jett,3
13602.0,3,raze,2
13615.0,2,cypher,1
13651.0,3,sova,3
13654.0,3,sage,1
13674.0,2,reyna,1
13674.0,2,sage,1
13676.0,1,raze,1
13730.0,2,raze,5
13730.0,2,sage,1
13730.0,3,raze,2
13730.0,3,sage,2
13730.0,3,sova,2
13730.0,3,skye,1
13731.0,2,astra,3
13731.0,2,omen,2
13731.0,2,viper,1
13731.0,3,viper,4
13731.0,3,astra,2
13731.0,3,omen,1
13732.0,2,jett,5
13732.0,2,phoenix,1
13756.0,2,omen,2
13757.0,3,sage,1
13757.0,3,sova,1
13766.0,3,sova,30
13766.0,3,sage,2
13766.0,3,reyna,2
13766.0,3,breach,1
13766.0,3,skye,1
13768.0,2,reyna,1
13769.0,2,breach,1
13770.0,2,jett,1
13771.0,2,raze,1
13772.0,2,sage,1
13778.0,2,viper,4
13778.0,2,omen,3
13778.0,2,astra,2
13778.0,2,brimstone,1
13779.0,2,reyna,1
13780.0,2,jett,1
13781.0,3,jett,2
13784.0,2,jett,4
13784.0,2,sage,2
13784.0,3,jett,12
13785.0,2,raze,3
13786.0,2,sova,3
13787.0,2,sova,3
13787.0,2,viper,2
13787.0,2,cypher,1
13787.0,3,astra,6
13787.0,3,sage,4
13787.0,3,cypher,1
13787.0,3,kayo,1
13788.0,2,omen,2
13788.0,2,brimstone,1
13788.0,3,viper,4
13788.0,3,cypher,3
13788.0,3,killjoy,2
13788.0,3,omen,2
13788.0,3,skye,1
13790.0,2,raze,1
13790.0,2,phoenix,1
13797.0,3,astra,9
13797.0,3,cypher,3
13797.0,3,killjoy,2
13802.0,2,phoenix,4
13802.0,2,raze,1
13802.0,2,reyna,1
13803.0,2,sage,8
13804.0,2,jett,3
13805.0,2,omen,3
13805.0,2,phoenix,1
13805.0,2,raze,1
13805.0,2,reyna,1
13805.0,2,astra,1
13805.0,2,sova,1
13806.0,2,omen,3
13806.0,2,sova,3
13806.0,2,breach,1
13807.0,2,raze,4
13807.0,2,jett,3
13807.0,2,viper,1
13807.0,3,jett,2
13807.0,3,astra,1
13814.0,2,reyna,2
13815.0,3,sova,1
13815.0,3,sage,1
13817.0,3,jett,2
13818.0,3,breach,2
13819.0,2,sage,1
13819.0,2,sova,1
13820.0,2,jett,2
13820.0,3,jett,3
13821.0,2,raze,2
13822.0,2,omen,1
13822.0,2,killjoy,1
13823.0,2,raze,2
13823.0,2,phoenix,1
13826.0,3,astra,4
13826.0,3,killjoy,1
13826.0,3,sage,1
13831.0,3,jett,17
13831.0,3,skye,1
13831.0,3,raze,1
13831.0,3,cypher,1
13831.0,3,astra,1
13831.0,3,chamber,1
13840.0,2,jett,3
13840.0,3,jett,8
13840.0,3,cypher,2
13840.0,3,sage,1
13841.0,3,astra,1
13841.0,3,raze,1
13842.0,3,sova,2
13844.0,3,cypher,2
13848.0,2,omen,1
13848.0,2,astra,1
13849.0,2,sova,2
13850.0,2,cypher,2
13851.0,2,reyna,2
13852.0,2,omen,10
13857.0,2,cypher,1
13858.0,3,cypher,5
13858.0,3,killjoy,4
13858.0,3,viper,2
13858.0,3,raze,1
13858.0,3,jett,1
13859.0,3,raze,5
13859.0,3,viper,4
13859.0,3,sage,3
13859.0,3,sova,1
13860.0,3,jett,10
13860.0,3,reyna,2
13860.0,3,raze,1
13861.0,2,jett,3
13868.0,2,killjoy,1
13868.0,2,viper,1
13874.0,2,omen,4
13874.0,3,omen,3
13894.0,3,killjoy,1
13894.0,3,viper,1
13902.0,3,breach,1
13902.0,3,astra,1
13903.0,3,sova,2
13928.0,3,sova,2
13931.0,3,astra,2
13939.0,3,astra,2
13939.0,3,viper,1
13940.0,2,jett,1
13940.0,2,reyna,1
13942.0,2,reyna,2
13943.0,2,raze,1
13943.0,2,jett,1
13945.0,3,skye,2
13945.0,3,sage,1
13947.0,3,sova,3
13954.0,2,killjoy,2
13954.0,3,sage,1
13962.0,3,viper,7
13962.0,3,skye,7
13962.0,3,astra,5
13962.0,3,kayo,3
13962.0,3,raze,1
13967.0,2,omen,1
13967.0,2,raze,1
13968.0,2,phoenix,2
13969.0,2,omen,1
13970.0,2,sova,2
13970.0,3,sova,3
13972.0,2,sova,1
13972.0,2,omen,1
13973.0,2,sova,1
13973.0,2,raze,1
13974.0,2,jett,2
13975.0,2,cypher,1
13975.0,2,viper,1
13976.0,2,omen,1
13976.0,2,reyna,1
13977.0,2,raze,1
13977.0,3,sage,1
13977.0,3,reyna,1
13978.0,2,skye,1
13979.0,2,sova,1
13979.0,3,jett,2
13980.0,2,cypher,1
13997.0,2,omen,2
13997.0,3,omen,2
14001.0,2,killjoy,1
14001.0,3,viper,2
14001.0,3,killjoy,2
14006.0,3,astra,1
14006.0,3,omen,1
14008.0,3,raze,1
14008.0,3,jett,1
14011.0,3,sova,1
14012.0,3,sova,2
14021.0,2,skye,2
14021.0,3,jett,1
14021.0,3,phoenix,1
14022.0,2,sova,2
14022.0,3,sage,1
14022.0,3,sova,1
14023.0,2,cypher,1
14023.0,2,sage,1
14023.0,3,cypher,2
14024.0,2,astra,2
14024.0,3,astra,2
14026.0,3,reyna,1
14026.0,3,jett,1
14028.0,3,sova,2
14029.0,3,cypher,2
14031.0,2,reyna,1
14031.0,2,phoenix,1
14032.0,2,cypher,1
14032.0,2,sage,1
14033.0,2,jett,1
14033.0,2,viper,1
14034.0,2,raze,1
14034.0,2,sova,1
14035.0,2,astra,2
14036.0,3,sova,7
14036.0,3,astra,3
14036.0,3,skye,1
14040.0,3,raze,5
14043.0,3,astra,1
14043.0,3,cypher,1
14064.0,2,omen,2
14075.0,3,sova,3
14078.0,2,sova,2
14078.0,2,viper,1
14080.0,2,killjoy,2
14080.0,2,astra,1
14081.0,2,cypher,1
14081.0,2,killjoy,1
14081.0,2,sova,1
14081.0,3,sova,6
14082.0,2,jett,5
14082.0,3,cypher,4
14082.0,3,viper,2
14083.0,2,omen,2
14083.0,2,sage,2
14083.0,2,jett,1
14088.0,2,reyna,3
14088.0,2,raze,1
14088.0,3,phoenix,1
14088.0,3,reyna,1
14089.0,2,astra,1
14089.0,2,omen,1
14090.0,2,cypher,2
14090.0,2,viper,1
14090.0,2,astra,1
14090.0,3,astra,1
14090.0,3,viper,1
14091.0,2,breach,2
14091.0,2,sova,2
14097.0,2,jett,1
14097.0,2,raze,1
14103.0,3,raze,1
14103.0,3,reyna,1
14104.0,3,sage,1
14104.0,3,sova,1
14106.0,3,sage,1
14106.0,3,cypher,1
14108.0,2,cypher,2
14108.0,3,killjoy,2
14108.0,3,cypher,1
14109.0,2,phoenix,1
14111.0,3,cypher,1
14111.0,3,kayo,1
14111.0,3,phoenix,1
14111.0,3,reyna,1
14111.0,3,sage,1
14111.0,3,skye,1
14113.0,2,skye,1
14113.0,3,chamber,1
14113.0,3,cypher,1
14113.0,3,killjoy,1
14113.0,3,omen,1
14116.0,2,viper,1
14116.0,3,sova,4
14116.0,3,viper,1
14118.0,2,astra,1
14119.0,2,reyna,1
14125.0,2,phoenix,13
14125.0,2,raze,3
14125.0,2,reyna,1
14125.0,2,sage,1
14125.0,3,jett,13
14125.0,3,reyna,5
14125.0,3,raze,1
14131.0,2,omen,4
14131.0,2,astra,3
14131.0,3,viper,3
14131.0,3,omen,3
14151.0,2,omen,1
14152.0,2,omen,1
14159.0,2,cypher,1
14159.0,2,killjoy,1
14162.0,2,sage,3
14162.0,2,sova,3
14162.0,2,skye,1
14162.0,3,sova,3
14162.0,3,kayo,2
14162.0,3,breach,1
14162.0,3,sage,1
14163.0,2,raze,5
14163.0,2,phoenix,1
14163.0,2,sage,1
14163.0,3,reyna,3
14163.0,3,chamber,3
14163.0,3,jett,1
14163.0,3,raze,1
14164.0,3,brimstone,1
14164.0,3,jett,1
14167.0,3,reyna,1
14167.0,3,skye,1
14192.0,2,sage,1
14192.0,3,astra,3
14192.0,3,killjoy,2
14194.0,2,jett,11
14194.0,2,reyna,1
14194.0,3,jett,5
14195.0,2,cypher,1
14195.0,2,jett,1
14195.0,2,brimstone,1
14196.0,2,sova,5
14196.0,2,jett,1
14196.0,3,sova,5
14197.0,2,jett,3
14197.0,2,omen,1
14197.0,2,reyna,1
14198.0,2,raze,2
14198.0,2,breach,1
14198.0,2,killjoy,1
14199.0,2,jett,1
14199.0,2,omen,1
14199.0,2,sage,1
14200.0,2,jett,4
14200.0,3,sova,2
14201.0,2,brimstone,2
14201.0,2,omen,2
14201.0,3,omen,2
14202.0,2,raze,2
14202.0,2,reyna,2
14203.0,2,killjoy,4
14203.0,3,killjoy,1
14203.0,3,sage,1
14204.0,2,sova,4
14205.0,2,omen,2
14206.0,2,skye,2
14206.0,2,phoenix,1
14206.0,2,reyna,1
14206.0,3,breach,3
14206.0,3,skye,3
14206.0,3,sage,1
14207.0,2,omen,6
14207.0,2,astra,1
14207.0,3,astra,8
14207.0,3,omen,5
14207.0,3,sage,1
14207.0,3,viper,1
14208.0,2,raze,4
14208.0,2,phoenix,3
14208.0,3,raze,6
14208.0,3,phoenix,6
14208.0,3,skye,2
14208.0,3,jett,1
14209.0,2,killjoy,6
14209.0,2,sage,1
14209.0,3,killjoy,9
14209.0,3,cypher,4
14209.0,3,sage,1
14209.0,3,viper,1
14212.0,2,astra,1
14212.0,2,breach,1
14212.0,2,killjoy,1
14212.0,2,omen,1
14212.0,2,reyna,1
14213.0,2,jett,3
14213.0,2,skye,3
14213.0,2,breach,2
14213.0,2,phoenix,1
14213.0,3,jett,3
14213.0,3,sova,1
14213.0,3,sage,1
14214.0,2,sova,5
14215.0,2,killjoy,3
14215.0,2,sage,3
14215.0,2,sova,3
14215.0,3,sova,11
14215.0,3,skye,3
14215.0,3,astra,2
14215.0,3,sage,1
14216.0,2,skye,9
14216.0,3,skye,7
14216.0,3,viper,1
14217.0,2,astra,9
14219.0,2,cypher,4
14219.0,2,killjoy,3
14219.0,2,sova,2
14220.0,3,astra,2
14220.0,3,omen,1
14220.0,3,viper,1
14224.0,2,phoenix,2
14224.0,2,brimstone,1
14224.0,2,jett,1
14224.0,2,sage,1
14224.0,3,killjoy,3
14224.0,3,viper,3
14224.0,3,jett,2
14224.0,3,breach,1
14224.0,3,cypher,1
14224.0,3,phoenix,1
14225.0,2,jett,3
14225.0,2,reyna,1
14225.0,2,skye,1
14225.0,3,jett,8
14225.0,3,sage,3
14225.0,3,reyna,3
14226.0,2,sova,3
14226.0,2,skye,1
14226.0,2,killjoy,1
14226.0,3,sova,11
14226.0,3,killjoy,1
14226.0,3,sage,1
14227.0,2,raze,6
14227.0,3,raze,6
14227.0,3,jett,3
14227.0,3,phoenix,1
14227.0,3,reyna,1
14228.0,2,jett,6
14228.0,3,jett,5
14228.0,3,reyna,4
14228.0,3,raze,3
14228.0,3,kayo,2
14228.0,3,skye,1
14230.0,2,sova,6
14230.0,3,sova,2
14231.0,2,sage,2
14231.0,2,killjoy,2
14231.0,3,viper,4
14231.0,3,killjoy,3
14232.0,2,sova,1
14233.0,2,killjoy,1
14234.0,2,astra,1
14235.0,2,jett,1
14236.0,2,phoenix,1
14237.0,3,viper,1
14237.0,3,astra,1
14238.0,2,omen,1
14244.0,2,sova,3
14244.0,2,killjoy,1
14248.0,2,killjoy,1
14248.0,2,sage,1
14254.0,2,jett,6
14254.0,3,jett,12
14254.0,3,reyna,4
14254.0,3,yoru,2
14254.0,3,raze,2
14255.0,2,sage,2
14257.0,2,raze,2
14257.0,2,skye,2
14257.0,2,sage,1
14257.0,3,skye,3
14258.0,3,killjoy,3
14258.0,3,cypher,2
14258.0,3,viper,2
14290.0,2,jett,7
14290.0,2,reyna,2
14290.0,3,cypher,2
14290.0,3,astra,1
14290.0,3,brimstone,1
14290.0,3,sage,1
14291.0,2,raze,7
14291.0,2,jett,2
14291.0,2,reyna,1
14291.0,3,kayo,3
14291.0,3,jett,2
14291.0,3,sage,1
14291.0,3,skye,1
14292.0,2,sage,2
14292.0,2,brimstone,1
14292.0,2,omen,1
14299.0,2,jett,1
14299.0,2,raze,1
14299.0,3,breach,1
14310.0,3,jett,11
14310.0,3,raze,3
14310.0,3,sage,2
14311.0,3,killjoy,26
14311.0,3,cypher,4
14311.0,3,sage,2
14312.0,3,jett,31
14313.0,3,astra,20
14313.0,3,viper,11
14322.0,2,jett,10
14322.0,2,raze,8
14322.0,2,sova,1
14322.0,3,killjoy,30
14322.0,3,cypher,8
14322.0,3,raze,7
14322.0,3,skye,4
14322.0,3,viper,2
14322.0,3,kayo,1
14322.0,3,reyna,1
14327.0,2,sova,8
14327.0,2,breach,2
14327.0,2,astra,1
14327.0,2,killjoy,1
14327.0,2,viper,1
14327.0,3,phoenix,4
14327.0,3,sova,1
14327.0,3,skye,1
14328.0,2,omen,1
14328.0,2,jett,1
14328.0,2,breach,1
14334.0,2,jett,7
14334.0,2,sage,2
14334.0,3,jett,16
14334.0,3,yoru,2
14334.0,3,sage,1
14334.0,3,skye,1
14341.0,2,raze,6
14341.0,2,astra,2
14341.0,2,sova,2
14341.0,2,viper,2
14345.0,3,sova,3
14347.0,3,reyna,2
14347.0,3,phoenix,1
14349.0,3,astra,2
14349.0,3,sage,1
14351.0,3,cypher,2
14366.0,3,astra,11
14366.0,3,viper,7
14366.0,3,cypher,3
14366.0,3,skye,1
14369.0,2,raze,1
14386.0,1,brimstone,1
14386.0,1,killjoy,1
14386.0,2,jett,6
14386.0,2,reyna,5
14386.0,2,viper,2
14386.0,2,sova,1
14386.0,2,sage,1
14386.0,2,omen,1
14386.0,3,jett,6
14386.0,3,skye,5
14386.0,3,reyna,1
14386.0,3,viper,1
14386.0,3,cypher,1
14387.0,2,cypher,1
14388.0,3,jett,8
14388.0,3,killjoy,3
14388.0,3,chamber,2
14388.0,3,viper,1
14393.0,2,sova,2
14410.0,2,raze,1
14411.0,2,viper,1
14412.0,2,killjoy,1
14418.0,2,killjoy,1
14418.0,2,sage,1
14418.0,3,cypher,1
14418.0,3,sage,1
14419.0,2,phoenix,1
14420.0,2,astra,1
14421.0,2,phoenix,1
14421.0,2,reyna,1
14422.0,2,sage,1
14422.0,2,raze,1
14423.0,2,viper,1
14423.0,2,killjoy,1
14424.0,2,sova,2
14428.0,3,skye,7
14428.0,3,sage,4
14428.0,3,sova,1
14429.0,2,cypher,2
14430.0,2,omen,6
14430.0,2,cypher,1
14430.0,2,jett,1
14430.0,2,reyna,1
14431.0,2,omen,3
14431.0,2,killjoy,2
14431.0,2,breach,1
14431.0,2,sage,1
14431.0,3,sage,6
14431.0,3,skye,4
14431.0,3,breach,2
14431.0,3,brimstone,1
14432.0,2,jett,14
14432.0,3,sova,5
14432.0,3,cypher,1
14435.0,2,killjoy,3
14435.0,2,breach,1
14435.0,2,jett,1
14435.0,2,raze,1
14435.0,3,skye,11
14435.0,3,sova,5
14435.0,3,breach,3
14435.0,3,sage,1
14437.0,2,jett,2
14437.0,3,jett,6
14439.0,2,sova,2
14439.0,2,breach,1
14439.0,3,sova,11
14439.0,3,sage,2
14439.0,3,breach,1
14439.0,3,raze,1
14440.0,2,omen,1
14440.0,2,reyna,1
14440.0,3,jett,1
14440.0,3,omen,1
14440.0,3,sova,1
14441.0,2,cypher,2
14441.0,2,viper,1
14441.0,3,killjoy,7
14441.0,3,viper,5
14441.0,3,cypher,3
14442.0,2,jett,1
14443.0,2,sova,1
14443.0,3,sage,8
14443.0,3,sova,6
14443.0,3,killjoy,4
14443.0,3,raze,1
14443.0,3,viper,1
14444.0,2,jett,3
14444.0,2,raze,2
14444.0,2,skye,1
14444.0,3,jett,15
14444.0,3,raze,6
14445.0,2,viper,3
14445.0,2,skye,2
14445.0,2,astra,1
14445.0,3,skye,16
14445.0,3,viper,3
14445.0,3,breach,2
14445.0,3,astra,2
14446.0,2,sova,3
14446.0,2,sage,2
14446.0,2,viper,1
14446.0,3,sova,2
14446.0,3,viper,2
14446.0,3,breach,1
14447.0,2,sage,2
14447.0,2,killjoy,1
14447.0,3,killjoy,9
14447.0,3,viper,5
14447.0,3,sage,3
14449.0,3,breach,9
14449.0,3,skye,1
14449.0,3,viper,1
14450.0,3,jett,3
14450.0,3,cypher,1
14450.0,3,phoenix,1
14450.0,3,reyna,1
14453.0,2,sova,1
14454.0,2,jett,1
14454.0,3,jett,11
14456.0,2,astra,1
14456.0,3,astra,4
14456.0,3,killjoy,3
14456.0,3,brimstone,2
14456.0,3,kayo,2
14456.0,3,sage,1
14457.0,2,sage,1
14457.0,3,sage,5
14457.0,3,viper,3
14457.0,3,brimstone,2
14457.0,3,cypher,1
14457.0,3,killjoy,1
14458.0,3,raze,2
14460.0,2,skye,1
14460.0,3,skye,10
14462.0,3,omen,7
14462.0,3,reyna,3
14462.0,3,jett,2
14462.0,3,brimstone,1
14462.0,3,cypher,1
14462.0,3,kayo,1
14462.0,3,phoenix,1
14463.0,2,omen,1
14463.0,2,killjoy,1
14463.0,3,astra,9
14463.0,3,omen,3
14463.0,3,sage,1
14463.0,3,skye,1
14463.0,3,sova,1
14465.0,2,sova,6
14465.0,2,jett,4
14465.0,2,skye,3
14465.0,3,jett,4
14465.0,3,reyna,3
14465.0,3,skye,3
14465.0,3,phoenix,2
14465.0,3,kayo,2
14480.0,2,sova,2
14483.0,2,astra,2
14483.0,2,breach,2
14483.0,2,sova,1
14483.0,2,viper,1
14483.0,2,sage,1
14483.0,2,raze,1
14483.0,2,killjoy,1
14486.0,2,killjoy,9
14486.0,2,sage,2
14486.0,3,kayo,15
14486.0,3,sage,9
14486.0,3,killjoy,8
14486.0,3,phoenix,4
14486.0,3,skye,4
14486.0,3,jett,2
14486.0,3,reyna,2
14486.0,3,viper,1
14497.0,3,astra,3
14497.0,3,sage,1
14497.0,3,viper,1
14505.0,2,sova,3
14521.0,2,cypher,1
14534.0,2,astra,3
14534.0,2,omen,1
14536.0,2,killjoy,1
14537.0,2,jett,1
14538.0,2,omen,1
14539.0,2,reyna,1
14542.0,3,raze,2
14550.0,2,brimstone,1
14550.0,2,omen,1
14550.0,3,cypher,2
14550.0,3,killjoy,1
14550.0,3,astra,1
14550.0,3,omen,1
14551.0,2,sova,1
14552.0,2,sage,1
14553.0,2,cypher,1
14553.0,3,cypher,3
14553.0,3,omen,1
14553.0,3,sage,1
14554.0,2,jett,1
14562.0,3,astra,2
14562.0,3,viper,1
14566.0,3,reyna,5
14567.0,2,reyna,1
14568.0,2,omen,1
14569.0,2,viper,1
14570.0,2,sova,1
14571.0,2,brimstone,1
14572.0,2,sage,1
14573.0,2,reyna,1
14574.0,2,jett,1
14574.0,3,skye,3
14575.0,2,killjoy,1
14575.0,3,reyna,5
14576.0,2,sova,1
14576.0,3,jett,2
14576.0,3,raze,1
14577.0,2,astra,1
14579.0,2,sova,1
14580.0,2,killjoy,1
14581.0,2,astra,1
14582.0,2,raze,1
14585.0,2,sova,1
14586.0,2,skye,1
14586.0,3,astra,4
14586.0,3,omen,3
14586.0,3,cypher,2
14586.0,3,breach,1
14586.0,3,raze,1
14586.0,3,sova,1
14586.0,3,viper,1
14587.0,2,jett,1
14587.0,3,chamber,6
14587.0,3,reyna,4
14588.0,2,cypher,1
14589.0,2,omen,1
14589.0,3,skye,4
14589.0,3,viper,2
14589.0,3,astra,2
14589.0,3,breach,1
14589.0,3,brimstone,1
14590.0,2,skye,1
14607.0,2,jett,2
14607.0,3,raze,2
14607.0,3,jett,1
14608.0,2,sage,2
14609.0,2,sova,2
14614.0,3,killjoy,1
14614.0,3,viper,1
14615.0,3,raze,1
14615.0,3,sage,1
14616.0,3,breach,1
14616.0,3,skye,1
14632.0,3,astra,10
14632.0,3,viper,4
14633.0,2,reyna,1
14634.0,2,sova,1
14635.0,2,sage,1
14636.0,2,cypher,1
14637.0,2,omen,1
14638.0,2,sova,3
14639.0,2,phoenix,1
14640.0,2,sova,1
14640.0,3,sova,6
14640.0,3,cypher,1
14640.0,3,skye,1
14641.0,3,cypher,2
14642.0,2,killjoy,1
14642.0,3,omen,2
14643.0,2,astra,1
14643.0,3,jett,2
14644.0,2,raze,1
14644.0,3,raze,3
14644.0,3,jett,3
14644.0,3,reyna,2
14644.0,3,sova,1
14645.0,2,sova,1
14646.0,2,killjoy,1
14649.0,2,phoenix,1
14652.0,2,astra,1
14652.0,3,viper,3
14652.0,3,astra,2
14652.0,3,cypher,1
14652.0,3,killjoy,1
14653.0,2,jett,1
14653.0,2,phoenix,1
14653.0,2,raze,1
14653.0,3,reyna,2
14653.0,3,phoenix,1
14654.0,2,sova,2
14654.0,2,cypher,1
14654.0,3,sova,2
14654.0,3,skye,1
14655.0,2,astra,1
14655.0,2,jett,1
14656.0,2,killjoy,1
14656.0,3,cypher,1
14656.0,3,killjoy,1
14656.0,3,viper,1
14657.0,2,astra,1
14657.0,2,omen,1
14657.0,2,viper,1
14657.0,3,brimstone,2
14657.0,3,omen,1
14669.0,3,viper,10
14669.0,3,sova,4
14669.0,3,killjoy,4
14669.0,3,cypher,1
14674.0,2,raze,2
14674.0,3,skye,1
14674.0,3,phoenix,1
14674.0,3,raze,1
14675.0,2,astra,2
14675.0,3,viper,2
14675.0,3,astra,1
14676.0,2,cypher,1
14676.0,2,skye,1
14676.0,3,skye,3
14676.0,3,omen,2
14676.0,3,cypher,2
14676.0,3,viper,1
14677.0,2,sage,1
14677.0,2,sova,1
14677.0,3,jett,16
14677.0,3,sova,3
14678.0,2,jett,2
14678.0,3,jett,5
14678.0,3,raze,1
14678.0,3,brimstone,1
14680.0,3,jett,1
14680.0,3,cypher,1
14684.0,3,raze,1
14684.0,3,skye,1
14692.0,2,omen,1
14692.0,2,reyna,1
14693.0,2,cypher,2
14701.0,2,jett,2
14701.0,3,raze,7
14701.0,3,jett,2
14701.0,3,reyna,2
14701.0,3,sage,1
14701.0,3,skye,1
14702.0,3,omen,4
14702.0,3,sage,2
14702.0,3,reyna,1
14702.0,3,viper,1
14703.0,3,sova,2
14705.0,2,cypher,1
14705.0,2,killjoy,1
14705.0,3,viper,7
14705.0,3,breach,6
14705.0,3,cypher,3
14705.0,3,skye,1
14708.0,2,killjoy,3
14708.0,2,sage,2
14710.0,3,sage,3
14710.0,3,cypher,2
14715.0,3,viper,1
14715.0,3,killjoy,1
14717.0,2,sova,2
14717.0,2,sage,1
14718.0,2,omen,2
14718.0,2,brimstone,1
14719.0,2,killjoy,2
14719.0,2,viper,1
14720.0,2,sova,3
14720.0,3,jett,6
14720.0,3,raze,3
14722.0,2,phoenix,1
14722.0,2,skye,1
14722.0,3,skye,7
14722.0,3,breach,4
14722.0,3,reyna,1
14726.0,3,jett,2
14729.0,2,skye,1
14729.0,2,sova,1
14731.0,2,killjoy,1
14731.0,2,sova,1
14737.0,3,sage,2
14758.0,3,jett,3
14778.0,2,astra,1
14779.0,2,killjoy,1
14780.0,2,sova,1
14780.0,3,skye,5
14780.0,3,reyna,2
14780.0,3,sova,1
14781.0,2,jett,1
14786.0,3,viper,1
14787.0,2,astra,1
14787.0,3,viper,6
14787.0,3,omen,3
14788.0,2,sova,1
14790.0,2,jett,3
14790.0,3,sage,2
14790.0,3,reyna,1
14790.0,3,jett,1
14793.0,2,breach,1
14793.0,2,jett,1
14793.0,2,viper,1
14795.0,2,astra,1
14795.0,2,killjoy,1
14795.0,2,sage,1
14797.0,2,omen,1
14797.0,2,raze,1
14797.0,2,reyna,1
14798.0,3,sova,12
14798.0,3,kayo,1
14799.0,2,reyna,2
14801.0,3,sage,4
14801.0,3,skye,2
14806.0,2,killjoy,1
14806.0,2,sage,1
14811.0,2,viper,5
14811.0,2,astra,4
14811.0,2,sova,2
14811.0,2,sage,1
14811.0,3,viper,8
14811.0,3,astra,6
14819.0,2,killjoy,1
14819.0,2,cypher,1
14819.0,2,raze,1
14823.0,2,raze,1
14836.0,2,omen,1
14836.0,2,sova,1
14838.0,3,raze,2
14838.0,3,jett,1
14838.0,3,skye,1
14840.0,3,brimstone,1
14840.0,3,sage,1
14841.0,3,sova,2
14841.0,3,viper,2
14842.0,2,raze,1
14842.0,2,phoenix,1
14842.0,2,sage,1
14842.0,3,jett,1
14842.0,3,raze,1
14842.0,3,sova,1
14850.0,2,breach,2
14850.0,2,raze,1
14851.0,2,sova,2
14851.0,3,sova,2
14867.0,2,cypher,1
14867.0,2,killjoy,1
14867.0,2,sage,1
14868.0,2,astra,2
14868.0,2,sage,1
14868.0,3,sage,6
14868.0,3,skye,2
14868.0,3,reyna,1
14874.0,2,killjoy,1
14874.0,2,raze,1
14874.0,3,viper,6
14874.0,3,cypher,2
14874.0,3,killjoy,2
14892.0,3,sage,2
14892.0,3,raze,1
14911.0,2,sova,2
14911.0,2,brimstone,1
14913.0,2,omen,2
14914.0,2,raze,2
14915.0,2,reyna,2
14916.0,2,sage,1
14916.0,2,sova,1
14917.0,2,cypher,1
14918.0,2,killjoy,1
14918.0,3,sova,2
14919.0,2,raze,2
14924.0,2,jett,1
14926.0,2,raze,1
14927.0,2,killjoy,1
14928.0,2,phoenix,6
14929.0,2,astra,1
14930.0,2,sage,1
14936.0,1,sova,2
14936.0,1,breach,1
14936.0,2,sage,3
14936.0,2,sova,2
14936.0,2,killjoy,2
14936.0,2,cypher,2
14936.0,3,sage,1
14936.0,3,cypher,1
14936.0,3,killjoy,1
14950.0,2,jett,2
14951.0,2,astra,1
14951.0,2,omen,1
14952.0,2,sage,1
14952.0,2,viper,1
14953.0,2,raze,1
14953.0,2,skye,1
14959.0,2,jett,1
14960.0,2,phoenix,1
14961.0,2,killjoy,1
14962.0,2,sage,1
14963.0,2,sova,4
14964.0,2,reyna,3
14964.0,2,phoenix,1
14965.0,2,omen,4
14966.0,2,killjoy,4
14967.0,2,jett,4
14969.0,2,phoenix,1
14970.0,2,jett,1
14971.0,2,sage,1
14972.0,2,omen,1
14974.0,2,sova,1
14975.0,3,sage,1
14975.0,3,viper,1
14975.0,3,killjoy,1
14981.0,2,viper,1
14982.0,2,raze,1
14989.0,2,phoenix,1
14989.0,2,reyna,1
14989.0,3,skye,6
14989.0,3,sage,4
14989.0,3,phoenix,2
14989.0,3,raze,2
14989.0,3,jett,2
14989.0,3,killjoy,1
14990.0,3,raze,8
14990.0,3,sage,2
14990.0,3,viper,2
14991.0,3,cypher,5
14991.0,3,sage,2
14991.0,3,killjoy,1
14991.0,3,viper,1
14996.0,3,killjoy,2
14996.0,3,skye,2
14997.0,3,sova,2
14997.0,3,kayo,1
14997.0,3,omen,1
14999.0,3,sova,2
15002.0,2,sova,4
15002.0,2,sage,3
15008.0,2,phoenix,2
15008.0,2,sage,1
15009.0,2,jett,1
15009.0,2,raze,1
15009.0,2,sage,1
15011.0,2,omen,2
15011.0,3,astra,1
15011.0,3,viper,1
15027.0,2,cypher,1
15027.0,2,phoenix,1
15041.0,2,killjoy,1
15041.0,2,omen,1
15041.0,2,sage,1
15041.0,3,astra,2
15051.0,3,reyna,13
15051.0,3,sova,9
15051.0,3,killjoy,5
15051.0,3,cypher,3
15051.0,3,viper,2
15051.0,3,breach,1
15051.0,3,jett,1
15051.0,3,raze,1
15052.0,3,omen,3
15052.0,3,viper,1
15052.0,3,reyna,1
15052.0,3,kayo,1
15052.0,3,phoenix,1
15053.0,3,reyna,2
15053.0,3,raze,1
15055.0,2,cypher,2
15055.0,2,viper,2
15055.0,2,jett,1
15068.0,3,astra,2
15069.0,3,jett,2
15077.0,2,jett,1
15077.0,2,sage,1
15078.0,2,jett,1
15081.0,2,sova,4
15081.0,3,sova,28
15081.0,3,sage,1
15095.0,2,sova,2
15095.0,2,viper,1
15100.0,3,killjoy,2
15100.0,3,sage,1
15103.0,3,cypher,2
15127.0,3,raze,2
15128.0,3,astra,1
15128.0,3,omen,1
15129.0,3,killjoy,1
15129.0,3,sage,1
15130.0,3,jett,1
15130.0,3,reyna,1
15131.0,3,breach,1
15131.0,3,sova,1
15190.0,3,raze,1
15190.0,3,reyna,1
15196.0,3,jett,2
15198.0,3,sova,2
15217.0,1,killjoy,3
15217.0,1,breach,2
15217.0,1,jett,1
15217.0,1,phoenix,1
15218.0,2,sage,4
15218.0,2,phoenix,2
15218.0,2,yoru,2
15239.0,2,jett,1
15249.0,2,sova,1
15250.0,2,skye,1
15251.0,2,sage,1
15251.0,2,breach,1
15251.0,3,jett,10
15251.0,3,sage,4
15251.0,3,sova,2
15252.0,2,jett,3
15252.0,2,sage,2
15252.0,2,omen,1
15252.0,3,sova,7
15252.0,3,jett,6
15252.0,3,sage,5
15252.0,3,killjoy,4
15252.0,3,brimstone,3
15252.0,3,cypher,2
15252.0,3,viper,1
15253.0,2,jett,2
15253.0,2,phoenix,2
15254.0,2,reyna,2
15255.0,2,sova,1
15255.0,2,sage,1
15255.0,3,sova,2
15255.0,3,sage,1
15256.0,2,omen,2
15257.0,2,jett,1
15257.0,2,raze,1
15258.0,2,cypher,1
15258.0,2,killjoy,1
15258.0,3,killjoy,2
15258.0,3,brimstone,1
15259.0,2,sova,1
15260.0,2,astra,1
15261.0,2,killjoy,1
15263.0,2,phoenix,1
15264.0,2,sova,1
15264.0,3,sova,6
15265.0,2,astra,1
15265.0,3,reyna,2
15265.0,3,raze,2
15265.0,3,astra,1
15265.0,3,sage,1
15266.0,2,astra,2
15266.0,3,astra,4
15266.0,3,sage,2
15267.0,2,killjoy,1
15267.0,2,viper,1
15267.0,3,killjoy,3
15267.0,3,viper,3
15268.0,2,reyna,2
15269.0,2,sage,1
15269.0,2,sova,1
15270.0,2,jett,2
15270.0,3,jett,4
15270.0,3,sage,2
15271.0,2,sova,3
15271.0,2,viper,1
15272.0,2,jett,3
15272.0,2,raze,1
15273.0,2,astra,1
15273.0,3,jett,5
15274.0,2,killjoy,1
15274.0,3,killjoy,3
15274.0,3,sage,2
15275.0,2,reyna,1
15275.0,3,reyna,5
15276.0,2,sova,1
15276.0,3,sova,5
15277.0,2,jett,1
15277.0,3,omen,3
15277.0,3,viper,2
15286.0,3,killjoy,3
15286.0,3,viper,2
15286.0,3,cypher,1
15287.0,2,jett,4
15297.0,3,jett,5
15297.0,3,skye,1
15299.0,2,jett,2
15299.0,2,phoenix,2
15299.0,2,reyna,1
15300.0,2,sova,1
15300.0,2,cypher,1
15301.0,2,jett,1
15302.0,2,sage,1
15302.0,3,skye,11
15302.0,3,breach,2
15302.0,3,raze,2
15303.0,2,killjoy,1
15303.0,2,sova,1
15304.0,2,phoenix,1
15304.0,2,raze,1
15305.0,2,breach,1
15305.0,2,skye,1
15306.0,2,cypher,1
15306.0,2,omen,1
15307.0,2,omen,1
15307.0,2,sage,1
15312.0,2,cypher,1
15312.0,2,killjoy,1
15313.0,2,jett,2
15314.0,2,phoenix,2
15314.0,2,reyna,2
15314.0,2,raze,1
15314.0,3,viper,1
15314.0,3,raze,1
15314.0,3,astra,1
15315.0,2,cypher,4
15315.0,2,sage,1
15316.0,2,omen,3
15316.0,2,astra,1
15316.0,2,brimstone,1
15317.0,2,sova,5
15317.0,3,astra,3
15317.0,3,sova,2
15318.0,2,jett,5
15318.0,3,jett,8
15318.0,3,raze,1
15323.0,2,reyna,1
15324.0,2,cypher,1
15325.0,2,breach,1
15326.0,2,jett,1
15327.0,2,omen,1
15328.0,2,phoenix,1
15328.0,2,sage,1
15331.0,2,sova,2
15332.0,2,astra,1
15332.0,2,omen,1
15344.0,3,jett,10
15363.0,2,phoenix,3
15363.0,2,sage,3
15363.0,2,sova,1
15363.0,3,sova,7
15363.0,3,killjoy,2
15363.0,3,omen,2
15364.0,2,omen,4
15364.0,2,raze,2
15364.0,2,jett,1
15364.0,3,raze,3
15364.0,3,astra,2
15364.0,3,breach,2
15364.0,3,viper,2
15364.0,3,killjoy,1
15364.0,3,reyna,1
15364.0,3,sage,1
15364.0,3,skye,1
15368.0,2,phoenix,1
15369.0,2,killjoy,2
15370.0,2,sova,1
15371.0,2,jett,2
15372.0,2,astra,2
15391.0,3,jett,4
15418.0,3,sova,2
15436.0,2,astra,2
15436.0,3,astra,8
15436.0,3,killjoy,2
15436.0,3,sage,2
15437.0,3,astra,9
15437.0,3,brimstone,3
15437.0,3,sage,2
15437.0,3,sova,1
15437.0,3,viper,1
15438.0,3,astra,6
15438.0,3,sova,2
15438.0,3,viper,2
15438.0,3,brimstone,1
15439.0,3,astra,5
15439.0,3,sage,4
15439.0,3,viper,2
15440.0,3,jett,8
15440.0,3,killjoy,5
15440.0,3,sova,4
15440.0,3,skye,3
15440.0,3,brimstone,2
15440.0,3,astra,1
15441.0,3,sova,3
15441.0,3,breach,2
15442.0,3,jett,2
15442.0,3,raze,1
15443.0,3,killjoy,5
15443.0,3,astra,3
15443.0,3,viper,3
15443.0,3,sova,1
15443.0,3,sage,1
15444.0,3,sova,10
15444.0,3,skye,9
15444.0,3,breach,7
15444.0,3,sage,2
15444.0,3,brimstone,2
15444.0,3,kayo,2
15444.0,3,raze,1
15445.0,3,astra,5
15445.0,3,killjoy,4
15445.0,3,cypher,3
15445.0,3,sage,2
15445.0,3,sova,1
15445.0,3,viper,1
15446.0,3,sova,5
15446.0,3,skye,3
15446.0,3,jett,2
15446.0,3,sage,1
15447.0,3,reyna,4
15447.0,3,raze,2
15447.0,3,skye,2
15447.0,3,killjoy,2
15447.0,3,sage,1
15448.0,3,jett,8
15449.0,3,viper,19
15449.0,3,killjoy,15
15450.0,3,astra,10
15450.0,3,jett,4
15450.0,3,raze,3
15450.0,3,viper,3
15450.0,3,omen,1
15450.0,3,skye,1
15451.0,3,killjoy,11
15451.0,3,breach,4
15451.0,3,viper,2
15451.0,3,astra,1
15451.0,3,reyna,1
15453.0,3,sova,14
15453.0,3,breach,2
15453.0,3,skye,2
15453.0,3,killjoy,1
15453.0,3,viper,1
15454.0,3,jett,2
15454.0,3,killjoy,2
15454.0,3,raze,1
15455.0,3,jett,15
15455.0,3,sage,3
15455.0,3,reyna,2
15455.0,3,phoenix,1
15455.0,3,raze,1
15457.0,3,astra,2
15457.0,3,brimstone,1
15458.0,3,jett,16
15458.0,3,raze,9
15458.0,3,sage,4
15458.0,3,skye,4
15458.0,3,reyna,1
15460.0,2,skye,2
15460.0,2,sova,2
15460.0,2,viper,2
15460.0,2,astra,1
15460.0,3,sova,1
15462.0,2,sova,1
15463.0,2,viper,1
15490.0,3,astra,5
15490.0,3,omen,1
15490.0,3,sage,1
15500.0,3,sova,10
15500.0,3,viper,4
15500.0,3,killjoy,1
15500.0,3,skye,1
15501.0,2,sage,2
15501.0,3,sage,2
15501.0,3,skye,2
15501.0,3,breach,1
15503.0,2,phoenix,1
15503.0,2,reyna,1
15504.0,2,cypher,2
15505.0,2,jett,2
15513.0,2,jett,1
15514.0,2,sova,1
15515.0,2,viper,1
15516.0,2,astra,1
15517.0,2,raze,1
15518.0,2,sage,1
15524.0,2,sova,1
15524.0,3,sova,2
15525.0,2,jett,1
15526.0,2,astra,1
15527.0,3,killjoy,2
15528.0,3,skye,1
15529.0,3,omen,2
15530.0,3,sage,1
15531.0,3,raze,2
15532.0,3,jett,2
15537.0,3,sova,4
15537.0,3,cypher,2
15537.0,3,breach,1
15537.0,3,sage,1
15538.0,3,jett,3
15539.0,2,reyna,2
15539.0,2,raze,1
15540.0,2,viper,2
15540.0,2,killjoy,1
15542.0,2,astra,1
15542.0,2,viper,1
15542.0,3,jett,12
15542.0,3,sage,2
15548.0,2,phoenix,1
15549.0,2,reyna,1
15550.0,2,omen,1
15551.0,2,viper,1
15551.0,3,astra,1
15551.0,3,viper,1
15552.0,2,sova,1
15554.0,3,astra,4
15554.0,3,viper,2
15554.0,3,omen,2
15554.0,3,killjoy,1
15555.0,3,sage,4
15555.0,3,reyna,4
15556.0,2,astra,1
15556.0,2,sage,1
15559.0,2,killjoy,10
15559.0,2,cypher,2
15559.0,3,killjoy,9
15559.0,3,cypher,1
15560.0,2,astra,1
15561.0,2,reyna,1
15562.0,2,raze,1
15563.0,2,sage,1
15564.0,2,killjoy,1
15576.0,2,cypher,1
15576.0,3,jett,3
15576.0,3,skye,2
15576.0,3,sova,2
15576.0,3,astra,1
15576.0,3,breach,1
15577.0,2,reyna,1
15577.0,3,jett,5
15578.0,2,jett,1
15579.0,2,reyna,1
15580.0,2,astra,1
15581.0,2,killjoy,1
15582.0,2,sova,1
15583.0,2,killjoy,1
15584.0,2,sova,1
15585.0,2,sage,1
15586.0,2,viper,1
15587.0,2,astra,1
15588.0,2,sage,1
15588.0,3,jett,1
15588.0,3,reyna,1
15589.0,2,astra,1
15589.0,3,omen,1
15589.0,3,viper,1
15590.0,2,reyna,1
15591.0,2,astra,1
15592.0,2,killjoy,1
15593.0,2,jett,1
15594.0,2,sova,1
15595.0,2,killjoy,4
15595.0,2,viper,3
15595.0,3,killjoy,5
15595.0,3,cypher,2
15595.0,3,viper,2
15595.0,3,astra,1
15597.0,3,sova,3
15597.0,3,skye,1
15599.0,2,sova,1
15599.0,2,phoenix,1
15600.0,2,viper,1
15600.0,2,killjoy,1
15601.0,2,sova,1
15601.0,3,phoenix,2
15601.0,3,skye,1
15602.0,2,astra,1
15603.0,2,raze,2
15620.0,3,jett,4
15620.0,3,astra,2
15620.0,3,sage,1
15621.0,2,astra,2
15624.0,3,sova,3
15624.0,3,sage,2
15624.0,3,skye,1
15626.0,3,jett,1
15628.0,3,jett,3
15628.0,3,sage,3
15628.0,3,reyna,1
15629.0,3,sova,3
15629.0,3,cypher,1
15635.0,2,jett,1
15636.0,2,reyna,1
15637.0,2,sage,1
15638.0,2,viper,1
15639.0,2,sova,1
15640.0,2,reyna,1
15641.0,2,jett,1
15644.0,2,sova,1
15644.0,2,sage,1
15644.0,2,reyna,1
15645.0,2,skye,1
15645.0,3,astra,3
15645.0,3,viper,3
15646.0,2,phoenix,1
15647.0,2,astra,1
15648.0,2,viper,1
15649.0,2,breach,1
15649.0,3,killjoy,1
15650.0,2,sova,1
15651.0,3,sage,3
15651.0,3,cypher,2
15651.0,3,killjoy,1
15652.0,3,killjoy,3
15656.0,3,killjoy,2
15657.0,3,jett,2
15657.0,3,reyna,1
15657.0,3,viper,1
15671.0,2,sage,1
15671.0,2,sova,1
15677.0,2,killjoy,2
15677.0,3,sage,2
15677.0,3,killjoy,1
15678.0,2,astra,1
15678.0,2,viper,1
15678.0,3,viper,2
15678.0,3,astra,1
15684.0,3,omen,2
15693.0,3,phoenix,1
15696.0,3,cypher,3
15696.0,3,sage,3
15696.0,3,viper,3
15696.0,3,killjoy,1
15696.0,3,omen,1
15697.0,3,sova,22
15697.0,3,breach,4
15697.0,3,sage,1
15706.0,2,killjoy,2
15711.0,3,astra,2
15711.0,3,viper,1
15712.0,2,raze,1
15712.0,2,jett,1
15712.0,3,reyna,7
15715.0,3,reyna,1
15715.0,3,skye,1
15717.0,2,cypher,1
15717.0,2,viper,1
15717.0,3,viper,2
15717.0,3,killjoy,1
15724.0,3,raze,1
15724.0,3,reyna,1
15727.0,3,omen,1
15727.0,3,breach,1
15728.0,2,cypher,2
15728.0,2,viper,1
15729.0,2,jett,3
15732.0,2,astra,2
15732.0,2,raze,1
15732.0,3,astra,2
15732.0,3,sage,1
15733.0,2,viper,2
15733.0,2,killjoy,1
15734.0,2,sova,2
15734.0,2,cypher,1
15734.0,3,sova,1
15735.0,2,jett,3
15735.0,3,jett,1
15736.0,2,skye,3
15736.0,3,skye,1
15737.0,2,cypher,1
15737.0,2,killjoy,1
15737.0,2,reyna,1
15737.0,3,killjoy,14
15737.0,3,reyna,9
15737.0,3,cypher,7
15737.0,3,sage,3
15737.0,3,raze,1
15747.0,3,jett,9
15747.0,3,sage,2
15747.0,3,raze,1
15747.0,3,skye,1
15760.0,2,jett,1
15761.0,2,raze,1
15762.0,2,sova,1
15763.0,2,killjoy,1
15764.0,2,brimstone,1
15770.0,2,reyna,1
15771.0,2,astra,1
15772.0,2,viper,1
15773.0,2,cypher,1
15774.0,2,raze,1
15775.0,2,cypher,1
15775.0,3,killjoy,3
15775.0,3,viper,2
15776.0,2,sage,1
15777.0,2,sova,1
15777.0,3,skye,2
15777.0,3,jett,1
15778.0,2,astra,1
15778.0,3,astra,2
15778.0,3,sage,1
15779.0,2,raze,1
15780.0,2,viper,1
15781.0,2,jett,1
15782.0,2,sova,1
15783.0,2,sage,1
15796.0,2,reyna,1
15797.0,2,jett,1
15798.0,2,sova,1
15799.0,2,cypher,1
15800.0,2,astra,1
15801.0,2,jett,1
15802.0,2,breach,1
15807.0,2,raze,4
15807.0,2,sage,2
15830.0,3,killjoy,10
15830.0,3,skye,9
15841.0,2,phoenix,1
15842.0,2,raze,1
15843.0,2,sage,1
15844.0,2,jett,1
15845.0,2,breach,1
15846.0,2,omen,1
15847.0,2,killjoy,1
15848.0,3,jett,1
15848.0,3,reyna,1
15849.0,3,cypher,1
15849.0,3,jett,1
15850.0,3,sova,2
15851.0,3,astra,1
15851.0,3,viper,1
15852.0,2,astra,2
15852.0,2,viper,1
15863.0,2,astra,1
15863.0,2,brimstone,1
15863.0,2,viper,1
15864.0,2,sova,3
15874.0,3,sova,1
15874.0,3,cypher,1
15884.0,3,sova,4
15884.0,3,jett,2
15885.0,3,reyna,6
15885.0,3,jett,1
15886.0,3,omen,3
15886.0,3,viper,2
15886.0,3,cypher,1
15887.0,3,jett,3
15887.0,3,omen,1
15887.0,3,raze,1
15887.0,3,yoru,1
15888.0,3,sova,3
15888.0,3,killjoy,3
15888.0,3,omen,3
15888.0,3,cypher,2
15888.0,3,sage,1
15889.0,3,breach,7
15889.0,3,cypher,4
15889.0,3,viper,4
15889.0,3,killjoy,1
15893.0,2,omen,1
15893.0,2,sage,1
15894.0,2,jett,1
15894.0,2,raze,1
15895.0,2,sage,1
15895.0,2,sova,1
15896.0,2,phoenix,2
15896.0,2,sage,1
15897.0,2,astra,2
15897.0,2,viper,1
15897.0,3,sova,12
15898.0,2,cypher,1
15898.0,2,killjoy,1
15898.0,2,reyna,1
15898.0,3,raze,8
15898.0,3,phoenix,2
15898.0,3,cypher,1
15898.0,3,reyna,1
15899.0,3,skye,3
15899.0,3,raze,2
15899.0,3,killjoy,1
15900.0,3,astra,6
15902.0,3,jett,6
15903.0,3,sova,6
15931.0,3,sova,5
15931.0,3,skye,1
15952.0,3,astra,6
15952.0,3,sova,4
15952.0,3,killjoy,3
15952.0,3,viper,2
15952.0,3,sage,2
15952.0,3,brimstone,1
15952.0,3,omen,1
15953.0,3,reyna,2
15953.0,3,sova,1
15953.0,3,sage,1
15953.0,3,cypher,1
15954.0,3,omen,1
15954.0,3,brimstone,1
15955.0,3,jett,1
15955.0,3,raze,1
15956.0,3,phoenix,1
15956.0,3,reyna,1
15957.0,3,cypher,2
15958.0,3,omen,2
15959.0,3,sova,2
15962.0,3,raze,1
15962.0,3,sage,1
15963.0,3,viper,2
15971.0,3,sage,1
15978.0,3,breach,1
15978.0,3,sage,1
15998.0,3,astra,1
15998.0,3,breach,1
15998.0,3,reyna,1
15998.0,3,skye,1
15999.0,3,jett,1
15999.0,3,skye,1
16001.0,3,sova,2
16002.0,3,astra,4
16002.0,3,sage,1
16002.0,3,phoenix,1
16003.0,3,sova,19
16003.0,3,breach,1
16005.0,3,jett,2
16005.0,3,sova,1
16006.0,3,killjoy,1
16006.0,3,sage,1
16014.0,3,jett,6
16014.0,3,reyna,2
16014.0,3,sage,1
16015.0,3,omen,4
16015.0,3,viper,3
16015.0,3,brimstone,1
16015.0,3,sage,1
16016.0,3,raze,5
16016.0,3,reyna,2
16016.0,3,jett,1
16016.0,3,sage,1
16017.0,3,sova,4
16017.0,3,killjoy,2
16017.0,3,sage,1
16018.0,3,killjoy,2
16018.0,3,sage,2
16018.0,3,astra,1
16018.0,3,reyna,1
16018.0,3,sova,1
16019.0,3,omen,3
16019.0,3,sage,1
16019.0,3,viper,1
16021.0,3,raze,2
16021.0,3,sova,1
16022.0,3,killjoy,2
16022.0,3,sage,1
16024.0,3,jett,2
16024.0,3,phoenix,2
16026.0,3,jett,4
16026.0,3,raze,1
16026.0,3,reyna,1
16027.0,3,viper,6
16028.0,3,kayo,3
16028.0,3,skye,2
16028.0,3,reyna,1
16033.0,3,astra,2
16043.0,3,killjoy,2
16044.0,3,sova,2
16045.0,3,astra,1
16045.0,3,killjoy,1
16058.0,3,sova,2
16059.0,3,cypher,1
16059.0,3,sage,1
16060.0,3,astra,1
16060.0,3,reyna,1
16061.0,3,jett,2
16063.0,3,raze,1
16063.0,3,sage,1
16078.0,3,killjoy,3
16078.0,3,astra,1
16079.0,3,sova,4
16079.0,3,viper,1
16080.0,3,astra,2
16080.0,3,sage,2
16103.0,3,jett,9
16167.0,3,jett,1
16168.0,3,reyna,1
16189.0,3,jett,2
16190.0,3,cypher,1
16190.0,3,viper,1
16191.0,3,breach,1
16191.0,3,skye,1
16192.0,3,sova,2
16193.0,3,astra,1
16193.0,3,viper,1
16196.0,3,killjoy,12
16196.0,3,cypher,4
16196.0,3,breach,1
16206.0,3,breach,6
16206.0,3,astra,3
16206.0,3,reyna,3
16206.0,3,skye,2
16206.0,3,viper,2
16206.0,3,sage,1
16207.0,3,sova,2
16218.0,3,sova,2
16219.0,3,breach,1
16219.0,3,viper,1
16220.0,3,astra,1
16220.0,3,sage,1
16224.0,3,jett,2
16276.0,3,skye,1
16276.0,3,viper,1
16277.0,3,jett,2
16298.0,3,sova,2
16321.0,3,viper,21
16321.0,3,cypher,12
16321.0,3,killjoy,6
16336.0,3,omen,2
16336.0,3,sage,2
16336.0,3,cypher,1
16406.0,3,jett,12
16406.0,3,astra,1
16406.0,3,omen,1
16417.0,3,reyna,9
16417.0,3,skye,7
16417.0,3,breach,6
16417.0,3,kayo,3
16417.0,3,phoenix,1
16418.0,3,jett,25
16418.0,3,raze,4
16419.0,3,killjoy,15
16419.0,3,breach,6
16419.0,3,cypher,3
16419.0,3,skye,3
16420.0,3,astra,21
16420.0,3,viper,6
16438.0,3,killjoy,3
16438.0,3,viper,2
16438.0,3,skye,1
16439.0,3,reyna,5
16439.0,3,cypher,4
16439.0,3,sage,4
16439.0,3,killjoy,2
16447.0,3,sova,2
16448.0,3,skye,2
16458.0,3,omen,1
16458.0,3,brimstone,1
16459.0,3,killjoy,9
16459.0,3,cypher,3
16459.0,3,sage,1
16490.0,3,brimstone,1
16490.0,3,killjoy,1
16491.0,3,omen,1
16491.0,3,sova,1
16581.0,3,viper,1
16595.0,3,raze,4
16595.0,3,sova,2
16596.0,3,omen,2
16597.0,3,sova,2
16598.0,3,raze,2
16602.0,3,sova,2
16603.0,3,astra,1
16603.0,3,viper,1
16604.0,3,killjoy,2
16613.0,3,killjoy,1
16613.0,3,viper,1
16614.0,3,raze,2
16615.0,3,phoenix,1
16615.0,3,reyna,1
16616.0,3,astra,2
16617.0,3,sova,2
16620.0,3,sage,1
16620.0,3,viper,1
16621.0,3,skye,2
16621.0,3,reyna,2
16621.0,3,raze,1
16624.0,3,sage,3
16624.0,3,breach,1
16624.0,3,killjoy,1
16624.0,3,sova,1
16625.0,3,sova,3
16625.0,3,killjoy,1
16625.0,3,viper,1
16626.0,3,astra,5
16626.0,3,cypher,1
16626.0,3,killjoy,1
16626.0,3,omen,1
16626.0,3,sage,1
16627.0,3,sova,8
16627.0,3,killjoy,1
16628.0,3,killjoy,2
16628.0,3,sage,1
16629.0,3,reyna,7
16629.0,3,yoru,2
16629.0,3,sage,1
16630.0,3,viper,5
16630.0,3,omen,1
16631.0,3,sova,5
16631.0,3,sage,1
16632.0,3,jett,4
16632.0,3,skye,2
16633.0,3,reyna,3
16633.0,3,jett,2
16633.0,3,breach,1
16635.0,3,viper,3
16635.0,3,astra,2
16635.0,3,omen,1
16641.0,3,jett,2
16641.0,3,killjoy,1
16641.0,3,sova,1
16642.0,3,astra,8
16642.0,3,sage,1
16643.0,3,viper,4
16643.0,3,killjoy,2
16643.0,3,phoenix,1
16643.0,3,skye,1
16644.0,3,jett,5
16644.0,3,skye,3
16644.0,3,reyna,1
16645.0,3,sova,6
16645.0,3,kayo,3
16647.0,3,omen,3
16647.0,3,astra,1
16648.0,3,viper,4
16648.0,3,omen,2
16648.0,3,sage,1
16649.0,3,reyna,5
16649.0,3,kayo,2
16649.0,3,phoenix,2
16649.0,3,skye,2
16650.0,3,sova,2
16650.0,3,cypher,1
16650.0,3,sage,1
16651.0,3,reyna,3
16651.0,3,raze,1
16652.0,3,omen,2
16652.0,3,viper,2
16653.0,3,skye,2
16653.0,3,killjoy,1
16653.0,3,sage,1
16654.0,3,jett,4
16660.0,3,phoenix,1
16660.0,3,sage,1
16661.0,3,astra,2
16662.0,3,jett,2
16663.0,3,jett,1
16663.0,3,killjoy,1
16664.0,3,omen,2
16665.0,3,reyna,2
16666.0,3,cypher,1
16666.0,3,sage,1
16667.0,3,sage,1
16667.0,3,sova,1
16668.0,3,sage,1
16668.0,3,raze,1
16669.0,3,sova,1
16669.0,3,skye,1
16670.0,3,raze,1
16670.0,3,phoenix,1
16671.0,3,sova,5
16673.0,3,sova,2
16674.0,3,sage,1
16674.0,3,skye,1
16678.0,3,sova,9
16678.0,3,sage,1
16678.0,3,skye,1
16679.0,3,jett,2
16680.0,3,phoenix,1
16680.0,3,reyna,1
16681.0,3,skye,3
16681.0,3,kayo,2
16681.0,3,raze,2
16681.0,3,reyna,2
16681.0,3,astra,1
16681.0,3,viper,1
16682.0,3,sova,2
16683.0,3,brimstone,1
16683.0,3,jett,1
16684.0,3,killjoy,1
16684.0,3,sage,1
16685.0,3,raze,1
16685.0,3,sage,1
16686.0,3,viper,2
16691.0,3,astra,2
16692.0,3,raze,1
16692.0,3,sage,1
16693.0,3,skye,1
16694.0,3,jett,4
16695.0,3,sova,3
16695.0,3,viper,1
16696.0,3,jett,1
16696.0,3,phoenix,1
16702.0,3,sova,2
16703.0,3,killjoy,9
16703.0,3,viper,4
16711.0,3,omen,1
16712.0,3,reyna,2
16712.0,3,killjoy,1
16713.0,3,sova,1
16713.0,3,sage,1
16713.0,3,viper,1
16719.0,3,jett,1
16719.0,3,reyna,1
16726.0,3,sova,2
16727.0,3,jett,6
16727.0,3,raze,1
16731.0,3,killjoy,1
16739.0,3,sova,3
16739.0,3,cypher,1
16739.0,3,sage,1
16750.0,3,jett,2
16752.0,3,sova,2
16753.0,3,killjoy,1
16753.0,3,cypher,1
16754.0,3,cypher,1
16757.0,3,cypher,6
16757.0,3,astra,5
16757.0,3,killjoy,5
16757.0,3,sage,3
16757.0,3,viper,3
16757.0,3,chamber,2
16757.0,3,breach,1
16757.0,3,skye,1
16839.0,3,reyna,1
16852.0,3,sova,2
16852.0,3,jett,1
16852.0,3,viper,1
16862.0,3,jett,2
16865.0,3,sova,2
16867.0,3,viper,3
16878.0,3,jett,5
16880.0,3,sova,6
16880.0,3,skye,2
16891.0,3,viper,1
16897.0,3,sova,2
16918.0,3,skye,1
16918.0,3,viper,1
16926.0,3,killjoy,2
16926.0,3,cypher,1
16926.0,3,sage,1
16927.0,3,jett,4
16928.0,3,killjoy,2
16929.0,3,jett,2
16930.0,3,omen,2
16931.0,3,skye,1
16931.0,3,sage,1
16932.0,3,sova,2
16933.0,3,killjoy,2
16934.0,3,jett,2
16935.0,3,killjoy,1
16935.0,3,sage,1
16936.0,3,reyna,1
16936.0,3,skye,1
16937.0,3,astra,1
16937.0,3,omen,1
16940.0,3,jett,1
16940.0,3,sage,1
16967.0,3,jett,9
16967.0,3,raze,1
16969.0,3,sova,3
16969.0,3,viper,2
16998.0,3,astra,1
16998.0,3,sova,1
17026.0,3,jett,2
17041.0,3,skye,2
17042.0,3,killjoy,1
17042.0,3,reyna,1
17043.0,3,jett,2
17044.0,3,omen,1
17044.0,3,viper,1
17048.0,3,cypher,4
17048.0,3,sage,2
17048.0,3,jett,2
17051.0,3,skye,8
17051.0,3,sova,3
17051.0,3,sage,1
17052.0,3,raze,4
17052.0,3,sova,2
17052.0,3,viper,2
17053.0,3,jett,10
17053.0,3,skye,8
17054.0,3,phoenix,1
17054.0,3,reyna,1
17055.0,3,breach,2
17056.0,3,jett,2
17057.0,3,sova,1
17057.0,3,viper,1
17058.0,3,astra,1
17058.0,3,omen,1
17059.0,3,cypher,1
17059.0,3,killjoy,1
17061.0,3,astra,1
17061.0,3,jett,1
17064.0,3,omen,1
17065.0,3,sage,1
17073.0,3,killjoy,3
17074.0,3,sova,3
17082.0,3,killjoy,1
17082.0,3,sova,1
17083.0,3,sage,1
17083.0,3,skye,1
17084.0,3,sova,1
17084.0,3,astra,1
17085.0,3,jett,7
17086.0,3,reyna,7
17086.0,3,jett,6
17108.0,3,sova,6
17111.0,3,omen,1
17127.0,3,sova,1
17181.0,3,cypher,1
17182.0,3,sova,1
17213.0,3,raze,2
17214.0,3,killjoy,3
17214.0,3,cypher,1
17214.0,3,sage,1
17215.0,3,astra,2
17215.0,3,viper,2
17215.0,3,omen,1
17216.0,3,reyna,1
17217.0,3,jett,1
17217.0,3,sage,1
17218.0,3,reyna,2
17219.0,3,omen,2
17220.0,3,sage,1
17220.0,3,sova,1
17227.0,3,sova,2
17228.0,3,cypher,1
17228.0,3,omen,1
17229.0,3,breach,1
17229.0,3,sage,1
17230.0,3,sage,1
17230.0,3,raze,1
17241.0,3,omen,1
17242.0,3,reyna,1
17243.0,3,sova,1
17244.0,3,jett,1
17245.0,3,cypher,1
17254.0,3,viper,2
17254.0,3,astra,1
17255.0,3,raze,1
17255.0,3,reyna,1
17256.0,3,sage,1
17256.0,3,skye,1
17257.0,3,sage,1
17258.0,3,astra,1
17258.0,3,viper,1
17259.0,3,kayo,1
17260.0,3,raze,1
17260.0,3,sova,1
17261.0,3,jett,1
17261.0,3,sova,1
17262.0,3,cypher,1
17262.0,3,sage,1
17263.0,3,phoenix,2
17272.0,3,cypher,1
17277.0,3,astra,7
17277.0,3,viper,6
17278.0,3,jett,1
17278.0,3,viper,1
17292.0,3,reyna,1
17292.0,3,sova,1
17292.0,3,killjoy,1
17292.0,3,jett,1
17295.0,3,viper,3
17295.0,3,astra,2
17295.0,3,skye,2
17297.0,3,jett,14
17313.0,3,astra,5
17313.0,3,omen,4
17313.0,3,phoenix,3
17313.0,3,cypher,2
17313.0,3,skye,2
17314.0,3,cypher,1
17314.0,3,jett,1
17315.0,3,killjoy,6
17315.0,3,cypher,2
17315.0,3,sage,2
17316.0,3,omen,7
17316.0,3,viper,1
17317.0,3,skye,5
17317.0,3,viper,2
17318.0,3,killjoy,5
17318.0,3,viper,2
17320.0,3,sova,16
17320.0,3,skye,5
17320.0,3,astra,2
17322.0,3,breach,12
17322.0,3,viper,6
17322.0,3,sage,3
17322.0,3,skye,2
17323.0,3,cypher,13
17323.0,3,astra,5
17323.0,3,sage,3
17323.0,3,killjoy,1
17323.0,3,brimstone,1
17324.0,3,jett,7
17324.0,3,astra,4
17324.0,3,raze,3
17324.0,3,viper,3
17324.0,3,breach,2
17324.0,3,sage,2
17324.0,3,skye,2
17325.0,3,astra,16
17325.0,3,viper,9
17326.0,3,sova,16
17326.0,3,skye,2
17326.0,3,sage,1
17327.0,3,cypher,15
17327.0,3,viper,5
17327.0,3,sage,5
17327.0,3,killjoy,1
17327.0,3,omen,1
17328.0,3,sova,23
17328.0,3,kayo,1
17328.0,3,viper,1
17329.0,3,skye,8
17329.0,3,phoenix,7
17329.0,3,reyna,6
17329.0,3,breach,3
17330.0,3,jett,3
17330.0,3,sage,2
17331.0,3,viper,10
17331.0,3,astra,9
17331.0,3,omen,6
17331.0,3,sage,5
17332.0,3,astra,16
17332.0,3,viper,5
17332.0,3,jett,1
17332.0,3,reyna,1
17333.0,3,sova,3
17333.0,3,viper,2
17333.0,3,jett,1
17335.0,3,raze,6
17335.0,3,breach,2
17335.0,3,jett,1
17336.0,3,killjoy,4
17336.0,3,astra,1
17336.0,3,sage,1
17336.0,3,viper,1
17337.0,3,sova,1
17339.0,3,sage,4
17339.0,3,raze,3
17339.0,3,skye,3
17340.0,3,astra,18
17340.0,3,sage,15
17340.0,3,viper,4
17341.0,3,sova,30
17341.0,3,raze,6
17341.0,3,breach,1
17342.0,3,skye,6
17342.0,3,sage,2
17342.0,3,phoenix,2
17342.0,3,brimstone,1
17342.0,3,reyna,1
17343.0,3,jett,24
17343.0,3,viper,7
17343.0,3,sage,4
17343.0,3,killjoy,2
17353.0,3,viper,3
17353.0,3,killjoy,2
17353.0,3,sova,2
17353.0,3,astra,1
17357.0,3,astra,1
17357.0,3,skye,1
17357.0,3,viper,1
17360.0,3,sova,1
17362.0,3,brimstone,1
17362.0,3,sova,1
17368.0,3,skye,2
17368.0,3,kayo,1
17368.0,3,reyna,1
17369.0,3,astra,1
17370.0,3,killjoy,1
17372.0,3,phoenix,1
17372.0,3,raze,1
17380.0,3,sova,7
17381.0,3,breach,1
17381.0,3,jett,1
17381.0,3,skye,1
17383.0,3,viper,6
17383.0,3,omen,4
17383.0,3,astra,2
17384.0,3,sova,5
17384.0,3,cypher,1
17384.0,3,skye,1
17385.0,3,jett,11
17385.0,3,raze,1
17386.0,3,omen,2
17386.0,3,reyna,1
17387.0,3,killjoy,26
17387.0,3,sage,4
17388.0,3,astra,4
17388.0,3,reyna,1
17389.0,3,reyna,6
17389.0,3,skye,5
17389.0,3,astra,4
17389.0,3,phoenix,3
17390.0,3,jett,11
17390.0,3,breach,1
17391.0,3,sova,3
17393.0,3,sova,4
17393.0,3,sage,2
17394.0,3,sage,20
17394.0,3,brimstone,8
17394.0,3,sova,8
17394.0,3,kayo,3
17394.0,3,breach,1
17395.0,3,raze,32
17395.0,3,cypher,6
17395.0,3,reyna,1
17396.0,3,astra,17
17396.0,3,sage,10
17396.0,3,skye,6
17396.0,3,sova,5
17397.0,3,skye,20
17397.0,3,sage,11
17397.0,3,omen,2
17399.0,3,breach,2
17399.0,3,cypher,2
17399.0,3,sova,1
17400.0,3,brimstone,1
17400.0,3,cypher,1
17400.0,3,jett,1
17400.0,3,killjoy,1
17401.0,3,jett,4
17401.0,3,skye,1
17402.0,3,omen,5
17402.0,3,breach,2
17402.0,3,skye,2
17402.0,3,viper,1
17404.0,3,sova,6
17404.0,3,kayo,6
17404.0,3,sage,2
17405.0,3,sage,1
17407.0,3,jett,11
17407.0,3,skye,3
17407.0,3,reyna,2
17407.0,3,cypher,1
17408.0,3,killjoy,10
17408.0,3,cypher,7
17408.0,3,viper,6
17410.0,3,jett,9
17410.0,3,skye,6
17410.0,3,raze,6
17410.0,3,omen,1
17410.0,3,sage,1
17412.0,3,breach,1
17412.0,3,kayo,1
17413.0,3,sage,2
17413.0,3,viper,2
17414.0,3,sova,1
17418.0,3,cypher,1
17419.0,3,brimstone,1
17420.0,3,phoenix,1
17421.0,3,sova,1
17422.0,3,jett,1
17423.0,3,jett,1
17423.0,3,raze,1
17425.0,3,cypher,1
17425.0,3,killjoy,1
17428.0,3,raze,1
17428.0,3,sova,1
17429.0,3,reyna,4
17432.0,3,astra,3
17432.0,3,viper,1
17433.0,3,sova,5
17433.0,3,astra,3
17433.0,3,jett,3
17433.0,3,skye,3
17433.0,3,reyna,2
17433.0,3,viper,2
17447.0,3,cypher,3
17447.0,3,sage,2
17447.0,3,killjoy,1
17513.0,3,sage,4
17513.0,3,breach,1
17610.0,3,jett,1
17610.0,3,sova,1
17611.0,3,killjoy,1
17611.0,3,sage,1
17613.0,3,kayo,2
17614.0,3,astra,1
17614.0,3,reyna,1
17644.0,3,omen,1
17644.0,3,viper,1
17648.0,3,sova,13
17648.0,3,killjoy,8
17648.0,3,sage,5
17648.0,3,cypher,4
17648.0,3,raze,1
17648.0,3,jett,1
17650.0,3,sage,3
17650.0,3,jett,2
17690.0,3,sova,2
17690.0,3,skye,1
17704.0,3,skye,2
17704.0,3,sage,1
17710.0,3,astra,1
17710.0,3,omen,1
17711.0,3,sage,2
17712.0,3,jett,2
17713.0,3,sova,2
17714.0,3,killjoy,2
17746.0,3,killjoy,1
17746.0,3,viper,1
17747.0,3,sova,2
17748.0,3,jett,2
17750.0,3,astra,1
17750.0,3,sage,1
17760.0,3,killjoy,2
17760.0,3,cypher,1
17760.0,3,sage,1
17761.0,3,sova,4
17762.0,3,astra,3
17762.0,3,viper,1
17763.0,3,jett,3
17769.0,3,sage,1
17773.0,3,skye,1
17773.0,3,kayo,1
17800.0,3,omen,1
17814.0,3,jett,3
17814.0,3,raze,1
17814.0,3,sage,1
17825.0,3,sage,2
17826.0,3,omen,2
17827.0,3,omen,2
17830.0,3,breach,1
17830.0,3,skye,1
17837.0,3,cypher,4
17837.0,3,killjoy,1
17843.0,3,reyna,1
17843.0,3,sova,1
17845.0,3,sova,5
17863.0,3,jett,2
17865.0,3,raze,7
17865.0,3,jett,7
17865.0,3,omen,2
17871.0,3,kayo,5
17871.0,3,sage,1
17898.0,3,jett,3
17950.0,3,skye,1
17950.0,3,jett,1
17950.0,3,raze,1
17952.0,3,astra,2
17952.0,3,jett,1
17953.0,3,skye,2
17953.0,3,cypher,1
17958.0,3,sova,3
17959.0,3,jett,2
17959.0,3,raze,1
17974.0,3,jett,1
17974.0,3,reyna,1
17977.0,3,phoenix,4
17977.0,3,viper,3
17977.0,3,astra,2
17977.0,3,skye,1
17979.0,3,sova,3
17982.0,3,sova,11
17982.0,3,killjoy,1
17999.0,3,astra,5
17999.0,3,viper,1
18002.0,3,viper,6
18002.0,3,omen,2
18002.0,3,sova,2
18002.0,3,cypher,2
18002.0,3,astra,1
18002.0,3,kayo,1
18038.0,3,killjoy,1
18038.0,3,sage,1
18042.0,3,raze,2
18042.0,3,jett,1
18043.0,3,viper,2
18043.0,3,skye,1
18050.0,3,omen,1
18050.0,3,viper,1
18070.0,3,killjoy,2
18070.0,3,sage,1
18071.0,3,sova,5
18071.0,3,killjoy,2
18071.0,3,viper,1
18091.0,3,viper,4
18091.0,3,astra,1
18161.0,3,jett,2
18173.0,3,reyna,1
18174.0,3,jett,1
18218.0,3,sova,13
18218.0,3,killjoy,3
18218.0,3,sage,1
18314.0,3,sage,1
18350.0,3,jett,12
18350.0,3,skye,2
18350.0,3,sova,2
18350.0,3,raze,1
18350.0,3,yoru,1
18351.0,3,jett,2
18373.0,3,brimstone,2
18373.0,3,sage,1
18401.0,1,reyna,2
18401.0,1,sova,1
18401.0,2,sage,2
18435.0,3,sage,5
18462.0,3,jett,3
18464.0,3,astra,3
18465.0,3,viper,1
18465.0,3,sova,1
18465.0,3,phoenix,1
18534.0,3,sova,1
18534.0,3,raze,1
18535.0,3,sage,2
18536.0,3,killjoy,2
18537.0,3,jett,2
18538.0,3,brimstone,1
18538.0,3,omen,1
18657.0,3,jett,1
18657.0,3,sova,1
18669.0,3,viper,2
18669.0,3,sage,1
18670.0,3,sova,2
18670.0,3,viper,1
18713.0,3,viper,4
18713.0,3,sova,2
18713.0,3,kayo,2
18713.0,3,astra,1
18714.0,3,killjoy,3
18714.0,3,skye,2
18714.0,3,sova,2
18715.0,3,astra,1
18715.0,3,killjoy,1
18716.0,3,sova,2
18722.0,3,viper,1
18722.0,3,omen,1
18723.0,3,phoenix,2
18724.0,3,sova,2
18725.0,3,kayo,2
18726.0,3,phoenix,1
18726.0,3,sage,1
18727.0,3,astra,1
18727.0,3,omen,1
18728.0,3,cypher,1
18728.0,3,viper,1
18730.0,3,cypher,1
18730.0,3,sage,1
18731.0,3,jett,1
18731.0,3,skye,1
18732.0,3,kayo,1
18732.0,3,viper,1
18733.0,3,sova,2
18735.0,3,jett,2
18736.0,3,astra,1
18736.0,3,omen,1
18737.0,3,kayo,1
18737.0,3,phoenix,1
18738.0,3,killjoy,7
18738.0,3,viper,2
18738.0,3,chamber,1
18738.0,3,cypher,1
18739.0,3,viper,1
18739.0,3,sova,1
18740.0,3,skye,2
18741.0,3,viper,2
18742.0,3,astra,2
18743.0,3,cypher,1
18743.0,3,jett,1
18744.0,3,jett,1
18744.0,3,killjoy,1
18745.0,3,sova,2
18750.0,3,killjoy,1
18750.0,3,skye,1
18751.0,3,sova,2
18752.0,3,reyna,2
18753.0,3,jett,2
18754.0,3,astra,1
18754.0,3,viper,1
18762.0,3,cypher,2
18763.0,3,omen,2
18764.0,3,kayo,2
18765.0,3,raze,2
18782.0,3,reyna,1
18782.0,3,skye,1
18782.0,3,sova,1
18786.0,3,kayo,2
18787.0,3,jett,2
18788.0,3,omen,1
18788.0,3,viper,1
18789.0,3,cypher,1
18789.0,3,sage,1
18790.0,3,sova,2
18796.0,3,jett,4
18807.0,3,jett,2
18838.0,3,astra,1
18844.0,3,jett,1
18844.0,3,killjoy,1
18847.0,3,raze,1
18850.0,3,raze,1
18854.0,3,killjoy,1
18854.0,3,sage,1
18855.0,3,killjoy,1
18855.0,3,phoenix,1
18856.0,3,sova,2
18857.0,3,omen,1
18857.0,3,viper,1
18858.0,3,jett,2
18859.0,3,cypher,2
18859.0,3,sage,1
18859.0,3,viper,1
18860.0,3,sova,4
18861.0,3,kayo,2
18861.0,3,reyna,2
18862.0,3,astra,3
18862.0,3,viper,1
18863.0,3,jett,3
18863.0,3,raze,1
18864.0,3,reyna,2
18864.0,3,sage,1
18864.0,3,raze,1
18865.0,3,sova,1
18865.0,3,viper,1
18865.0,3,kayo,1
18865.0,3,astra,1
18866.0,3,sova,3
18866.0,3,omen,1
18867.0,3,jett,4
18868.0,3,killjoy,3
18868.0,3,brimstone,1
18908.0,3,astra,3
18908.0,3,sage,1
18909.0,3,sage,2
18909.0,3,raze,1
18909.0,3,reyna,1
18910.0,3,jett,4
18911.0,3,skye,3
18911.0,3,sova,1
18912.0,3,killjoy,2
18912.0,3,breach,1
18912.0,3,viper,1
18913.0,3,sova,4
18913.0,3,kayo,1
18913.0,3,sage,1
18913.0,3,skye,1
18914.0,3,reyna,1
18915.0,3,skye,1
18915.0,3,raze,1
18915.0,3,sage,1
18916.0,3,jett,3
18917.0,3,viper,2
18917.0,3,astra,1
18918.0,3,reyna,2
18936.0,3,sova,2
18940.0,3,raze,10
18940.0,3,kayo,2
18944.0,3,breach,3
18948.0,3,sova,2
18948.0,3,astra,1
18949.0,3,yoru,7
18949.0,3,brimstone,2
18949.0,3,omen,2
18949.0,3,cypher,1
18949.0,3,reyna,1
18949.0,3,sage,1
18950.0,3,sova,7
18951.0,3,jett,1
18951.0,3,kayo,1
18952.0,3,sage,2
18953.0,3,breach,2
18953.0,3,skye,2
18953.0,3,sova,1
18962.0,3,killjoy,2
18963.0,3,viper,1
18964.0,3,reyna,1
18965.0,3,sova,1
18980.0,3,sova,2
18980.0,3,skye,1
18981.0,3,jett,2
18982.0,3,jett,5
18982.0,3,killjoy,1
18982.0,3,kayo,1
18997.0,3,sova,11
18997.0,3,sage,2
19004.0,3,jett,2
19005.0,3,killjoy,1
19006.0,3,omen,2
19007.0,3,reyna,2
19008.0,3,sage,1
19020.0,3,jett,12
19050.0,3,jett,4
19050.0,3,sova,1
19063.0,3,killjoy,1
19063.0,3,viper,1
19066.0,3,sova,2
19126.0,3,astra,4
19126.0,3,viper,1
19127.0,3,killjoy,2
19127.0,3,sage,1
19130.0,3,jett,1
19130.0,3,raze,1
19130.0,3,reyna,1
19145.0,3,brimstone,1
19145.0,3,cypher,1
19145.0,3,sage,1
19145.0,3,skye,1
19145.0,3,viper,1
19149.0,3,killjoy,2
19149.0,3,omen,2
19149.0,3,sage,1
19150.0,3,jett,18
19150.0,3,raze,4
19150.0,3,reyna,2
19150.0,3,skye,1
19157.0,3,sova,2
19177.0,3,sova,3
19177.0,3,omen,1
19177.0,3,sage,1
19184.0,3,breach,1
19184.0,3,sova,1
19200.0,3,skye,4
19200.0,3,sage,3
19200.0,3,jett,2
19200.0,3,raze,2
19200.0,3,kayo,1
19200.0,3,killjoy,1
19200.0,3,sova,1
19222.0,3,cypher,3
19222.0,3,killjoy,2
19223.0,3,sova,2
19225.0,3,jett,2
19225.0,3,raze,1
19225.0,3,reyna,1
19225.0,3,sage,1
19227.0,3,viper,3
19227.0,3,cypher,1
19227.0,3,killjoy,1
19240.0,3,killjoy,3
19240.0,3,cypher,3
19240.0,3,viper,1
19249.0,2,sova,2
19249.0,3,viper,1
19249.0,3,omen,1
19249.0,3,kayo,1
19256.0,3,cypher,3
19256.0,3,killjoy,2
19286.0,3,reyna,1
19288.0,3,jett,5
19288.0,3,reyna,3
19288.0,3,brimstone,2
19289.0,3,viper,6
19289.0,3,jett,2
19289.0,3,killjoy,2
19290.0,3,reyna,2
19291.0,3,jett,11
19291.0,3,viper,7
19291.0,3,chamber,4
19291.0,3,sage,2
19291.0,3,astra,1
19291.0,3,kayo,1
19291.0,3,reyna,1
19291.0,3,skye,1
19291.0,3,yoru,1
19292.0,3,sova,3
19293.0,3,sova,15
19293.0,3,astra,7
19293.0,3,viper,6
19293.0,3,breach,1
19300.0,3,killjoy,2
19300.0,3,sage,1
19310.0,3,jett,2
19332.0,3,astra,2
19332.0,3,killjoy,1
19333.0,3,omen,1
19333.0,3,phoenix,1
19333.0,3,raze,1
19334.0,3,sova,2
19334.0,3,killjoy,1
19335.0,3,breach,1
19335.0,3,cypher,1
19335.0,3,phoenix,1
19349.0,3,killjoy,3
19349.0,3,brimstone,1
19352.0,3,omen,2
19352.0,3,viper,1
19353.0,3,jett,8
19353.0,3,raze,4
19354.0,3,skye,11
19354.0,3,breach,2
19354.0,3,cypher,1
19354.0,3,killjoy,1
19354.0,3,viper,1
19356.0,3,jett,14
19356.0,3,viper,2
19356.0,3,astra,1
19356.0,3,omen,1
19356.0,3,sage,1
19357.0,3,sage,10
19357.0,3,viper,2
19357.0,3,killjoy,1
19357.0,3,reyna,1
19358.0,3,killjoy,23
19358.0,3,cypher,6
19358.0,3,skye,4
19359.0,3,phoenix,11
19359.0,3,sage,11
19359.0,3,skye,6
19359.0,3,reyna,5
19360.0,3,sova,24
19360.0,3,breach,9
19361.0,3,viper,13
19361.0,3,astra,10
19361.0,3,omen,5
19361.0,3,sage,5
19362.0,3,jett,28
19362.0,3,viper,5
19363.0,3,skye,21
19363.0,3,viper,9
19363.0,3,omen,4
19363.0,3,astra,2
19363.0,3,reyna,1
19364.0,3,jett,4
19364.0,3,raze,3
19365.0,3,astra,13
19365.0,3,sage,3
19365.0,3,reyna,2
19365.0,3,phoenix,1
19366.0,3,sage,4
19366.0,3,jett,4
19366.0,3,viper,2
19366.0,3,phoenix,1
19368.0,3,sage,10
19368.0,3,reyna,1
19369.0,3,jett,9
19369.0,3,killjoy,1
19369.0,3,raze,1
19370.0,3,killjoy,8
19370.0,3,viper,2
19370.0,3,cypher,1
19371.0,3,sova,10
19371.0,3,skye,1
19372.0,3,omen,8
19372.0,3,brimstone,1
19372.0,3,jett,1
19372.0,3,viper,1
19374.0,3,sage,11
19374.0,3,skye,1
19375.0,3,breach,1
19376.0,3,sage,1
19379.0,3,jett,1
19380.0,3,viper,1
19382.0,3,astra,7
19382.0,3,reyna,4
19382.0,3,sage,1
19383.0,3,cypher,3
19383.0,3,omen,1
19383.0,3,sova,1
19386.0,3,jett,27
19408.0,3,breach,1
19408.0,3,omen,1
19437.0,3,killjoy,1
19495.0,3,jett,2
19498.0,3,killjoy,26
19498.0,3,viper,13
19498.0,3,cypher,2
19498.0,3,skye,1
19508.0,3,jett,3
19529.0,3,killjoy,5
19529.0,3,reyna,2
19529.0,3,cypher,1
19530.0,3,jett,8
19531.0,3,sova,8
19555.0,3,killjoy,4
19555.0,3,sova,2
19555.0,3,sage,2
19558.0,3,killjoy,2
19558.0,3,cypher,1
19560.0,3,omen,2
19560.0,3,viper,2
19580.0,3,omen,4
19580.0,3,cypher,3
19580.0,3,killjoy,1
19581.0,3,skye,1
19581.0,3,viper,1
19582.0,3,brimstone,1
19582.0,3,jett,1
19583.0,3,raze,1
19583.0,3,reyna,1
19584.0,3,killjoy,1
19584.0,3,skye,1
19588.0,3,killjoy,4
19588.0,3,viper,1
19591.0,3,jett,2
19603.0,3,killjoy,2
19603.0,3,phoenix,1
19603.0,3,reyna,1
19609.0,3,sage,1
19610.0,3,kayo,4
19610.0,3,skye,4
19610.0,3,sova,3
19610.0,3,sage,1
19610.0,3,breach,1
19613.0,3,skye,3
19613.0,3,sage,2
19613.0,3,reyna,1
19618.0,3,jett,23
19619.0,3,jett,1
19648.0,3,killjoy,2
19651.0,3,viper,2
19651.0,3,killjoy,1
19667.0,3,astra,1
19667.0,3,viper,1
19668.0,3,reyna,3
19668.0,3,jett,3
19677.0,3,sova,14
19677.0,3,jett,3
19677.0,3,reyna,2
19677.0,3,kayo,1
19691.0,3,raze,1
19691.0,3,reyna,1
19692.0,3,jett,2
19692.0,3,reyna,1
19693.0,3,sova,2
19693.0,3,astra,1
19694.0,3,viper,2
19694.0,3,sova,1
19695.0,3,sage,2
19695.0,3,reyna,1
19696.0,3,killjoy,2
19696.0,3,sage,1
19697.0,3,sova,13
19697.0,3,sage,6
19698.0,3,jett,9
19698.0,3,sage,5
19703.0,3,cypher,15
19703.0,3,killjoy,15
19703.0,3,sage,7
19704.0,3,raze,1
19704.0,3,skye,1
19705.0,3,killjoy,9
19705.0,3,sage,3
19706.0,3,jett,4
19706.0,3,breach,2
19706.0,3,phoenix,1
19706.0,3,raze,1
19706.0,3,skye,1
19707.0,3,viper,5
19707.0,3,sova,5
19707.0,3,killjoy,3
19707.0,3,skye,2
19707.0,3,sage,1
19708.0,3,astra,9
19708.0,3,killjoy,2
19708.0,3,cypher,2
19708.0,3,viper,1
19709.0,3,viper,5
19709.0,3,jett,1
19709.0,3,killjoy,1
19710.0,3,sage,1
19710.0,3,viper,1
19716.0,3,astra,4
19716.0,3,sage,1
19716.0,3,viper,1
19722.0,3,jett,2
19731.0,3,killjoy,7
19731.0,3,cypher,7
19731.0,3,viper,4
19774.0,3,jett,2
19778.0,3,raze,9
19784.0,3,sage,1
19785.0,3,astra,1
19786.0,3,raze,1
19791.0,3,sova,7
19791.0,3,sage,1
19793.0,3,jett,4
19794.0,3,viper,2
19794.0,3,killjoy,1
19794.0,3,sova,1
19795.0,3,skye,2
19810.0,3,killjoy,2
19810.0,3,viper,1
19812.0,3,omen,3
19812.0,3,sage,1
19821.0,3,jett,5
19822.0,3,sova,2
19823.0,3,astra,1
19823.0,3,sage,1
19824.0,3,skye,1
19824.0,3,viper,1
19825.0,3,jett,2
19827.0,3,killjoy,2
19829.0,3,jett,2
19830.0,3,kayo,1
19830.0,3,viper,1
19831.0,3,sage,2
19832.0,3,jett,1
19832.0,3,omen,1
19833.0,3,killjoy,2
19834.0,3,killjoy,2
19837.0,3,skye,2
19837.0,3,sage,1
19838.0,3,jett,2
19839.0,3,astra,1
19839.0,3,raze,1
19840.0,3,phoenix,1
19840.0,3,sage,1
19843.0,3,killjoy,7
19843.0,3,cypher,1
19844.0,3,reyna,4
19844.0,3,skye,4
19844.0,3,raze,1
19845.0,3,omen,5
19845.0,3,sage,3
19845.0,3,skye,1
19848.0,3,killjoy,1
19848.0,3,viper,1
19849.0,3,astra,2
19850.0,3,killjoy,1
19850.0,3,sova,1
19851.0,3,skye,2
19863.0,3,sage,4
19863.0,3,sova,3
19863.0,3,breach,2
19863.0,3,reyna,1
19864.0,3,raze,5
19864.0,3,jett,2
19864.0,3,reyna,1
19865.0,3,astra,6
19865.0,3,viper,2
19865.0,3,sage,1
19898.0,3,reyna,3
19898.0,3,jett,2
19912.0,3,sage,3
19912.0,3,killjoy,1
19912.0,3,sova,1
19913.0,3,astra,6
19913.0,3,viper,1
19916.0,3,killjoy,1
19999.0,3,breach,8
19999.0,3,sage,2
19999.0,3,astra,1
19999.0,3,brimstone,1
19999.0,3,reyna,1
20008.0,3,cypher,3
20008.0,3,skye,2
20008.0,3,killjoy,1
20009.0,3,sova,4
20009.0,3,breach,1
20009.0,3,raze,1
20010.0,3,skye,2
20010.0,3,jett,1
20010.0,3,raze,1
20011.0,3,astra,5
20011.0,3,viper,1
20012.0,3,jett,1
20012.0,3,omen,1
20013.0,3,omen,1
20013.0,3,jett,1
20014.0,3,phoenix,1
20014.0,3,kayo,1
20015.0,3,sova,2
20016.0,3,cypher,1
20016.0,3,killjoy,1
20019.0,3,skye,2
20022.0,3,breach,1
20022.0,3,skye,1
20022.0,3,sova,1
20028.0,3,omen,2
20028.0,3,breach,1
20028.0,3,killjoy,1
20029.0,3,jett,5
20029.0,3,sova,2
20029.0,3,reyna,1
20029.0,3,sage,1
20030.0,3,jett,1
20031.0,3,brimstone,2
20031.0,3,killjoy,2
20031.0,3,omen,1
20034.0,3,astra,2
20034.0,3,skye,2
20034.0,3,viper,1
20035.0,3,sova,10
20035.0,3,omen,1
20035.0,3,sage,1
20036.0,3,sage,1
20037.0,3,reyna,2
20037.0,3,raze,1
20037.0,3,brimstone,1
20037.0,3,sova,1
20038.0,3,viper,4
20038.0,3,astra,1
20039.0,3,skye,3
20039.0,3,sova,2
20040.0,3,jett,3
20040.0,3,raze,1
20040.0,3,sova,1
20041.0,3,viper,6
20041.0,3,astra,1
20041.0,3,breach,1
20042.0,3,astra,4
20042.0,3,killjoy,3
20042.0,3,sage,1
20043.0,3,jett,6
20043.0,3,killjoy,1
20043.0,3,skye,1
20045.0,3,sova,4
20045.0,3,sage,2
20045.0,3,cypher,1
20045.0,3,raze,1
20046.0,3,killjoy,4
20046.0,3,cypher,2
20047.0,3,astra,2
20048.0,3,phoenix,1
20048.0,3,jett,1
20049.0,3,cypher,8
20049.0,3,viper,6
20049.0,3,killjoy,4
20051.0,3,viper,1
20052.0,3,jett,1
20052.0,3,sova,1
20053.0,3,sage,2
20054.0,3,viper,1
20055.0,3,jett,15
20055.0,3,sova,2
20055.0,3,raze,1
20056.0,3,sage,4
20056.0,3,skye,4
20057.0,3,sage,6
20057.0,3,viper,1
20058.0,3,reyna,2
20058.0,3,jett,2
20058.0,3,skye,1
20059.0,3,sova,2
20059.0,3,cypher,1
20059.0,3,omen,1
20059.0,3,raze,1
20060.0,3,sova,11
20060.0,3,viper,5
20060.0,3,sage,1
20061.0,3,jett,4
20061.0,3,skye,1
20061.0,3,killjoy,1
20061.0,3,brimstone,1
20062.0,3,sova,15
20062.0,3,sage,2
20062.0,3,viper,1
20062.0,3,breach,1
20063.0,3,killjoy,4
20063.0,3,sage,1
20064.0,3,skye,12
20064.0,3,sage,5
20064.0,3,astra,1
20064.0,3,brimstone,1
20065.0,3,raze,3
20065.0,3,jett,2
20072.0,3,omen,5
20072.0,3,viper,4
20072.0,3,breach,1
20072.0,3,astra,1
20072.0,3,raze,1
20073.0,3,cypher,7
20073.0,3,killjoy,4
20073.0,3,sage,1
20074.0,3,raze,4
20074.0,3,killjoy,3
20074.0,3,jett,2
20074.0,3,reyna,1
20075.0,3,omen,4
20075.0,3,killjoy,2
20075.0,3,brimstone,1
20075.0,3,sage,1
20075.0,3,viper,1
20076.0,3,brimstone,3
20076.0,3,astra,2
20076.0,3,omen,2
20076.0,3,skye,1
20076.0,3,sage,1
20077.0,3,sage,1
20077.0,3,skye,1
20077.0,3,killjoy,1
20078.0,3,jett,1
20079.0,3,breach,1
20081.0,3,killjoy,1
20082.0,3,astra,1
20083.0,3,jett,7
20089.0,3,jett,2
20089.0,3,sage,1
20090.0,3,omen,1
20090.0,3,skye,1
20091.0,3,sova,1
20091.0,3,viper,1
20093.0,3,raze,3
20093.0,3,sage,2
20093.0,3,skye,1
20094.0,3,killjoy,2
20095.0,3,killjoy,2
20095.0,3,astra,1
20095.0,3,viper,1
20096.0,3,sage,2
20097.0,3,skye,3
20097.0,3,reyna,1
20098.0,3,killjoy,2
20098.0,3,cypher,1
20104.0,3,killjoy,6
20104.0,3,raze,2
20104.0,3,reyna,1
20105.0,3,sage,5
20105.0,3,skye,2
20105.0,3,breach,1
20105.0,3,viper,1
20106.0,3,sova,5
20106.0,3,viper,1
20109.0,3,jett,3
20109.0,3,raze,3
20109.0,3,astra,2
20109.0,3,skye,2
20109.0,3,breach,1
20109.0,3,sage,1
20110.0,3,jett,7
20110.0,3,raze,2
20111.0,3,killjoy,3
20111.0,3,sage,3
20111.0,3,omen,2
20111.0,3,cypher,1
20112.0,3,viper,4
20112.0,3,astra,3
20112.0,3,cypher,1
20112.0,3,killjoy,1
20113.0,3,breach,6
20113.0,3,skye,4
20113.0,3,sage,1
20114.0,3,sova,8
20114.0,3,killjoy,1
20115.0,3,astra,2
20116.0,3,jett,9
20116.0,3,skye,9
20116.0,3,sage,6
20116.0,3,astra,3
20117.0,3,reyna,8
20117.0,3,jett,4
20119.0,3,killjoy,2
20120.0,3,skye,4
20120.0,3,jett,2
20120.0,3,reyna,1
20121.0,3,sova,2
20122.0,3,astra,2
20124.0,3,skye,1
20125.0,3,reyna,2
20127.0,3,raze,1
20135.0,3,jett,2
20139.0,3,sage,1
20140.0,3,sova,2
20141.0,3,reyna,6
20141.0,3,skye,1
20142.0,3,astra,2
20142.0,3,kayo,1
20142.0,3,reyna,1
20142.0,3,skye,1
20142.0,3,viper,1
20146.0,3,sova,5
20146.0,3,kayo,1
20157.0,3,sage,2
20157.0,3,brimstone,1
20160.0,3,skye,4
20160.0,3,sage,1
20160.0,3,phoenix,1
20161.0,3,astra,5
20161.0,3,sova,1
20163.0,3,reyna,1
20164.0,3,viper,1
20165.0,3,reyna,6
20165.0,3,sage,3
20165.0,3,sova,3
20166.0,3,killjoy,3
20166.0,3,cypher,1
20166.0,3,sage,1
20166.0,3,sova,1
20167.0,3,omen,8
20167.0,3,viper,5
20167.0,3,skye,3
20167.0,3,brimstone,1
20167.0,3,raze,1
20168.0,3,jett,9
20168.0,3,raze,6
20168.0,3,reyna,3
20169.0,3,sova,13
20169.0,3,sage,5
20170.0,3,sage,2
20170.0,3,skye,1
20171.0,3,brimstone,1
20171.0,3,reyna,1
20171.0,3,sage,1
20172.0,3,jett,1
20175.0,3,astra,8
20175.0,3,viper,3
20177.0,3,sage,2
20177.0,3,viper,2
20177.0,3,skye,1
20181.0,3,sova,2
20182.0,3,viper,1
20182.0,3,breach,1
20186.0,3,sova,4
20186.0,3,breach,1
20187.0,3,killjoy,3
20187.0,3,skye,2
20190.0,3,astra,1
20190.0,3,viper,1
20191.0,3,sage,1
20191.0,3,skye,1
20195.0,3,reyna,1
20195.0,3,sage,1
20197.0,3,killjoy,1
20197.0,3,skye,1
20198.0,3,raze,1
20198.0,3,sova,1
20227.0,3,jett,3
20228.0,3,sage,2
20228.0,3,skye,1
20271.0,3,jett,3
20271.0,3,cypher,1
20271.0,3,raze,1
20271.0,3,sage,1
20275.0,3,reyna,1
20278.0,3,killjoy,1
20279.0,3,sova,1
20284.0,3,sage,1
20289.0,3,reyna,1
20290.0,3,sova,1
20296.0,3,killjoy,1
20297.0,3,reyna,1
20313.0,3,breach,2
20313.0,3,reyna,2
20315.0,3,astra,1
20316.0,3,jett,1
20317.0,3,killjoy,1
20322.0,3,astra,1
20323.0,3,skye,1
20324.0,3,sova,1
20325.0,3,sova,1
20326.0,3,jett,1
20327.0,3,sage,1
20328.0,3,skye,1
20332.0,3,astra,1
20333.0,3,jett,1
20334.0,3,sova,1
20335.0,3,skye,1
20336.0,3,killjoy,1
20337.0,3,jett,18
20337.0,3,skye,4
20337.0,3,reyna,3
20337.0,3,viper,2
20337.0,3,killjoy,2
20337.0,3,cypher,1
20338.0,3,killjoy,10
20338.0,3,viper,3
20338.0,3,cypher,1
20342.0,3,sova,10
20342.0,3,skye,1
20343.0,3,killjoy,2
20343.0,3,cypher,1
20346.0,3,raze,1
20347.0,3,sova,1
20348.0,3,reyna,1
20349.0,3,astra,1
20350.0,3,viper,1
20351.0,3,jett,4
20363.0,3,jett,2
20364.0,3,sova,2
20364.0,3,chamber,1
20364.0,3,cypher,1
20367.0,3,viper,2
20367.0,3,killjoy,1
20368.0,3,skye,2
20368.0,3,reyna,1
20369.0,3,astra,2
20369.0,3,sage,1
20377.0,3,sova,5
20377.0,3,killjoy,1
20377.0,3,skye,1
20378.0,3,jett,2
20378.0,3,raze,1
20379.0,3,astra,4
20379.0,3,viper,1
20379.0,3,sova,1
20379.0,3,phoenix,1
20380.0,3,cypher,4
20380.0,3,reyna,1
20380.0,3,sage,1
20380.0,3,killjoy,1
20394.0,3,skye,6
20394.0,3,jett,2
20394.0,3,viper,2
20394.0,3,raze,1
20394.0,3,sage,1
20410.0,3,skye,6
20410.0,3,jett,1
20410.0,3,reyna,1
20411.0,3,reyna,1
20411.0,3,skye,1
20426.0,3,killjoy,2
20439.0,3,killjoy,2
20440.0,3,astra,1
20441.0,3,sova,3
20441.0,3,breach,1
20472.0,3,chamber,2
20472.0,3,sage,1
20480.0,3,jett,2
20480.0,3,viper,1
20481.0,3,jett,9
20481.0,3,raze,2
20537.0,3,killjoy,1
20537.0,3,astra,1
20569.0,3,sage,1
20569.0,3,killjoy,1
20583.0,3,sova,4
20583.0,3,breach,1
20589.0,3,cypher,4
20589.0,3,viper,3
20624.0,3,astra,1
20624.0,3,breach,1
20674.0,3,sova,2
20675.0,3,killjoy,2
20676.0,3,sage,2
20677.0,3,phoenix,2
20691.0,3,killjoy,1
20691.0,3,reyna,1
20695.0,3,viper,1
20696.0,3,sage,1
20697.0,3,jett,1
20698.0,3,reyna,1
20699.0,3,sova,1
20700.0,3,sova,3
20700.0,3,viper,2
20701.0,3,jett,2
20701.0,3,reyna,1
20701.0,3,sage,1
20701.0,3,viper,1
20702.0,3,astra,2
20703.0,3,killjoy,2
20704.0,3,astra,1
20705.0,3,raze,6
20705.0,3,jett,1
20705.0,3,reyna,1
20706.0,3,killjoy,1
20708.0,3,sova,8
20708.0,3,killjoy,2
20708.0,3,jett,1
20708.0,3,sage,1
20709.0,3,viper,7
20709.0,3,astra,5
20713.0,3,skye,5
20713.0,3,reyna,3
20713.0,3,jett,1
20713.0,3,viper,1
20714.0,3,killjoy,5
20714.0,3,sage,2
20715.0,3,sova,5
20715.0,3,sage,2
20716.0,3,breach,3
20716.0,3,killjoy,3
20716.0,3,viper,2
20717.0,3,skye,6
20717.0,3,breach,5
20717.0,3,sage,1
20718.0,3,killjoy,1
20719.0,3,viper,1
20720.0,3,sage,1
20721.0,3,sova,1
20722.0,3,jett,1
20728.0,3,skye,3
20728.0,3,sage,2
20728.0,3,breach,1
20734.0,3,brimstone,4
20734.0,3,astra,1
20735.0,3,sage,5
20736.0,3,sage,4
20736.0,3,sova,1
20741.0,3,skye,8
20741.0,3,sage,1
20742.0,3,jett,4
20742.0,3,cypher,1
20743.0,3,killjoy,4
20743.0,3,jett,1
20744.0,3,sova,3
20744.0,3,reyna,1
20744.0,3,viper,1
20745.0,3,sage,1
20746.0,3,astra,3
20746.0,3,skye,1
20746.0,3,viper,1
20747.0,3,brimstone,6
20747.0,3,viper,2
20748.0,3,sova,5
20748.0,3,skye,2
20748.0,3,sage,1
20749.0,3,sage,4
20749.0,3,cypher,3
20749.0,3,skye,1
20750.0,3,breach,3
20750.0,3,viper,3
20750.0,3,jett,2
20751.0,3,reyna,5
20751.0,3,raze,3
20752.0,3,reyna,2
20752.0,3,skye,1
20752.0,3,cypher,1
20753.0,3,viper,2
20753.0,3,astra,1
20753.0,3,cypher,1
20754.0,3,jett,2
20754.0,3,reyna,1
20754.0,3,sage,1
20755.0,3,jett,1
20755.0,3,sova,1
20756.0,3,sage,3
20757.0,3,sova,7
20757.0,3,skye,6
20758.0,3,sage,5
20758.0,3,sova,3
20759.0,3,sova,5
20759.0,3,sage,3
20760.0,3,sage,4
20760.0,3,skye,2
20761.0,3,astra,1
20762.0,3,skye,1
20764.0,3,killjoy,1
20765.0,3,raze,1
20766.0,3,astra,1
20767.0,3,killjoy,1
20768.0,3,sova,1
20768.0,3,skye,1
20769.0,3,viper,2
20770.0,3,sage,1
20770.0,3,brimstone,1
20771.0,3,jett,1
20772.0,3,phoenix,3
20772.0,3,killjoy,1
20773.0,3,astra,1
20774.0,3,reyna,2
20775.0,3,sova,4
20775.0,3,breach,1
20778.0,3,cypher,1
20779.0,3,cypher,1
20780.0,3,astra,8
20780.0,3,reyna,1
20781.0,3,sova,5
20781.0,3,viper,3
20781.0,3,killjoy,1
20782.0,3,sage,4
20782.0,3,breach,1
20782.0,3,skye,1
20783.0,3,jett,2
20785.0,3,astra,2
20786.0,3,jett,1
20787.0,3,killjoy,1
20788.0,3,astra,1
20789.0,3,sova,1
20790.0,3,sage,1
20791.0,3,omen,1
20799.0,3,cypher,1
20799.0,3,killjoy,1
20809.0,3,jett,2
20810.0,3,sova,2
20810.0,3,sage,1
20820.0,3,jett,3
20820.0,3,sage,1
20824.0,3,jett,3
20845.0,3,skye,2
20871.0,1,jett,3
20871.0,1,raze,1
20871.0,1,sova,1
20871.0,2,jett,19
20871.0,2,sage,4
20871.0,2,raze,3
20871.0,2,reyna,3
20871.0,3,jett,13
20871.0,3,reyna,12
20871.0,3,skye,6
20871.0,3,phoenix,4
20871.0,3,raze,3
20871.0,3,sova,2
20874.0,3,astra,2
20874.0,3,sage,1
20875.0,3,astra,2
20877.0,3,astra,3
20878.0,3,astra,2
20879.0,3,killjoy,1
20879.0,3,skye,1
20880.0,3,jett,2
20881.0,3,viper,1
20881.0,3,sova,1
20882.0,3,sova,1
20882.0,3,skye,1
20884.0,3,raze,1
20884.0,3,jett,1
20885.0,3,viper,2
20886.0,3,astra,1
20886.0,3,sage,1
20887.0,3,reyna,1
20887.0,3,skye,1
20888.0,3,astra,1
20888.0,3,viper,1
20920.0,3,omen,1
20920.0,3,skye,1
20922.0,3,reyna,1
20922.0,3,sova,1
20923.0,3,jett,1
20923.0,3,sage,1
20928.0,3,raze,2
20929.0,3,skye,1
20929.0,3,sova,1
20930.0,3,skye,2
20930.0,3,raze,1
20934.0,3,sage,1
20935.0,3,viper,1
20936.0,3,sova,1
20937.0,3,jett,1
20938.0,3,sage,1
20939.0,3,viper,1
20940.0,3,jett,4
20941.0,3,cypher,1
20942.0,3,sova,1
20943.0,3,jett,1
20946.0,3,skye,1
20947.0,3,sova,1
20948.0,3,viper,1
20949.0,3,brimstone,1
20951.0,3,killjoy,1
20956.0,1,sage,2
20956.0,3,raze,1
20956.0,3,jett,1
20957.0,3,jett,4
20957.0,3,chamber,1
20957.0,3,raze,1
20958.0,3,sova,5
20958.0,3,killjoy,1
20959.0,3,astra,3
20959.0,3,cypher,1
20959.0,3,sage,1
21028.0,3,sova,2
21029.0,3,sova,2
21033.0,3,viper,1
21033.0,3,killjoy,1
21033.0,3,chamber,1
21033.0,3,cypher,1
21036.0,3,jett,6
21036.0,3,raze,2
21036.0,3,chamber,1
21037.0,3,sage,4
21037.0,3,sova,1
21043.0,3,viper,2
21044.0,3,reyna,1
21044.0,3,sage,1
21045.0,3,jett,2
21063.0,3,viper,2
21064.0,3,sova,2
21065.0,3,cypher,1
21065.0,3,reyna,1
21066.0,3,jett,2
21067.0,3,killjoy,1
21067.0,3,skye,1
21074.0,3,jett,2
21074.0,3,reyna,1
21113.0,3,brimstone,1
21113.0,3,omen,1
21114.0,3,jett,2
21117.0,3,viper,1
21118.0,3,skye,1
21119.0,3,sova,2
21135.0,3,killjoy,2
21136.0,3,sova,2
21137.0,3,viper,2
21138.0,3,sage,2
21139.0,3,killjoy,3
21140.0,3,raze,3
21141.0,3,raze,2
21142.0,3,killjoy,2
21143.0,3,brimstone,2
21144.0,3,reyna,1
21145.0,3,sage,1
21145.0,3,skye,1
21146.0,3,sage,1
21147.0,3,cypher,3
21147.0,3,jett,1
21147.0,3,killjoy,1
21147.0,3,viper,1
21148.0,3,skye,3
21148.0,3,sage,1
21149.0,3,cypher,2
21149.0,3,killjoy,2
21150.0,3,brimstone,4
21151.0,3,jett,1
21151.0,3,breach,1
21151.0,3,raze,1
21151.0,3,skye,1
21152.0,3,viper,2
21152.0,3,sage,2
21153.0,3,jett,3
21153.0,3,skye,1
21154.0,3,breach,2
21154.0,3,astra,1
21154.0,3,skye,1
21155.0,3,raze,8
21155.0,3,jett,2
21155.0,3,viper,2
21156.0,3,sova,2
21157.0,3,viper,5
21157.0,3,astra,3
21157.0,3,sova,1
21158.0,3,jett,9
21159.0,3,sage,5
21159.0,3,killjoy,3
21159.0,3,viper,1
21160.0,3,killjoy,3
21160.0,3,viper,2
21161.0,3,jett,1
21161.0,3,reyna,1
21161.0,3,viper,1
21162.0,3,killjoy,3
21163.0,3,sage,2
21163.0,3,sova,1
21164.0,3,raze,1
21165.0,3,astra,7
21165.0,3,viper,3
21166.0,3,skye,1
21166.0,3,viper,1
21167.0,3,jett,3
21167.0,3,reyna,1
21168.0,3,sage,4
21169.0,3,breach,3
21169.0,3,skye,2
21169.0,3,killjoy,1
21170.0,3,brimstone,3
21171.0,3,astra,1
21171.0,3,omen,1
21172.0,3,jett,2
21172.0,3,reyna,1
21173.0,3,sage,3
21174.0,3,yoru,1
21175.0,3,killjoy,2
21175.0,3,cypher,1
21176.0,3,jett,5
21176.0,3,phoenix,1
21177.0,3,killjoy,3
21178.0,3,sage,2
21178.0,3,skye,1
21179.0,3,raze,2
21179.0,3,kayo,1
21180.0,3,omen,1
21180.0,3,brimstone,1
21180.0,3,viper,1
21181.0,3,jett,2
21181.0,3,breach,1
21182.0,3,breach,6
21182.0,3,viper,3
21187.0,3,killjoy,4
21187.0,3,sage,1
21188.0,3,cypher,1
21188.0,3,killjoy,1
21189.0,3,skye,2
21190.0,3,sova,2
21201.0,3,sage,1
21201.0,3,killjoy,1
21202.0,3,viper,2
21203.0,3,sova,3
21203.0,3,jett,3
21203.0,3,omen,1
21204.0,3,viper,1
21205.0,3,breach,2
21208.0,3,sage,2
21208.0,3,omen,1
21224.0,3,skye,2
21224.0,3,astra,1
21224.0,3,kayo,1
21230.0,3,raze,1
21230.0,3,sova,1
21256.0,3,astra,2
21257.0,3,kayo,1
21257.0,3,skye,1
21259.0,3,astra,4
21259.0,3,killjoy,2
21262.0,3,reyna,2
21265.0,3,chamber,3
21265.0,3,killjoy,3
21268.0,3,jett,3
21268.0,3,reyna,2
21269.0,3,raze,2
21274.0,3,sova,8
21274.0,3,cypher,1
21274.0,3,killjoy,1
21277.0,3,jett,1
21277.0,3,kayo,1
21277.0,3,skye,1
21289.0,3,sova,1
21289.0,3,viper,1
21316.0,3,astra,4
21316.0,3,sage,3
21316.0,3,viper,1
21321.0,3,jett,1
21325.0,3,skye,3
21328.0,3,viper,7
21328.0,3,astra,3
21330.0,3,sage,2
21333.0,3,astra,2
21333.0,3,viper,2
21334.0,3,sova,4
21335.0,3,skye,3
21336.0,3,jett,4
21337.0,3,sova,1
21337.0,3,viper,1
21338.0,3,skye,1
21338.0,3,astra,1
21339.0,3,breach,1
21339.0,3,skye,1
21341.0,3,astra,1
21341.0,3,killjoy,1
21352.0,3,sage,1
21353.0,3,jett,2
21427.0,3,killjoy,1
21433.0,3,killjoy,10
21433.0,3,cypher,4
21433.0,3,viper,3
21470.0,3,jett,4
21537.0,3,astra,1
21537.0,3,viper,1
21542.0,3,viper,8
21542.0,3,astra,5
21542.0,3,sage,2
21662.0,3,sova,1
21668.0,3,skye,9
21668.0,3,kayo,7
21668.0,3,sage,6
21668.0,3,jett,1
21677.0,3,astra,4
21677.0,3,viper,3
21679.0,3,breach,1
21679.0,3,jett,1
21680.0,3,skye,2
21680.0,3,reyna,1
21693.0,3,jett,2
21695.0,3,jett,1
21695.0,3,reyna,1
21709.0,3,brimstone,2
21709.0,3,astra,1
21709.0,3,killjoy,1
21710.0,3,jett,3
21710.0,3,raze,1
21711.0,3,killjoy,2
21711.0,3,viper,2
21712.0,3,sage,4
21713.0,3,sova,2
21713.0,3,breach,1
21713.0,3,skye,1
21714.0,3,killjoy,2
21714.0,3,sage,1
21714.0,3,cypher,1
21714.0,3,kayo,1
21715.0,3,reyna,1
21715.0,3,jett,1
21716.0,3,sage,2
21717.0,3,jett,1
21717.0,3,raze,1
21718.0,3,astra,1
21718.0,3,viper,1
21719.0,3,astra,1
21719.0,3,sova,1
21720.0,3,astra,2
21720.0,3,reyna,1
21740.0,3,sova,2
21740.0,3,jett,1
21741.0,3,cypher,2
21741.0,3,sage,1
21742.0,3,astra,2
21742.0,3,viper,1
21743.0,3,jett,2
21743.0,3,reyna,1
21746.0,3,viper,2
21746.0,3,omen,1
21747.0,3,sage,3
21748.0,3,astra,1
21749.0,3,kayo,1
21750.0,3,killjoy,1
21756.0,3,killjoy,1
21756.0,3,sage,1
21757.0,3,sova,2
21758.0,3,viper,1
21758.0,3,astra,1
21759.0,3,reyna,2
21768.0,3,raze,2
21815.0,3,sova,2
21821.0,3,jett,2
21822.0,3,viper,1
21822.0,3,astra,1
21823.0,3,reyna,2
21847.0,3,cypher,2
21847.0,3,killjoy,1
21853.0,3,astra,2
21870.0,3,killjoy,1
21870.0,3,sage,1
21879.0,3,killjoy,1
21879.0,3,viper,1
21882.0,3,chamber,2
21882.0,3,reyna,1
21883.0,3,skye,2
21883.0,3,killjoy,1
21884.0,3,astra,1
21884.0,3,sova,1
21884.0,3,viper,1
21885.0,3,jett,3
21886.0,3,jett,3
21887.0,3,killjoy,1
21888.0,3,killjoy,1
21888.0,3,viper,1
21890.0,3,sage,1
21901.0,3,sova,12
21901.0,3,chamber,1
21917.0,3,cypher,1
21917.0,3,sage,1
21976.0,3,breach,1
21977.0,3,astra,2
21978.0,3,cypher,1
21978.0,3,reyna,1
21979.0,3,killjoy,1
21979.0,3,sova,1
21984.0,3,sova,1
21985.0,3,astra,2
21986.0,3,raze,2
21987.0,3,killjoy,2
21988.0,3,sova,2
21989.0,3,jett,2
21990.0,3,skye,1
21990.0,3,sova,1
21991.0,3,chamber,1
21991.0,3,killjoy,1
21992.0,3,viper,1
21992.0,3,astra,1
21993.0,3,jett,2
21994.0,3,cypher,1
21994.0,3,sage,1
21995.0,3,sage,1
21996.0,2,killjoy,1
21997.0,2,jett,1
21997.0,2,raze,1
21998.0,2,omen,2
21999.0,2,killjoy,1
21999.0,2,reyna,1
22000.0,2,sage,1
22000.0,2,omen,1
22001.0,2,omen,2
22002.0,2,sova,2
22003.0,2,killjoy,1
22004.0,2,cypher,2
22004.0,2,jett,2
22004.0,2,sage,1
22004.0,2,sova,1
22005.0,2,cypher,1
22005.0,2,omen,1
22006.0,2,reyna,2
22007.0,2,omen,2
22018.0,1,cypher,1
22019.0,1,omen,2
22019.0,1,breach,1
22020.0,1,killjoy,1
22021.0,1,killjoy,1
22022.0,1,jett,1
22023.0,1,omen,1
22024.0,1,sova,1
22025.0,1,sage,1
22026.0,1,cypher,1
22028.0,1,cypher,3
22029.0,1,sova,2
22029.0,1,jett,1
22030.0,1,cypher,3
22031.0,1,sage,3
22031.0,1,cypher,1
22031.0,1,sova,1
22032.0,1,reyna,2
22032.0,1,raze,1
22033.0,1,cypher,1
22034.0,1,brimstone,1
