No,Agent
100,0
101,0
102,0
103,0
104,0
105,0
106,0
107,0
108,0
109,0
110,0
111,0
112,0
113,0
114,0
115,0
116,0
117,0
118,0
119,0
220,0
221,0
222,0
223,0
224,0
225,0
226,0
227,0
228,0
229,0
230,0
231,0
232,0
233,0
234,0
235,0
236,0
237,0
238,0
239,0
240,0
241,0
242,0
243,0
244,0
245,0
246,0
247,0
248,0
249,0
270,0
271,0
272,0
273,0
274,0
275,0
276,0
277,0
278,0
279,0
280,0
281,0
282,0
283,0
284,0
285,0
286,0
287,0
288,0
289,0
340,0
341,0
342,0
343,0
344,0
345,0
346,0
347,0
348,0
349,0
350,0
351,0
352,0
353,0
354,0
355,0
356,0
357,0
358,0
359,0
620,0
621,0
622,0
623,0
624,0
625,0
626,0
627,0
628,0
629,0
630,0
631,0
632,0
633,0
634,0
635,0
636,0
637,0
638,0
639,0
640,0
641,0
642,0
643,0
644,0
645,0
646,0
647,0
648,0
649,0
870,0
871,0
872,0
873,0
874,0
875,0
876,0
877,0
878,0
879,0
880,0
881,0
882,0
883,0
884,0
885,0
886,0
887,0
888,0
889,0
930,0
931,0
932,0
933,0
934,0
935,0
936,0
937,0
938,0
939,0
960,0
961,0
962,0
963,0
964,0
965,0
966,0
967,0
968,0
969,0
970,0
971,0
972,0
973,0
974,0
975,0
976,0
977,0
978,0
979,0
1130,0
1131,0
1132,0
1133,0
1134,0
1135,0
1136,0
1137,0
1138,0
1139,0
1170,0
1171,0
1172,0
1173,0
1174,0
1175,0
1176,0
1177,0
1178,0
1179,0
1180,0
1181,0
1182,0
1183,0
1184,0
1185,0
1186,0
1187,0
1188,0
1189,0
1190,0
1191,0
1192,0
1193,0
1194,0
1195,0
1196,0
1197,0
1198,0
1199,0
1240,0
1241,0
1242,0
1243,0
1244,0
1245,0
1246,0
1247,0
1248,0
1249,0
1250,0
1251,0
1252,0
1253,0
1254,0
1255,0
1256,0
1257,0
1258,0
1259,0
1310,0
1311,0
1312,0
1313,0
1314,0
1315,0
1316,0
1317,0
1318,0
1319,0
1320,0
1321,0
1322,0
1323,0
1324,0
1325,0
1326,0
1327,0
1328,0
1329,0
1330,0
1331,0
1332,0
1333,0
1334,0
1335,0
1336,0
1337,0
1338,0
1339,0
1510,0
1511,0
1512,0
1513,0
1514,0
1515,0
1516,0
1517,0
1518,0
1519,0
1550,0
1551,0
1552,0
1553,0
1554,0
1555,0
1556,0
1557,0
1558,0
1559,0
1600,0
1601,0
1602,0
1603,0
1604,0
1605,0
1606,0
1607,0
1608,0
1609,0
1760,0
1761,0
1762,0
1763,0
1764,0
1765,0
1766,0
1767,0
1768,0
1769,0
1770,0
1771,0
1772,0
1773,0
1774,0
1775,0
1776,0
1777,0
1778,0
1779,0
1820,0
1821,0
1822,0
1823,0
1824,0
1825,0
1826,0
1827,0
1828,0
1829,0
1830,0
1831,0
1832,0
1833,0
1834,0
1835,0
1836,0
1837,0
1838,0
1839,0
1840,0
1841,0
1842,0
1843,0
1844,0
1845,0
1846,0
1847,0
1848,0
1849,0
1850,0
1851,0
1852,0
1853,0
1854,0
1855,0
1856,0
1857,0
1858,0
1859,0
1860,0
1861,0
1862,0
1863,0
1864,0
1865,0
1866,0
1867,0
1868,0
1869,0
1900,0
1901,0
1902,0
1903,0
1904,0
1905,0
1906,0
1907,0
1908,0
1909,0
1910,0
1911,0
1912,0
1913,0
1914,0
1915,0
1916,0
1917,0
1918,0
1919,0
1920,0
1921,0
1922,0
1923,0
1924,0
1925,0
1926,0
1927,0
1928,0
1929,0
2050,0
2051,0
2052,0
2053,0
2054,0
2055,0
2056,0
2057,0
2058,0
2059,0
2060,0
2061,0
2062,0
2063,0
2064,0
2065,0
2066,0
2067,0
2068,0
2069,0
2130,0
2131,0
2132,0
2133,0
2134,0
2135,0
2136,0
2137,0
2138,0
2139,0
2140,0
2141,0
2142,0
2143,0
2144,0
2145,0
2146,0
2147,0
2148,0
2149,0
2150,0
2151,0
2152,0
2153,0
2154,0
2155,0
2156,0
2157,0
2158,0
2159,0
2160,0
2161,0
2162,0
2163,0
2164,0
2165,0
2166,0
2167,0
2168,0
2169,0
2170,0
2171,0
2172,0
2173,0
2174,0
2175,0
2176,0
2177,0
2178,0
2179,0
2180,0
2181,0
2182,0
2183,0
2184,0
2185,0
2186,0
2187,0
2188,0
2189,0
2190,0
2191,0
2192,0
2193,0
2194,0
2195,0
2196,0
2197,0
2198,0
2199,0
2200,0
2201,0
2202,0
2203,0
2204,0
2205,0
2206,0
2207,0
2208,0
2209,0
2340,0
2341,0
2342,0
2343,0
2344,0
2345,0
2346,0
2347,0
2348,0
2349,0
2350,0
2351,0
2352,0
2353,0
2354,0
2355,0
2356,0
2357,0
2358,0
2359,0
2360,0
2361,0
2362,0
2363,0
2364,0
2365,0
2366,0
2367,0
2368,0
2369,0
2580,0
2581,0
2582,0
2583,0
2584,0
2585,0
2586,0
2587,0
2588,0
2589,0
2750,0
2751,0
2752,0
2753,0
2754,0
2755,0
2756,0
2757,0
2758,0
2759,0
2760,0
2761,0
2762,0
2763,0
2764,0
2765,0
2766,0
2767,0
2768,0
2769,0
2870,0
2871,0
2872,0
2873,0
2874,0
2875,0
2876,0
2877,0
2878,0
2879,0
2880,0
2881,0
2882,0
2883,0
2884,0
2885,0
2886,0
2887,0
2888,0
2889,0
2920,0
2921,0
2922,0
2923,0
2924,0
2925,0
2926,0
2927,0
2928,0
2929,0
2930,0
2931,0
2932,0
2933,0
2934,0
2935,0
2936,0
2937,0
2938,0
2939,0
2940,0
2941,0
2942,0
2943,0
2944,0
2945,0
2946,0
2947,0
2948,0
2949,0
2950,0
2951,0
2952,0
2953,0
2954,0
2955,0
2956,0
2957,0
2958,0
2959,0
3000,0
3001,0
3002,0
3003,0
3004,0
3005,0
3006,0
3007,0
3008,0
3009,0
3110,0
3111,0
3112,0
3113,0
3114,0
3115,0
3116,0
3117,0
3118,0
3119,0
3120,0
3121,0
3122,0
3123,0
3124,0
3125,0
3126,0
3127,0
3128,0
3129,0
3180,0
3181,0
3182,0
3183,0
3184,0
3185,0
3186,0
3187,0
3188,0
3189,0
3190,0
3191,0
3192,0
3193,0
3194,0
3195,0
3196,0
3197,0
3198,0
3199,0
3270,0
3271,0
3272,0
3273,0
3274,0
3275,0
3276,0
3277,0
3278,0
3279,0
3280,0
3281,0
3282,0
3283,0
3284,0
3285,0
3286,0
3287,0
3288,0
3289,0
3380,0
3381,0
3382,0
3383,0
3384,0
3385,0
3386,0
3387,0
3388,0
3389,0
3390,0
3391,0
3392,0
3393,0
3394,0
3395,0
3396,0
3397,0
3398,0
3399,0
3400,0
3401,0
3402,0
3403,0
3404,0
3405,0
3406,0
3407,0
3408,0
3409,0
3470,0
3471,0
3472,0
3473,0
3474,0
3475,0
3476,0
3477,0
3478,0
3479,0
3480,0
3481,0
3482,0
3483,0
3484,0
3485,0
3486,0
3487,0
3488,0
3489,0
3720,0
3721,0
3722,0
3723,0
3724,0
3725,0
3726,0
3727,0
3728,0
3729,0
3850,0
3851,0
3852,0
3853,0
3854,0
3855,0
3856,0
3857,0
3858,0
3859,0
3860,0
3861,0
3862,0
3863,0
3864,0
3865,0
3866,0
3867,0
3868,0
3869,0
3870,0
3871,0
3872,0
3873,0
3874,0
3875,0
3876,0
3877,0
3878,0
3879,0
3920,0
3921,0
3922,0
3923,0
3924,0
3925,0
3926,0
3927,0
3928,0
3929,0
3930,0
3931,0
3932,0
3933,0
3934,0
3935,0
3936,0
3937,0
3938,0
3939,0
4020,0
4021,0
4022,0
4023,0
4024,0
4025,0
4026,0
4027,0
4028,0
4029,0
4030,0
4031,0
4032,0
4033,0
4034,0
4035,0
4036,0
4037,0
4038,0
4039,0
4040,0
4041,0
4042,0
4043,0
4044,0
4045,0
4046,0
4047,0
4048,0
4049,0
4050,0
4051,0
4052,0
4053,0
4054,0
4055,0
4056,0
4057,0
4058,0
4059,0
4110,0
4111,0
4112,0
4113,0
4114,0
4115,0
4116,0
4117,0
4118,0
4119,0
4120,0
4121,0
4122,0
4123,0
4124,0
4125,0
4126,0
4127,0
4128,0
4129,0
4130,0
4131,0
4132,0
4133,0
4134,0
4135,0
4136,0
4137,0
4138,0
4139,0
4140,0
4141,0
4142,0
4143,0
4144,0
4145,0
4146,0
4147,0
4148,0
4149,0
4330,0
4331,0
4332,0
4333,0
4334,0
4335,0
4336,0
4337,0
4338,0
4339,0
4340,0
4341,0
4342,0
4343,0
4344,0
4345,0
4346,0
4347,0
4348,0
4349,0
4350,0
4351,0
4352,0
4353,0
4354,0
4355,0
4356,0
4357,0
4358,0
4359,0
4360,0
4361,0
4362,0
4363,0
4364,0
4365,0
4366,0
4367,0
4368,0
4369,0
4370,0
4371,0
4372,0
4373,0
4374,0
4375,0
4376,0
4377,0
4378,0
4379,0
4380,0
4381,0
4382,0
4383,0
4384,0
4385,0
4386,0
4387,0
4388,0
4389,0
4390,0
4391,0
4392,0
4393,0
4394,0
4395,0
4396,0
4397,0
4398,0
4399,0
4440,0
4441,0
4442,0
4443,0
4444,0
4445,0
4446,0
4447,0
4448,0
4449,0
4450,0
4451,0
4452,0
4453,0
4454,0
4455,0
4456,0
4457,0
4458,0
4459,0
4460,0
4461,0
4462,0
4463,0
4464,0
4465,0
4466,0
4467,0
4468,0
4469,0
4530,0
4531,0
4532,0
4533,0
4534,0
4535,0
4536,0
4537,0
4538,0
4539,0
4540,0
4541,0
4542,0
4543,0
4544,0
4545,0
4546,0
4547,0
4548,0
4549,0
4550,0
4551,0
4552,0
4553,0
4554,0
4555,0
4556,0
4557,0
4558,0
4559,0
4670,0
4671,0
4672,0
4673,0
4674,0
4675,0
4676,0
4677,0
4678,0
4679,0
4840,0
4841,0
4842,0
4843,0
4844,0
4845,0
4846,0
4847,0
4848,0
4849,0
4850,0
4851,0
4852,0
4853,0
4854,0
4855,0
4856,0
4857,0
4858,0
4859,0
4860,0
4861,0
4862,0
4863,0
4864,0
4865,0
4866,0
4867,0
4868,0
4869,0
4870,0
4871,0
4872,0
4873,0
4874,0
4875,0
4876,0
4877,0
4878,0
4879,0
4880,0
4881,0
4882,0
4883,0
4884,0
4885,0
4886,0
4887,0
4888,0
4889,0
5000,0
5001,0
5002,0
5003,0
5004,0
5005,0
5006,0
5007,0
5008,0
5009,0
5010,0
5011,0
5012,0
5013,0
5014,0
5015,0
5016,0
5017,0
5018,0
5019,0
5020,0
5021,0
5022,0
5023,0
5024,0
5025,0
5026,0
5027,0
5028,0
5029,0
5140,0
5141,0
5142,0
5143,0
5144,0
5145,0
5146,0
5147,0
5148,0
5149,0
5150,0
5151,0
5152,0
5153,0
5154,0
5155,0
5156,0
5157,0
5158,0
5159,0
5160,0
5161,0
5162,0
5163,0
5164,0
5165,0
5166,0
5167,0
5168,0
5169,0
5230,0
5231,0
5232,0
5233,0
5234,0
5235,0
5236,0
5237,0
5238,0
5239,0
5240,0
5241,0
5242,0
5243,0
5244,0
5245,0
5246,0
5247,0
5248,0
5249,0
5630,0
5631,0
5632,0
5633,0
5634,0
5635,0
5636,0
5637,0
5638,0
5639,0
5640,0
5641,0
5642,0
5643,0
5644,0
5645,0
5646,0
5647,0
5648,0
5649,0
5650,0
5651,0
5652,0
5653,0
5654,0
5655,0
5656,0
5657,0
5658,0
5659,0
6160,0
6161,0
6162,0
6163,0
6164,0
6165,0
6166,0
6167,0
6168,0
6169,0
6170,0
6171,0
6172,0
6173,0
6174,0
6175,0
6176,0
6177,0
6178,0
6179,0
6180,0
6181,0
6182,0
6183,0
6184,0
6185,0
6186,0
6187,0
6188,0
6189,0
6190,0
6191,0
6192,0
6193,0
6194,0
6195,0
6196,0
6197,0
6198,0
6199,0
6200,0
6201,0
6202,0
6203,0
6204,0
6205,0
6206,0
6207,0
6208,0
6209,0
6240,0
6241,0
6242,0
6243,0
6244,0
6245,0
6246,0
6247,0
6248,0
6249,0
6270,0
6271,0
6272,0
6273,0
6274,0
6275,0
6276,0
6277,0
6278,0
6279,0
6470,0
6471,0
6472,0
6473,0
6474,0
6475,0
6476,0
6477,0
6478,0
6479,0
6480,0
6481,0
6482,0
6483,0
6484,0
6485,0
6486,0
6487,0
6488,0
6489,0
6490,0
6491,0
6492,0
6493,0
6494,0
6495,0
6496,0
6497,0
6498,0
6499,0
6500,0
6501,0
6502,0
6503,0
6504,0
6505,0
6506,0
6507,0
6508,0
6509,0
6510,0
6511,0
6512,0
6513,0
6514,0
6515,0
6516,0
6517,0
6518,0
6519,0
6660,0
6661,0
6662,0
6663,0
6664,0
6665,0
6666,0
6667,0
6668,0
6669,0
6670,0
6671,0
6672,0
6673,0
6674,0
6675,0
6676,0
6677,0
6678,0
6679,0
6680,0
6681,0
6682,0
6683,0
6684,0
6685,0
6686,0
6687,0
6688,0
6689,0
6740,0
6741,0
6742,0
6743,0
6744,0
6745,0
6746,0
6747,0
6748,0
6749,0
6750,0
6751,0
6752,0
6753,0
6754,0
6755,0
6756,0
6757,0
6758,0
6759,0
6760,0
6761,0
6762,0
6763,0
6764,0
6765,0
6766,0
6767,0
6768,0
6769,0
6830,0
6831,0
6832,0
6833,0
6834,0
6835,0
6836,0
6837,0
6838,0
6839,0
6840,0
6841,0
6842,0
6843,0
6844,0
6845,0
6846,0
6847,0
6848,0
6849,0
6850,0
6851,0
6852,0
6853,0
6854,0
6855,0
6856,0
6857,0
6858,0
6859,0
7020,0
7021,0
7022,0
7023,0
7024,0
7025,0
7026,0
7027,0
7028,0
7029,0
7030,0
7031,0
7032,0
7033,0
7034,0
7035,0
7036,0
7037,0
7038,0
7039,0
7040,0
7041,0
7042,0
7043,0
7044,0
7045,0
7046,0
7047,0
7048,0
7049,0
7070,0
7071,0
7072,0
7073,0
7074,0
7075,0
7076,0
7077,0
7078,0
7079,0
7080,0
7081,0
7082,0
7083,0
7084,0
7085,0
7086,0
7087,0
7088,0
7089,0
7120,0
7121,0
7122,0
7123,0
7124,0
7125,0
7126,0
7127,0
7128,0
7129,0
7320,0
7321,0
7322,0
7323,0
7324,0
7325,0
7326,0
7327,0
7328,0
7329,0
7330,0
7331,0
7332,0
7333,0
7334,0
7335,0
7336,0
7337,0
7338,0
7339,0
7340,0
7341,0
7342,0
7343,0
7344,0
7345,0
7346,0
7347,0
7348,0
7349,0
7370,0
7371,0
7372,0
7373,0
7374,0
7375,0
7376,0
7377,0
7378,0
7379,0
7560,0
7561,0
7562,0
7563,0
7564,0
7565,0
7566,0
7567,0
7568,0
7569,0
7570,0
7571,0
7572,0
7573,0
7574,0
7575,0
7576,0
7577,0
7578,0
7579,0
7600,0
7601,0
7602,0
7603,0
7604,0
7605,0
7606,0
7607,0
7608,0
7609,0
7610,0
7611,0
7612,0
7613,0
7614,0
7615,0
7616,0
7617,0
7618,0
7619,0
7660,0
7661,0
7662,0
7663,0
7664,0
7665,0
7666,0
7667,0
7668,0
7669,0
7670,0
7671,0
7672,0
7673,0
7674,0
7675,0
7676,0
7677,0
7678,0
7679,0
7680,0
7681,0
7682,0
7683,0
7684,0
7685,0
7686,0
7687,0
7688,0
7689,0
7740,0
7741,0
7742,0
7743,0
7744,0
7745,0
7746,0
7747,0
7748,0
7749,0
7750,0
7751,0
7752,0
7753,0
7754,0
7755,0
7756,0
7757,0
7758,0
7759,0
7840,0
7841,0
7842,0
7843,0
7844,0
7845,0
7846,0
7847,0
7848,0
7849,0
7870,0
7871,0
7872,0
7873,0
7874,0
7875,0
7876,0
7877,0
7878,0
7879,0
8070,0
8071,0
8072,0
8073,0
8074,0
8075,0
8076,0
8077,0
8078,0
8079,0
8080,0
8081,0
8082,0
8083,0
8084,0
8085,0
8086,0
8087,0
8088,0
8089,0
8180,0
8181,0
8182,0
8183,0
8184,0
8185,0
8186,0
8187,0
8188,0
8189,0
8190,0
8191,0
8192,0
8193,0
8194,0
8195,0
8196,0
8197,0
8198,0
8199,0
8200,0
8201,0
8202,0
8203,0
8204,0
8205,0
8206,0
8207,0
8208,0
8209,0
8210,0
8211,0
8212,0
8213,0
8214,0
8215,0
8216,0
8217,0
8218,0
8219,0
8220,0
8221,0
8222,0
8223,0
8224,0
8225,0
8226,0
8227,0
8228,0
8229,0
8260,0
8261,0
8262,0
8263,0
8264,0
8265,0
8266,0
8267,0
8268,0
8269,0
8300,0
8301,0
8302,0
8303,0
8304,0
8305,0
8306,0
8307,0
8308,0
8309,0
8480,0
8481,0
8482,0
8483,0
8484,0
8485,0
8486,0
8487,0
8488,0
8489,0
8490,0
8491,0
8492,0
8493,0
8494,0
8495,0
8496,0
8497,0
8498,0
8499,0
8500,0
8501,0
8502,0
8503,0
8504,0
8505,0
8506,0
8507,0
8508,0
8509,0
8510,0
8511,0
8512,0
8513,0
8514,0
8515,0
8516,0
8517,0
8518,0
8519,0
8520,0
8521,0
8522,0
8523,0
8524,0
8525,0
8526,0
8527,0
8528,0
8529,0
8530,0
8531,0
8532,0
8533,0
8534,0
8535,0
8536,0
8537,0
8538,0
8539,0
8540,0
8541,0
8542,0
8543,0
8544,0
8545,0
8546,0
8547,0
8548,0
8549,0
8550,0
8551,0
8552,0
8553,0
8554,0
8555,0
8556,0
8557,0
8558,0
8559,0
8560,0
8561,0
8562,0
8563,0
8564,0
8565,0
8566,0
8567,0
8568,0
8569,0
8640,0
8641,0
8642,0
8643,0
8644,0
8645,0
8646,0
8647,0
8648,0
8649,0
8650,0
8651,0
8652,0
8653,0
8654,0
8655,0
8656,0
8657,0
8658,0
8659,0
8710,0
8711,0
8712,0
8713,0
8714,0
8715,0
8716,0
8717,0
8718,0
8719,0
8720,0
8721,0
8722,0
8723,0
8724,0
8725,0
8726,0
8727,0
8728,0
8729,0
8730,0
8731,0
8732,0
8733,0
8734,0
8735,0
8736,0
8737,0
8738,0
8739,0
8770,0
8771,0
8772,0
8773,0
8774,0
8775,0
8776,0
8777,0
8778,0
8779,0
8780,0
8781,0
8782,0
8783,0
8784,0
8785,0
8786,0
8787,0
8788,0
8789,0
8890,0
8891,0
8892,0
8893,0
8894,0
8895,0
8896,0
8897,0
8898,0
8899,0
8900,0
8901,0
8902,0
8903,0
8904,0
8905,0
8906,0
8907,0
8908,0
8909,0
8990,0
8991,0
8992,0
8993,0
8994,0
8995,0
8996,0
8997,0
8998,0
8999,0
9000,0
9001,0
9002,0
9003,0
9004,0
9005,0
9006,0
9007,0
9008,0
9009,0
9010,0
9011,0
9012,0
9013,0
9014,0
9015,0
9016,0
9017,0
9018,0
9019,0
9340,0
9341,0
9342,0
9343,0
9344,0
9345,0
9346,0
9347,0
9348,0
9349,0
9350,0
9351,0
9352,0
9353,0
9354,0
9355,0
9356,0
9357,0
9358,0
9359,0
9360,0
9361,0
9362,0
9363,0
9364,0
9365,0
9366,0
9367,0
9368,0
9369,0
9370,0
9371,0
9372,0
9373,0
9374,0
9375,0
9376,0
9377,0
9378,0
9379,0
9380,0
9381,0
9382,0
9383,0
9384,0
9385,0
9386,0
9387,0
9388,0
9389,0
9460,0
9461,0
9462,0
9463,0
9464,0
9465,0
9466,0
9467,0
9468,0
9469,0
9470,0
9471,0
9472,0
9473,0
9474,0
9475,0
9476,0
9477,0
9478,0
9479,0
9480,0
9481,0
9482,0
9483,0
9484,0
9485,0
9486,0
9487,0
9488,0
9489,0
9620,0
9621,0
9622,0
9623,0
9624,0
9625,0
9626,0
9627,0
9628,0
9629,0
9630,0
9631,0
9632,0
9633,0
9634,0
9635,0
9636,0
9637,0
9638,0
9639,0
9680,0
9681,0
9682,0
9683,0
9684,0
9685,0
9686,0
9687,0
9688,0
9689,0
9690,0
9691,0
9692,0
9693,0
9694,0
9695,0
9696,0
9697,0
9698,0
9699,0
9840,0
9841,0
9842,0
9843,0
9844,0
9845,0
9846,0
9847,0
9848,0
9849,0
9850,0
9851,0
9852,0
9853,0
9854,0
9855,0
9856,0
9857,0
9858,0
9859,0
9860,0
9861,0
9862,0
9863,0
9864,0
9865,0
9866,0
9867,0
9868,0
9869,0
9870,0
9871,0
9872,0
9873,0
9874,0
9875,0
9876,0
9877,0
9878,0
9879,0
9880,0
9881,0
9882,0
9883,0
9884,0
9885,0
9886,0
9887,0
9888,0
9889,0
9890,0
9891,0
9892,0
9893,0
9894,0
9895,0
9896,0
9897,0
9898,0
9899,0
9900,0
9901,0
9902,0
9903,0
9904,0
9905,0
9906,0
9907,0
9908,0
9909,0
9910,0
9911,0
9912,0
9913,0
9914,0
9915,0
9916,0
9917,0
9918,0
9919,0
9920,0
9921,0
9922,0
9923,0
9924,0
9925,0
9926,0
9927,0
9928,0
9929,0
9930,0
9931,0
9932,0
9933,0
9934,0
9935,0
9936,0
9937,0
9938,0
9939,0
9940,0
9941,0
9942,0
9943,0
9944,0
9945,0
9946,0
9947,0
9948,0
9949,0
9950,0
9951,0
9952,0
9953,0
9954,0
9955,0
9956,0
9957,0
9958,0
9959,0
10220,0
10221,0
10222,0
10223,0
10224,0
10225,0
10226,0
10227,0
10228,0
10229,0
10310,0
10311,0
10312,0
10313,0
10314,0
10315,0
10316,0
10317,0
10318,0
10319,0
10410,0
10411,0
10412,0
10413,0
10414,0
10415,0
10416,0
10417,0
10418,0
10419,0
10420,0
10421,0
10422,0
10423,0
10424,0
10425,0
10426,0
10427,0
10428,0
10429,0
10430,0
10431,0
10432,0
10433,0
10434,0
10435,0
10436,0
10437,0
10438,0
10439,0
10440,0
10441,0
10442,0
10443,0
10444,0
10445,0
10446,0
10447,0
10448,0
10449,0
10670,0
10671,0
10672,0
10673,0
10674,0
10675,0
10676,0
10677,0
10678,0
10679,0
10680,0
10681,0
10682,0
10683,0
10684,0
10685,0
10686,0
10687,0
10688,0
10689,0
10780,0
10781,0
10782,0
10783,0
10784,0
10785,0
10786,0
10787,0
10788,0
10789,0
10860,0
10861,0
10862,0
10863,0
10864,0
10865,0
10866,0
10867,0
10868,0
10869,0
10870,0
10871,0
10872,0
10873,0
10874,0
10875,0
10876,0
10877,0
10878,0
10879,0
11010,0
11011,0
11012,0
11013,0
11014,0
11015,0
11016,0
11017,0
11018,0
11019,0
11020,0
11021,0
11022,0
11023,0
11024,0
11025,0
11026,0
11027,0
11028,0
11029,0
11030,0
11031,0
11032,0
11033,0
11034,0
11035,0
11036,0
11037,0
11038,0
11039,0
11040,0
11041,0
11042,0
11043,0
11044,0
11045,0
11046,0
11047,0
11048,0
11049,0
11240,0
11241,0
11242,0
11243,0
11244,0
11245,0
11246,0
11247,0
11248,0
11249,0
11250,0
11251,0
11252,0
11253,0
11254,0
11255,0
11256,0
11257,0
11258,0
11259,0
11260,0
11261,0
11262,0
11263,0
11264,0
11265,0
11266,0
11267,0
11268,0
11269,0
11360,0
11361,0
11362,0
11363,0
11364,0
11365,0
11366,0
11367,0
11368,0
11369,0
11370,0
11371,0
11372,0
11373,0
11374,0
11375,0
11376,0
11377,0
11378,0
11379,0
11540,0
11541,0
11542,0
11543,0
11544,0
11545,0
11546,0
11547,0
11548,0
11549,0
11550,0
11551,0
11552,0
11553,0
11554,0
11555,0
11556,0
11557,0
11558,0
11559,0
11560,0
11561,0
11562,0
11563,0
11564,0
11565,0
11566,0
11567,0
11568,0
11569,0
11570,0
11571,0
11572,0
11573,0
11574,0
11575,0
11576,0
11577,0
11578,0
11579,0
11580,0
11581,0
11582,0
11583,0
11584,0
11585,0
11586,0
11587,0
11588,0
11589,0
11650,0
11651,0
11652,0
11653,0
11654,0
11655,0
11656,0
11657,0
11658,0
11659,0
11660,0
11661,0
11662,0
11663,0
11664,0
11665,0
11666,0
11667,0
11668,0
11669,0
11670,0
11671,0
11672,0
11673,0
11674,0
11675,0
11676,0
11677,0
11678,0
11679,0
11680,0
11681,0
11682,0
11683,0
11684,0
11685,0
11686,0
11687,0
11688,0
11689,0
11690,0
11691,0
11692,0
11693,0
11694,0
11695,0
11696,0
11697,0
11698,0
11699,0
11760,0
11761,0
11762,0
11763,0
11764,0
11765,0
11766,0
11767,0
11768,0
11769,0
11770,0
11771,0
11772,0
11773,0
11774,0
11775,0
11776,0
11777,0
11778,0
11779,0
11880,0
11881,0
11882,0
11883,0
11884,0
11885,0
11886,0
11887,0
11888,0
11889,0
11890,0
11891,0
11892,0
11893,0
11894,0
11895,0
11896,0
11897,0
11898,0
11899,0
12040,0
12041,0
12042,0
12043,0
12044,0
12045,0
12046,0
12047,0
12048,0
12049,0
12050,0
12051,0
12052,0
12053,0
12054,0
12055,0
12056,0
12057,0
12058,0
12059,0
12060,0
12061,0
12062,0
12063,0
12064,0
12065,0
12066,0
12067,0
12068,0
12069,0
12160,0
12161,0
12162,0
12163,0
12164,0
12165,0
12166,0
12167,0
12168,0
12169,0
12210,0
12211,0
12212,0
12213,0
12214,0
12215,0
12216,0
12217,0
12218,0
12219,0
12230,0
12231,0
12232,0
12233,0
12234,0
12235,0
12236,0
12237,0
12238,0
12239,0
12280,0
12281,0
12282,0
12283,0
12284,0
12285,0
12286,0
12287,0
12288,0
12289,0
12400,0
12401,0
12402,0
12403,0
12404,0
12405,0
12406,0
12407,0
12408,0
12409,0
12650,0
12651,0
12652,0
12653,0
12654,0
12655,0
12656,0
12657,0
12658,0
12659,0
12660,0
12661,0
12662,0
12663,0
12664,0
12665,0
12666,0
12667,0
12668,0
12669,0
12670,0
12671,0
12672,0
12673,0
12674,0
12675,0
12676,0
12677,0
12678,0
12679,0
12680,0
12681,0
12682,0
12683,0
12684,0
12685,0
12686,0
12687,0
12688,0
12689,0
12690,0
12691,0
12692,0
12693,0
12694,0
12695,0
12696,0
12697,0
12698,0
12699,0
12810,0
12811,0
12812,0
12813,0
12814,0
12815,0
12816,0
12817,0
12818,0
12819,0
12820,0
12821,0
12822,0
12823,0
12824,0
12825,0
12826,0
12827,0
12828,0
12829,0
12850,0
12851,0
12852,0
12853,0
12854,0
12855,0
12856,0
12857,0
12858,0
12859,0
12860,0
12861,0
12862,0
12863,0
12864,0
12865,0
12866,0
12867,0
12868,0
12869,0
13080,0
13081,0
13082,0
13083,0
13084,0
13085,0
13086,0
13087,0
13088,0
13089,0
13090,0
13091,0
13092,0
13093,0
13094,0
13095,0
13096,0
13097,0
13098,0
13099,0
13330,0
13331,0
13332,0
13333,0
13334,0
13335,0
13336,0
13337,0
13338,0
13339,0
13410,0
13411,0
13412,0
13413,0
13414,0
13415,0
13416,0
13417,0
13418,0
13419,0
13430,0
13431,0
13432,0
13433,0
13434,0
13435,0
13436,0
13437,0
13438,0
13439,0
13550,0
13551,0
13552,0
13553,0
13554,0
13555,0
13556,0
13557,0
13558,0
13559,0
13750,0
13751,0
13752,0
13753,0
13754,0
13755,0
13756,0
13757,0
13758,0
13759,0
13760,0
13761,0
13762,0
13763,0
13764,0
13765,0
13766,0
13767,0
13768,0
13769,0
13770,0
13771,0
13772,0
13773,0
13774,0
13775,0
13776,0
13777,0
13778,0
13779,0
13820,0
13821,0
13822,0
13823,0
13824,0
13825,0
13826,0
13827,0
13828,0
13829,0
13830,0
13831,0
13832,0
13833,0
13834,0
13835,0
13836,0
13837,0
13838,0
13839,0
14050,0
14051,0
14052,0
14053,0
14054,0
14055,0
14056,0
14057,0
14058,0
14059,0
14060,0
14061,0
14062,0
14063,0
14064,0
14065,0
14066,0
14067,0
14068,0
14069,0
14070,0
14071,0
14072,0
14073,0
14074,0
14075,0
14076,0
14077,0
14078,0
14079,0
14080,0
14081,0
14082,0
14083,0
14084,0
14085,0
14086,0
14087,0
14088,0
14089,0
14130,0
14131,0
14132,0
14133,0
14134,0
14135,0
14136,0
14137,0
14138,0
14139,0
14140,0
14141,0
14142,0
14143,0
14144,0
14145,0
14146,0
14147,0
14148,0
14149,0
14230,0
14231,0
14232,0
14233,0
14234,0
14235,0
14236,0
14237,0
14238,0
14239,0
14240,0
14241,0
14242,0
14243,0
14244,0
14245,0
14246,0
14247,0
14248,0
14249,0
14290,0
14291,0
14292,0
14293,0
14294,0
14295,0
14296,0
14297,0
14298,0
14299,0
14300,0
14301,0
14302,0
14303,0
14304,0
14305,0
14306,0
14307,0
14308,0
14309,0
14460,0
14461,0
14462,0
14463,0
14464,0
14465,0
14466,0
14467,0
14468,0
14469,0
14470,0
14471,0
14472,0
14473,0
14474,0
14475,0
14476,0
14477,0
14478,0
14479,0
14480,0
14481,0
14482,0
14483,0
14484,0
14485,0
14486,0
14487,0
14488,0
14489,0
14510,0
14511,0
14512,0
14513,0
14514,0
14515,0
14516,0
14517,0
14518,0
14519,0
14520,0
14521,0
14522,0
14523,0
14524,0
14525,0
14526,0
14527,0
14528,0
14529,0
14760,0
14761,0
14762,0
14763,0
14764,0
14765,0
14766,0
14767,0
14768,0
14769,0
14770,0
14771,0
14772,0
14773,0
14774,0
14775,0
14776,0
14777,0
14778,0
14779,0
14970,0
14971,0
14972,0
14973,0
14974,0
14975,0
14976,0
14977,0
14978,0
14979,0
14980,0
14981,0
14982,0
14983,0
14984,0
14985,0
14986,0
14987,0
14988,0
14989,0
15020,0
15021,0
15022,0
15023,0
15024,0
15025,0
15026,0
15027,0
15028,0
15029,0
15030,0
15031,0
15032,0
15033,0
15034,0
15035,0
15036,0
15037,0
15038,0
15039,0
15280,0
15281,0
15282,0
15283,0
15284,0
15285,0
15286,0
15287,0
15288,0
15289,0
15290,0
15291,0
15292,0
15293,0
15294,0
15295,0
15296,0
15297,0
15298,0
15299,0
15450,0
15451,0
15452,0
15453,0
15454,0
15455,0
15456,0
15457,0
15458,0
15459,0
15590,0
15591,0
15592,0
15593,0
15594,0
15595,0
15596,0
15597,0
15598,0
15599,0
15600,0
15601,0
15602,0
15603,0
15604,0
15605,0
15606,0
15607,0
15608,0
15609,0
15640,0
15641,0
15642,0
15643,0
15644,0
15645,0
15646,0
15647,0
15648,0
15649,0
15650,0
15651,0
15652,0
15653,0
15654,0
15655,0
15656,0
15657,0
15658,0
15659,0
15660,0
15661,0
15662,0
15663,0
15664,0
15665,0
15666,0
15667,0
15668,0
15669,0
15720,0
15721,0
15722,0
15723,0
15724,0
15725,0
15726,0
15727,0
15728,0
15729,0
15730,0
15731,0
15732,0
15733,0
15734,0
15735,0
15736,0
15737,0
15738,0
15739,0
15740,0
15741,0
15742,0
15743,0
15744,0
15745,0
15746,0
15747,0
15748,0
15749,0
15750,0
15751,0
15752,0
15753,0
15754,0
15755,0
15756,0
15757,0
15758,0
15759,0
15760,0
15761,0
15762,0
15763,0
15764,0
15765,0
15766,0
15767,0
15768,0
15769,0
15770,0
15771,0
15772,0
15773,0
15774,0
15775,0
15776,0
15777,0
15778,0
15779,0
15780,0
15781,0
15782,0
15783,0
15784,0
15785,0
15786,0
15787,0
15788,0
15789,0
15970,0
15971,0
15972,0
15973,0
15974,0
15975,0
15976,0
15977,0
15978,0
15979,0
15980,0
15981,0
15982,0
15983,0
15984,0
15985,0
15986,0
15987,0
15988,0
15989,0
15990,0
15991,0
15992,0
15993,0
15994,0
15995,0
15996,0
15997,0
15998,0
15999,0
16080,0
16081,0
16082,0
16083,0
16084,0
16085,0
16086,0
16087,0
16088,0
16089,0
16340,0
16341,0
16342,0
16343,0
16344,0
16345,0
16346,0
16347,0
16348,0
16349,0
16450,0
16451,0
16452,0
16453,0
16454,0
16455,0
16456,0
16457,0
16458,0
16459,0
16480,0
16481,0
16482,0
16483,0
16484,0
16485,0
16486,0
16487,0
16488,0
16489,0
16510,0
16511,0
16512,0
16513,0
16514,0
16515,0
16516,0
16517,0
16518,0
16519,0
16640,0
16641,0
16642,0
16643,0
16644,0
16645,0
16646,0
16647,0
16648,0
16649,0
16650,0
16651,0
16652,0
16653,0
16654,0
16655,0
16656,0
16657,0
16658,0
16659,0
16660,0
16661,0
16662,0
16663,0
16664,0
16665,0
16666,0
16667,0
16668,0
16669,0
16720,0
16721,0
16722,0
16723,0
16724,0
16725,0
16726,0
16727,0
16728,0
16729,0
16730,0
16731,0
16732,0
16733,0
16734,0
16735,0
16736,0
16737,0
16738,0
16739,0
16740,0
16741,0
16742,0
16743,0
16744,0
16745,0
16746,0
16747,0
16748,0
16749,0
16750,0
16751,0
16752,0
16753,0
16754,0
16755,0
16756,0
16757,0
16758,0
16759,0
16760,0
16761,0
16762,0
16763,0
16764,0
16765,0
16766,0
16767,0
16768,0
16769,0
16780,0
16781,0
16782,0
16783,0
16784,0
16785,0
16786,0
16787,0
16788,0
16789,0
16790,0
16791,0
16792,0
16793,0
16794,0
16795,0
16796,0
16797,0
16798,0
16799,0
16800,0
16801,0
16802,0
16803,0
16804,0
16805,0
16806,0
16807,0
16808,0
16809,0
16810,0
16811,0
16812,0
16813,0
16814,0
16815,0
16816,0
16817,0
16818,0
16819,0
16950,0
16951,0
16952,0
16953,0
16954,0
16955,0
16956,0
16957,0
16958,0
16959,0
16960,0
16961,0
16962,0
16963,0
16964,0
16965,0
16966,0
16967,0
16968,0
16969,0
17060,0
17061,0
17062,0
17063,0
17064,0
17065,0
17066,0
17067,0
17068,0
17069,0
17170,0
17171,0
17172,0
17173,0
17174,0
17175,0
17176,0
17177,0
17178,0
17179,0
17500,0
17501,0
17502,0
17503,0
17504,0
17505,0
17506,0
17507,0
17508,0
17509,0
17530,0
17531,0
17532,0
17533,0
17534,0
17535,0
17536,0
17537,0
17538,0
17539,0
17540,0
17541,0
17542,0
17543,0
17544,0
17545,0
17546,0
17547,0
17548,0
17549,0
17550,0
17551,0
17552,0
17553,0
17554,0
17555,0
17556,0
17557,0
17558,0
17559,0
17560,0
17561,0
17562,0
17563,0
17564,0
17565,0
17566,0
17567,0
17568,0
17569,0
17570,0
17571,0
17572,0
17573,0
17574,0
17575,0
17576,0
17577,0
17578,0
17579,0
17620,0
17621,0
17622,0
17623,0
17624,0
17625,0
17626,0
17627,0
17628,0
17629,0
17630,0
17631,0
17632,0
17633,0
17634,0
17635,0
17636,0
17637,0
17638,0
17639,0
17690,0
17691,0
17692,0
17693,0
17694,0
17695,0
17696,0
17697,0
17698,0
17699,0
17700,0
17701,0
17702,0
17703,0
17704,0
17705,0
17706,0
17707,0
17708,0
17709,0
17710,0
17711,0
17712,0
17713,0
17714,0
17715,0
17716,0
17717,0
17718,0
17719,0
17740,0
17741,0
17742,0
17743,0
17744,0
17745,0
17746,0
17747,0
17748,0
17749,0
17750,0
17751,0
17752,0
17753,0
17754,0
17755,0
17756,0
17757,0
17758,0
17759,0
17760,0
17761,0
17762,0
17763,0
17764,0
17765,0
17766,0
17767,0
17768,0
17769,0
17790,0
17791,0
17792,0
17793,0
17794,0
17795,0
17796,0
17797,0
17798,0
17799,0
17800,0
17801,0
17802,0
17803,0
17804,0
17805,0
17806,0
17807,0
17808,0
17809,0
17810,0
17811,0
17812,0
17813,0
17814,0
17815,0
17816,0
17817,0
17818,0
17819,0
17870,0
17871,0
17872,0
17873,0
17874,0
17875,0
17876,0
17877,0
17878,0
17879,0
17880,0
17881,0
17882,0
17883,0
17884,0
17885,0
17886,0
17887,0
17888,0
17889,0
17890,0
17891,0
17892,0
17893,0
17894,0
17895,0
17896,0
17897,0
17898,0
17899,0
17960,0
17961,0
17962,0
17963,0
17964,0
17965,0
17966,0
17967,0
17968,0
17969,0
17970,0
17971,0
17972,0
17973,0
17974,0
17975,0
17976,0
17977,0
17978,0
17979,0
18070,0
18071,0
18072,0
18073,0
18074,0
18075,0
18076,0
18077,0
18078,0
18079,0
18080,0
18081,0
18082,0
18083,0
18084,0
18085,0
18086,0
18087,0
18088,0
18089,0
18090,0
18091,0
18092,0
18093,0
18094,0
18095,0
18096,0
18097,0
18098,0
18099,0
18240,0
18241,0
18242,0
18243,0
18244,0
18245,0
18246,0
18247,0
18248,0
18249,0
18250,0
18251,0
18252,0
18253,0
18254,0
18255,0
18256,0
18257,0
18258,0
18259,0
18260,0
18261,0
18262,0
18263,0
18264,0
18265,0
18266,0
18267,0
18268,0
18269,0
18350,0
18351,0
18352,0
18353,0
18354,0
18355,0
18356,0
18357,0
18358,0
18359,0
18360,0
18361,0
18362,0
18363,0
18364,0
18365,0
18366,0
18367,0
18368,0
18369,0
18420,0
18421,0
18422,0
18423,0
18424,0
18425,0
18426,0
18427,0
18428,0
18429,0
18430,0
18431,0
18432,0
18433,0
18434,0
18435,0
18436,0
18437,0
18438,0
18439,0
18570,0
18571,0
18572,0
18573,0
18574,0
18575,0
18576,0
18577,0
18578,0
18579,0
18580,0
18581,0
18582,0
18583,0
18584,0
18585,0
18586,0
18587,0
18588,0
18589,0
18650,0
18651,0
18652,0
18653,0
18654,0
18655,0
18656,0
18657,0
18658,0
18659,0
18660,0
18661,0
18662,0
18663,0
18664,0
18665,0
18666,0
18667,0
18668,0
18669,0
18830,0
18831,0
18832,0
18833,0
18834,0
18835,0
18836,0
18837,0
18838,0
18839,0
18840,0
18841,0
18842,0
18843,0
18844,0
18845,0
18846,0
18847,0
18848,0
18849,0
18850,0
18851,0
18852,0
18853,0
18854,0
18855,0
18856,0
18857,0
18858,0
18859,0
18880,0
18881,0
18882,0
18883,0
18884,0
18885,0
18886,0
18887,0
18888,0
18889,0
18960,0
18961,0
18962,0
18963,0
18964,0
18965,0
18966,0
18967,0
18968,0
18969,0
18970,0
18971,0
18972,0
18973,0
18974,0
18975,0
18976,0
18977,0
18978,0
18979,0
18980,0
18981,0
18982,0
18983,0
18984,0
18985,0
18986,0
18987,0
18988,0
18989,0
19020,0
19021,0
19022,0
19023,0
19024,0
19025,0
19026,0
19027,0
19028,0
19029,0
19030,0
19031,0
19032,0
19033,0
19034,0
19035,0
19036,0
19037,0
19038,0
19039,0
19040,0
19041,0
19042,0
19043,0
19044,0
19045,0
19046,0
19047,0
19048,0
19049,0
19080,0
19081,0
19082,0
19083,0
19084,0
19085,0
19086,0
19087,0
19088,0
19089,0
19090,0
19091,0
19092,0
19093,0
19094,0
19095,0
19096,0
19097,0
19098,0
19099,0
19100,0
19101,0
19102,0
19103,0
19104,0
19105,0
19106,0
19107,0
19108,0
19109,0
19190,0
19191,0
19192,0
19193,0
19194,0
19195,0
19196,0
19197,0
19198,0
19199,0
19200,0
19201,0
19202,0
19203,0
19204,0
19205,0
19206,0
19207,0
19208,0
19209,0
19210,0
19211,0
19212,0
19213,0
19214,0
19215,0
19216,0
19217,0
19218,0
19219,0
19270,0
19271,0
19272,0
19273,0
19274,0
19275,0
19276,0
19277,0
19278,0
19279,0
19310,0
19311,0
19312,0
19313,0
19314,0
19315,0
19316,0
19317,0
19318,0
19319,0
19340,0
19341,0
19342,0
19343,0
19344,0
19345,0
19346,0
19347,0
19348,0
19349,0
19360,0
19361,0
19362,0
19363,0
19364,0
19365,0
19366,0
19367,0
19368,0
19369,0
19410,0
19411,0
19412,0
19413,0
19414,0
19415,0
19416,0
19417,0
19418,0
19419,0
19430,0
19431,0
19432,0
19433,0
19434,0
19435,0
19436,0
19437,0
19438,0
19439,0
19460,0
19461,0
19462,0
19463,0
19464,0
19465,0
19466,0
19467,0
19468,0
19469,0
19480,0
19481,0
19482,0
19483,0
19484,0
19485,0
19486,0
19487,0
19488,0
19489,0
19500,0
19501,0
19502,0
19503,0
19504,0
19505,0
19506,0
19507,0
19508,0
19509,0
19530,0
19531,0
19532,0
19533,0
19534,0
19535,0
19536,0
19537,0
19538,0
19539,0
19560,0
19561,0
19562,0
19563,0
19564,0
19565,0
19566,0
19567,0
19568,0
19569,0
19570,0
19571,0
19572,0
19573,0
19574,0
19575,0
19576,0
19577,0
19578,0
19579,0
19670,0
19671,0
19672,0
19673,0
19674,0
19675,0
19676,0
19677,0
19678,0
19679,0
19710,0
19711,0
19712,0
19713,0
19714,0
19715,0
19716,0
19717,0
19718,0
19719,0
19730,0
19731,0
19732,0
19733,0
19734,0
19735,0
19736,0
19737,0
19738,0
19739,0
19750,0
19751,0
19752,0
19753,0
19754,0
19755,0
19756,0
19757,0
19758,0
19759,0
19760,0
19761,0
19762,0
19763,0
19764,0
19765,0
19766,0
19767,0
19768,0
19769,0
19770,0
19771,0
19772,0
19773,0
19774,0
19775,0
19776,0
19777,0
19778,0
19779,0
19790,0
19791,0
19792,0
19793,0
19794,0
19795,0
19796,0
19797,0
19798,0
19799,0
19800,0
19801,0
19802,0
19803,0
19804,0
19805,0
19806,0
19807,0
19808,0
19809,0
19810,0
19811,0
19812,0
19813,0
19814,0
19815,0
19816,0
19817,0
19818,0
19819,0
19850,0
19851,0
19852,0
19853,0
19854,0
19855,0
19856,0
19857,0
19858,0
19859,0
19860,0
19861,0
19862,0
19863,0
19864,0
19865,0
19866,0
19867,0
19868,0
19869,0
20020,0
20021,0
20022,0
20023,0
20024,0
20025,0
20026,0
20027,0
20028,0
20029,0
20080,0
20081,0
20082,0
20083,0
20084,0
20085,0
20086,0
20087,0
20088,0
20089,0
20090,0
20091,0
20092,0
20093,0
20094,0
20095,0
20096,0
20097,0
20098,0
20099,0
20100,0
20101,0
20102,0
20103,0
20104,0
20105,0
20106,0
20107,0
20108,0
20109,0
20110,0
20111,0
20112,0
20113,0
20114,0
20115,0
20116,0
20117,0
20118,0
20119,0
20120,0
20121,0
20122,0
20123,0
20124,0
20125,0
20126,0
20127,0
20128,0
20129,0
20130,0
20131,0
20132,0
20133,0
20134,0
20135,0
20136,0
20137,0
20138,0
20139,0
20170,0
20171,0
20172,0
20173,0
20174,0
20175,0
20176,0
20177,0
20178,0
20179,0
20180,0
20181,0
20182,0
20183,0
20184,0
20185,0
20186,0
20187,0
20188,0
20189,0
20210,0
20211,0
20212,0
20213,0
20214,0
20215,0
20216,0
20217,0
20218,0
20219,0
20220,0
20221,0
20222,0
20223,0
20224,0
20225,0
20226,0
20227,0
20228,0
20229,0
20230,0
20231,0
20232,0
20233,0
20234,0
20235,0
20236,0
20237,0
20238,0
20239,0
20570,0
20571,0
20572,0
20573,0
20574,0
20575,0
20576,0
20577,0
20578,0
20579,0
20580,0
20581,0
20582,0
20583,0
20584,0
20585,0
20586,0
20587,0
20588,0
20589,0
20660,0
20661,0
20662,0
20663,0
20664,0
20665,0
20666,0
20667,0
20668,0
20669,0
20670,0
20671,0
20672,0
20673,0
20674,0
20675,0
20676,0
20677,0
20678,0
20679,0
20730,0
20731,0
20732,0
20733,0
20734,0
20735,0
20736,0
20737,0
20738,0
20739,0
20740,0
20741,0
20742,0
20743,0
20744,0
20745,0
20746,0
20747,0
20748,0
20749,0
20750,0
20751,0
20752,0
20753,0
20754,0
20755,0
20756,0
20757,0
20758,0
20759,0
20760,0
20761,0
20762,0
20763,0
20764,0
20765,0
20766,0
20767,0
20768,0
20769,0
20770,0
20771,0
20772,0
20773,0
20774,0
20775,0
20776,0
20777,0
20778,0
20779,0
20780,0
20781,0
20782,0
20783,0
20784,0
20785,0
20786,0
20787,0
20788,0
20789,0
20790,0
20791,0
20792,0
20793,0
20794,0
20795,0
20796,0
20797,0
20798,0
20799,0
20810,0
20811,0
20812,0
20813,0
20814,0
20815,0
20816,0
20817,0
20818,0
20819,0
20860,0
20861,0
20862,0
20863,0
20864,0
20865,0
20866,0
20867,0
20868,0
20869,0
20870,0
20871,0
20872,0
20873,0
20874,0
20875,0
20876,0
20877,0
20878,0
20879,0
20930,0
20931,0
20932,0
20933,0
20934,0
20935,0
20936,0
20937,0
20938,0
20939,0
20940,0
20941,0
20942,0
20943,0
20944,0
20945,0
20946,0
20947,0
20948,0
20949,0
20950,0
20951,0
20952,0
20953,0
20954,0
20955,0
20956,0
20957,0
20958,0
20959,0
20960,0
20961,0
20962,0
20963,0
20964,0
20965,0
20966,0
20967,0
20968,0
20969,0
20970,0
20971,0
20972,0
20973,0
20974,0
20975,0
20976,0
20977,0
20978,0
20979,0
21000,0
21001,0
21002,0
21003,0
21004,0
21005,0
21006,0
21007,0
21008,0
21009,0
21010,0
21011,0
21012,0
21013,0
21014,0
21015,0
21016,0
21017,0
21018,0
21019,0
21020,0
21021,0
21022,0
21023,0
21024,0
21025,0
21026,0
21027,0
21028,0
21029,0
21070,0
21071,0
21072,0
21073,0
21074,0
21075,0
21076,0
21077,0
21078,0
21079,0
21080,0
21081,0
21082,0
21083,0
21084,0
21085,0
21086,0
21087,0
21088,0
21089,0
21260,0
21261,0
21262,0
21263,0
21264,0
21265,0
21266,0
21267,0
21268,0
21269,0
21270,0
21271,0
21272,0
21273,0
21274,0
21275,0
21276,0
21277,0
21278,0
21279,0
21280,0
21281,0
21282,0
21283,0
21284,0
21285,0
21286,0
21287,0
21288,0
21289,0
21480,0
21481,0
21482,0
21483,0
21484,0
21485,0
21486,0
21487,0
21488,0
21489,0
21490,0
21491,0
21492,0
21493,0
21494,0
21495,0
21496,0
21497,0
21498,0
21499,0
21500,0
21501,0
21502,0
21503,0
21504,0
21505,0
21506,0
21507,0
21508,0
21509,0
21550,0
21551,0
21552,0
21553,0
21554,0
21555,0
21556,0
21557,0
21558,0
21559,0
21560,0
21561,0
21562,0
21563,0
21564,0
21565,0
21566,0
21567,0
21568,0
21569,0
21570,0
21571,0
21572,0
21573,0
21574,0
21575,0
21576,0
21577,0
21578,0
21579,0
21680,0
21681,0
21682,0
21683,0
21684,0
21685,0
21686,0
21687,0
21688,0
21689,0
21690,0
21691,0
21692,0
21693,0
21694,0
21695,0
21696,0
21697,0
21698,0
21699,0
21700,0
21701,0
21702,0
21703,0
21704,0
21705,0
21706,0
21707,0
21708,0
21709,0
21990,0
21991,0
21992,0
21993,0
21994,0
21995,0
21996,0
21997,0
21998,0
21999,0
22000,0
22001,0
22002,0
22003,0
22004,0
22005,0
22006,0
22007,0
22008,0
22009,0
22010,0
22011,0
22012,0
22013,0
22014,0
22015,0
22016,0
22017,0
22018,0
22019,0
22020,0
22021,0
22022,0
22023,0
22024,0
22025,0
22026,0
22027,0
22028,0
22029,0
22030,0
22031,0
22032,0
22033,0
22034,0
22035,0
22036,0
22037,0
22038,0
22039,0
22040,0
22041,0
22042,0
22043,0
22044,0
22045,0
22046,0
22047,0
22048,0
22049,0
22200,0
22201,0
22202,0
22203,0
22204,0
22205,0
22206,0
22207,0
22208,0
22209,0
22210,0
22211,0
22212,0
22213,0
22214,0
22215,0
22216,0
22217,0
22218,0
22219,0
22220,0
22221,0
22222,0
22223,0
22224,0
22225,0
22226,0
22227,0
22228,0
22229,0
22230,0
22231,0
22232,0
22233,0
22234,0
22235,0
22236,0
22237,0
22238,0
22239,0
22240,0
22241,0
22242,0
22243,0
22244,0
22245,0
22246,0
22247,0
22248,0
22249,0
22250,0
22251,0
22252,0
22253,0
22254,0
22255,0
22256,0
22257,0
22258,0
22259,0
22510,0
22511,0
22512,0
22513,0
22514,0
22515,0
22516,0
22517,0
22518,0
22519,0
22520,0
22521,0
22522,0
22523,0
22524,0
22525,0
22526,0
22527,0
22528,0
22529,0
22660,0
22661,0
22662,0
22663,0
22664,0
22665,0
22666,0
22667,0
22668,0
22669,0
22670,0
22671,0
22672,0
22673,0
22674,0
22675,0
22676,0
22677,0
22678,0
22679,0
22900,0
22901,0
22902,0
22903,0
22904,0
22905,0
22906,0
22907,0
22908,0
22909,0
22910,0
22911,0
22912,0
22913,0
22914,0
22915,0
22916,0
22917,0
22918,0
22919,0
22970,0
22971,0
22972,0
22973,0
22974,0
22975,0
22976,0
22977,0
22978,0
22979,0
23120,0
23121,0
23122,0
23123,0
23124,0
23125,0
23126,0
23127,0
23128,0
23129,0
23130,0
23131,0
23132,0
23133,0
23134,0
23135,0
23136,0
23137,0
23138,0
23139,0
23140,0
23141,0
23142,0
23143,0
23144,0
23145,0
23146,0
23147,0
23148,0
23149,0
23150,0
23151,0
23152,0
23153,0
23154,0
23155,0
23156,0
23157,0
23158,0
23159,0
23160,0
23161,0
23162,0
23163,0
23164,0
23165,0
23166,0
23167,0
23168,0
23169,0
23170,0
23171,0
23172,0
23173,0
23174,0
23175,0
23176,0
23177,0
23178,0
23179,0
23180,0
23181,0
23182,0
23183,0
23184,0
23185,0
23186,0
23187,0
23188,0
23189,0
23190,0
23191,0
23192,0
23193,0
23194,0
23195,0
23196,0
23197,0
23198,0
23199,0
23220,0
23221,0
23222,0
23223,0
23224,0
23225,0
23226,0
23227,0
23228,0
23229,0
23230,0
23231,0
23232,0
23233,0
23234,0
23235,0
23236,0
23237,0
23238,0
23239,0
23240,0
23241,0
23242,0
23243,0
23244,0
23245,0
23246,0
23247,0
23248,0
23249,0
23340,0
23341,0
23342,0
23343,0
23344,0
23345,0
23346,0
23347,0
23348,0
23349,0
23480,0
23481,0
23482,0
23483,0
23484,0
23485,0
23486,0
23487,0
23488,0
23489,0
23490,0
23491,0
23492,0
23493,0
23494,0
23495,0
23496,0
23497,0
23498,0
23499,0
23520,0
23521,0
23522,0
23523,0
23524,0
23525,0
23526,0
23527,0
23528,0
23529,0
23530,0
23531,0
23532,0
23533,0
23534,0
23535,0
23536,0
23537,0
23538,0
23539,0
23560,0
23561,0
23562,0
23563,0
23564,0
23565,0
23566,0
23567,0
23568,0
23569,0
23570,0
23571,0
23572,0
23573,0
23574,0
23575,0
23576,0
23577,0
23578,0
23579,0
23580,0
23581,0
23582,0
23583,0
23584,0
23585,0
23586,0
23587,0
23588,0
23589,0
23590,0
23591,0
23592,0
23593,0
23594,0
23595,0
23596,0
23597,0
23598,0
23599,0
23670,0
23671,0
23672,0
23673,0
23674,0
23675,0
23676,0
23677,0
23678,0
23679,0
23680,0
23681,0
23682,0
23683,0
23684,0
23685,0
23686,0
23687,0
23688,0
23689,0
23690,0
23691,0
23692,0
23693,0
23694,0
23695,0
23696,0
23697,0
23698,0
23699,0
23700,0
23701,0
23702,0
23703,0
23704,0
23705,0
23706,0
23707,0
23708,0
23709,0
24070,0
24071,0
24072,0
24073,0
24074,0
24075,0
24076,0
24077,0
24078,0
24079,0
24080,0
24081,0
24082,0
24083,0
24084,0
24085,0
24086,0
24087,0
24088,0
24089,0
24090,0
24091,0
24092,0
24093,0
24094,0
24095,0
24096,0
24097,0
24098,0
24099,0
24100,0
24101,0
24102,0
24103,0
24104,0
24105,0
24106,0
24107,0
24108,0
24109,0
24110,0
24111,0
24112,0
24113,0
24114,0
24115,0
24116,0
24117,0
24118,0
24119,0
24120,0
24121,0
24122,0
24123,0
24124,0
24125,0
24126,0
24127,0
24128,0
24129,0
24130,0
24131,0
24132,0
24133,0
24134,0
24135,0
24136,0
24137,0
24138,0
24139,0
24140,0
24141,0
24142,0
24143,0
24144,0
24145,0
24146,0
24147,0
24148,0
24149,0
24150,0
24151,0
24152,0
24153,0
24154,0
24155,0
24156,0
24157,0
24158,0
24159,0
24160,0
24161,0
24162,0
24163,0
24164,0
24165,0
24166,0
24167,0
24168,0
24169,0
24270,0
24271,0
24272,0
24273,0
24274,0
24275,0
24276,0
24277,0
24278,0
24279,0
24450,0
24451,0
24452,0
24453,0
24454,0
24455,0
24456,0
24457,0
24458,0
24459,0
24460,0
24461,0
24462,0
24463,0
24464,0
24465,0
24466,0
24467,0
24468,0
24469,0
24470,0
24471,0
24472,0
24473,0
24474,0
24475,0
24476,0
24477,0
24478,0
24479,0
24500,0
24501,0
24502,0
24503,0
24504,0
24505,0
24506,0
24507,0
24508,0
24509,0
24880,0
24881,0
24882,0
24883,0
24884,0
24885,0
24886,0
24887,0
24888,0
24889,0
24890,0
24891,0
24892,0
24893,0
24894,0
24895,0
24896,0
24897,0
24898,0
24899,0
25230,0
25231,0
25232,0
25233,0
25234,0
25235,0
25236,0
25237,0
25238,0
25239,0
25240,0
25241,0
25242,0
25243,0
25244,0
25245,0
25246,0
25247,0
25248,0
25249,0
25250,0
25251,0
25252,0
25253,0
25254,0
25255,0
25256,0
25257,0
25258,0
25259,0
25320,0
25321,0
25322,0
25323,0
25324,0
25325,0
25326,0
25327,0
25328,0
25329,0
25330,0
25331,0
25332,0
25333,0
25334,0
25335,0
25336,0
25337,0
25338,0
25339,0
25340,0
25341,0
25342,0
25343,0
25344,0
25345,0
25346,0
25347,0
25348,0
25349,0
25380,0
25381,0
25382,0
25383,0
25384,0
25385,0
25386,0
25387,0
25388,0
25389,0
25390,0
25391,0
25392,0
25393,0
25394,0
25395,0
25396,0
25397,0
25398,0
25399,0
25590,0
25591,0
25592,0
25593,0
25594,0
25595,0
25596,0
25597,0
25598,0
25599,0
25600,0
25601,0
25602,0
25603,0
25604,0
25605,0
25606,0
25607,0
25608,0
25609,0
25610,0
25611,0
25612,0
25613,0
25614,0
25615,0
25616,0
25617,0
25618,0
25619,0
25700,0
25701,0
25702,0
25703,0
25704,0
25705,0
25706,0
25707,0
25708,0
25709,0
25730,0
25731,0
25732,0
25733,0
25734,0
25735,0
25736,0
25737,0
25738,0
25739,0
25740,0
25741,0
25742,0
25743,0
25744,0
25745,0
25746,0
25747,0
25748,0
25749,0
25750,0
25751,0
25752,0
25753,0
25754,0
25755,0
25756,0
25757,0
25758,0
25759,0
25790,0
25791,0
25792,0
25793,0
25794,0
25795,0
25796,0
25797,0
25798,0
25799,0
25970,0
25971,0
25972,0
25973,0
25974,0
25975,0
25976,0
25977,0
25978,0
25979,0
25980,0
25981,0
25982,0
25983,0
25984,0
25985,0
25986,0
25987,0
25988,0
25989,0
25990,0
25991,0
25992,0
25993,0
25994,0
25995,0
25996,0
25997,0
25998,0
25999,0
26000,0
26001,0
26002,0
26003,0
26004,0
26005,0
26006,0
26007,0
26008,0
26009,0
26010,0
26011,0
26012,0
26013,0
26014,0
26015,0
26016,0
26017,0
26018,0
26019,0
26020,0
26021,0
26022,0
26023,0
26024,0
26025,0
26026,0
26027,0
26028,0
26029,0
26060,0
26061,0
26062,0
26063,0
26064,0
26065,0
26066,0
26067,0
26068,0
26069,0
26070,0
26071,0
26072,0
26073,0
26074,0
26075,0
26076,0
26077,0
26078,0
26079,0
26080,0
26081,0
26082,0
26083,0
26084,0
26085,0
26086,0
26087,0
26088,0
26089,0
26150,0
26151,0
26152,0
26153,0
26154,0
26155,0
26156,0
26157,0
26158,0
26159,0
26160,0
26161,0
26162,0
26163,0
26164,0
26165,0
26166,0
26167,0
26168,0
26169,0
26170,0
26171,0
26172,0
26173,0
26174,0
26175,0
26176,0
26177,0
26178,0
26179,0
26290,0
26291,0
26292,0
26293,0
26294,0
26295,0
26296,0
26297,0
26298,0
26299,0
26300,0
26301,0
26302,0
26303,0
26304,0
26305,0
26306,0
26307,0
26308,0
26309,0
26310,0
26311,0
26312,0
26313,0
26314,0
26315,0
26316,0
26317,0
26318,0
26319,0
26320,0
26321,0
26322,0
26323,0
26324,0
26325,0
26326,0
26327,0
26328,0
26329,0
26330,0
26331,0
26332,0
26333,0
26334,0
26335,0
26336,0
26337,0
26338,0
26339,0
26340,0
26341,0
26342,0
26343,0
26344,0
26345,0
26346,0
26347,0
26348,0
26349,0
26350,0
26351,0
26352,0
26353,0
26354,0
26355,0
26356,0
26357,0
26358,0
26359,0
26410,0
26411,0
26412,0
26413,0
26414,0
26415,0
26416,0
26417,0
26418,0
26419,0
26420,0
26421,0
26422,0
26423,0
26424,0
26425,0
26426,0
26427,0
26428,0
26429,0
26620,0
26621,0
26622,0
26623,0
26624,0
26625,0
26626,0
26627,0
26628,0
26629,0
26630,0
26631,0
26632,0
26633,0
26634,0
26635,0
26636,0
26637,0
26638,0
26639,0
26950,0
26951,0
26952,0
26953,0
26954,0
26955,0
26956,0
26957,0
26958,0
26959,0
26960,0
26961,0
26962,0
26963,0
26964,0
26965,0
26966,0
26967,0
26968,0
26969,0
26970,0
26971,0
26972,0
26973,0
26974,0
26975,0
26976,0
26977,0
26978,0
26979,0
26980,0
26981,0
26982,0
26983,0
26984,0
26985,0
26986,0
26987,0
26988,0
26989,0
26990,0
26991,0
26992,0
26993,0
26994,0
26995,0
26996,0
26997,0
26998,0
26999,0
27200,0
27201,0
27202,0
27203,0
27204,0
27205,0
27206,0
27207,0
27208,0
27209,0
27210,0
27211,0
27212,0
27213,0
27214,0
27215,0
27216,0
27217,0
27218,0
27219,0
27220,0
27221,0
27222,0
27223,0
27224,0
27225,0
27226,0
27227,0
27228,0
27229,0
27230,0
27231,0
27232,0
27233,0
27234,0
27235,0
27236,0
27237,0
27238,0
27239,0
27240,0
27241,0
27242,0
27243,0
27244,0
27245,0
27246,0
27247,0
27248,0
27249,0
27250,0
27251,0
27252,0
27253,0
27254,0
27255,0
27256,0
27257,0
27258,0
27259,0
27260,0
27261,0
27262,0
27263,0
27264,0
27265,0
27266,0
27267,0
27268,0
27269,0
27290,0
27291,0
27292,0
27293,0
27294,0
27295,0
27296,0
27297,0
27298,0
27299,0
27300,0
27301,0
27302,0
27303,0
27304,0
27305,0
27306,0
27307,0
27308,0
27309,0
27330,0
27331,0
27332,0
27333,0
27334,0
27335,0
27336,0
27337,0
27338,0
27339,0
27340,0
27341,0
27342,0
27343,0
27344,0
27345,0
27346,0
27347,0
27348,0
27349,0
27350,0
27351,0
27352,0
27353,0
27354,0
27355,0
27356,0
27357,0
27358,0
27359,0
27400,0
27401,0
27402,0
27403,0
27404,0
27405,0
27406,0
27407,0
27408,0
27409,0
27410,0
27411,0
27412,0
27413,0
27414,0
27415,0
27416,0
27417,0
27418,0
27419,0
27480,0
27481,0
27482,0
27483,0
27484,0
27485,0
27486,0
27487,0
27488,0
27489,0
27490,0
27491,0
27492,0
27493,0
27494,0
27495,0
27496,0
27497,0
27498,0
27499,0
27540,0
27541,0
27542,0
27543,0
27544,0
27545,0
27546,0
27547,0
27548,0
27549,0
27550,0
27551,0
27552,0
27553,0
27554,0
27555,0
27556,0
27557,0
27558,0
27559,0
27670,0
27671,0
27672,0
27673,0
27674,0
27675,0
27676,0
27677,0
27678,0
27679,0
27680,0
27681,0
27682,0
27683,0
27684,0
27685,0
27686,0
27687,0
27688,0
27689,0
27950,0
27951,0
27952,0
27953,0
27954,0
27955,0
27956,0
27957,0
27958,0
27959,0
27960,0
27961,0
27962,0
27963,0
27964,0
27965,0
27966,0
27967,0
27968,0
27969,0
27970,0
27971,0
27972,0
27973,0
27974,0
27975,0
27976,0
27977,0
27978,0
27979,0
27980,0
27981,0
27982,0
27983,0
27984,0
27985,0
27986,0
27987,0
27988,0
27989,0
28010,0
28011,0
28012,0
28013,0
28014,0
28015,0
28016,0
28017,0
28018,0
28019,0
28020,0
28021,0
28022,0
28023,0
28024,0
28025,0
28026,0
28027,0
28028,0
28029,0
28030,0
28031,0
28032,0
28033,0
28034,0
28035,0
28036,0
28037,0
28038,0
28039,0
28040,0
28041,0
28042,0
28043,0
28044,0
28045,0
28046,0
28047,0
28048,0
28049,0
28050,0
28051,0
28052,0
28053,0
28054,0
28055,0
28056,0
28057,0
28058,0
28059,0
28060,0
28061,0
28062,0
28063,0
28064,0
28065,0
28066,0
28067,0
28068,0
28069,0
28100,0
28101,0
28102,0
28103,0
28104,0
28105,0
28106,0
28107,0
28108,0
28109,0
28110,0
28111,0
28112,0
28113,0
28114,0
28115,0
28116,0
28117,0
28118,0
28119,0
28120,0
28121,0
28122,0
28123,0
28124,0
28125,0
28126,0
28127,0
28128,0
28129,0
28180,0
28181,0
28182,0
28183,0
28184,0
28185,0
28186,0
28187,0
28188,0
28189,0
28190,0
28191,0
28192,0
28193,0
28194,0
28195,0
28196,0
28197,0
28198,0
28199,0
28340,0
28341,0
28342,0
28343,0
28344,0
28345,0
28346,0
28347,0
28348,0
28349,0
28350,0
28351,0
28352,0
28353,0
28354,0
28355,0
28356,0
28357,0
28358,0
28359,0
28700,0
28701,0
28702,0
28703,0
28704,0
28705,0
28706,0
28707,0
28708,0
28709,0
28710,0
28711,0
28712,0
28713,0
28714,0
28715,0
28716,0
28717,0
28718,0
28719,0
28720,0
28721,0
28722,0
28723,0
28724,0
28725,0
28726,0
28727,0
28728,0
28729,0
28850,0
28851,0
28852,0
28853,0
28854,0
28855,0
28856,0
28857,0
28858,0
28859,0
28860,0
28861,0
28862,0
28863,0
28864,0
28865,0
28866,0
28867,0
28868,0
28869,0
28870,0
28871,0
28872,0
28873,0
28874,0
28875,0
28876,0
28877,0
28878,0
28879,0
28880,0
28881,0
28882,0
28883,0
28884,0
28885,0
28886,0
28887,0
28888,0
28889,0
28890,0
28891,0
28892,0
28893,0
28894,0
28895,0
28896,0
28897,0
28898,0
28899,0
28900,0
28901,0
28902,0
28903,0
28904,0
28905,0
28906,0
28907,0
28908,0
28909,0
28910,0
28911,0
28912,0
28913,0
28914,0
28915,0
28916,0
28917,0
28918,0
28919,0
29050,0
29051,0
29052,0
29053,0
29054,0
29055,0
29056,0
29057,0
29058,0
29059,0
29060,0
29061,0
29062,0
29063,0
29064,0
29065,0
29066,0
29067,0
29068,0
29069,0
29070,0
29071,0
29072,0
29073,0
29074,0
29075,0
29076,0
29077,0
29078,0
29079,0
29080,0
29081,0
29082,0
29083,0
29084,0
29085,0
29086,0
29087,0
29088,0
29089,0
29300,0
29301,0
29302,0
29303,0
29304,0
29305,0
29306,0
29307,0
29308,0
29309,0
29310,0
29311,0
29312,0
29313,0
29314,0
29315,0
29316,0
29317,0
29318,0
29319,0
29320,0
29321,0
29322,0
29323,0
29324,0
29325,0
29326,0
29327,0
29328,0
29329,0
29450,0
29451,0
29452,0
29453,0
29454,0
29455,0
29456,0
29457,0
29458,0
29459,0
29460,0
29461,0
29462,0
29463,0
29464,0
29465,0
29466,0
29467,0
29468,0
29469,0
29470,0
29471,0
29472,0
29473,0
29474,0
29475,0
29476,0
29477,0
29478,0
29479,0
29620,0
29621,0
29622,0
29623,0
29624,0
29625,0
29626,0
29627,0
29628,0
29629,0
29630,0
29631,0
29632,0
29633,0
29634,0
29635,0
29636,0
29637,0
29638,0
29639,0
29640,0
29641,0
29642,0
29643,0
29644,0
29645,0
29646,0
29647,0
29648,0
29649,0
29650,0
29651,0
29652,0
29653,0
29654,0
29655,0
29656,0
29657,0
29658,0
29659,0
29660,0
29661,0
29662,0
29663,0
29664,0
29665,0
29666,0
29667,0
29668,0
29669,0
29830,0
29831,0
29832,0
29833,0
29834,0
29835,0
29836,0
29837,0
29838,0
29839,0
29840,0
29841,0
29842,0
29843,0
29844,0
29845,0
29846,0
29847,0
29848,0
29849,0
29850,0
29851,0
29852,0
29853,0
29854,0
29855,0
29856,0
29857,0
29858,0
29859,0
29880,0
29881,0
29882,0
29883,0
29884,0
29885,0
29886,0
29887,0
29888,0
29889,0
29900,0
29901,0
29902,0
29903,0
29904,0
29905,0
29906,0
29907,0
29908,0
29909,0
29910,0
29911,0
29912,0
29913,0
29914,0
29915,0
29916,0
29917,0
29918,0
29919,0
29920,0
29921,0
29922,0
29923,0
29924,0
29925,0
29926,0
29927,0
29928,0
29929,0
29930,0
29931,0
29932,0
29933,0
29934,0
29935,0
29936,0
29937,0
29938,0
29939,0
29990,0
29991,0
29992,0
29993,0
29994,0
29995,0
29996,0
29997,0
29998,0
29999,0
30000,0
30001,0
30002,0
30003,0
30004,0
30005,0
30006,0
30007,0
30008,0
30009,0
30290,0
30291,0
30292,0
30293,0
30294,0
30295,0
30296,0
30297,0
30298,0
30299,0
30300,0
30301,0
30302,0
30303,0
30304,0
30305,0
30306,0
30307,0
30308,0
30309,0
30440,0
30441,0
30442,0
30443,0
30444,0
30445,0
30446,0
30447,0
30448,0
30449,0
30450,0
30451,0
30452,0
30453,0
30454,0
30455,0
30456,0
30457,0
30458,0
30459,0
30460,0
30461,0
30462,0
30463,0
30464,0
30465,0
30466,0
30467,0
30468,0
30469,0
30500,0
30501,0
30502,0
30503,0
30504,0
30505,0
30506,0
30507,0
30508,0
30509,0
30510,0
30511,0
30512,0
30513,0
30514,0
30515,0
30516,0
30517,0
30518,0
30519,0
30540,0
30541,0
30542,0
30543,0
30544,0
30545,0
30546,0
30547,0
30548,0
30549,0
30550,0
30551,0
30552,0
30553,0
30554,0
30555,0
30556,0
30557,0
30558,0
30559,0
30610,0
30611,0
30612,0
30613,0
30614,0
30615,0
30616,0
30617,0
30618,0
30619,0
30920,0
30921,0
30922,0
30923,0
30924,0
30925,0
30926,0
30927,0
30928,0
30929,0
30930,0
30931,0
30932,0
30933,0
30934,0
30935,0
30936,0
30937,0
30938,0
30939,0
30940,0
30941,0
30942,0
30943,0
30944,0
30945,0
30946,0
30947,0
30948,0
30949,0
31120,0
31121,0
31122,0
31123,0
31124,0
31125,0
31126,0
31127,0
31128,0
31129,0
31130,0
31131,0
31132,0
31133,0
31134,0
31135,0
31136,0
31137,0
31138,0
31139,0
31650,0
31651,0
31652,0
31653,0
31654,0
31655,0
31656,0
31657,0
31658,0
31659,0
31660,0
31661,0
31662,0
31663,0
31664,0
31665,0
31666,0
31667,0
31668,0
31669,0
31690,0
31691,0
31692,0
31693,0
31694,0
31695,0
31696,0
31697,0
31698,0
31699,0
31700,0
31701,0
31702,0
31703,0
31704,0
31705,0
31706,0
31707,0
31708,0
31709,0
31710,0
31711,0
31712,0
31713,0
31714,0
31715,0
31716,0
31717,0
31718,0
31719,0
31720,0
31721,0
31722,0
31723,0
31724,0
31725,0
31726,0
31727,0
31728,0
31729,0
31730,0
31731,0
31732,0
31733,0
31734,0
31735,0
31736,0
31737,0
31738,0
31739,0
31740,0
31741,0
31742,0
31743,0
31744,0
31745,0
31746,0
31747,0
31748,0
31749,0
31900,0
31901,0
31902,0
31903,0
31904,0
31905,0
31906,0
31907,0
31908,0
31909,0
31910,0
31911,0
31912,0
31913,0
31914,0
31915,0
31916,0
31917,0
31918,0
31919,0
31920,0
31921,0
31922,0
31923,0
31924,0
31925,0
31926,0
31927,0
31928,0
31929,0
32040,0
32041,0
32042,0
32043,0
32044,0
32045,0
32046,0
32047,0
32048,0
32049,0
32050,0
32051,0
32052,0
32053,0
32054,0
32055,0
32056,0
32057,0
32058,0
32059,0
32060,0
32061,0
32062,0
32063,0
32064,0
32065,0
32066,0
32067,0
32068,0
32069,0
32210,0
32211,0
32212,0
32213,0
32214,0
32215,0
32216,0
32217,0
32218,0
32219,0
32220,0
32221,0
32222,0
32223,0
32224,0
32225,0
32226,0
32227,0
32228,0
32229,0
32280,0
32281,0
32282,0
32283,0
32284,0
32285,0
32286,0
32287,0
32288,0
32289,0
32290,0
32291,0
32292,0
32293,0
32294,0
32295,0
32296,0
32297,0
32298,0
32299,0
32300,0
32301,0
32302,0
32303,0
32304,0
32305,0
32306,0
32307,0
32308,0
32309,0
32310,0
32311,0
32312,0
32313,0
32314,0
32315,0
32316,0
32317,0
32318,0
32319,0
32320,0
32321,0
32322,0
32323,0
32324,0
32325,0
32326,0
32327,0
32328,0
32329,0
32330,0
32331,0
32332,0
32333,0
32334,0
32335,0
32336,0
32337,0
32338,0
32339,0
32700,0
32701,0
32702,0
32703,0
32704,0
32705,0
32706,0
32707,0
32708,0
32709,0
32710,0
32711,0
32712,0
32713,0
32714,0
32715,0
32716,0
32717,0
32718,0
32719,0
32740,0
32741,0
32742,0
32743,0
32744,0
32745,0
32746,0
32747,0
32748,0
32749,0
32750,0
32751,0
32752,0
32753,0
32754,0
32755,0
32756,0
32757,0
32758,0
32759,0
32760,0
32761,0
32762,0
32763,0
32764,0
32765,0
32766,0
32767,0
32768,0
32769,0
32770,0
32771,0
32772,0
32773,0
32774,0
32775,0
32776,0
32777,0
32778,0
32779,0
32800,0
32801,0
32802,0
32803,0
32804,0
32805,0
32806,0
32807,0
32808,0
32809,0
32810,0
32811,0
32812,0
32813,0
32814,0
32815,0
32816,0
32817,0
32818,0
32819,0
32820,0
32821,0
32822,0
32823,0
32824,0
32825,0
32826,0
32827,0
32828,0
32829,0
32850,0
32851,0
32852,0
32853,0
32854,0
32855,0
32856,0
32857,0
32858,0
32859,0
32860,0
32861,0
32862,0
32863,0
32864,0
32865,0
32866,0
32867,0
32868,0
32869,0
33070,0
33071,0
33072,0
33073,0
33074,0
33075,0
33076,0
33077,0
33078,0
33079,0
33080,0
33081,0
33082,0
33083,0
33084,0
33085,0
33086,0
33087,0
33088,0
33089,0
33090,0
33091,0
33092,0
33093,0
33094,0
33095,0
33096,0
33097,0
33098,0
33099,0
33100,0
33101,0
33102,0
33103,0
33104,0
33105,0
33106,0
33107,0
33108,0
33109,0
33420,0
33421,0
33422,0
33423,0
33424,0
33425,0
33426,0
33427,0
33428,0
33429,0
33430,0
33431,0
33432,0
33433,0
33434,0
33435,0
33436,0
33437,0
33438,0
33439,0
33490,0
33491,0
33492,0
33493,0
33494,0
33495,0
33496,0
33497,0
33498,0
33499,0
33500,0
33501,0
33502,0
33503,0
33504,0
33505,0
33506,0
33507,0
33508,0
33509,0
33650,0
33651,0
33652,0
33653,0
33654,0
33655,0
33656,0
33657,0
33658,0
33659,0
33660,0
33661,0
33662,0
33663,0
33664,0
33665,0
33666,0
33667,0
33668,0
33669,0
33670,0
33671,0
33672,0
33673,0
33674,0
33675,0
33676,0
33677,0
33678,0
33679,0
33890,0
33891,0
33892,0
33893,0
33894,0
33895,0
33896,0
33897,0
33898,0
33899,0
33900,0
33901,0
33902,0
33903,0
33904,0
33905,0
33906,0
33907,0
33908,0
33909,0
33940,0
33941,0
33942,0
33943,0
33944,0
33945,0
33946,0
33947,0
33948,0
33949,0
33950,0
33951,0
33952,0
33953,0
33954,0
33955,0
33956,0
33957,0
33958,0
33959,0
33960,0
33961,0
33962,0
33963,0
33964,0
33965,0
33966,0
33967,0
33968,0
33969,0
34010,0
34011,0
34012,0
34013,0
34014,0
34015,0
34016,0
34017,0
34018,0
34019,0
34020,0
34021,0
34022,0
34023,0
34024,0
34025,0
34026,0
34027,0
34028,0
34029,0
34150,0
34151,0
34152,0
34153,0
34154,0
34155,0
34156,0
34157,0
34158,0
34159,0
34160,0
34161,0
34162,0
34163,0
34164,0
34165,0
34166,0
34167,0
34168,0
34169,0
34590,0
34591,0
34592,0
34593,0
34594,0
34595,0
34596,0
34597,0
34598,0
34599,0
34600,0
34601,0
34602,0
34603,0
34604,0
34605,0
34606,0
34607,0
34608,0
34609,0
34610,0
34611,0
34612,0
34613,0
34614,0
34615,0
34616,0
34617,0
34618,0
34619,0
34660,0
34661,0
34662,0
34663,0
34664,0
34665,0
34666,0
34667,0
34668,0
34669,0
34670,0
34671,0
34672,0
34673,0
34674,0
34675,0
34676,0
34677,0
34678,0
34679,0
34680,0
34681,0
34682,0
34683,0
34684,0
34685,0
34686,0
34687,0
34688,0
34689,0
34870,0
34871,0
34872,0
34873,0
34874,0
34875,0
34876,0
34877,0
34878,0
34879,0
34880,0
34881,0
34882,0
34883,0
34884,0
34885,0
34886,0
34887,0
34888,0
34889,0
34890,0
34891,0
34892,0
34893,0
34894,0
34895,0
34896,0
34897,0
34898,0
34899,0
34900,0
34901,0
34902,0
34903,0
34904,0
34905,0
34906,0
34907,0
34908,0
34909,0
34910,0
34911,0
34912,0
34913,0
34914,0
34915,0
34916,0
34917,0
34918,0
34919,0
34920,0
34921,0
34922,0
34923,0
34924,0
34925,0
34926,0
34927,0
34928,0
34929,0
35300,0
35301,0
35302,0
35303,0
35304,0
35305,0
35306,0
35307,0
35308,0
35309,0
35310,0
35311,0
35312,0
35313,0
35314,0
35315,0
35316,0
35317,0
35318,0
35319,0
35320,0
35321,0
35322,0
35323,0
35324,0
35325,0
35326,0
35327,0
35328,0
35329,0
35420,0
35421,0
35422,0
35423,0
35424,0
35425,0
35426,0
35427,0
35428,0
35429,0
35430,0
35431,0
35432,0
35433,0
35434,0
35435,0
35436,0
35437,0
35438,0
35439,0
35460,0
35461,0
35462,0
35463,0
35464,0
35465,0
35466,0
35467,0
35468,0
35469,0
35470,0
35471,0
35472,0
35473,0
35474,0
35475,0
35476,0
35477,0
35478,0
35479,0
35530,0
35531,0
35532,0
35533,0
35534,0
35535,0
35536,0
35537,0
35538,0
35539,0
35540,0
35541,0
35542,0
35543,0
35544,0
35545,0
35546,0
35547,0
35548,0
35549,0
35550,0
35551,0
35552,0
35553,0
35554,0
35555,0
35556,0
35557,0
35558,0
35559,0
35560,0
35561,0
35562,0
35563,0
35564,0
35565,0
35566,0
35567,0
35568,0
35569,0
35620,0
35621,0
35622,0
35623,0
35624,0
35625,0
35626,0
35627,0
35628,0
35629,0
35630,0
35631,0
35632,0
35633,0
35634,0
35635,0
35636,0
35637,0
35638,0
35639,0
35760,0
35761,0
35762,0
35763,0
35764,0
35765,0
35766,0
35767,0
35768,0
35769,0
35770,0
35771,0
35772,0
35773,0
35774,0
35775,0
35776,0
35777,0
35778,0
35779,0
35780,0
35781,0
35782,0
35783,0
35784,0
35785,0
35786,0
35787,0
35788,0
35789,0
35790,0
35791,0
35792,0
35793,0
35794,0
35795,0
35796,0
35797,0
35798,0
35799,0
35850,0
35851,0
35852,0
35853,0
35854,0
35855,0
35856,0
35857,0
35858,0
35859,0
35860,0
35861,0
35862,0
35863,0
35864,0
35865,0
35866,0
35867,0
35868,0
35869,0
35870,0
35871,0
35872,0
35873,0
35874,0
35875,0
35876,0
35877,0
35878,0
35879,0
36070,0
36071,0
36072,0
36073,0
36074,0
36075,0
36076,0
36077,0
36078,0
36079,0
36080,0
36081,0
36082,0
36083,0
36084,0
36085,0
36086,0
36087,0
36088,0
36089,0
36090,0
36091,0
36092,0
36093,0
36094,0
36095,0
36096,0
36097,0
36098,0
36099,0
36100,0
36101,0
36102,0
36103,0
36104,0
36105,0
36106,0
36107,0
36108,0
36109,0
36290,0
36291,0
36292,0
36293,0
36294,0
36295,0
36296,0
36297,0
36298,0
36299,0
36300,0
36301,0
36302,0
36303,0
36304,0
36305,0
36306,0
36307,0
36308,0
36309,0
36340,0
36341,0
36342,0
36343,0
36344,0
36345,0
36346,0
36347,0
36348,0
36349,0
36350,0
36351,0
36352,0
36353,0
36354,0
36355,0
36356,0
36357,0
36358,0
36359,0
36460,0
36461,0
36462,0
36463,0
36464,0
36465,0
36466,0
36467,0
36468,0
36469,0
36470,0
36471,0
36472,0
36473,0
36474,0
36475,0
36476,0
36477,0
36478,0
36479,0
36730,0
36731,0
36732,0
36733,0
36734,0
36735,0
36736,0
36737,0
36738,0
36739,0
36740,0
36741,0
36742,0
36743,0
36744,0
36745,0
36746,0
36747,0
36748,0
36749,0
36750,0
36751,0
36752,0
36753,0
36754,0
36755,0
36756,0
36757,0
36758,0
36759,0
37080,0
37081,0
37082,0
37083,0
37084,0
37085,0
37086,0
37087,0
37088,0
37089,0
37090,0
37091,0
37092,0
37093,0
37094,0
37095,0
37096,0
37097,0
37098,0
37099,0
37100,0
37101,0
37102,0
37103,0
37104,0
37105,0
37106,0
37107,0
37108,0
37109,0
37140,0
37141,0
37142,0
37143,0
37144,0
37145,0
37146,0
37147,0
37148,0
37149,0
37150,0
37151,0
37152,0
37153,0
37154,0
37155,0
37156,0
37157,0
37158,0
37159,0
37160,0
37161,0
37162,0
37163,0
37164,0
37165,0
37166,0
37167,0
37168,0
37169,0
37350,0
37351,0
37352,0
37353,0
37354,0
37355,0
37356,0
37357,0
37358,0
37359,0
37360,0
37361,0
37362,0
37363,0
37364,0
37365,0
37366,0
37367,0
37368,0
37369,0
37370,0
37371,0
37372,0
37373,0
37374,0
37375,0
37376,0
37377,0
37378,0
37379,0
37380,0
37381,0
37382,0
37383,0
37384,0
37385,0
37386,0
37387,0
37388,0
37389,0
37660,0
37661,0
37662,0
37663,0
37664,0
37665,0
37666,0
37667,0
37668,0
37669,0
37670,0
37671,0
37672,0
37673,0
37674,0
37675,0
37676,0
37677,0
37678,0
37679,0
37680,0
37681,0
37682,0
37683,0
37684,0
37685,0
37686,0
37687,0
37688,0
37689,0
37860,0
37861,0
37862,0
37863,0
37864,0
37865,0
37866,0
37867,0
37868,0
37869,0
37870,0
37871,0
37872,0
37873,0
37874,0
37875,0
37876,0
37877,0
37878,0
37879,0
37900,0
37901,0
37902,0
37903,0
37904,0
37905,0
37906,0
37907,0
37908,0
37909,0
38030,0
38031,0
38032,0
38033,0
38034,0
38035,0
38036,0
38037,0
38038,0
38039,0
38040,0
38041,0
38042,0
38043,0
38044,0
38045,0
38046,0
38047,0
38048,0
38049,0
38050,0
38051,0
38052,0
38053,0
38054,0
38055,0
38056,0
38057,0
38058,0
38059,0
38090,0
38091,0
38092,0
38093,0
38094,0
38095,0
38096,0
38097,0
38098,0
38099,0
38100,0
38101,0
38102,0
38103,0
38104,0
38105,0
38106,0
38107,0
38108,0
38109,0
38110,0
38111,0
38112,0
38113,0
38114,0
38115,0
38116,0
38117,0
38118,0
38119,0
38170,0
38171,0
38172,0
38173,0
38174,0
38175,0
38176,0
38177,0
38178,0
38179,0
38180,0
38181,0
38182,0
38183,0
38184,0
38185,0
38186,0
38187,0
38188,0
38189,0
38290,0
38291,0
38292,0
38293,0
38294,0
38295,0
38296,0
38297,0
38298,0
38299,0
38300,0
38301,0
38302,0
38303,0
38304,0
38305,0
38306,0
38307,0
38308,0
38309,0
38360,0
38361,0
38362,0
38363,0
38364,0
38365,0
38366,0
38367,0
38368,0
38369,0
38370,0
38371,0
38372,0
38373,0
38374,0
38375,0
38376,0
38377,0
38378,0
38379,0
38700,0
38701,0
38702,0
38703,0
38704,0
38705,0
38706,0
38707,0
38708,0
38709,0
38710,0
38711,0
38712,0
38713,0
38714,0
38715,0
38716,0
38717,0
38718,0
38719,0
38720,0
38721,0
38722,0
38723,0
38724,0
38725,0
38726,0
38727,0
38728,0
38729,0
38730,0
38731,0
38732,0
38733,0
38734,0
38735,0
38736,0
38737,0
38738,0
38739,0
38740,0
38741,0
38742,0
38743,0
38744,0
38745,0
38746,0
38747,0
38748,0
38749,0
38850,0
38851,0
38852,0
38853,0
38854,0
38855,0
38856,0
38857,0
38858,0
38859,0
38860,0
38861,0
38862,0
38863,0
38864,0
38865,0
38866,0
38867,0
38868,0
38869,0
38870,0
38871,0
38872,0
38873,0
38874,0
38875,0
38876,0
38877,0
38878,0
38879,0
38920,0
38921,0
38922,0
38923,0
38924,0
38925,0
38926,0
38927,0
38928,0
38929,0
38930,0
38931,0
38932,0
38933,0
38934,0
38935,0
38936,0
38937,0
38938,0
38939,0
38940,0
38941,0
38942,0
38943,0
38944,0
38945,0
38946,0
38947,0
38948,0
38949,0
38970,0
38971,0
38972,0
38973,0
38974,0
38975,0
38976,0
38977,0
38978,0
38979,0
39000,0
39001,0
39002,0
39003,0
39004,0
39005,0
39006,0
39007,0
39008,0
39009,0
39010,0
39011,0
39012,0
39013,0
39014,0
39015,0
39016,0
39017,0
39018,0
39019,0
39020,0
39021,0
39022,0
39023,0
39024,0
39025,0
39026,0
39027,0
39028,0
39029,0
39030,0
39031,0
39032,0
39033,0
39034,0
39035,0
39036,0
39037,0
39038,0
39039,0
39040,0
39041,0
39042,0
39043,0
39044,0
39045,0
39046,0
39047,0
39048,0
39049,0
39050,0
39051,0
39052,0
39053,0
39054,0
39055,0
39056,0
39057,0
39058,0
39059,0
39060,0
39061,0
39062,0
39063,0
39064,0
39065,0
39066,0
39067,0
39068,0
39069,0
39070,0
39071,0
39072,0
39073,0
39074,0
39075,0
39076,0
39077,0
39078,0
39079,0
39080,0
39081,0
39082,0
39083,0
39084,0
39085,0
39086,0
39087,0
39088,0
39089,0
39160,0
39161,0
39162,0
39163,0
39164,0
39165,0
39166,0
39167,0
39168,0
39169,0
39170,0
39171,0
39172,0
39173,0
39174,0
39175,0
39176,0
39177,0
39178,0
39179,0
39430,0
39431,0
39432,0
39433,0
39434,0
39435,0
39436,0
39437,0
39438,0
39439,0
39440,0
39441,0
39442,0
39443,0
39444,0
39445,0
39446,0
39447,0
39448,0
39449,0
39450,0
39451,0
39452,0
39453,0
39454,0
39455,0
39456,0
39457,0
39458,0
39459,0
39520,0
39521,0
39522,0
39523,0
39524,0
39525,0
39526,0
39527,0
39528,0
39529,0
39640,0
39641,0
39642,0
39643,0
39644,0
39645,0
39646,0
39647,0
39648,0
39649,0
39650,0
39651,0
39652,0
39653,0
39654,0
39655,0
39656,0
39657,0
39658,0
39659,0
39660,0
39661,0
39662,0
39663,0
39664,0
39665,0
39666,0
39667,0
39668,0
39669,0
39670,0
39671,0
39672,0
39673,0
39674,0
39675,0
39676,0
39677,0
39678,0
39679,0
39730,0
39731,0
39732,0
39733,0
39734,0
39735,0
39736,0
39737,0
39738,0
39739,0
39740,0
39741,0
39742,0
39743,0
39744,0
39745,0
39746,0
39747,0
39748,0
39749,0
39750,0
39751,0
39752,0
39753,0
39754,0
39755,0
39756,0
39757,0
39758,0
39759,0
39800,0
39801,0
39802,0
39803,0
39804,0
39805,0
39806,0
39807,0
39808,0
39809,0
39810,0
39811,0
39812,0
39813,0
39814,0
39815,0
39816,0
39817,0
39818,0
39819,0
39820,0
39821,0
39822,0
39823,0
39824,0
39825,0
39826,0
39827,0
39828,0
39829,0
39830,0
39831,0
39832,0
39833,0
39834,0
39835,0
39836,0
39837,0
39838,0
39839,0
39840,0
39841,0
39842,0
39843,0
39844,0
39845,0
39846,0
39847,0
39848,0
39849,0
39940,0
39941,0
39942,0
39943,0
39944,0
39945,0
39946,0
39947,0
39948,0
39949,0
39950,0
39951,0
39952,0
39953,0
39954,0
39955,0
39956,0
39957,0
39958,0
39959,0
39960,0
39961,0
39962,0
39963,0
39964,0
39965,0
39966,0
39967,0
39968,0
39969,0
39970,0
39971,0
39972,0
39973,0
39974,0
39975,0
39976,0
39977,0
39978,0
39979,0
40030,0
40031,0
40032,0
40033,0
40034,0
40035,0
40036,0
40037,0
40038,0
40039,0
40040,0
40041,0
40042,0
40043,0
40044,0
40045,0
40046,0
40047,0
40048,0
40049,0
40050,0
40051,0
40052,0
40053,0
40054,0
40055,0
40056,0
40057,0
40058,0
40059,0
40060,0
40061,0
40062,0
40063,0
40064,0
40065,0
40066,0
40067,0
40068,0
40069,0
40070,0
40071,0
40072,0
40073,0
40074,0
40075,0
40076,0
40077,0
40078,0
40079,0
40380,0
40381,0
40382,0
40383,0
40384,0
40385,0
40386,0
40387,0
40388,0
40389,0
40390,0
40391,0
40392,0
40393,0
40394,0
40395,0
40396,0
40397,0
40398,0
40399,0
40400,0
40401,0
40402,0
40403,0
40404,0
40405,0
40406,0
40407,0
40408,0
40409,0
40430,0
40431,0
40432,0
40433,0
40434,0
40435,0
40436,0
40437,0
40438,0
40439,0
40440,0
40441,0
40442,0
40443,0
40444,0
40445,0
40446,0
40447,0
40448,0
40449,0
40450,0
40451,0
40452,0
40453,0
40454,0
40455,0
40456,0
40457,0
40458,0
40459,0
40460,0
40461,0
40462,0
40463,0
40464,0
40465,0
40466,0
40467,0
40468,0
40469,0
40470,0
40471,0
40472,0
40473,0
40474,0
40475,0
40476,0
40477,0
40478,0
40479,0
40480,0
40481,0
40482,0
40483,0
40484,0
40485,0
40486,0
40487,0
40488,0
40489,0
40640,0
40641,0
40642,0
40643,0
40644,0
40645,0
40646,0
40647,0
40648,0
40649,0
40650,0
40651,0
40652,0
40653,0
40654,0
40655,0
40656,0
40657,0
40658,0
40659,0
40660,0
40661,0
40662,0
40663,0
40664,0
40665,0
40666,0
40667,0
40668,0
40669,0
40800,0
40801,0
40802,0
40803,0
40804,0
40805,0
40806,0
40807,0
40808,0
40809,0
40810,0
40811,0
40812,0
40813,0
40814,0
40815,0
40816,0
40817,0
40818,0
40819,0
40820,0
40821,0
40822,0
40823,0
40824,0
40825,0
40826,0
40827,0
40828,0
40829,0
40870,0
40871,0
40872,0
40873,0
40874,0
40875,0
40876,0
40877,0
40878,0
40879,0
40880,0
40881,0
40882,0
40883,0
40884,0
40885,0
40886,0
40887,0
40888,0
40889,0
41070,0
41071,0
41072,0
41073,0
41074,0
41075,0
41076,0
41077,0
41078,0
41079,0
41080,0
41081,0
41082,0
41083,0
41084,0
41085,0
41086,0
41087,0
41088,0
41089,0
41240,0
41241,0
41242,0
41243,0
41244,0
41245,0
41246,0
41247,0
41248,0
41249,0
41250,0
41251,0
41252,0
41253,0
41254,0
41255,0
41256,0
41257,0
41258,0
41259,0
41260,0
41261,0
41262,0
41263,0
41264,0
41265,0
41266,0
41267,0
41268,0
41269,0
41470,0
41471,0
41472,0
41473,0
41474,0
41475,0
41476,0
41477,0
41478,0
41479,0
41480,0
41481,0
41482,0
41483,0
41484,0
41485,0
41486,0
41487,0
41488,0
41489,0
41490,0
41491,0
41492,0
41493,0
41494,0
41495,0
41496,0
41497,0
41498,0
41499,0
41570,0
41571,0
41572,0
41573,0
41574,0
41575,0
41576,0
41577,0
41578,0
41579,0
41580,0
41581,0
41582,0
41583,0
41584,0
41585,0
41586,0
41587,0
41588,0
41589,0
41590,0
41591,0
41592,0
41593,0
41594,0
41595,0
41596,0
41597,0
41598,0
41599,0
41640,0
41641,0
41642,0
41643,0
41644,0
41645,0
41646,0
41647,0
41648,0
41649,0
41650,0
41651,0
41652,0
41653,0
41654,0
41655,0
41656,0
41657,0
41658,0
41659,0
41660,0
41661,0
41662,0
41663,0
41664,0
41665,0
41666,0
41667,0
41668,0
41669,0
41670,0
41671,0
41672,0
41673,0
41674,0
41675,0
41676,0
41677,0
41678,0
41679,0
41680,0
41681,0
41682,0
41683,0
41684,0
41685,0
41686,0
41687,0
41688,0
41689,0
41820,0
41821,0
41822,0
41823,0
41824,0
41825,0
41826,0
41827,0
41828,0
41829,0
41830,0
41831,0
41832,0
41833,0
41834,0
41835,0
41836,0
41837,0
41838,0
41839,0
41870,0
41871,0
41872,0
41873,0
41874,0
41875,0
41876,0
41877,0
41878,0
41879,0
41880,0
41881,0
41882,0
41883,0
41884,0
41885,0
41886,0
41887,0
41888,0
41889,0
41890,0
41891,0
41892,0
41893,0
41894,0
41895,0
41896,0
41897,0
41898,0
41899,0
41900,0
41901,0
41902,0
41903,0
41904,0
41905,0
41906,0
41907,0
41908,0
41909,0
41910,0
41911,0
41912,0
41913,0
41914,0
41915,0
41916,0
41917,0
41918,0
41919,0
41920,0
41921,0
41922,0
41923,0
41924,0
41925,0
41926,0
41927,0
41928,0
41929,0
42130,0
42131,0
42132,0
42133,0
42134,0
42135,0
42136,0
42137,0
42138,0
42139,0
42140,0
42141,0
42142,0
42143,0
42144,0
42145,0
42146,0
42147,0
42148,0
42149,0
42150,0
42151,0
42152,0
42153,0
42154,0
42155,0
42156,0
42157,0
42158,0
42159,0
42480,0
42481,0
42482,0
42483,0
42484,0
42485,0
42486,0
42487,0
42488,0
42489,0
42490,0
42491,0
42492,0
42493,0
42494,0
42495,0
42496,0
42497,0
42498,0
42499,0
42540,0
42541,0
42542,0
42543,0
42544,0
42545,0
42546,0
42547,0
42548,0
42549,0
42550,0
42551,0
42552,0
42553,0
42554,0
42555,0
42556,0
42557,0
42558,0
42559,0
42560,0
42561,0
42562,0
42563,0
42564,0
42565,0
42566,0
42567,0
42568,0
42569,0
42570,0
42571,0
42572,0
42573,0
42574,0
42575,0
42576,0
42577,0
42578,0
42579,0
42580,0
42581,0
42582,0
42583,0
42584,0
42585,0
42586,0
42587,0
42588,0
42589,0
42650,0
42651,0
42652,0
42653,0
42654,0
42655,0
42656,0
42657,0
42658,0
42659,0
42660,0
42661,0
42662,0
42663,0
42664,0
42665,0
42666,0
42667,0
42668,0
42669,0
42670,0
42671,0
42672,0
42673,0
42674,0
42675,0
42676,0
42677,0
42678,0
42679,0
42710,0
42711,0
42712,0
42713,0
42714,0
42715,0
42716,0
42717,0
42718,0
42719,0
42720,0
42721,0
42722,0
42723,0
42724,0
42725,0
42726,0
42727,0
42728,0
42729,0
42730,0
42731,0
42732,0
42733,0
42734,0
42735,0
42736,0
42737,0
42738,0
42739,0
42770,0
42771,0
42772,0
42773,0
42774,0
42775,0
42776,0
42777,0
42778,0
42779,0
42840,0
42841,0
42842,0
42843,0
42844,0
42845,0
42846,0
42847,0
42848,0
42849,0
42850,0
42851,0
42852,0
42853,0
42854,0
42855,0
42856,0
42857,0
42858,0
42859,0
42880,0
42881,0
42882,0
42883,0
42884,0
42885,0
42886,0
42887,0
42888,0
42889,0
42890,0
42891,0
42892,0
42893,0
42894,0
42895,0
42896,0
42897,0
42898,0
42899,0
43080,0
43081,0
43082,0
43083,0
43084,0
43085,0
43086,0
43087,0
43088,0
43089,0
43090,0
43091,0
43092,0
43093,0
43094,0
43095,0
43096,0
43097,0
43098,0
43099,0
43250,0
43251,0
43252,0
43253,0
43254,0
43255,0
43256,0
43257,0
43258,0
43259,0
43260,0
43261,0
43262,0
43263,0
43264,0
43265,0
43266,0
43267,0
43268,0
43269,0
43270,0
43271,0
43272,0
43273,0
43274,0
43275,0
43276,0
43277,0
43278,0
43279,0
43370,0
43371,0
43372,0
43373,0
43374,0
43375,0
43376,0
43377,0
43378,0
43379,0
43380,0
43381,0
43382,0
43383,0
43384,0
43385,0
43386,0
43387,0
43388,0
43389,0
43420,0
43421,0
43422,0
43423,0
43424,0
43425,0
43426,0
43427,0
43428,0
43429,0
43430,0
43431,0
43432,0
43433,0
43434,0
43435,0
43436,0
43437,0
43438,0
43439,0
43440,0
43441,0
43442,0
43443,0
43444,0
43445,0
43446,0
43447,0
43448,0
43449,0
43500,0
43501,0
43502,0
43503,0
43504,0
43505,0
43506,0
43507,0
43508,0
43509,0
43510,0
43511,0
43512,0
43513,0
43514,0
43515,0
43516,0
43517,0
43518,0
43519,0
43520,0
43521,0
43522,0
43523,0
43524,0
43525,0
43526,0
43527,0
43528,0
43529,0
43800,0
43801,0
43802,0
43803,0
43804,0
43805,0
43806,0
43807,0
43808,0
43809,0
43810,0
43811,0
43812,0
43813,0
43814,0
43815,0
43816,0
43817,0
43818,0
43819,0
43820,0
43821,0
43822,0
43823,0
43824,0
43825,0
43826,0
43827,0
43828,0
43829,0
44200,0
44201,0
44202,0
44203,0
44204,0
44205,0
44206,0
44207,0
44208,0
44209,0
44210,0
44211,0
44212,0
44213,0
44214,0
44215,0
44216,0
44217,0
44218,0
44219,0
44390,0
44391,0
44392,0
44393,0
44394,0
44395,0
44396,0
44397,0
44398,0
44399,0
44400,0
44401,0
44402,0
44403,0
44404,0
44405,0
44406,0
44407,0
44408,0
44409,0
44590,0
44591,0
44592,0
44593,0
44594,0
44595,0
44596,0
44597,0
44598,0
44599,0
44600,0
44601,0
44602,0
44603,0
44604,0
44605,0
44606,0
44607,0
44608,0
44609,0
44760,0
44761,0
44762,0
44763,0
44764,0
44765,0
44766,0
44767,0
44768,0
44769,0
44770,0
44771,0
44772,0
44773,0
44774,0
44775,0
44776,0
44777,0
44778,0
44779,0
44780,0
44781,0
44782,0
44783,0
44784,0
44785,0
44786,0
44787,0
44788,0
44789,0
44810,0
44811,0
44812,0
44813,0
44814,0
44815,0
44816,0
44817,0
44818,0
44819,0
44820,0
44821,0
44822,0
44823,0
44824,0
44825,0
44826,0
44827,0
44828,0
44829,0
44950,0
44951,0
44952,0
44953,0
44954,0
44955,0
44956,0
44957,0
44958,0
44959,0
44960,0
44961,0
44962,0
44963,0
44964,0
44965,0
44966,0
44967,0
44968,0
44969,0
44970,0
44971,0
44972,0
44973,0
44974,0
44975,0
44976,0
44977,0
44978,0
44979,0
44980,0
44981,0
44982,0
44983,0
44984,0
44985,0
44986,0
44987,0
44988,0
44989,0
45060,0
45061,0
45062,0
45063,0
45064,0
45065,0
45066,0
45067,0
45068,0
45069,0
45070,0
45071,0
45072,0
45073,0
45074,0
45075,0
45076,0
45077,0
45078,0
45079,0
45080,0
45081,0
45082,0
45083,0
45084,0
45085,0
45086,0
45087,0
45088,0
45089,0
45090,0
45091,0
45092,0
45093,0
45094,0
45095,0
45096,0
45097,0
45098,0
45099,0
45100,0
45101,0
45102,0
45103,0
45104,0
45105,0
45106,0
45107,0
45108,0
45109,0
45110,0
45111,0
45112,0
45113,0
45114,0
45115,0
45116,0
45117,0
45118,0
45119,0
45390,0
45391,0
45392,0
45393,0
45394,0
45395,0
45396,0
45397,0
45398,0
45399,0
45400,0
45401,0
45402,0
45403,0
45404,0
45405,0
45406,0
45407,0
45408,0
45409,0
45410,0
45411,0
45412,0
45413,0
45414,0
45415,0
45416,0
45417,0
45418,0
45419,0
45580,0
45581,0
45582,0
45583,0
45584,0
45585,0
45586,0
45587,0
45588,0
45589,0
45590,0
45591,0
45592,0
45593,0
45594,0
45595,0
45596,0
45597,0
45598,0
45599,0
45600,0
45601,0
45602,0
45603,0
45604,0
45605,0
45606,0
45607,0
45608,0
45609,0
45610,0
45611,0
45612,0
45613,0
45614,0
45615,0
45616,0
45617,0
45618,0
45619,0
45620,0
45621,0
45622,0
45623,0
45624,0
45625,0
45626,0
45627,0
45628,0
45629,0
45630,0
45631,0
45632,0
45633,0
45634,0
45635,0
45636,0
45637,0
45638,0
45639,0
45660,0
45661,0
45662,0
45663,0
45664,0
45665,0
45666,0
45667,0
45668,0
45669,0
45670,0
45671,0
45672,0
45673,0
45674,0
45675,0
45676,0
45677,0
45678,0
45679,0
45680,0
45681,0
45682,0
45683,0
45684,0
45685,0
45686,0
45687,0
45688,0
45689,0
45800,0
45801,0
45802,0
45803,0
45804,0
45805,0
45806,0
45807,0
45808,0
45809,0
45810,0
45811,0
45812,0
45813,0
45814,0
45815,0
45816,0
45817,0
45818,0
45819,0
45820,0
45821,0
45822,0
45823,0
45824,0
45825,0
45826,0
45827,0
45828,0
45829,0
45830,0
45831,0
45832,0
45833,0
45834,0
45835,0
45836,0
45837,0
45838,0
45839,0
45840,0
45841,0
45842,0
45843,0
45844,0
45845,0
45846,0
45847,0
45848,0
45849,0
45850,0
45851,0
45852,0
45853,0
45854,0
45855,0
45856,0
45857,0
45858,0
45859,0
45920,0
45921,0
45922,0
45923,0
45924,0
45925,0
45926,0
45927,0
45928,0
45929,0
45930,0
45931,0
45932,0
45933,0
45934,0
45935,0
45936,0
45937,0
45938,0
45939,0
46010,0
46011,0
46012,0
46013,0
46014,0
46015,0
46016,0
46017,0
46018,0
46019,0
46020,0
46021,0
46022,0
46023,0
46024,0
46025,0
46026,0
46027,0
46028,0
46029,0
46140,0
46141,0
46142,0
46143,0
46144,0
46145,0
46146,0
46147,0
46148,0
46149,0
46150,0
46151,0
46152,0
46153,0
46154,0
46155,0
46156,0
46157,0
46158,0
46159,0
46220,0
46221,0
46222,0
46223,0
46224,0
46225,0
46226,0
46227,0
46228,0
46229,0
46230,0
46231,0
46232,0
46233,0
46234,0
46235,0
46236,0
46237,0
46238,0
46239,0
46240,0
46241,0
46242,0
46243,0
46244,0
46245,0
46246,0
46247,0
46248,0
46249,0
46250,0
46251,0
46252,0
46253,0
46254,0
46255,0
46256,0
46257,0
46258,0
46259,0
46260,0
46261,0
46262,0
46263,0
46264,0
46265,0
46266,0
46267,0
46268,0
46269,0
46270,0
46271,0
46272,0
46273,0
46274,0
46275,0
46276,0
46277,0
46278,0
46279,0
46380,0
46381,0
46382,0
46383,0
46384,0
46385,0
46386,0
46387,0
46388,0
46389,0
46400,0
46401,0
46402,0
46403,0
46404,0
46405,0
46406,0
46407,0
46408,0
46409,0
46420,0
46421,0
46422,0
46423,0
46424,0
46425,0
46426,0
46427,0
46428,0
46429,0
46550,0
46551,0
46552,0
46553,0
46554,0
46555,0
46556,0
46557,0
46558,0
46559,0
46560,0
46561,0
46562,0
46563,0
46564,0
46565,0
46566,0
46567,0
46568,0
46569,0
46660,0
46661,0
46662,0
46663,0
46664,0
46665,0
46666,0
46667,0
46668,0
46669,0
46670,0
46671,0
46672,0
46673,0
46674,0
46675,0
46676,0
46677,0
46678,0
46679,0
46680,0
46681,0
46682,0
46683,0
46684,0
46685,0
46686,0
46687,0
46688,0
46689,0
46780,0
46781,0
46782,0
46783,0
46784,0
46785,0
46786,0
46787,0
46788,0
46789,0
46790,0
46791,0
46792,0
46793,0
46794,0
46795,0
46796,0
46797,0
46798,0
46799,0
46840,0
46841,0
46842,0
46843,0
46844,0
46845,0
46846,0
46847,0
46848,0
46849,0
46930,0
46931,0
46932,0
46933,0
46934,0
46935,0
46936,0
46937,0
46938,0
46939,0
46940,0
46941,0
46942,0
46943,0
46944,0
46945,0
46946,0
46947,0
46948,0
46949,0
46990,0
46991,0
46992,0
46993,0
46994,0
46995,0
46996,0
46997,0
46998,0
46999,0
47010,0
47011,0
47012,0
47013,0
47014,0
47015,0
47016,0
47017,0
47018,0
47019,0
47040,0
47041,0
47042,0
47043,0
47044,0
47045,0
47046,0
47047,0
47048,0
47049,0
47110,0
47111,0
47112,0
47113,0
47114,0
47115,0
47116,0
47117,0
47118,0
47119,0
47120,0
47121,0
47122,0
47123,0
47124,0
47125,0
47126,0
47127,0
47128,0
47129,0
47130,0
47131,0
47132,0
47133,0
47134,0
47135,0
47136,0
47137,0
47138,0
47139,0
47290,0
47291,0
47292,0
47293,0
47294,0
47295,0
47296,0
47297,0
47298,0
47299,0
47300,0
47301,0
47302,0
47303,0
47304,0
47305,0
47306,0
47307,0
47308,0
47309,0
47310,0
47311,0
47312,0
47313,0
47314,0
47315,0
47316,0
47317,0
47318,0
47319,0
47320,0
47321,0
47322,0
47323,0
47324,0
47325,0
47326,0
47327,0
47328,0
47329,0
47330,0
47331,0
47332,0
47333,0
47334,0
47335,0
47336,0
47337,0
47338,0
47339,0
47340,0
47341,0
47342,0
47343,0
47344,0
47345,0
47346,0
47347,0
47348,0
47349,0
47350,0
47351,0
47352,0
47353,0
47354,0
47355,0
47356,0
47357,0
47358,0
47359,0
47360,0
47361,0
47362,0
47363,0
47364,0
47365,0
47366,0
47367,0
47368,0
47369,0
47370,0
47371,0
47372,0
47373,0
47374,0
47375,0
47376,0
47377,0
47378,0
47379,0
47380,0
47381,0
47382,0
47383,0
47384,0
47385,0
47386,0
47387,0
47388,0
47389,0
47390,0
47391,0
47392,0
47393,0
47394,0
47395,0
47396,0
47397,0
47398,0
47399,0
47400,0
47401,0
47402,0
47403,0
47404,0
47405,0
47406,0
47407,0
47408,0
47409,0
47410,0
47411,0
47412,0
47413,0
47414,0
47415,0
47416,0
47417,0
47418,0
47419,0
47450,0
47451,0
47452,0
47453,0
47454,0
47455,0
47456,0
47457,0
47458,0
47459,0
47460,0
47461,0
47462,0
47463,0
47464,0
47465,0
47466,0
47467,0
47468,0
47469,0
47470,0
47471,0
47472,0
47473,0
47474,0
47475,0
47476,0
47477,0
47478,0
47479,0
47620,0
47621,0
47622,0
47623,0
47624,0
47625,0
47626,0
47627,0
47628,0
47629,0
47630,0
47631,0
47632,0
47633,0
47634,0
47635,0
47636,0
47637,0
47638,0
47639,0
47640,0
47641,0
47642,0
47643,0
47644,0
47645,0
47646,0
47647,0
47648,0
47649,0
47980,0
47981,0
47982,0
47983,0
47984,0
47985,0
47986,0
47987,0
47988,0
47989,0
48720,0
48721,0
48722,0
48723,0
48724,0
48725,0
48726,0
48727,0
48728,0
48729,0
48730,0
48731,0
48732,0
48733,0
48734,0
48735,0
48736,0
48737,0
48738,0
48739,0
48770,0
48771,0
48772,0
48773,0
48774,0
48775,0
48776,0
48777,0
48778,0
48779,0
48780,0
48781,0
48782,0
48783,0
48784,0
48785,0
48786,0
48787,0
48788,0
48789,0
48830,0
48831,0
48832,0
48833,0
48834,0
48835,0
48836,0
48837,0
48838,0
48839,0
48840,0
48841,0
48842,0
48843,0
48844,0
48845,0
48846,0
48847,0
48848,0
48849,0
48850,0
48851,0
48852,0
48853,0
48854,0
48855,0
48856,0
48857,0
48858,0
48859,0
48860,0
48861,0
48862,0
48863,0
48864,0
48865,0
48866,0
48867,0
48868,0
48869,0
48870,0
48871,0
48872,0
48873,0
48874,0
48875,0
48876,0
48877,0
48878,0
48879,0
49220,0
49221,0
49222,0
49223,0
49224,0
49225,0
49226,0
49227,0
49228,0
49229,0
49230,0
49231,0
49232,0
49233,0
49234,0
49235,0
49236,0
49237,0
49238,0
49239,0
49240,0
49241,0
49242,0
49243,0
49244,0
49245,0
49246,0
49247,0
49248,0
49249,0
49460,0
49461,0
49462,0
49463,0
49464,0
49465,0
49466,0
49467,0
49468,0
49469,0
49470,0
49471,0
49472,0
49473,0
49474,0
49475,0
49476,0
49477,0
49478,0
49479,0
49480,0
49481,0
49482,0
49483,0
49484,0
49485,0
49486,0
49487,0
49488,0
49489,0
49510,0
49511,0
49512,0
49513,0
49514,0
49515,0
49516,0
49517,0
49518,0
49519,0
49520,0
49521,0
49522,0
49523,0
49524,0
49525,0
49526,0
49527,0
49528,0
49529,0
49530,0
49531,0
49532,0
49533,0
49534,0
49535,0
49536,0
49537,0
49538,0
49539,0
49540,0
49541,0
49542,0
49543,0
49544,0
49545,0
49546,0
49547,0
49548,0
49549,0
49730,0
49731,0
49732,0
49733,0
49734,0
49735,0
49736,0
49737,0
49738,0
49739,0
49740,0
49741,0
49742,0
49743,0
49744,0
49745,0
49746,0
49747,0
49748,0
49749,0
49840,0
49841,0
49842,0
49843,0
49844,0
49845,0
49846,0
49847,0
49848,0
49849,0
49850,0
49851,0
49852,0
49853,0
49854,0
49855,0
49856,0
49857,0
49858,0
49859,0
49980,0
49981,0
49982,0
49983,0
49984,0
49985,0
49986,0
49987,0
49988,0
49989,0
49990,0
49991,0
49992,0
49993,0
49994,0
49995,0
49996,0
49997,0
49998,0
49999,0
50030,0
50031,0
50032,0
50033,0
50034,0
50035,0
50036,0
50037,0
50038,0
50039,0
50040,0
50041,0
50042,0
50043,0
50044,0
50045,0
50046,0
50047,0
50048,0
50049,0
50350,0
50351,0
50352,0
50353,0
50354,0
50355,0
50356,0
50357,0
50358,0
50359,0
50360,0
50361,0
50362,0
50363,0
50364,0
50365,0
50366,0
50367,0
50368,0
50369,0
50610,0
50611,0
50612,0
50613,0
50614,0
50615,0
50616,0
50617,0
50618,0
50619,0
50620,0
50621,0
50622,0
50623,0
50624,0
50625,0
50626,0
50627,0
50628,0
50629,0
50780,0
50781,0
50782,0
50783,0
50784,0
50785,0
50786,0
50787,0
50788,0
50789,0
50790,0
50791,0
50792,0
50793,0
50794,0
50795,0
50796,0
50797,0
50798,0
50799,0
51150,0
51151,0
51152,0
51153,0
51154,0
51155,0
51156,0
51157,0
51158,0
51159,0
51160,0
51161,0
51162,0
51163,0
51164,0
51165,0
51166,0
51167,0
51168,0
51169,0
51300,0
51301,0
51302,0
51303,0
51304,0
51305,0
51306,0
51307,0
51308,0
51309,0
51310,0
51311,0
51312,0
51313,0
51314,0
51315,0
51316,0
51317,0
51318,0
51319,0
51320,0
51321,0
51322,0
51323,0
51324,0
51325,0
51326,0
51327,0
51328,0
51329,0
51430,0
51431,0
51432,0
51433,0
51434,0
51435,0
51436,0
51437,0
51438,0
51439,0
51440,0
51441,0
51442,0
51443,0
51444,0
51445,0
51446,0
51447,0
51448,0
51449,0
51480,0
51481,0
51482,0
51483,0
51484,0
51485,0
51486,0
51487,0
51488,0
51489,0
51520,0
51521,0
51522,0
51523,0
51524,0
51525,0
51526,0
51527,0
51528,0
51529,0
51550,0
51551,0
51552,0
51553,0
51554,0
51555,0
51556,0
51557,0
51558,0
51559,0
51620,0
51621,0
51622,0
51623,0
51624,0
51625,0
51626,0
51627,0
51628,0
51629,0
51630,0
51631,0
51632,0
51633,0
51634,0
51635,0
51636,0
51637,0
51638,0
51639,0
51700,0
51701,0
51702,0
51703,0
51704,0
51705,0
51706,0
51707,0
51708,0
51709,0
51710,0
51711,0
51712,0
51713,0
51714,0
51715,0
51716,0
51717,0
51718,0
51719,0
51720,0
51721,0
51722,0
51723,0
51724,0
51725,0
51726,0
51727,0
51728,0
51729,0
51780,0
51781,0
51782,0
51783,0
51784,0
51785,0
51786,0
51787,0
51788,0
51789,0
51790,0
51791,0
51792,0
51793,0
51794,0
51795,0
51796,0
51797,0
51798,0
51799,0
51800,0
51801,0
51802,0
51803,0
51804,0
51805,0
51806,0
51807,0
51808,0
51809,0
51810,0
51811,0
51812,0
51813,0
51814,0
51815,0
51816,0
51817,0
51818,0
51819,0
51860,0
51861,0
51862,0
51863,0
51864,0
51865,0
51866,0
51867,0
51868,0
51869,0
51870,0
51871,0
51872,0
51873,0
51874,0
51875,0
51876,0
51877,0
51878,0
51879,0
51880,0
51881,0
51882,0
51883,0
51884,0
51885,0
51886,0
51887,0
51888,0
51889,0
51890,0
51891,0
51892,0
51893,0
51894,0
51895,0
51896,0
51897,0
51898,0
51899,0
51900,0
51901,0
51902,0
51903,0
51904,0
51905,0
51906,0
51907,0
51908,0
51909,0
52050,0
52051,0
52052,0
52053,0
52054,0
52055,0
52056,0
52057,0
52058,0
52059,0
52060,0
52061,0
52062,0
52063,0
52064,0
52065,0
52066,0
52067,0
52068,0
52069,0
52130,0
52131,0
52132,0
52133,0
52134,0
52135,0
52136,0
52137,0
52138,0
52139,0
52140,0
52141,0
52142,0
52143,0
52144,0
52145,0
52146,0
52147,0
52148,0
52149,0
52150,0
52151,0
52152,0
52153,0
52154,0
52155,0
52156,0
52157,0
52158,0
52159,0
52250,0
52251,0
52252,0
52253,0
52254,0
52255,0
52256,0
52257,0
52258,0
52259,0
52260,0
52261,0
52262,0
52263,0
52264,0
52265,0
52266,0
52267,0
52268,0
52269,0
52270,0
52271,0
52272,0
52273,0
52274,0
52275,0
52276,0
52277,0
52278,0
52279,0
52280,0
52281,0
52282,0
52283,0
52284,0
52285,0
52286,0
52287,0
52288,0
52289,0
52290,0
52291,0
52292,0
52293,0
52294,0
52295,0
52296,0
52297,0
52298,0
52299,0
52300,0
52301,0
52302,0
52303,0
52304,0
52305,0
52306,0
52307,0
52308,0
52309,0
52540,0
52541,0
52542,0
52543,0
52544,0
52545,0
52546,0
52547,0
52548,0
52549,0
52550,0
52551,0
52552,0
52553,0
52554,0
52555,0
52556,0
52557,0
52558,0
52559,0
52690,0
52691,0
52692,0
52693,0
52694,0
52695,0
52696,0
52697,0
52698,0
52699,0
52700,0
52701,0
52702,0
52703,0
52704,0
52705,0
52706,0
52707,0
52708,0
52709,0
52710,0
52711,0
52712,0
52713,0
52714,0
52715,0
52716,0
52717,0
52718,0
52719,0
52720,0
52721,0
52722,0
52723,0
52724,0
52725,0
52726,0
52727,0
52728,0
52729,0
52730,0
52731,0
52732,0
52733,0
52734,0
52735,0
52736,0
52737,0
52738,0
52739,0
52900,0
52901,0
52902,0
52903,0
52904,0
52905,0
52906,0
52907,0
52908,0
52909,0
52910,0
52911,0
52912,0
52913,0
52914,0
52915,0
52916,0
52917,0
52918,0
52919,0
52920,0
52921,0
52922,0
52923,0
52924,0
52925,0
52926,0
52927,0
52928,0
52929,0
53090,0
53091,0
53092,0
53093,0
53094,0
53095,0
53096,0
53097,0
53098,0
53099,0
53100,0
53101,0
53102,0
53103,0
53104,0
53105,0
53106,0
53107,0
53108,0
53109,0
53250,0
53251,0
53252,0
53253,0
53254,0
53255,0
53256,0
53257,0
53258,0
53259,0
53260,0
53261,0
53262,0
53263,0
53264,0
53265,0
53266,0
53267,0
53268,0
53269,0
53270,0
53271,0
53272,0
53273,0
53274,0
53275,0
53276,0
53277,0
53278,0
53279,0
53440,0
53441,0
53442,0
53443,0
53444,0
53445,0
53446,0
53447,0
53448,0
53449,0
53450,0
53451,0
53452,0
53453,0
53454,0
53455,0
53456,0
53457,0
53458,0
53459,0
53500,0
53501,0
53502,0
53503,0
53504,0
53505,0
53506,0
53507,0
53508,0
53509,0
53510,0
53511,0
53512,0
53513,0
53514,0
53515,0
53516,0
53517,0
53518,0
53519,0
53720,0
53721,0
53722,0
53723,0
53724,0
53725,0
53726,0
53727,0
53728,0
53729,0
53730,0
53731,0
53732,0
53733,0
53734,0
53735,0
53736,0
53737,0
53738,0
53739,0
53740,0
53741,0
53742,0
53743,0
53744,0
53745,0
53746,0
53747,0
53748,0
53749,0
53750,0
53751,0
53752,0
53753,0
53754,0
53755,0
53756,0
53757,0
53758,0
53759,0
54000,0
54001,0
54002,0
54003,0
54004,0
54005,0
54006,0
54007,0
54008,0
54009,0
54010,0
54011,0
54012,0
54013,0
54014,0
54015,0
54016,0
54017,0
54018,0
54019,0
54240,0
54241,0
54242,0
54243,0
54244,0
54245,0
54246,0
54247,0
54248,0
54249,0
54250,0
54251,0
54252,0
54253,0
54254,0
54255,0
54256,0
54257,0
54258,0
54259,0
54280,0
54281,0
54282,0
54283,0
54284,0
54285,0
54286,0
54287,0
54288,0
54289,0
54290,0
54291,0
54292,0
54293,0
54294,0
54295,0
54296,0
54297,0
54298,0
54299,0
54570,0
54571,0
54572,0
54573,0
54574,0
54575,0
54576,0
54577,0
54578,0
54579,0
54580,0
54581,0
54582,0
54583,0
54584,0
54585,0
54586,0
54587,0
54588,0
54589,0
54750,0
54751,0
54752,0
54753,0
54754,0
54755,0
54756,0
54757,0
54758,0
54759,0
54760,0
54761,0
54762,0
54763,0
54764,0
54765,0
54766,0
54767,0
54768,0
54769,0
54800,0
54801,0
54802,0
54803,0
54804,0
54805,0
54806,0
54807,0
54808,0
54809,0
54810,0
54811,0
54812,0
54813,0
54814,0
54815,0
54816,0
54817,0
54818,0
54819,0
54820,0
54821,0
54822,0
54823,0
54824,0
54825,0
54826,0
54827,0
54828,0
54829,0
54830,0
54831,0
54832,0
54833,0
54834,0
54835,0
54836,0
54837,0
54838,0
54839,0
54840,0
54841,0
54842,0
54843,0
54844,0
54845,0
54846,0
54847,0
54848,0
54849,0
54850,0
54851,0
54852,0
54853,0
54854,0
54855,0
54856,0
54857,0
54858,0
54859,0
54940,0
54941,0
54942,0
54943,0
54944,0
54945,0
54946,0
54947,0
54948,0
54949,0
54950,0
54951,0
54952,0
54953,0
54954,0
54955,0
54956,0
54957,0
54958,0
54959,0
54990,0
54991,0
54992,0
54993,0
54994,0
54995,0
54996,0
54997,0
54998,0
54999,0
55000,0
55001,0
55002,0
55003,0
55004,0
55005,0
55006,0
55007,0
55008,0
55009,0
55080,0
55081,0
55082,0
55083,0
55084,0
55085,0
55086,0
55087,0
55088,0
55089,0
55090,0
55091,0
55092,0
55093,0
55094,0
55095,0
55096,0
55097,0
55098,0
55099,0
55100,0
55101,0
55102,0
55103,0
55104,0
55105,0
55106,0
55107,0
55108,0
55109,0
55200,0
55201,0
55202,0
55203,0
55204,0
55205,0
55206,0
55207,0
55208,0
55209,0
55210,0
55211,0
55212,0
55213,0
55214,0
55215,0
55216,0
55217,0
55218,0
55219,0
55300,0
55301,0
55302,0
55303,0
55304,0
55305,0
55306,0
55307,0
55308,0
55309,0
55530,0
55531,0
55532,0
55533,0
55534,0
55535,0
55536,0
55537,0
55538,0
55539,0
55540,0
55541,0
55542,0
55543,0
55544,0
55545,0
55546,0
55547,0
55548,0
55549,0
55940,0
55941,0
55942,0
55943,0
55944,0
55945,0
55946,0
55947,0
55948,0
55949,0
55950,0
55951,0
55952,0
55953,0
55954,0
55955,0
55956,0
55957,0
55958,0
55959,0
55960,0
55961,0
55962,0
55963,0
55964,0
55965,0
55966,0
55967,0
55968,0
55969,0
56010,0
56011,0
56012,0
56013,0
56014,0
56015,0
56016,0
56017,0
56018,0
56019,0
56020,0
56021,0
56022,0
56023,0
56024,0
56025,0
56026,0
56027,0
56028,0
56029,0
56030,0
56031,0
56032,0
56033,0
56034,0
56035,0
56036,0
56037,0
56038,0
56039,0
56040,0
56041,0
56042,0
56043,0
56044,0
56045,0
56046,0
56047,0
56048,0
56049,0
56050,0
56051,0
56052,0
56053,0
56054,0
56055,0
56056,0
56057,0
56058,0
56059,0
56060,0
56061,0
56062,0
56063,0
56064,0
56065,0
56066,0
56067,0
56068,0
56069,0
56090,0
56091,0
56092,0
56093,0
56094,0
56095,0
56096,0
56097,0
56098,0
56099,0
56100,0
56101,0
56102,0
56103,0
56104,0
56105,0
56106,0
56107,0
56108,0
56109,0
56110,0
56111,0
56112,0
56113,0
56114,0
56115,0
56116,0
56117,0
56118,0
56119,0
56310,0
56311,0
56312,0
56313,0
56314,0
56315,0
56316,0
56317,0
56318,0
56319,0
56350,0
56351,0
56352,0
56353,0
56354,0
56355,0
56356,0
56357,0
56358,0
56359,0
56440,0
56441,0
56442,0
56443,0
56444,0
56445,0
56446,0
56447,0
56448,0
56449,0
56450,0
56451,0
56452,0
56453,0
56454,0
56455,0
56456,0
56457,0
56458,0
56459,0
56460,0
56461,0
56462,0
56463,0
56464,0
56465,0
56466,0
56467,0
56468,0
56469,0
56500,0
56501,0
56502,0
56503,0
56504,0
56505,0
56506,0
56507,0
56508,0
56509,0
56510,0
56511,0
56512,0
56513,0
56514,0
56515,0
56516,0
56517,0
56518,0
56519,0
56640,0
56641,0
56642,0
56643,0
56644,0
56645,0
56646,0
56647,0
56648,0
56649,0
56650,0
56651,0
56652,0
56653,0
56654,0
56655,0
56656,0
56657,0
56658,0
56659,0
56780,0
56781,0
56782,0
56783,0
56784,0
56785,0
56786,0
56787,0
56788,0
56789,0
56790,0
56791,0
56792,0
56793,0
56794,0
56795,0
56796,0
56797,0
56798,0
56799,0
56820,0
56821,0
56822,0
56823,0
56824,0
56825,0
56826,0
56827,0
56828,0
56829,0
56830,0
56831,0
56832,0
56833,0
56834,0
56835,0
56836,0
56837,0
56838,0
56839,0
57080,0
57081,0
57082,0
57083,0
57084,0
57085,0
57086,0
57087,0
57088,0
57089,0
57090,0
57091,0
57092,0
57093,0
57094,0
57095,0
57096,0
57097,0
57098,0
57099,0
57100,0
57101,0
57102,0
57103,0
57104,0
57105,0
57106,0
57107,0
57108,0
57109,0
57200,0
57201,0
57202,0
57203,0
57204,0
57205,0
57206,0
57207,0
57208,0
57209,0
57210,0
57211,0
57212,0
57213,0
57214,0
57215,0
57216,0
57217,0
57218,0
57219,0
57450,0
57451,0
57452,0
57453,0
57454,0
57455,0
57456,0
57457,0
57458,0
57459,0
57690,0
57691,0
57692,0
57693,0
57694,0
57695,0
57696,0
57697,0
57698,0
57699,0
57700,0
57701,0
57702,0
57703,0
57704,0
57705,0
57706,0
57707,0
57708,0
57709,0
57710,0
57711,0
57712,0
57713,0
57714,0
57715,0
57716,0
57717,0
57718,0
57719,0
57830,0
57831,0
57832,0
57833,0
57834,0
57835,0
57836,0
57837,0
57838,0
57839,0
57840,0
57841,0
57842,0
57843,0
57844,0
57845,0
57846,0
57847,0
57848,0
57849,0
57910,0
57911,0
57912,0
57913,0
57914,0
57915,0
57916,0
57917,0
57918,0
57919,0
57920,0
57921,0
57922,0
57923,0
57924,0
57925,0
57926,0
57927,0
57928,0
57929,0
57960,0
57961,0
57962,0
57963,0
57964,0
57965,0
57966,0
57967,0
57968,0
57969,0
57970,0
57971,0
57972,0
57973,0
57974,0
57975,0
57976,0
57977,0
57978,0
57979,0
57980,0
57981,0
57982,0
57983,0
57984,0
57985,0
57986,0
57987,0
57988,0
57989,0
57990,0
57991,0
57992,0
57993,0
57994,0
57995,0
57996,0
57997,0
57998,0
57999,0
58130,0
58131,0
58132,0
58133,0
58134,0
58135,0
58136,0
58137,0
58138,0
58139,0
58140,0
58141,0
58142,0
58143,0
58144,0
58145,0
58146,0
58147,0
58148,0
58149,0
58260,0
58261,0
58262,0
58263,0
58264,0
58265,0
58266,0
58267,0
58268,0
58269,0
58270,0
58271,0
58272,0
58273,0
58274,0
58275,0
58276,0
58277,0
58278,0
58279,0
58280,0
58281,0
58282,0
58283,0
58284,0
58285,0
58286,0
58287,0
58288,0
58289,0
58360,0
58361,0
58362,0
58363,0
58364,0
58365,0
58366,0
58367,0
58368,0
58369,0
58370,0
58371,0
58372,0
58373,0
58374,0
58375,0
58376,0
58377,0
58378,0
58379,0
58380,0
58381,0
58382,0
58383,0
58384,0
58385,0
58386,0
58387,0
58388,0
58389,0
58520,0
58521,0
58522,0
58523,0
58524,0
58525,0
58526,0
58527,0
58528,0
58529,0
58530,0
58531,0
58532,0
58533,0
58534,0
58535,0
58536,0
58537,0
58538,0
58539,0
58540,0
58541,0
58542,0
58543,0
58544,0
58545,0
58546,0
58547,0
58548,0
58549,0
58570,0
58571,0
58572,0
58573,0
58574,0
58575,0
58576,0
58577,0
58578,0
58579,0
58580,0
58581,0
58582,0
58583,0
58584,0
58585,0
58586,0
58587,0
58588,0
58589,0
58750,0
58751,0
58752,0
58753,0
58754,0
58755,0
58756,0
58757,0
58758,0
58759,0
58760,0
58761,0
58762,0
58763,0
58764,0
58765,0
58766,0
58767,0
58768,0
58769,0
58800,0
58801,0
58802,0
58803,0
58804,0
58805,0
58806,0
58807,0
58808,0
58809,0
58810,0
58811,0
58812,0
58813,0
58814,0
58815,0
58816,0
58817,0
58818,0
58819,0
58820,0
58821,0
58822,0
58823,0
58824,0
58825,0
58826,0
58827,0
58828,0
58829,0
58830,0
58831,0
58832,0
58833,0
58834,0
58835,0
58836,0
58837,0
58838,0
58839,0
58840,0
58841,0
58842,0
58843,0
58844,0
58845,0
58846,0
58847,0
58848,0
58849,0
59100,0
59101,0
59102,0
59103,0
59104,0
59105,0
59106,0
59107,0
59108,0
59109,0
59120,0
59121,0
59122,0
59123,0
59124,0
59125,0
59126,0
59127,0
59128,0
59129,0
59130,0
59131,0
59132,0
59133,0
59134,0
59135,0
59136,0
59137,0
59138,0
59139,0
59160,0
59161,0
59162,0
59163,0
59164,0
59165,0
59166,0
59167,0
59168,0
59169,0
59170,0
59171,0
59172,0
59173,0
59174,0
59175,0
59176,0
59177,0
59178,0
59179,0
59240,0
59241,0
59242,0
59243,0
59244,0
59245,0
59246,0
59247,0
59248,0
59249,0
59250,0
59251,0
59252,0
59253,0
59254,0
59255,0
59256,0
59257,0
59258,0
59259,0
59260,0
59261,0
59262,0
59263,0
59264,0
59265,0
59266,0
59267,0
59268,0
59269,0
59340,0
59341,0
59342,0
59343,0
59344,0
59345,0
59346,0
59347,0
59348,0
59349,0
59360,0
59361,0
59362,0
59363,0
59364,0
59365,0
59366,0
59367,0
59368,0
59369,0
59440,0
59441,0
59442,0
59443,0
59444,0
59445,0
59446,0
59447,0
59448,0
59449,0
59450,0
59451,0
59452,0
59453,0
59454,0
59455,0
59456,0
59457,0
59458,0
59459,0
59460,0
59461,0
59462,0
59463,0
59464,0
59465,0
59466,0
59467,0
59468,0
59469,0
59620,0
59621,0
59622,0
59623,0
59624,0
59625,0
59626,0
59627,0
59628,0
59629,0
59630,0
59631,0
59632,0
59633,0
59634,0
59635,0
59636,0
59637,0
59638,0
59639,0
59800,0
59801,0
59802,0
59803,0
59804,0
59805,0
59806,0
59807,0
59808,0
59809,0
59810,0
59811,0
59812,0
59813,0
59814,0
59815,0
59816,0
59817,0
59818,0
59819,0
59970,0
59971,0
59972,0
59973,0
59974,0
59975,0
59976,0
59977,0
59978,0
59979,0
59980,0
59981,0
59982,0
59983,0
59984,0
59985,0
59986,0
59987,0
59988,0
59989,0
59990,0
59991,0
59992,0
59993,0
59994,0
59995,0
59996,0
59997,0
59998,0
59999,0
60000,0
60001,0
60002,0
60003,0
60004,0
60005,0
60006,0
60007,0
60008,0
60009,0
60060,0
60061,0
60062,0
60063,0
60064,0
60065,0
60066,0
60067,0
60068,0
60069,0
60110,0
60111,0
60112,0
60113,0
60114,0
60115,0
60116,0
60117,0
60118,0
60119,0
60120,0
60121,0
60122,0
60123,0
60124,0
60125,0
60126,0
60127,0
60128,0
60129,0
60130,0
60131,0
60132,0
60133,0
60134,0
60135,0
60136,0
60137,0
60138,0
60139,0
60370,0
60371,0
60372,0
60373,0
60374,0
60375,0
60376,0
60377,0
60378,0
60379,0
60380,0
60381,0
60382,0
60383,0
60384,0
60385,0
60386,0
60387,0
60388,0
60389,0
60530,0
60531,0
60532,0
60533,0
60534,0
60535,0
60536,0
60537,0
60538,0
60539,0
60540,0
60541,0
60542,0
60543,0
60544,0
60545,0
60546,0
60547,0
60548,0
60549,0
60550,0
60551,0
60552,0
60553,0
60554,0
60555,0
60556,0
60557,0
60558,0
60559,0
60560,0
60561,0
60562,0
60563,0
60564,0
60565,0
60566,0
60567,0
60568,0
60569,0
60600,0
60601,0
60602,0
60603,0
60604,0
60605,0
60606,0
60607,0
60608,0
60609,0
60640,0
60641,0
60642,0
60643,0
60644,0
60645,0
60646,0
60647,0
60648,0
60649,0
60650,0
60651,0
60652,0
60653,0
60654,0
60655,0
60656,0
60657,0
60658,0
60659,0
60660,0
60661,0
60662,0
60663,0
60664,0
60665,0
60666,0
60667,0
60668,0
60669,0
60740,0
60741,0
60742,0
60743,0
60744,0
60745,0
60746,0
60747,0
60748,0
60749,0
60820,0
60821,0
60822,0
60823,0
60824,0
60825,0
60826,0
60827,0
60828,0
60829,0
60830,0
60831,0
60832,0
60833,0
60834,0
60835,0
60836,0
60837,0
60838,0
60839,0
60850,0
60851,0
60852,0
60853,0
60854,0
60855,0
60856,0
60857,0
60858,0
60859,0
60870,0
60871,0
60872,0
60873,0
60874,0
60875,0
60876,0
60877,0
60878,0
60879,0
60900,0
60901,0
60902,0
60903,0
60904,0
60905,0
60906,0
60907,0
60908,0
60909,0
60910,0
60911,0
60912,0
60913,0
60914,0
60915,0
60916,0
60917,0
60918,0
60919,0
60920,0
60921,0
60922,0
60923,0
60924,0
60925,0
60926,0
60927,0
60928,0
60929,0
61180,0
61181,0
61182,0
61183,0
61184,0
61185,0
61186,0
61187,0
61188,0
61189,0
61190,0
61191,0
61192,0
61193,0
61194,0
61195,0
61196,0
61197,0
61198,0
61199,0
61200,0
61201,0
61202,0
61203,0
61204,0
61205,0
61206,0
61207,0
61208,0
61209,0
61230,0
61231,0
61232,0
61233,0
61234,0
61235,0
61236,0
61237,0
61238,0
61239,0
61240,0
61241,0
61242,0
61243,0
61244,0
61245,0
61246,0
61247,0
61248,0
61249,0
61250,0
61251,0
61252,0
61253,0
61254,0
61255,0
61256,0
61257,0
61258,0
61259,0
61260,0
61261,0
61262,0
61263,0
61264,0
61265,0
61266,0
61267,0
61268,0
61269,0
61510,0
61511,0
61512,0
61513,0
61514,0
61515,0
61516,0
61517,0
61518,0
61519,0
61520,0
61521,0
61522,0
61523,0
61524,0
61525,0
61526,0
61527,0
61528,0
61529,0
61530,0
61531,0
61532,0
61533,0
61534,0
61535,0
61536,0
61537,0
61538,0
61539,0
61540,0
61541,0
61542,0
61543,0
61544,0
61545,0
61546,0
61547,0
61548,0
61549,0
61550,0
61551,0
61552,0
61553,0
61554,0
61555,0
61556,0
61557,0
61558,0
61559,0
61560,0
61561,0
61562,0
61563,0
61564,0
61565,0
61566,0
61567,0
61568,0
61569,0
61570,0
61571,0
61572,0
61573,0
61574,0
61575,0
61576,0
61577,0
61578,0
61579,0
61580,0
61581,0
61582,0
61583,0
61584,0
61585,0
61586,0
61587,0
61588,0
61589,0
61590,0
61591,0
61592,0
61593,0
61594,0
61595,0
61596,0
61597,0
61598,0
61599,0
61600,0
61601,0
61602,0
61603,0
61604,0
61605,0
61606,0
61607,0
61608,0
61609,0
61620,0
61621,0
61622,0
61623,0
61624,0
61625,0
61626,0
61627,0
61628,0
61629,0
61710,0
61711,0
61712,0
61713,0
61714,0
61715,0
61716,0
61717,0
61718,0
61719,0
61950,0
61951,0
61952,0
61953,0
61954,0
61955,0
61956,0
61957,0
61958,0
61959,0
61960,0
61961,0
61962,0
61963,0
61964,0
61965,0
61966,0
61967,0
61968,0
61969,0
62060,0
62061,0
62062,0
62063,0
62064,0
62065,0
62066,0
62067,0
62068,0
62069,0
62070,0
62071,0
62072,0
62073,0
62074,0
62075,0
62076,0
62077,0
62078,0
62079,0
62110,0
62111,0
62112,0
62113,0
62114,0
62115,0
62116,0
62117,0
62118,0
62119,0
62120,0
62121,0
62122,0
62123,0
62124,0
62125,0
62126,0
62127,0
62128,0
62129,0
62290,0
62291,0
62292,0
62293,0
62294,0
62295,0
62296,0
62297,0
62298,0
62299,0
62300,0
62301,0
62302,0
62303,0
62304,0
62305,0
62306,0
62307,0
62308,0
62309,0
62310,0
62311,0
62312,0
62313,0
62314,0
62315,0
62316,0
62317,0
62318,0
62319,0
62400,0
62401,0
62402,0
62403,0
62404,0
62405,0
62406,0
62407,0
62408,0
62409,0
62410,0
62411,0
62412,0
62413,0
62414,0
62415,0
62416,0
62417,0
62418,0
62419,0
62420,0
62421,0
62422,0
62423,0
62424,0
62425,0
62426,0
62427,0
62428,0
62429,0
62530,0
62531,0
62532,0
62533,0
62534,0
62535,0
62536,0
62537,0
62538,0
62539,0
62540,0
62541,0
62542,0
62543,0
62544,0
62545,0
62546,0
62547,0
62548,0
62549,0
62550,0
62551,0
62552,0
62553,0
62554,0
62555,0
62556,0
62557,0
62558,0
62559,0
62560,0
62561,0
62562,0
62563,0
62564,0
62565,0
62566,0
62567,0
62568,0
62569,0
62600,0
62601,0
62602,0
62603,0
62604,0
62605,0
62606,0
62607,0
62608,0
62609,0
62610,0
62611,0
62612,0
62613,0
62614,0
62615,0
62616,0
62617,0
62618,0
62619,0
62630,0
62631,0
62632,0
62633,0
62634,0
62635,0
62636,0
62637,0
62638,0
62639,0
62670,0
62671,0
62672,0
62673,0
62674,0
62675,0
62676,0
62677,0
62678,0
62679,0
62770,0
62771,0
62772,0
62773,0
62774,0
62775,0
62776,0
62777,0
62778,0
62779,0
62820,0
62821,0
62822,0
62823,0
62824,0
62825,0
62826,0
62827,0
62828,0
62829,0
62850,0
62851,0
62852,0
62853,0
62854,0
62855,0
62856,0
62857,0
62858,0
62859,0
62860,0
62861,0
62862,0
62863,0
62864,0
62865,0
62866,0
62867,0
62868,0
62869,0
62870,0
62871,0
62872,0
62873,0
62874,0
62875,0
62876,0
62877,0
62878,0
62879,0
62880,0
62881,0
62882,0
62883,0
62884,0
62885,0
62886,0
62887,0
62888,0
62889,0
62890,0
62891,0
62892,0
62893,0
62894,0
62895,0
62896,0
62897,0
62898,0
62899,0
62920,0
62921,0
62922,0
62923,0
62924,0
62925,0
62926,0
62927,0
62928,0
62929,0
62930,0
62931,0
62932,0
62933,0
62934,0
62935,0
62936,0
62937,0
62938,0
62939,0
62940,0
62941,0
62942,0
62943,0
62944,0
62945,0
62946,0
62947,0
62948,0
62949,0
62950,0
62951,0
62952,0
62953,0
62954,0
62955,0
62956,0
62957,0
62958,0
62959,0
62960,0
62961,0
62962,0
62963,0
62964,0
62965,0
62966,0
62967,0
62968,0
62969,0
62970,0
62971,0
62972,0
62973,0
62974,0
62975,0
62976,0
62977,0
62978,0
62979,0
63050,0
63051,0
63052,0
63053,0
63054,0
63055,0
63056,0
63057,0
63058,0
63059,0
63060,0
63061,0
63062,0
63063,0
63064,0
63065,0
63066,0
63067,0
63068,0
63069,0
63080,0
63081,0
63082,0
63083,0
63084,0
63085,0
63086,0
63087,0
63088,0
63089,0
63250,0
63251,0
63252,0
63253,0
63254,0
63255,0
63256,0
63257,0
63258,0
63259,0
63260,0
63261,0
63262,0
63263,0
63264,0
63265,0
63266,0
63267,0
63268,0
63269,0
63270,0
63271,0
63272,0
63273,0
63274,0
63275,0
63276,0
63277,0
63278,0
63279,0
63300,0
63301,0
63302,0
63303,0
63304,0
63305,0
63306,0
63307,0
63308,0
63309,0
63310,0
63311,0
63312,0
63313,0
63314,0
63315,0
63316,0
63317,0
63318,0
63319,0
63320,0
63321,0
63322,0
63323,0
63324,0
63325,0
63326,0
63327,0
63328,0
63329,0
63380,0
63381,0
63382,0
63383,0
63384,0
63385,0
63386,0
63387,0
63388,0
63389,0
63390,0
63391,0
63392,0
63393,0
63394,0
63395,0
63396,0
63397,0
63398,0
63399,0
63400,0
63401,0
63402,0
63403,0
63404,0
63405,0
63406,0
63407,0
63408,0
63409,0
63410,0
63411,0
63412,0
63413,0
63414,0
63415,0
63416,0
63417,0
63418,0
63419,0
63420,0
63421,0
63422,0
63423,0
63424,0
63425,0
63426,0
63427,0
63428,0
63429,0
63450,0
63451,0
63452,0
63453,0
63454,0
63455,0
63456,0
63457,0
63458,0
63459,0
63530,0
63531,0
63532,0
63533,0
63534,0
63535,0
63536,0
63537,0
63538,0
63539,0
63720,0
63721,0
63722,0
63723,0
63724,0
63725,0
63726,0
63727,0
63728,0
63729,0
63750,0
63751,0
63752,0
63753,0
63754,0
63755,0
63756,0
63757,0
63758,0
63759,0
64060,0
64061,0
64062,0
64063,0
64064,0
64065,0
64066,0
64067,0
64068,0
64069,0
64070,0
64071,0
64072,0
64073,0
64074,0
64075,0
64076,0
64077,0
64078,0
64079,0
64080,0
64081,0
64082,0
64083,0
64084,0
64085,0
64086,0
64087,0
64088,0
64089,0
64200,0
64201,0
64202,0
64203,0
64204,0
64205,0
64206,0
64207,0
64208,0
64209,0
64230,0
64231,0
64232,0
64233,0
64234,0
64235,0
64236,0
64237,0
64238,0
64239,0
64680,0
64681,0
64682,0
64683,0
64684,0
64685,0
64686,0
64687,0
64688,0
64689,0
64690,0
64691,0
64692,0
64693,0
64694,0
64695,0
64696,0
64697,0
64698,0
64699,0
64700,0
64701,0
64702,0
64703,0
64704,0
64705,0
64706,0
64707,0
64708,0
64709,0
64760,0
64761,0
64762,0
64763,0
64764,0
64765,0
64766,0
64767,0
64768,0
64769,0
64770,0
64771,0
64772,0
64773,0
64774,0
64775,0
64776,0
64777,0
64778,0
64779,0
64780,0
64781,0
64782,0
64783,0
64784,0
64785,0
64786,0
64787,0
64788,0
64789,0
64790,0
64791,0
64792,0
64793,0
64794,0
64795,0
64796,0
64797,0
64798,0
64799,0
64920,0
64921,0
64922,0
64923,0
64924,0
64925,0
64926,0
64927,0
64928,0
64929,0
64970,0
64971,0
64972,0
64973,0
64974,0
64975,0
64976,0
64977,0
64978,0
64979,0
65060,0
65061,0
65062,0
65063,0
65064,0
65065,0
65066,0
65067,0
65068,0
65069,0
65070,0
65071,0
65072,0
65073,0
65074,0
65075,0
65076,0
65077,0
65078,0
65079,0
65110,0
65111,0
65112,0
65113,0
65114,0
65115,0
65116,0
65117,0
65118,0
65119,0
65130,0
65131,0
65132,0
65133,0
65134,0
65135,0
65136,0
65137,0
65138,0
65139,0
65150,0
65151,0
65152,0
65153,0
65154,0
65155,0
65156,0
65157,0
65158,0
65159,0
65220,0
65221,0
65222,0
65223,0
65224,0
65225,0
65226,0
65227,0
65228,0
65229,0
65230,0
65231,0
65232,0
65233,0
65234,0
65235,0
65236,0
65237,0
65238,0
65239,0
65240,0
65241,0
65242,0
65243,0
65244,0
65245,0
65246,0
65247,0
65248,0
65249,0
65430,0
65431,0
65432,0
65433,0
65434,0
65435,0
65436,0
65437,0
65438,0
65439,0
65440,0
65441,0
65442,0
65443,0
65444,0
65445,0
65446,0
65447,0
65448,0
65449,0
65610,0
65611,0
65612,0
65613,0
65614,0
65615,0
65616,0
65617,0
65618,0
65619,0
65620,0
65621,0
65622,0
65623,0
65624,0
65625,0
65626,0
65627,0
65628,0
65629,0
65690,0
65691,0
65692,0
65693,0
65694,0
65695,0
65696,0
65697,0
65698,0
65699,0
65700,0
65701,0
65702,0
65703,0
65704,0
65705,0
65706,0
65707,0
65708,0
65709,0
65760,0
65761,0
65762,0
65763,0
65764,0
65765,0
65766,0
65767,0
65768,0
65769,0
65770,0
65771,0
65772,0
65773,0
65774,0
65775,0
65776,0
65777,0
65778,0
65779,0
65900,0
65901,0
65902,0
65903,0
65904,0
65905,0
65906,0
65907,0
65908,0
65909,0
65910,0
65911,0
65912,0
65913,0
65914,0
65915,0
65916,0
65917,0
65918,0
65919,0
65920,0
65921,0
65922,0
65923,0
65924,0
65925,0
65926,0
65927,0
65928,0
65929,0
65930,0
65931,0
65932,0
65933,0
65934,0
65935,0
65936,0
65937,0
65938,0
65939,0
65940,0
65941,0
65942,0
65943,0
65944,0
65945,0
65946,0
65947,0
65948,0
65949,0
65950,0
65951,0
65952,0
65953,0
65954,0
65955,0
65956,0
65957,0
65958,0
65959,0
65960,0
65961,0
65962,0
65963,0
65964,0
65965,0
65966,0
65967,0
65968,0
65969,0
66040,0
66041,0
66042,0
66043,0
66044,0
66045,0
66046,0
66047,0
66048,0
66049,0
66050,0
66051,0
66052,0
66053,0
66054,0
66055,0
66056,0
66057,0
66058,0
66059,0
66060,0
66061,0
66062,0
66063,0
66064,0
66065,0
66066,0
66067,0
66068,0
66069,0
66070,0
66071,0
66072,0
66073,0
66074,0
66075,0
66076,0
66077,0
66078,0
66079,0
66100,0
66101,0
66102,0
66103,0
66104,0
66105,0
66106,0
66107,0
66108,0
66109,0
66110,0
66111,0
66112,0
66113,0
66114,0
66115,0
66116,0
66117,0
66118,0
66119,0
66410,0
66411,0
66412,0
66413,0
66414,0
66415,0
66416,0
66417,0
66418,0
66419,0
66420,0
66421,0
66422,0
66423,0
66424,0
66425,0
66426,0
66427,0
66428,0
66429,0
66430,0
66431,0
66432,0
66433,0
66434,0
66435,0
66436,0
66437,0
66438,0
66439,0
66460,0
66461,0
66462,0
66463,0
66464,0
66465,0
66466,0
66467,0
66468,0
66469,0
66470,0
66471,0
66472,0
66473,0
66474,0
66475,0
66476,0
66477,0
66478,0
66479,0
66480,0
66481,0
66482,0
66483,0
66484,0
66485,0
66486,0
66487,0
66488,0
66489,0
66540,0
66541,0
66542,0
66543,0
66544,0
66545,0
66546,0
66547,0
66548,0
66549,0
66550,0
66551,0
66552,0
66553,0
66554,0
66555,0
66556,0
66557,0
66558,0
66559,0
66660,0
66661,0
66662,0
66663,0
66664,0
66665,0
66666,0
66667,0
66668,0
66669,0
66710,0
66711,0
66712,0
66713,0
66714,0
66715,0
66716,0
66717,0
66718,0
66719,0
66720,0
66721,0
66722,0
66723,0
66724,0
66725,0
66726,0
66727,0
66728,0
66729,0
66840,0
66841,0
66842,0
66843,0
66844,0
66845,0
66846,0
66847,0
66848,0
66849,0
66850,0
66851,0
66852,0
66853,0
66854,0
66855,0
66856,0
66857,0
66858,0
66859,0
67020,0
67021,0
67022,0
67023,0
67024,0
67025,0
67026,0
67027,0
67028,0
67029,0
67150,0
67151,0
67152,0
67153,0
67154,0
67155,0
67156,0
67157,0
67158,0
67159,0
67160,0
67161,0
67162,0
67163,0
67164,0
67165,0
67166,0
67167,0
67168,0
67169,0
67170,0
67171,0
67172,0
67173,0
67174,0
67175,0
67176,0
67177,0
67178,0
67179,0
67180,0
67181,0
67182,0
67183,0
67184,0
67185,0
67186,0
67187,0
67188,0
67189,0
67250,0
67251,0
67252,0
67253,0
67254,0
67255,0
67256,0
67257,0
67258,0
67259,0
67260,0
67261,0
67262,0
67263,0
67264,0
67265,0
67266,0
67267,0
67268,0
67269,0
67300,0
67301,0
67302,0
67303,0
67304,0
67305,0
67306,0
67307,0
67308,0
67309,0
67310,0
67311,0
67312,0
67313,0
67314,0
67315,0
67316,0
67317,0
67318,0
67319,0
67340,0
67341,0
67342,0
67343,0
67344,0
67345,0
67346,0
67347,0
67348,0
67349,0
67350,0
67351,0
67352,0
67353,0
67354,0
67355,0
67356,0
67357,0
67358,0
67359,0
67520,0
67521,0
67522,0
67523,0
67524,0
67525,0
67526,0
67527,0
67528,0
67529,0
67570,0
67571,0
67572,0
67573,0
67574,0
67575,0
67576,0
67577,0
67578,0
67579,0
67610,0
67611,0
67612,0
67613,0
67614,0
67615,0
67616,0
67617,0
67618,0
67619,0
67620,0
67621,0
67622,0
67623,0
67624,0
67625,0
67626,0
67627,0
67628,0
67629,0
67630,0
67631,0
67632,0
67633,0
67634,0
67635,0
67636,0
67637,0
67638,0
67639,0
67750,0
67751,0
67752,0
67753,0
67754,0
67755,0
67756,0
67757,0
67758,0
67759,0
67760,0
67761,0
67762,0
67763,0
67764,0
67765,0
67766,0
67767,0
67768,0
67769,0
67770,0
67771,0
67772,0
67773,0
67774,0
67775,0
67776,0
67777,0
67778,0
67779,0
67810,0
67811,0
67812,0
67813,0
67814,0
67815,0
67816,0
67817,0
67818,0
67819,0
67820,0
67821,0
67822,0
67823,0
67824,0
67825,0
67826,0
67827,0
67828,0
67829,0
68010,0
68011,0
68012,0
68013,0
68014,0
68015,0
68016,0
68017,0
68018,0
68019,0
68020,0
68021,0
68022,0
68023,0
68024,0
68025,0
68026,0
68027,0
68028,0
68029,0
68030,0
68031,0
68032,0
68033,0
68034,0
68035,0
68036,0
68037,0
68038,0
68039,0
68040,0
68041,0
68042,0
68043,0
68044,0
68045,0
68046,0
68047,0
68048,0
68049,0
68050,0
68051,0
68052,0
68053,0
68054,0
68055,0
68056,0
68057,0
68058,0
68059,0
68110,0
68111,0
68112,0
68113,0
68114,0
68115,0
68116,0
68117,0
68118,0
68119,0
68120,0
68121,0
68122,0
68123,0
68124,0
68125,0
68126,0
68127,0
68128,0
68129,0
68360,0
68361,0
68362,0
68363,0
68364,0
68365,0
68366,0
68367,0
68368,0
68369,0
68370,0
68371,0
68372,0
68373,0
68374,0
68375,0
68376,0
68377,0
68378,0
68379,0
68440,0
68441,0
68442,0
68443,0
68444,0
68445,0
68446,0
68447,0
68448,0
68449,0
68450,0
68451,0
68452,0
68453,0
68454,0
68455,0
68456,0
68457,0
68458,0
68459,0
68510,0
68511,0
68512,0
68513,0
68514,0
68515,0
68516,0
68517,0
68518,0
68519,0
68520,0
68521,0
68522,0
68523,0
68524,0
68525,0
68526,0
68527,0
68528,0
68529,0
68530,0
68531,0
68532,0
68533,0
68534,0
68535,0
68536,0
68537,0
68538,0
68539,0
68570,0
68571,0
68572,0
68573,0
68574,0
68575,0
68576,0
68577,0
68578,0
68579,0
68580,0
68581,0
68582,0
68583,0
68584,0
68585,0
68586,0
68587,0
68588,0
68589,0
68790,0
68791,0
68792,0
68793,0
68794,0
68795,0
68796,0
68797,0
68798,0
68799,0
68800,0
68801,0
68802,0
68803,0
68804,0
68805,0
68806,0
68807,0
68808,0
68809,0
68810,0
68811,0
68812,0
68813,0
68814,0
68815,0
68816,0
68817,0
68818,0
68819,0
68880,0
68881,0
68882,0
68883,0
68884,0
68885,0
68886,0
68887,0
68888,0
68889,0
68890,0
68891,0
68892,0
68893,0
68894,0
68895,0
68896,0
68897,0
68898,0
68899,0
68900,0
68901,0
68902,0
68903,0
68904,0
68905,0
68906,0
68907,0
68908,0
68909,0
68910,0
68911,0
68912,0
68913,0
68914,0
68915,0
68916,0
68917,0
68918,0
68919,0
68970,0
68971,0
68972,0
68973,0
68974,0
68975,0
68976,0
68977,0
68978,0
68979,0
69310,0
69311,0
69312,0
69313,0
69314,0
69315,0
69316,0
69317,0
69318,0
69319,0
69320,0
69321,0
69322,0
69323,0
69324,0
69325,0
69326,0
69327,0
69328,0
69329,0
69330,0
69331,0
69332,0
69333,0
69334,0
69335,0
69336,0
69337,0
69338,0
69339,0
69360,0
69361,0
69362,0
69363,0
69364,0
69365,0
69366,0
69367,0
69368,0
69369,0
69390,0
69391,0
69392,0
69393,0
69394,0
69395,0
69396,0
69397,0
69398,0
69399,0
69460,0
69461,0
69462,0
69463,0
69464,0
69465,0
69466,0
69467,0
69468,0
69469,0
69470,0
69471,0
69472,0
69473,0
69474,0
69475,0
69476,0
69477,0
69478,0
69479,0
69480,0
69481,0
69482,0
69483,0
69484,0
69485,0
69486,0
69487,0
69488,0
69489,0
69490,0
69491,0
69492,0
69493,0
69494,0
69495,0
69496,0
69497,0
69498,0
69499,0
69710,0
69711,0
69712,0
69713,0
69714,0
69715,0
69716,0
69717,0
69718,0
69719,0
69720,0
69721,0
69722,0
69723,0
69724,0
69725,0
69726,0
69727,0
69728,0
69729,0
69770,0
69771,0
69772,0
69773,0
69774,0
69775,0
69776,0
69777,0
69778,0
69779,0
69780,0
69781,0
69782,0
69783,0
69784,0
69785,0
69786,0
69787,0
69788,0
69789,0
69790,0
69791,0
69792,0
69793,0
69794,0
69795,0
69796,0
69797,0
69798,0
69799,0
69850,0
69851,0
69852,0
69853,0
69854,0
69855,0
69856,0
69857,0
69858,0
69859,0
69860,0
69861,0
69862,0
69863,0
69864,0
69865,0
69866,0
69867,0
69868,0
69869,0
69870,0
69871,0
69872,0
69873,0
69874,0
69875,0
69876,0
69877,0
69878,0
69879,0
69940,0
69941,0
69942,0
69943,0
69944,0
69945,0
69946,0
69947,0
69948,0
69949,0
69950,0
69951,0
69952,0
69953,0
69954,0
69955,0
69956,0
69957,0
69958,0
69959,0
69960,0
69961,0
69962,0
69963,0
69964,0
69965,0
69966,0
69967,0
69968,0
69969,0
70110,0
70111,0
70112,0
70113,0
70114,0
70115,0
70116,0
70117,0
70118,0
70119,0
70120,0
70121,0
70122,0
70123,0
70124,0
70125,0
70126,0
70127,0
70128,0
70129,0
70190,0
70191,0
70192,0
70193,0
70194,0
70195,0
70196,0
70197,0
70198,0
70199,0
70200,0
70201,0
70202,0
70203,0
70204,0
70205,0
70206,0
70207,0
70208,0
70209,0
70210,0
70211,0
70212,0
70213,0
70214,0
70215,0
70216,0
70217,0
70218,0
70219,0
70290,0
70291,0
70292,0
70293,0
70294,0
70295,0
70296,0
70297,0
70298,0
70299,0
70300,0
70301,0
70302,0
70303,0
70304,0
70305,0
70306,0
70307,0
70308,0
70309,0
70390,0
70391,0
70392,0
70393,0
70394,0
70395,0
70396,0
70397,0
70398,0
70399,0
70720,0
70721,0
70722,0
70723,0
70724,0
70725,0
70726,0
70727,0
70728,0
70729,0
70730,0
70731,0
70732,0
70733,0
70734,0
70735,0
70736,0
70737,0
70738,0
70739,0
70740,0
70741,0
70742,0
70743,0
70744,0
70745,0
70746,0
70747,0
70748,0
70749,0
70850,0
70851,0
70852,0
70853,0
70854,0
70855,0
70856,0
70857,0
70858,0
70859,0
70860,0
70861,0
70862,0
70863,0
70864,0
70865,0
70866,0
70867,0
70868,0
70869,0
70870,0
70871,0
70872,0
70873,0
70874,0
70875,0
70876,0
70877,0
70878,0
70879,0
70880,0
70881,0
70882,0
70883,0
70884,0
70885,0
70886,0
70887,0
70888,0
70889,0
70890,0
70891,0
70892,0
70893,0
70894,0
70895,0
70896,0
70897,0
70898,0
70899,0
70900,0
70901,0
70902,0
70903,0
70904,0
70905,0
70906,0
70907,0
70908,0
70909,0
70910,0
70911,0
70912,0
70913,0
70914,0
70915,0
70916,0
70917,0
70918,0
70919,0
70940,0
70941,0
70942,0
70943,0
70944,0
70945,0
70946,0
70947,0
70948,0
70949,0
71060,0
71061,0
71062,0
71063,0
71064,0
71065,0
71066,0
71067,0
71068,0
71069,0
71070,0
71071,0
71072,0
71073,0
71074,0
71075,0
71076,0
71077,0
71078,0
71079,0
71080,0
71081,0
71082,0
71083,0
71084,0
71085,0
71086,0
71087,0
71088,0
71089,0
71090,0
71091,0
71092,0
71093,0
71094,0
71095,0
71096,0
71097,0
71098,0
71099,0
71120,0
71121,0
71122,0
71123,0
71124,0
71125,0
71126,0
71127,0
71128,0
71129,0
71130,0
71131,0
71132,0
71133,0
71134,0
71135,0
71136,0
71137,0
71138,0
71139,0
71140,0
71141,0
71142,0
71143,0
71144,0
71145,0
71146,0
71147,0
71148,0
71149,0
71150,0
71151,0
71152,0
71153,0
71154,0
71155,0
71156,0
71157,0
71158,0
71159,0
71160,0
71161,0
71162,0
71163,0
71164,0
71165,0
71166,0
71167,0
71168,0
71169,0
71370,0
71371,0
71372,0
71373,0
71374,0
71375,0
71376,0
71377,0
71378,0
71379,0
71380,0
71381,0
71382,0
71383,0
71384,0
71385,0
71386,0
71387,0
71388,0
71389,0
71390,0
71391,0
71392,0
71393,0
71394,0
71395,0
71396,0
71397,0
71398,0
71399,0
71420,0
71421,0
71422,0
71423,0
71424,0
71425,0
71426,0
71427,0
71428,0
71429,0
71430,0
71431,0
71432,0
71433,0
71434,0
71435,0
71436,0
71437,0
71438,0
71439,0
71460,0
71461,0
71462,0
71463,0
71464,0
71465,0
71466,0
71467,0
71468,0
71469,0
71470,0
71471,0
71472,0
71473,0
71474,0
71475,0
71476,0
71477,0
71478,0
71479,0
71520,0
71521,0
71522,0
71523,0
71524,0
71525,0
71526,0
71527,0
71528,0
71529,0
71530,0
71531,0
71532,0
71533,0
71534,0
71535,0
71536,0
71537,0
71538,0
71539,0
71540,0
71541,0
71542,0
71543,0
71544,0
71545,0
71546,0
71547,0
71548,0
71549,0
71680,0
71681,0
71682,0
71683,0
71684,0
71685,0
71686,0
71687,0
71688,0
71689,0
71790,0
71791,0
71792,0
71793,0
71794,0
71795,0
71796,0
71797,0
71798,0
71799,0
71800,0
71801,0
71802,0
71803,0
71804,0
71805,0
71806,0
71807,0
71808,0
71809,0
71870,0
71871,0
71872,0
71873,0
71874,0
71875,0
71876,0
71877,0
71878,0
71879,0
71880,0
71881,0
71882,0
71883,0
71884,0
71885,0
71886,0
71887,0
71888,0
71889,0
71890,0
71891,0
71892,0
71893,0
71894,0
71895,0
71896,0
71897,0
71898,0
71899,0
71900,0
71901,0
71902,0
71903,0
71904,0
71905,0
71906,0
71907,0
71908,0
71909,0
71910,0
71911,0
71912,0
71913,0
71914,0
71915,0
71916,0
71917,0
71918,0
71919,0
71920,0
71921,0
71922,0
71923,0
71924,0
71925,0
71926,0
71927,0
71928,0
71929,0
71930,0
71931,0
71932,0
71933,0
71934,0
71935,0
71936,0
71937,0
71938,0
71939,0
71940,0
71941,0
71942,0
71943,0
71944,0
71945,0
71946,0
71947,0
71948,0
71949,0
72220,0
72221,0
72222,0
72223,0
72224,0
72225,0
72226,0
72227,0
72228,0
72229,0
72230,0
72231,0
72232,0
72233,0
72234,0
72235,0
72236,0
72237,0
72238,0
72239,0
72240,0
72241,0
72242,0
72243,0
72244,0
72245,0
72246,0
72247,0
72248,0
72249,0
72250,0
72251,0
72252,0
72253,0
72254,0
72255,0
72256,0
72257,0
72258,0
72259,0
72260,0
72261,0
72262,0
72263,0
72264,0
72265,0
72266,0
72267,0
72268,0
72269,0
72700,0
72701,0
72702,0
72703,0
72704,0
72705,0
72706,0
72707,0
72708,0
72709,0
72710,0
72711,0
72712,0
72713,0
72714,0
72715,0
72716,0
72717,0
72718,0
72719,0
72720,0
72721,0
72722,0
72723,0
72724,0
72725,0
72726,0
72727,0
72728,0
72729,0
72830,0
72831,0
72832,0
72833,0
72834,0
72835,0
72836,0
72837,0
72838,0
72839,0
72840,0
72841,0
72842,0
72843,0
72844,0
72845,0
72846,0
72847,0
72848,0
72849,0
72850,0
72851,0
72852,0
72853,0
72854,0
72855,0
72856,0
72857,0
72858,0
72859,0
73020,0
73021,0
73022,0
73023,0
73024,0
73025,0
73026,0
73027,0
73028,0
73029,0
73030,0
73031,0
73032,0
73033,0
73034,0
73035,0
73036,0
73037,0
73038,0
73039,0
73040,0
73041,0
73042,0
73043,0
73044,0
73045,0
73046,0
73047,0
73048,0
73049,0
73070,0
73071,0
73072,0
73073,0
73074,0
73075,0
73076,0
73077,0
73078,0
73079,0
73080,0
73081,0
73082,0
73083,0
73084,0
73085,0
73086,0
73087,0
73088,0
73089,0
73140,0
73141,0
73142,0
73143,0
73144,0
73145,0
73146,0
73147,0
73148,0
73149,0
73150,0
73151,0
73152,0
73153,0
73154,0
73155,0
73156,0
73157,0
73158,0
73159,0
73200,0
73201,0
73202,0
73203,0
73204,0
73205,0
73206,0
73207,0
73208,0
73209,0
73210,0
73211,0
73212,0
73213,0
73214,0
73215,0
73216,0
73217,0
73218,0
73219,0
73220,0
73221,0
73222,0
73223,0
73224,0
73225,0
73226,0
73227,0
73228,0
73229,0
73230,0
73231,0
73232,0
73233,0
73234,0
73235,0
73236,0
73237,0
73238,0
73239,0
73390,0
73391,0
73392,0
73393,0
73394,0
73395,0
73396,0
73397,0
73398,0
73399,0
73400,0
73401,0
73402,0
73403,0
73404,0
73405,0
73406,0
73407,0
73408,0
73409,0
73410,0
73411,0
73412,0
73413,0
73414,0
73415,0
73416,0
73417,0
73418,0
73419,0
73510,0
73511,0
73512,0
73513,0
73514,0
73515,0
73516,0
73517,0
73518,0
73519,0
73520,0
73521,0
73522,0
73523,0
73524,0
73525,0
73526,0
73527,0
73528,0
73529,0
73530,0
73531,0
73532,0
73533,0
73534,0
73535,0
73536,0
73537,0
73538,0
73539,0
73650,0
73651,0
73652,0
73653,0
73654,0
73655,0
73656,0
73657,0
73658,0
73659,0
73660,0
73661,0
73662,0
73663,0
73664,0
73665,0
73666,0
73667,0
73668,0
73669,0
73750,0
73751,0
73752,0
73753,0
73754,0
73755,0
73756,0
73757,0
73758,0
73759,0
73760,0
73761,0
73762,0
73763,0
73764,0
73765,0
73766,0
73767,0
73768,0
73769,0
74160,0
74161,0
74162,0
74163,0
74164,0
74165,0
74166,0
74167,0
74168,0
74169,0
74170,0
74171,0
74172,0
74173,0
74174,0
74175,0
74176,0
74177,0
74178,0
74179,0
74200,0
74201,0
74202,0
74203,0
74204,0
74205,0
74206,0
74207,0
74208,0
74209,0
74210,0
74211,0
74212,0
74213,0
74214,0
74215,0
74216,0
74217,0
74218,0
74219,0
74260,0
74261,0
74262,0
74263,0
74264,0
74265,0
74266,0
74267,0
74268,0
74269,0
74270,0
74271,0
74272,0
74273,0
74274,0
74275,0
74276,0
74277,0
74278,0
74279,0
74280,0
74281,0
74282,0
74283,0
74284,0
74285,0
74286,0
74287,0
74288,0
74289,0
74670,0
74671,0
74672,0
74673,0
74674,0
74675,0
74676,0
74677,0
74678,0
74679,0
74680,0
74681,0
74682,0
74683,0
74684,0
74685,0
74686,0
74687,0
74688,0
74689,0
74690,0
74691,0
74692,0
74693,0
74694,0
74695,0
74696,0
74697,0
74698,0
74699,0
74700,0
74701,0
74702,0
74703,0
74704,0
74705,0
74706,0
74707,0
74708,0
74709,0
74710,0
74711,0
74712,0
74713,0
74714,0
74715,0
74716,0
74717,0
74718,0
74719,0
74780,0
74781,0
74782,0
74783,0
74784,0
74785,0
74786,0
74787,0
74788,0
74789,0
74830,0
74831,0
74832,0
74833,0
74834,0
74835,0
74836,0
74837,0
74838,0
74839,0
74840,0
74841,0
74842,0
74843,0
74844,0
74845,0
74846,0
74847,0
74848,0
74849,0
74850,0
74851,0
74852,0
74853,0
74854,0
74855,0
74856,0
74857,0
74858,0
74859,0
74870,0
74871,0
74872,0
74873,0
74874,0
74875,0
74876,0
74877,0
74878,0
74879,0
74880,0
74881,0
74882,0
74883,0
74884,0
74885,0
74886,0
74887,0
74888,0
74889,0
74890,0
74891,0
74892,0
74893,0
74894,0
74895,0
74896,0
74897,0
74898,0
74899,0
74920,0
74921,0
74922,0
74923,0
74924,0
74925,0
74926,0
74927,0
74928,0
74929,0
74930,0
74931,0
74932,0
74933,0
74934,0
74935,0
74936,0
74937,0
74938,0
74939,0
74990,0
74991,0
74992,0
74993,0
74994,0
74995,0
74996,0
74997,0
74998,0
74999,0
75000,0
75001,0
75002,0
75003,0
75004,0
75005,0
75006,0
75007,0
75008,0
75009,0
75060,0
75061,0
75062,0
75063,0
75064,0
75065,0
75066,0
75067,0
75068,0
75069,0
75070,0
75071,0
75072,0
75073,0
75074,0
75075,0
75076,0
75077,0
75078,0
75079,0
75080,0
75081,0
75082,0
75083,0
75084,0
75085,0
75086,0
75087,0
75088,0
75089,0
75160,0
75161,0
75162,0
75163,0
75164,0
75165,0
75166,0
75167,0
75168,0
75169,0
75170,0
75171,0
75172,0
75173,0
75174,0
75175,0
75176,0
75177,0
75178,0
75179,0
75180,0
75181,0
75182,0
75183,0
75184,0
75185,0
75186,0
75187,0
75188,0
75189,0
75190,0
75191,0
75192,0
75193,0
75194,0
75195,0
75196,0
75197,0
75198,0
75199,0
75200,0
75201,0
75202,0
75203,0
75204,0
75205,0
75206,0
75207,0
75208,0
75209,0
75240,0
75241,0
75242,0
75243,0
75244,0
75245,0
75246,0
75247,0
75248,0
75249,0
75250,0
75251,0
75252,0
75253,0
75254,0
75255,0
75256,0
75257,0
75258,0
75259,0
75260,0
75261,0
75262,0
75263,0
75264,0
75265,0
75266,0
75267,0
75268,0
75269,0
75380,0
75381,0
75382,0
75383,0
75384,0
75385,0
75386,0
75387,0
75388,0
75389,0
75390,0
75391,0
75392,0
75393,0
75394,0
75395,0
75396,0
75397,0
75398,0
75399,0
75480,0
75481,0
75482,0
75483,0
75484,0
75485,0
75486,0
75487,0
75488,0
75489,0
75490,0
75491,0
75492,0
75493,0
75494,0
75495,0
75496,0
75497,0
75498,0
75499,0
75630,0
75631,0
75632,0
75633,0
75634,0
75635,0
75636,0
75637,0
75638,0
75639,0
76040,0
76041,0
76042,0
76043,0
76044,0
76045,0
76046,0
76047,0
76048,0
76049,0
76070,0
76071,0
76072,0
76073,0
76074,0
76075,0
76076,0
76077,0
76078,0
76079,0
76180,0
76181,0
76182,0
76183,0
76184,0
76185,0
76186,0
76187,0
76188,0
76189,0
76270,0
76271,0
76272,0
76273,0
76274,0
76275,0
76276,0
76277,0
76278,0
76279,0
76280,0
76281,0
76282,0
76283,0
76284,0
76285,0
76286,0
76287,0
76288,0
76289,0
76470,0
76471,0
76472,0
76473,0
76474,0
76475,0
76476,0
76477,0
76478,0
76479,0
76480,0
76481,0
76482,0
76483,0
76484,0
76485,0
76486,0
76487,0
76488,0
76489,0
76490,0
76491,0
76492,0
76493,0
76494,0
76495,0
76496,0
76497,0
76498,0
76499,0
76500,0
76501,0
76502,0
76503,0
76504,0
76505,0
76506,0
76507,0
76508,0
76509,0
76510,0
76511,0
76512,0
76513,0
76514,0
76515,0
76516,0
76517,0
76518,0
76519,0
76720,0
76721,0
76722,0
76723,0
76724,0
76725,0
76726,0
76727,0
76728,0
76729,0
76730,0
76731,0
76732,0
76733,0
76734,0
76735,0
76736,0
76737,0
76738,0
76739,0
76770,0
76771,0
76772,0
76773,0
76774,0
76775,0
76776,0
76777,0
76778,0
76779,0
76950,0
76951,0
76952,0
76953,0
76954,0
76955,0
76956,0
76957,0
76958,0
76959,0
76960,0
76961,0
76962,0
76963,0
76964,0
76965,0
76966,0
76967,0
76968,0
76969,0
76970,0
76971,0
76972,0
76973,0
76974,0
76975,0
76976,0
76977,0
76978,0
76979,0
77050,0
77051,0
77052,0
77053,0
77054,0
77055,0
77056,0
77057,0
77058,0
77059,0
77060,0
77061,0
77062,0
77063,0
77064,0
77065,0
77066,0
77067,0
77068,0
77069,0
77070,0
77071,0
77072,0
77073,0
77074,0
77075,0
77076,0
77077,0
77078,0
77079,0
77080,0
77081,0
77082,0
77083,0
77084,0
77085,0
77086,0
77087,0
77088,0
77089,0
77200,0
77201,0
77202,0
77203,0
77204,0
77205,0
77206,0
77207,0
77208,0
77209,0
77210,0
77211,0
77212,0
77213,0
77214,0
77215,0
77216,0
77217,0
77218,0
77219,0
77220,0
77221,0
77222,0
77223,0
77224,0
77225,0
77226,0
77227,0
77228,0
77229,0
77230,0
77231,0
77232,0
77233,0
77234,0
77235,0
77236,0
77237,0
77238,0
77239,0
77450,0
77451,0
77452,0
77453,0
77454,0
77455,0
77456,0
77457,0
77458,0
77459,0
77490,0
77491,0
77492,0
77493,0
77494,0
77495,0
77496,0
77497,0
77498,0
77499,0
77500,0
77501,0
77502,0
77503,0
77504,0
77505,0
77506,0
77507,0
77508,0
77509,0
77510,0
77511,0
77512,0
77513,0
77514,0
77515,0
77516,0
77517,0
77518,0
77519,0
77740,0
77741,0
77742,0
77743,0
77744,0
77745,0
77746,0
77747,0
77748,0
77749,0
78020,0
78021,0
78022,0
78023,0
78024,0
78025,0
78026,0
78027,0
78028,0
78029,0
78030,0
78031,0
78032,0
78033,0
78034,0
78035,0
78036,0
78037,0
78038,0
78039,0
78040,0
78041,0
78042,0
78043,0
78044,0
78045,0
78046,0
78047,0
78048,0
78049,0
78050,0
78051,0
78052,0
78053,0
78054,0
78055,0
78056,0
78057,0
78058,0
78059,0
78350,0
78351,0
78352,0
78353,0
78354,0
78355,0
78356,0
78357,0
78358,0
78359,0
78360,0
78361,0
78362,0
78363,0
78364,0
78365,0
78366,0
78367,0
78368,0
78369,0
78410,0
78411,0
78412,0
78413,0
78414,0
78415,0
78416,0
78417,0
78418,0
78419,0
78420,0
78421,0
78422,0
78423,0
78424,0
78425,0
78426,0
78427,0
78428,0
78429,0
78430,0
78431,0
78432,0
78433,0
78434,0
78435,0
78436,0
78437,0
78438,0
78439,0
78600,0
78601,0
78602,0
78603,0
78604,0
78605,0
78606,0
78607,0
78608,0
78609,0
78610,0
78611,0
78612,0
78613,0
78614,0
78615,0
78616,0
78617,0
78618,0
78619,0
78640,0
78641,0
78642,0
78643,0
78644,0
78645,0
78646,0
78647,0
78648,0
78649,0
78650,0
78651,0
78652,0
78653,0
78654,0
78655,0
78656,0
78657,0
78658,0
78659,0
78660,0
78661,0
78662,0
78663,0
78664,0
78665,0
78666,0
78667,0
78668,0
78669,0
78670,0
78671,0
78672,0
78673,0
78674,0
78675,0
78676,0
78677,0
78678,0
78679,0
78760,0
78761,0
78762,0
78763,0
78764,0
78765,0
78766,0
78767,0
78768,0
78769,0
78770,0
78771,0
78772,0
78773,0
78774,0
78775,0
78776,0
78777,0
78778,0
78779,0
78780,0
78781,0
78782,0
78783,0
78784,0
78785,0
78786,0
78787,0
78788,0
78789,0
78870,0
78871,0
78872,0
78873,0
78874,0
78875,0
78876,0
78877,0
78878,0
78879,0
78880,0
78881,0
78882,0
78883,0
78884,0
78885,0
78886,0
78887,0
78888,0
78889,0
78950,0
78951,0
78952,0
78953,0
78954,0
78955,0
78956,0
78957,0
78958,0
78959,0
78960,0
78961,0
78962,0
78963,0
78964,0
78965,0
78966,0
78967,0
78968,0
78969,0
78970,0
78971,0
78972,0
78973,0
78974,0
78975,0
78976,0
78977,0
78978,0
78979,0
78980,0
78981,0
78982,0
78983,0
78984,0
78985,0
78986,0
78987,0
78988,0
78989,0
79050,0
79051,0
79052,0
79053,0
79054,0
79055,0
79056,0
79057,0
79058,0
79059,0
79060,0
79061,0
79062,0
79063,0
79064,0
79065,0
79066,0
79067,0
79068,0
79069,0
79070,0
79071,0
79072,0
79073,0
79074,0
79075,0
79076,0
79077,0
79078,0
79079,0
79080,0
79081,0
79082,0
79083,0
79084,0
79085,0
79086,0
79087,0
79088,0
79089,0
79220,0
79221,0
79222,0
79223,0
79224,0
79225,0
79226,0
79227,0
79228,0
79229,0
79230,0
79231,0
79232,0
79233,0
79234,0
79235,0
79236,0
79237,0
79238,0
79239,0
79240,0
79241,0
79242,0
79243,0
79244,0
79245,0
79246,0
79247,0
79248,0
79249,0
79380,0
79381,0
79382,0
79383,0
79384,0
79385,0
79386,0
79387,0
79388,0
79389,0
79390,0
79391,0
79392,0
79393,0
79394,0
79395,0
79396,0
79397,0
79398,0
79399,0
79400,0
79401,0
79402,0
79403,0
79404,0
79405,0
79406,0
79407,0
79408,0
79409,0
79550,0
79551,0
79552,0
79553,0
79554,0
79555,0
79556,0
79557,0
79558,0
79559,0
79560,0
79561,0
79562,0
79563,0
79564,0
79565,0
79566,0
79567,0
79568,0
79569,0
79570,0
79571,0
79572,0
79573,0
79574,0
79575,0
79576,0
79577,0
79578,0
79579,0
79580,0
79581,0
79582,0
79583,0
79584,0
79585,0
79586,0
79587,0
79588,0
79589,0
79590,0
79591,0
79592,0
79593,0
79594,0
79595,0
79596,0
79597,0
79598,0
79599,0
79690,0
79691,0
79692,0
79693,0
79694,0
79695,0
79696,0
79697,0
79698,0
79699,0
79700,0
79701,0
79702,0
79703,0
79704,0
79705,0
79706,0
79707,0
79708,0
79709,0
79710,0
79711,0
79712,0
79713,0
79714,0
79715,0
79716,0
79717,0
79718,0
79719,0
79740,0
79741,0
79742,0
79743,0
79744,0
79745,0
79746,0
79747,0
79748,0
79749,0
79750,0
79751,0
79752,0
79753,0
79754,0
79755,0
79756,0
79757,0
79758,0
79759,0
79760,0
79761,0
79762,0
79763,0
79764,0
79765,0
79766,0
79767,0
79768,0
79769,0
80050,0
80051,0
80052,0
80053,0
80054,0
80055,0
80056,0
80057,0
80058,0
80059,0
80060,0
80061,0
80062,0
80063,0
80064,0
80065,0
80066,0
80067,0
80068,0
80069,0
80070,0
80071,0
80072,0
80073,0
80074,0
80075,0
80076,0
80077,0
80078,0
80079,0
80080,0
80081,0
80082,0
80083,0
80084,0
80085,0
80086,0
80087,0
80088,0
80089,0
80090,0
80091,0
80092,0
80093,0
80094,0
80095,0
80096,0
80097,0
80098,0
80099,0
80170,0
80171,0
80172,0
80173,0
80174,0
80175,0
80176,0
80177,0
80178,0
80179,0
80180,0
80181,0
80182,0
80183,0
80184,0
80185,0
80186,0
80187,0
80188,0
80189,0
80260,0
80261,0
80262,0
80263,0
80264,0
80265,0
80266,0
80267,0
80268,0
80269,0
80270,0
80271,0
80272,0
80273,0
80274,0
80275,0
80276,0
80277,0
80278,0
80279,0
80280,0
80281,0
80282,0
80283,0
80284,0
80285,0
80286,0
80287,0
80288,0
80289,0
80410,0
80411,0
80412,0
80413,0
80414,0
80415,0
80416,0
80417,0
80418,0
80419,0
80420,0
80421,0
80422,0
80423,0
80424,0
80425,0
80426,0
80427,0
80428,0
80429,0
80430,0
80431,0
80432,0
80433,0
80434,0
80435,0
80436,0
80437,0
80438,0
80439,0
80440,0
80441,0
80442,0
80443,0
80444,0
80445,0
80446,0
80447,0
80448,0
80449,0
80450,0
80451,0
80452,0
80453,0
80454,0
80455,0
80456,0
80457,0
80458,0
80459,0
80610,0
80611,0
80612,0
80613,0
80614,0
80615,0
80616,0
80617,0
80618,0
80619,0
80620,0
80621,0
80622,0
80623,0
80624,0
80625,0
80626,0
80627,0
80628,0
80629,0
80630,0
80631,0
80632,0
80633,0
80634,0
80635,0
80636,0
80637,0
80638,0
80639,0
80730,0
80731,0
80732,0
80733,0
80734,0
80735,0
80736,0
80737,0
80738,0
80739,0
80740,0
80741,0
80742,0
80743,0
80744,0
80745,0
80746,0
80747,0
80748,0
80749,0
80750,0
80751,0
80752,0
80753,0
80754,0
80755,0
80756,0
80757,0
80758,0
80759,0
80760,0
80761,0
80762,0
80763,0
80764,0
80765,0
80766,0
80767,0
80768,0
80769,0
80790,0
80791,0
80792,0
80793,0
80794,0
80795,0
80796,0
80797,0
80798,0
80799,0
80840,0
80841,0
80842,0
80843,0
80844,0
80845,0
80846,0
80847,0
80848,0
80849,0
81050,0
81051,0
81052,0
81053,0
81054,0
81055,0
81056,0
81057,0
81058,0
81059,0
81060,0
81061,0
81062,0
81063,0
81064,0
81065,0
81066,0
81067,0
81068,0
81069,0
81070,0
81071,0
81072,0
81073,0
81074,0
81075,0
81076,0
81077,0
81078,0
81079,0
81140,0
81141,0
81142,0
81143,0
81144,0
81145,0
81146,0
81147,0
81148,0
81149,0
81150,0
81151,0
81152,0
81153,0
81154,0
81155,0
81156,0
81157,0
81158,0
81159,0
81160,0
81161,0
81162,0
81163,0
81164,0
81165,0
81166,0
81167,0
81168,0
81169,0
81170,0
81171,0
81172,0
81173,0
81174,0
81175,0
81176,0
81177,0
81178,0
81179,0
81180,0
81181,0
81182,0
81183,0
81184,0
81185,0
81186,0
81187,0
81188,0
81189,0
81190,0
81191,0
81192,0
81193,0
81194,0
81195,0
81196,0
81197,0
81198,0
81199,0
81200,0
81201,0
81202,0
81203,0
81204,0
81205,0
81206,0
81207,0
81208,0
81209,0
81320,0
81321,0
81322,0
81323,0
81324,0
81325,0
81326,0
81327,0
81328,0
81329,0
81330,0
81331,0
81332,0
81333,0
81334,0
81335,0
81336,0
81337,0
81338,0
81339,0
81420,0
81421,0
81422,0
81423,0
81424,0
81425,0
81426,0
81427,0
81428,0
81429,0
81430,0
81431,0
81432,0
81433,0
81434,0
81435,0
81436,0
81437,0
81438,0
81439,0
81480,0
81481,0
81482,0
81483,0
81484,0
81485,0
81486,0
81487,0
81488,0
81489,0
81770,0
81771,0
81772,0
81773,0
81774,0
81775,0
81776,0
81777,0
81778,0
81779,0
81780,0
81781,0
81782,0
81783,0
81784,0
81785,0
81786,0
81787,0
81788,0
81789,0
81840,0
81841,0
81842,0
81843,0
81844,0
81845,0
81846,0
81847,0
81848,0
81849,0
81850,0
81851,0
81852,0
81853,0
81854,0
81855,0
81856,0
81857,0
81858,0
81859,0
81880,0
81881,0
81882,0
81883,0
81884,0
81885,0
81886,0
81887,0
81888,0
81889,0
81890,0
81891,0
81892,0
81893,0
81894,0
81895,0
81896,0
81897,0
81898,0
81899,0
81900,0
81901,0
81902,0
81903,0
81904,0
81905,0
81906,0
81907,0
81908,0
81909,0
82040,0
82041,0
82042,0
82043,0
82044,0
82045,0
82046,0
82047,0
82048,0
82049,0
82050,0
82051,0
82052,0
82053,0
82054,0
82055,0
82056,0
82057,0
82058,0
82059,0
82060,0
82061,0
82062,0
82063,0
82064,0
82065,0
82066,0
82067,0
82068,0
82069,0
82070,0
82071,0
82072,0
82073,0
82074,0
82075,0
82076,0
82077,0
82078,0
82079,0
82080,0
82081,0
82082,0
82083,0
82084,0
82085,0
82086,0
82087,0
82088,0
82089,0
82090,0
82091,0
82092,0
82093,0
82094,0
82095,0
82096,0
82097,0
82098,0
82099,0
82100,0
82101,0
82102,0
82103,0
82104,0
82105,0
82106,0
82107,0
82108,0
82109,0
82110,0
82111,0
82112,0
82113,0
82114,0
82115,0
82116,0
82117,0
82118,0
82119,0
82120,0
82121,0
82122,0
82123,0
82124,0
82125,0
82126,0
82127,0
82128,0
82129,0
82170,0
82171,0
82172,0
82173,0
82174,0
82175,0
82176,0
82177,0
82178,0
82179,0
82180,0
82181,0
82182,0
82183,0
82184,0
82185,0
82186,0
82187,0
82188,0
82189,0
82190,0
82191,0
82192,0
82193,0
82194,0
82195,0
82196,0
82197,0
82198,0
82199,0
82300,0
82301,0
82302,0
82303,0
82304,0
82305,0
82306,0
82307,0
82308,0
82309,0
82310,0
82311,0
82312,0
82313,0
82314,0
82315,0
82316,0
82317,0
82318,0
82319,0
82390,0
82391,0
82392,0
82393,0
82394,0
82395,0
82396,0
82397,0
82398,0
82399,0
82400,0
82401,0
82402,0
82403,0
82404,0
82405,0
82406,0
82407,0
82408,0
82409,0
82510,0
82511,0
82512,0
82513,0
82514,0
82515,0
82516,0
82517,0
82518,0
82519,0
82520,0
82521,0
82522,0
82523,0
82524,0
82525,0
82526,0
82527,0
82528,0
82529,0
82680,0
82681,0
82682,0
82683,0
82684,0
82685,0
82686,0
82687,0
82688,0
82689,0
83020,0
83021,0
83022,0
83023,0
83024,0
83025,0
83026,0
83027,0
83028,0
83029,0
83040,0
83041,0
83042,0
83043,0
83044,0
83045,0
83046,0
83047,0
83048,0
83049,0
83060,0
83061,0
83062,0
83063,0
83064,0
83065,0
83066,0
83067,0
83068,0
83069,0
83070,0
83071,0
83072,0
83073,0
83074,0
83075,0
83076,0
83077,0
83078,0
83079,0
83140,0
83141,0
83142,0
83143,0
83144,0
83145,0
83146,0
83147,0
83148,0
83149,0
83150,0
83151,0
83152,0
83153,0
83154,0
83155,0
83156,0
83157,0
83158,0
83159,0
83160,0
83161,0
83162,0
83163,0
83164,0
83165,0
83166,0
83167,0
83168,0
83169,0
83170,0
83171,0
83172,0
83173,0
83174,0
83175,0
83176,0
83177,0
83178,0
83179,0
83180,0
83181,0
83182,0
83183,0
83184,0
83185,0
83186,0
83187,0
83188,0
83189,0
83240,0
83241,0
83242,0
83243,0
83244,0
83245,0
83246,0
83247,0
83248,0
83249,0
83250,0
83251,0
83252,0
83253,0
83254,0
83255,0
83256,0
83257,0
83258,0
83259,0
83260,0
83261,0
83262,0
83263,0
83264,0
83265,0
83266,0
83267,0
83268,0
83269,0
83350,0
83351,0
83352,0
83353,0
83354,0
83355,0
83356,0
83357,0
83358,0
83359,0
83360,0
83361,0
83362,0
83363,0
83364,0
83365,0
83366,0
83367,0
83368,0
83369,0
83370,0
83371,0
83372,0
83373,0
83374,0
83375,0
83376,0
83377,0
83378,0
83379,0
83380,0
83381,0
83382,0
83383,0
83384,0
83385,0
83386,0
83387,0
83388,0
83389,0
83390,0
83391,0
83392,0
83393,0
83394,0
83395,0
83396,0
83397,0
83398,0
83399,0
83400,0
83401,0
83402,0
83403,0
83404,0
83405,0
83406,0
83407,0
83408,0
83409,0
83410,0
83411,0
83412,0
83413,0
83414,0
83415,0
83416,0
83417,0
83418,0
83419,0
83420,0
83421,0
83422,0
83423,0
83424,0
83425,0
83426,0
83427,0
83428,0
83429,0
83430,0
83431,0
83432,0
83433,0
83434,0
83435,0
83436,0
83437,0
83438,0
83439,0
83440,0
83441,0
83442,0
83443,0
83444,0
83445,0
83446,0
83447,0
83448,0
83449,0
83450,0
83451,0
83452,0
83453,0
83454,0
83455,0
83456,0
83457,0
83458,0
83459,0
83780,0
83781,0
83782,0
83783,0
83784,0
83785,0
83786,0
83787,0
83788,0
83789,0
83790,0
83791,0
83792,0
83793,0
83794,0
83795,0
83796,0
83797,0
83798,0
83799,0
83820,0
83821,0
83822,0
83823,0
83824,0
83825,0
83826,0
83827,0
83828,0
83829,0
84080,0
84081,0
84082,0
84083,0
84084,0
84085,0
84086,0
84087,0
84088,0
84089,0
84220,0
84221,0
84222,0
84223,0
84224,0
84225,0
84226,0
84227,0
84228,0
84229,0
84230,0
84231,0
84232,0
84233,0
84234,0
84235,0
84236,0
84237,0
84238,0
84239,0
84270,0
84271,0
84272,0
84273,0
84274,0
84275,0
84276,0
84277,0
84278,0
84279,0
84280,0
84281,0
84282,0
84283,0
84284,0
84285,0
84286,0
84287,0
84288,0
84289,0
84390,0
84391,0
84392,0
84393,0
84394,0
84395,0
84396,0
84397,0
84398,0
84399,0
84400,0
84401,0
84402,0
84403,0
84404,0
84405,0
84406,0
84407,0
84408,0
84409,0
84410,0
84411,0
84412,0
84413,0
84414,0
84415,0
84416,0
84417,0
84418,0
84419,0
84530,0
84531,0
84532,0
84533,0
84534,0
84535,0
84536,0
84537,0
84538,0
84539,0
84540,0
84541,0
84542,0
84543,0
84544,0
84545,0
84546,0
84547,0
84548,0
84549,0
84620,0
84621,0
84622,0
84623,0
84624,0
84625,0
84626,0
84627,0
84628,0
84629,0
84630,0
84631,0
84632,0
84633,0
84634,0
84635,0
84636,0
84637,0
84638,0
84639,0
84640,0
84641,0
84642,0
84643,0
84644,0
84645,0
84646,0
84647,0
84648,0
84649,0
84800,0
84801,0
84802,0
84803,0
84804,0
84805,0
84806,0
84807,0
84808,0
84809,0
84810,0
84811,0
84812,0
84813,0
84814,0
84815,0
84816,0
84817,0
84818,0
84819,0
84860,0
84861,0
84862,0
84863,0
84864,0
84865,0
84866,0
84867,0
84868,0
84869,0
84870,0
84871,0
84872,0
84873,0
84874,0
84875,0
84876,0
84877,0
84878,0
84879,0
84970,0
84971,0
84972,0
84973,0
84974,0
84975,0
84976,0
84977,0
84978,0
84979,0
84980,0
84981,0
84982,0
84983,0
84984,0
84985,0
84986,0
84987,0
84988,0
84989,0
85460,0
85461,0
85462,0
85463,0
85464,0
85465,0
85466,0
85467,0
85468,0
85469,0
85470,0
85471,0
85472,0
85473,0
85474,0
85475,0
85476,0
85477,0
85478,0
85479,0
85500,0
85501,0
85502,0
85503,0
85504,0
85505,0
85506,0
85507,0
85508,0
85509,0
85510,0
85511,0
85512,0
85513,0
85514,0
85515,0
85516,0
85517,0
85518,0
85519,0
85690,0
85691,0
85692,0
85693,0
85694,0
85695,0
85696,0
85697,0
85698,0
85699,0
85700,0
85701,0
85702,0
85703,0
85704,0
85705,0
85706,0
85707,0
85708,0
85709,0
85710,0
85711,0
85712,0
85713,0
85714,0
85715,0
85716,0
85717,0
85718,0
85719,0
85740,0
85741,0
85742,0
85743,0
85744,0
85745,0
85746,0
85747,0
85748,0
85749,0
85750,0
85751,0
85752,0
85753,0
85754,0
85755,0
85756,0
85757,0
85758,0
85759,0
85760,0
85761,0
85762,0
85763,0
85764,0
85765,0
85766,0
85767,0
85768,0
85769,0
85770,0
85771,0
85772,0
85773,0
85774,0
85775,0
85776,0
85777,0
85778,0
85779,0
85780,0
85781,0
85782,0
85783,0
85784,0
85785,0
85786,0
85787,0
85788,0
85789,0
85790,0
85791,0
85792,0
85793,0
85794,0
85795,0
85796,0
85797,0
85798,0
85799,0
85800,0
85801,0
85802,0
85803,0
85804,0
85805,0
85806,0
85807,0
85808,0
85809,0
85810,0
85811,0
85812,0
85813,0
85814,0
85815,0
85816,0
85817,0
85818,0
85819,0
85820,0
85821,0
85822,0
85823,0
85824,0
85825,0
85826,0
85827,0
85828,0
85829,0
85830,0
85831,0
85832,0
85833,0
85834,0
85835,0
85836,0
85837,0
85838,0
85839,0
85840,0
85841,0
85842,0
85843,0
85844,0
85845,0
85846,0
85847,0
85848,0
85849,0
85850,0
85851,0
85852,0
85853,0
85854,0
85855,0
85856,0
85857,0
85858,0
85859,0
85880,0
85881,0
85882,0
85883,0
85884,0
85885,0
85886,0
85887,0
85888,0
85889,0
85890,0
85891,0
85892,0
85893,0
85894,0
85895,0
85896,0
85897,0
85898,0
85899,0
85900,0
85901,0
85902,0
85903,0
85904,0
85905,0
85906,0
85907,0
85908,0
85909,0
86060,0
86061,0
86062,0
86063,0
86064,0
86065,0
86066,0
86067,0
86068,0
86069,0
86070,0
86071,0
86072,0
86073,0
86074,0
86075,0
86076,0
86077,0
86078,0
86079,0
86380,0
86381,0
86382,0
86383,0
86384,0
86385,0
86386,0
86387,0
86388,0
86389,0
86390,0
86391,0
86392,0
86393,0
86394,0
86395,0
86396,0
86397,0
86398,0
86399,0
86500,0
86501,0
86502,0
86503,0
86504,0
86505,0
86506,0
86507,0
86508,0
86509,0
86510,0
86511,0
86512,0
86513,0
86514,0
86515,0
86516,0
86517,0
86518,0
86519,0
86520,0
86521,0
86522,0
86523,0
86524,0
86525,0
86526,0
86527,0
86528,0
86529,0
86560,0
86561,0
86562,0
86563,0
86564,0
86565,0
86566,0
86567,0
86568,0
86569,0
86570,0
86571,0
86572,0
86573,0
86574,0
86575,0
86576,0
86577,0
86578,0
86579,0
86580,0
86581,0
86582,0
86583,0
86584,0
86585,0
86586,0
86587,0
86588,0
86589,0
86660,0
86661,0
86662,0
86663,0
86664,0
86665,0
86666,0
86667,0
86668,0
86669,0
86740,0
86741,0
86742,0
86743,0
86744,0
86745,0
86746,0
86747,0
86748,0
86749,0
86750,0
86751,0
86752,0
86753,0
86754,0
86755,0
86756,0
86757,0
86758,0
86759,0
86760,0
86761,0
86762,0
86763,0
86764,0
86765,0
86766,0
86767,0
86768,0
86769,0
86770,0
86771,0
86772,0
86773,0
86774,0
86775,0
86776,0
86777,0
86778,0
86779,0
87120,0
87121,0
87122,0
87123,0
87124,0
87125,0
87126,0
87127,0
87128,0
87129,0
87130,0
87131,0
87132,0
87133,0
87134,0
87135,0
87136,0
87137,0
87138,0
87139,0
87220,0
87221,0
87222,0
87223,0
87224,0
87225,0
87226,0
87227,0
87228,0
87229,0
87230,0
87231,0
87232,0
87233,0
87234,0
87235,0
87236,0
87237,0
87238,0
87239,0
87380,0
87381,0
87382,0
87383,0
87384,0
87385,0
87386,0
87387,0
87388,0
87389,0
87390,0
87391,0
87392,0
87393,0
87394,0
87395,0
87396,0
87397,0
87398,0
87399,0
87400,0
87401,0
87402,0
87403,0
87404,0
87405,0
87406,0
87407,0
87408,0
87409,0
87410,0
87411,0
87412,0
87413,0
87414,0
87415,0
87416,0
87417,0
87418,0
87419,0
87420,0
87421,0
87422,0
87423,0
87424,0
87425,0
87426,0
87427,0
87428,0
87429,0
87480,0
87481,0
87482,0
87483,0
87484,0
87485,0
87486,0
87487,0
87488,0
87489,0
87490,0
87491,0
87492,0
87493,0
87494,0
87495,0
87496,0
87497,0
87498,0
87499,0
87720,0
87721,0
87722,0
87723,0
87724,0
87725,0
87726,0
87727,0
87728,0
87729,0
87730,0
87731,0
87732,0
87733,0
87734,0
87735,0
87736,0
87737,0
87738,0
87739,0
87740,0
87741,0
87742,0
87743,0
87744,0
87745,0
87746,0
87747,0
87748,0
87749,0
88140,0
88141,0
88142,0
88143,0
88144,0
88145,0
88146,0
88147,0
88148,0
88149,0
88150,0
88151,0
88152,0
88153,0
88154,0
88155,0
88156,0
88157,0
88158,0
88159,0
88160,0
88161,0
88162,0
88163,0
88164,0
88165,0
88166,0
88167,0
88168,0
88169,0
88200,0
88201,0
88202,0
88203,0
88204,0
88205,0
88206,0
88207,0
88208,0
88209,0
88210,0
88211,0
88212,0
88213,0
88214,0
88215,0
88216,0
88217,0
88218,0
88219,0
88220,0
88221,0
88222,0
88223,0
88224,0
88225,0
88226,0
88227,0
88228,0
88229,0
88280,0
88281,0
88282,0
88283,0
88284,0
88285,0
88286,0
88287,0
88288,0
88289,0
88290,0
88291,0
88292,0
88293,0
88294,0
88295,0
88296,0
88297,0
88298,0
88299,0
88300,0
88301,0
88302,0
88303,0
88304,0
88305,0
88306,0
88307,0
88308,0
88309,0
88310,0
88311,0
88312,0
88313,0
88314,0
88315,0
88316,0
88317,0
88318,0
88319,0
88520,0
88521,0
88522,0
88523,0
88524,0
88525,0
88526,0
88527,0
88528,0
88529,0
88530,0
88531,0
88532,0
88533,0
88534,0
88535,0
88536,0
88537,0
88538,0
88539,0
88540,0
88541,0
88542,0
88543,0
88544,0
88545,0
88546,0
88547,0
88548,0
88549,0
88960,0
88961,0
88962,0
88963,0
88964,0
88965,0
88966,0
88967,0
88968,0
88969,0
88970,0
88971,0
88972,0
88973,0
88974,0
88975,0
88976,0
88977,0
88978,0
88979,0
89100,0
89101,0
89102,0
89103,0
89104,0
89105,0
89106,0
89107,0
89108,0
89109,0
89110,0
89111,0
89112,0
89113,0
89114,0
89115,0
89116,0
89117,0
89118,0
89119,0
89170,0
89171,0
89172,0
89173,0
89174,0
89175,0
89176,0
89177,0
89178,0
89179,0
89180,0
89181,0
89182,0
89183,0
89184,0
89185,0
89186,0
89187,0
89188,0
89189,0
89300,0
89301,0
89302,0
89303,0
89304,0
89305,0
89306,0
89307,0
89308,0
89309,0
89760,0
89761,0
89762,0
89763,0
89764,0
89765,0
89766,0
89767,0
89768,0
89769,0
89770,0
89771,0
89772,0
89773,0
89774,0
89775,0
89776,0
89777,0
89778,0
89779,0
89780,0
89781,0
89782,0
89783,0
89784,0
89785,0
89786,0
89787,0
89788,0
89789,0
89850,0
89851,0
89852,0
89853,0
89854,0
89855,0
89856,0
89857,0
89858,0
89859,0
89860,0
89861,0
89862,0
89863,0
89864,0
89865,0
89866,0
89867,0
89868,0
89869,0
89870,0
89871,0
89872,0
89873,0
89874,0
89875,0
89876,0
89877,0
89878,0
89879,0
89880,0
89881,0
89882,0
89883,0
89884,0
89885,0
89886,0
89887,0
89888,0
89889,0
90150,0
90151,0
90152,0
90153,0
90154,0
90155,0
90156,0
90157,0
90158,0
90159,0
90160,0
90161,0
90162,0
90163,0
90164,0
90165,0
90166,0
90167,0
90168,0
90169,0
90200,0
90201,0
90202,0
90203,0
90204,0
90205,0
90206,0
90207,0
90208,0
90209,0
90210,0
90211,0
90212,0
90213,0
90214,0
90215,0
90216,0
90217,0
90218,0
90219,0
90350,0
90351,0
90352,0
90353,0
90354,0
90355,0
90356,0
90357,0
90358,0
90359,0
90360,0
90361,0
90362,0
90363,0
90364,0
90365,0
90366,0
90367,0
90368,0
90369,0
90480,0
90481,0
90482,0
90483,0
90484,0
90485,0
90486,0
90487,0
90488,0
90489,0
90490,0
90491,0
90492,0
90493,0
90494,0
90495,0
90496,0
90497,0
90498,0
90499,0
90530,0
90531,0
90532,0
90533,0
90534,0
90535,0
90536,0
90537,0
90538,0
90539,0
90540,0
90541,0
90542,0
90543,0
90544,0
90545,0
90546,0
90547,0
90548,0
90549,0
90550,0
90551,0
90552,0
90553,0
90554,0
90555,0
90556,0
90557,0
90558,0
90559,0
90560,0
90561,0
90562,0
90563,0
90564,0
90565,0
90566,0
90567,0
90568,0
90569,0
90780,0
90781,0
90782,0
90783,0
90784,0
90785,0
90786,0
90787,0
90788,0
90789,0
90790,0
90791,0
90792,0
90793,0
90794,0
90795,0
90796,0
90797,0
90798,0
90799,0
90840,0
90841,0
90842,0
90843,0
90844,0
90845,0
90846,0
90847,0
90848,0
90849,0
90850,0
90851,0
90852,0
90853,0
90854,0
90855,0
90856,0
90857,0
90858,0
90859,0
90860,0
90861,0
90862,0
90863,0
90864,0
90865,0
90866,0
90867,0
90868,0
90869,0
90940,0
90941,0
90942,0
90943,0
90944,0
90945,0
90946,0
90947,0
90948,0
90949,0
90950,0
90951,0
90952,0
90953,0
90954,0
90955,0
90956,0
90957,0
90958,0
90959,0
91070,0
91071,0
91072,0
91073,0
91074,0
91075,0
91076,0
91077,0
91078,0
91079,0
91080,0
91081,0
91082,0
91083,0
91084,0
91085,0
91086,0
91087,0
91088,0
91089,0
91090,0
91091,0
91092,0
91093,0
91094,0
91095,0
91096,0
91097,0
91098,0
91099,0
91270,0
91271,0
91272,0
91273,0
91274,0
91275,0
91276,0
91277,0
91278,0
91279,0
91280,0
91281,0
91282,0
91283,0
91284,0
91285,0
91286,0
91287,0
91288,0
91289,0
91290,0
91291,0
91292,0
91293,0
91294,0
91295,0
91296,0
91297,0
91298,0
91299,0
91300,0
91301,0
91302,0
91303,0
91304,0
91305,0
91306,0
91307,0
91308,0
91309,0
91310,0
91311,0
91312,0
91313,0
91314,0
91315,0
91316,0
91317,0
91318,0
91319,0
91320,0
91321,0
91322,0
91323,0
91324,0
91325,0
91326,0
91327,0
91328,0
91329,0
91360,0
91361,0
91362,0
91363,0
91364,0
91365,0
91366,0
91367,0
91368,0
91369,0
91370,0
91371,0
91372,0
91373,0
91374,0
91375,0
91376,0
91377,0
91378,0
91379,0
91380,0
91381,0
91382,0
91383,0
91384,0
91385,0
91386,0
91387,0
91388,0
91389,0
91450,0
91451,0
91452,0
91453,0
91454,0
91455,0
91456,0
91457,0
91458,0
91459,0
91460,0
91461,0
91462,0
91463,0
91464,0
91465,0
91466,0
91467,0
91468,0
91469,0
91960,0
91961,0
91962,0
91963,0
91964,0
91965,0
91966,0
91967,0
91968,0
91969,0
91970,0
91971,0
91972,0
91973,0
91974,0
91975,0
91976,0
91977,0
91978,0
91979,0
91980,0
91981,0
91982,0
91983,0
91984,0
91985,0
91986,0
91987,0
91988,0
91989,0
92090,0
92091,0
92092,0
92093,0
92094,0
92095,0
92096,0
92097,0
92098,0
92099,0
92120,0
92121,0
92122,0
92123,0
92124,0
92125,0
92126,0
92127,0
92128,0
92129,0
92130,0
92131,0
92132,0
92133,0
92134,0
92135,0
92136,0
92137,0
92138,0
92139,0
92420,0
92421,0
92422,0
92423,0
92424,0
92425,0
92426,0
92427,0
92428,0
92429,0
92430,0
92431,0
92432,0
92433,0
92434,0
92435,0
92436,0
92437,0
92438,0
92439,0
92450,0
92451,0
92452,0
92453,0
92454,0
92455,0
92456,0
92457,0
92458,0
92459,0
92460,0
92461,0
92462,0
92463,0
92464,0
92465,0
92466,0
92467,0
92468,0
92469,0
92530,0
92531,0
92532,0
92533,0
92534,0
92535,0
92536,0
92537,0
92538,0
92539,0
92540,0
92541,0
92542,0
92543,0
92544,0
92545,0
92546,0
92547,0
92548,0
92549,0
92820,0
92821,0
92822,0
92823,0
92824,0
92825,0
92826,0
92827,0
92828,0
92829,0
93190,0
93191,0
93192,0
93193,0
93194,0
93195,0
93196,0
93197,0
93198,0
93199,0
93200,0
93201,0
93202,0
93203,0
93204,0
93205,0
93206,0
93207,0
93208,0
93209,0
93210,0
93211,0
93212,0
93213,0
93214,0
93215,0
93216,0
93217,0
93218,0
93219,0
93250,0
93251,0
93252,0
93253,0
93254,0
93255,0
93256,0
93257,0
93258,0
93259,0
93260,0
93261,0
93262,0
93263,0
93264,0
93265,0
93266,0
93267,0
93268,0
93269,0
93370,0
93371,0
93372,0
93373,0
93374,0
93375,0
93376,0
93377,0
93378,0
93379,0
93380,0
93381,0
93382,0
93383,0
93384,0
93385,0
93386,0
93387,0
93388,0
93389,0
93430,0
93431,0
93432,0
93433,0
93434,0
93435,0
93436,0
93437,0
93438,0
93439,0
93440,0
93441,0
93442,0
93443,0
93444,0
93445,0
93446,0
93447,0
93448,0
93449,0
93450,0
93451,0
93452,0
93453,0
93454,0
93455,0
93456,0
93457,0
93458,0
93459,0
93740,0
93741,0
93742,0
93743,0
93744,0
93745,0
93746,0
93747,0
93748,0
93749,0
93750,0
93751,0
93752,0
93753,0
93754,0
93755,0
93756,0
93757,0
93758,0
93759,0
93900,0
93901,0
93902,0
93903,0
93904,0
93905,0
93906,0
93907,0
93908,0
93909,0
93910,0
93911,0
93912,0
93913,0
93914,0
93915,0
93916,0
93917,0
93918,0
93919,0
93920,0
93921,0
93922,0
93923,0
93924,0
93925,0
93926,0
93927,0
93928,0
93929,0
94060,0
94061,0
94062,0
94063,0
94064,0
94065,0
94066,0
94067,0
94068,0
94069,0
94070,0
94071,0
94072,0
94073,0
94074,0
94075,0
94076,0
94077,0
94078,0
94079,0
94100,0
94101,0
94102,0
94103,0
94104,0
94105,0
94106,0
94107,0
94108,0
94109,0
94110,0
94111,0
94112,0
94113,0
94114,0
94115,0
94116,0
94117,0
94118,0
94119,0
94160,0
94161,0
94162,0
94163,0
94164,0
94165,0
94166,0
94167,0
94168,0
94169,0
94170,0
94171,0
94172,0
94173,0
94174,0
94175,0
94176,0
94177,0
94178,0
94179,0
94340,0
94341,0
94342,0
94343,0
94344,0
94345,0
94346,0
94347,0
94348,0
94349,0
94350,0
94351,0
94352,0
94353,0
94354,0
94355,0
94356,0
94357,0
94358,0
94359,0
94370,0
94371,0
94372,0
94373,0
94374,0
94375,0
94376,0
94377,0
94378,0
94379,0
94380,0
94381,0
94382,0
94383,0
94384,0
94385,0
94386,0
94387,0
94388,0
94389,0
94390,0
94391,0
94392,0
94393,0
94394,0
94395,0
94396,0
94397,0
94398,0
94399,0
94400,0
94401,0
94402,0
94403,0
94404,0
94405,0
94406,0
94407,0
94408,0
94409,0
94410,0
94411,0
94412,0
94413,0
94414,0
94415,0
94416,0
94417,0
94418,0
94419,0
94610,0
94611,0
94612,0
94613,0
94614,0
94615,0
94616,0
94617,0
94618,0
94619,0
94620,0
94621,0
94622,0
94623,0
94624,0
94625,0
94626,0
94627,0
94628,0
94629,0
94630,0
94631,0
94632,0
94633,0
94634,0
94635,0
94636,0
94637,0
94638,0
94639,0
94720,0
94721,0
94722,0
94723,0
94724,0
94725,0
94726,0
94727,0
94728,0
94729,0
94730,0
94731,0
94732,0
94733,0
94734,0
94735,0
94736,0
94737,0
94738,0
94739,0
94740,0
94741,0
94742,0
94743,0
94744,0
94745,0
94746,0
94747,0
94748,0
94749,0
94770,0
94771,0
94772,0
94773,0
94774,0
94775,0
94776,0
94777,0
94778,0
94779,0
94780,0
94781,0
94782,0
94783,0
94784,0
94785,0
94786,0
94787,0
94788,0
94789,0
95030,0
95031,0
95032,0
95033,0
95034,0
95035,0
95036,0
95037,0
95038,0
95039,0
95040,0
95041,0
95042,0
95043,0
95044,0
95045,0
95046,0
95047,0
95048,0
95049,0
95490,0
95491,0
95492,0
95493,0
95494,0
95495,0
95496,0
95497,0
95498,0
95499,0
95500,0
95501,0
95502,0
95503,0
95504,0
95505,0
95506,0
95507,0
95508,0
95509,0
95540,0
95541,0
95542,0
95543,0
95544,0
95545,0
95546,0
95547,0
95548,0
95549,0
95550,0
95551,0
95552,0
95553,0
95554,0
95555,0
95556,0
95557,0
95558,0
95559,0
95560,0
95561,0
95562,0
95563,0
95564,0
95565,0
95566,0
95567,0
95568,0
95569,0
95670,0
95671,0
95672,0
95673,0
95674,0
95675,0
95676,0
95677,0
95678,0
95679,0
95680,0
95681,0
95682,0
95683,0
95684,0
95685,0
95686,0
95687,0
95688,0
95689,0
95780,0
95781,0
95782,0
95783,0
95784,0
95785,0
95786,0
95787,0
95788,0
95789,0
95790,0
95791,0
95792,0
95793,0
95794,0
95795,0
95796,0
95797,0
95798,0
95799,0
95820,0
95821,0
95822,0
95823,0
95824,0
95825,0
95826,0
95827,0
95828,0
95829,0
95830,0
95831,0
95832,0
95833,0
95834,0
95835,0
95836,0
95837,0
95838,0
95839,0
95890,0
95891,0
95892,0
95893,0
95894,0
95895,0
95896,0
95897,0
95898,0
95899,0
95900,0
95901,0
95902,0
95903,0
95904,0
95905,0
95906,0
95907,0
95908,0
95909,0
95990,0
95991,0
95992,0
95993,0
95994,0
95995,0
95996,0
95997,0
95998,0
95999,0
96000,0
96001,0
96002,0
96003,0
96004,0
96005,0
96006,0
96007,0
96008,0
96009,0
96010,0
96011,0
96012,0
96013,0
96014,0
96015,0
96016,0
96017,0
96018,0
96019,0
96170,0
96171,0
96172,0
96173,0
96174,0
96175,0
96176,0
96177,0
96178,0
96179,0
96180,0
96181,0
96182,0
96183,0
96184,0
96185,0
96186,0
96187,0
96188,0
96189,0
96270,0
96271,0
96272,0
96273,0
96274,0
96275,0
96276,0
96277,0
96278,0
96279,0
96300,0
96301,0
96302,0
96303,0
96304,0
96305,0
96306,0
96307,0
96308,0
96309,0
96340,0
96341,0
96342,0
96343,0
96344,0
96345,0
96346,0
96347,0
96348,0
96349,0
96350,0
96351,0
96352,0
96353,0
96354,0
96355,0
96356,0
96357,0
96358,0
96359,0
96390,0
96391,0
96392,0
96393,0
96394,0
96395,0
96396,0
96397,0
96398,0
96399,0
96400,0
96401,0
96402,0
96403,0
96404,0
96405,0
96406,0
96407,0
96408,0
96409,0
96480,0
96481,0
96482,0
96483,0
96484,0
96485,0
96486,0
96487,0
96488,0
96489,0
96490,0
96491,0
96492,0
96493,0
96494,0
96495,0
96496,0
96497,0
96498,0
96499,0
96500,0
96501,0
96502,0
96503,0
96504,0
96505,0
96506,0
96507,0
96508,0
96509,0
96530,0
96531,0
96532,0
96533,0
96534,0
96535,0
96536,0
96537,0
96538,0
96539,0
96540,0
96541,0
96542,0
96543,0
96544,0
96545,0
96546,0
96547,0
96548,0
96549,0
96550,0
96551,0
96552,0
96553,0
96554,0
96555,0
96556,0
96557,0
96558,0
96559,0
96560,0
96561,0
96562,0
96563,0
96564,0
96565,0
96566,0
96567,0
96568,0
96569,0
96570,0
96571,0
96572,0
96573,0
96574,0
96575,0
96576,0
96577,0
96578,0
96579,0
96630,0
96631,0
96632,0
96633,0
96634,0
96635,0
96636,0
96637,0
96638,0
96639,0
96640,0
96641,0
96642,0
96643,0
96644,0
96645,0
96646,0
96647,0
96648,0
96649,0
96950,0
96951,0
96952,0
96953,0
96954,0
96955,0
96956,0
96957,0
96958,0
96959,0
96960,0
96961,0
96962,0
96963,0
96964,0
96965,0
96966,0
96967,0
96968,0
96969,0
96970,0
96971,0
96972,0
96973,0
96974,0
96975,0
96976,0
96977,0
96978,0
96979,0
97140,0
97141,0
97142,0
97143,0
97144,0
97145,0
97146,0
97147,0
97148,0
97149,0
97150,0
97151,0
97152,0
97153,0
97154,0
97155,0
97156,0
97157,0
97158,0
97159,0
97160,0
97161,0
97162,0
97163,0
97164,0
97165,0
97166,0
97167,0
97168,0
97169,0
97340,0
97341,0
97342,0
97343,0
97344,0
97345,0
97346,0
97347,0
97348,0
97349,0
97350,0
97351,0
97352,0
97353,0
97354,0
97355,0
97356,0
97357,0
97358,0
97359,0
97360,0
97361,0
97362,0
97363,0
97364,0
97365,0
97366,0
97367,0
97368,0
97369,0
97370,0
97371,0
97372,0
97373,0
97374,0
97375,0
97376,0
97377,0
97378,0
97379,0
97380,0
97381,0
97382,0
97383,0
97384,0
97385,0
97386,0
97387,0
97388,0
97389,0
97410,0
97411,0
97412,0
97413,0
97414,0
97415,0
97416,0
97417,0
97418,0
97419,0
97420,0
97421,0
97422,0
97423,0
97424,0
97425,0
97426,0
97427,0
97428,0
97429,0
97490,0
97491,0
97492,0
97493,0
97494,0
97495,0
97496,0
97497,0
97498,0
97499,0
97500,0
97501,0
97502,0
97503,0
97504,0
97505,0
97506,0
97507,0
97508,0
97509,0
97510,0
97511,0
97512,0
97513,0
97514,0
97515,0
97516,0
97517,0
97518,0
97519,0
97610,0
97611,0
97612,0
97613,0
97614,0
97615,0
97616,0
97617,0
97618,0
97619,0
97620,0
97621,0
97622,0
97623,0
97624,0
97625,0
97626,0
97627,0
97628,0
97629,0
97630,0
97631,0
97632,0
97633,0
97634,0
97635,0
97636,0
97637,0
97638,0
97639,0
97940,0
97941,0
97942,0
97943,0
97944,0
97945,0
97946,0
97947,0
97948,0
97949,0
97980,0
97981,0
97982,0
97983,0
97984,0
97985,0
97986,0
97987,0
97988,0
97989,0
98050,0
98051,0
98052,0
98053,0
98054,0
98055,0
98056,0
98057,0
98058,0
98059,0
98060,0
98061,0
98062,0
98063,0
98064,0
98065,0
98066,0
98067,0
98068,0
98069,0
98110,0
98111,0
98112,0
98113,0
98114,0
98115,0
98116,0
98117,0
98118,0
98119,0
98120,0
98121,0
98122,0
98123,0
98124,0
98125,0
98126,0
98127,0
98128,0
98129,0
98130,0
98131,0
98132,0
98133,0
98134,0
98135,0
98136,0
98137,0
98138,0
98139,0
98140,0
98141,0
98142,0
98143,0
98144,0
98145,0
98146,0
98147,0
98148,0
98149,0
98240,0
98241,0
98242,0
98243,0
98244,0
98245,0
98246,0
98247,0
98248,0
98249,0
98250,0
98251,0
98252,0
98253,0
98254,0
98255,0
98256,0
98257,0
98258,0
98259,0
98260,0
98261,0
98262,0
98263,0
98264,0
98265,0
98266,0
98267,0
98268,0
98269,0
98270,0
98271,0
98272,0
98273,0
98274,0
98275,0
98276,0
98277,0
98278,0
98279,0
98280,0
98281,0
98282,0
98283,0
98284,0
98285,0
98286,0
98287,0
98288,0
98289,0
98290,0
98291,0
98292,0
98293,0
98294,0
98295,0
98296,0
98297,0
98298,0
98299,0
98300,0
98301,0
98302,0
98303,0
98304,0
98305,0
98306,0
98307,0
98308,0
98309,0
98330,0
98331,0
98332,0
98333,0
98334,0
98335,0
98336,0
98337,0
98338,0
98339,0
98340,0
98341,0
98342,0
98343,0
98344,0
98345,0
98346,0
98347,0
98348,0
98349,0
98480,0
98481,0
98482,0
98483,0
98484,0
98485,0
98486,0
98487,0
98488,0
98489,0
98490,0
98491,0
98492,0
98493,0
98494,0
98495,0
98496,0
98497,0
98498,0
98499,0
98530,0
98531,0
98532,0
98533,0
98534,0
98535,0
98536,0
98537,0
98538,0
98539,0
98540,0
98541,0
98542,0
98543,0
98544,0
98545,0
98546,0
98547,0
98548,0
98549,0
98550,0
98551,0
98552,0
98553,0
98554,0
98555,0
98556,0
98557,0
98558,0
98559,0
98820,0
98821,0
98822,0
98823,0
98824,0
98825,0
98826,0
98827,0
98828,0
98829,0
98830,0
98831,0
98832,0
98833,0
98834,0
98835,0
98836,0
98837,0
98838,0
98839,0
98910,0
98911,0
98912,0
98913,0
98914,0
98915,0
98916,0
98917,0
98918,0
98919,0
98920,0
98921,0
98922,0
98923,0
98924,0
98925,0
98926,0
98927,0
98928,0
98929,0
99030,0
99031,0
99032,0
99033,0
99034,0
99035,0
99036,0
99037,0
99038,0
99039,0
99040,0
99041,0
99042,0
99043,0
99044,0
99045,0
99046,0
99047,0
99048,0
99049,0
99100,0
99101,0
99102,0
99103,0
99104,0
99105,0
99106,0
99107,0
99108,0
99109,0
99110,0
99111,0
99112,0
99113,0
99114,0
99115,0
99116,0
99117,0
99118,0
99119,0
99120,0
99121,0
99122,0
99123,0
99124,0
99125,0
99126,0
99127,0
99128,0
99129,0
99130,0
99131,0
99132,0
99133,0
99134,0
99135,0
99136,0
99137,0
99138,0
99139,0
99140,0
99141,0
99142,0
99143,0
99144,0
99145,0
99146,0
99147,0
99148,0
99149,0
99150,0
99151,0
99152,0
99153,0
99154,0
99155,0
99156,0
99157,0
99158,0
99159,0
99160,0
99161,0
99162,0
99163,0
99164,0
99165,0
99166,0
99167,0
99168,0
99169,0
99170,0
99171,0
99172,0
99173,0
99174,0
99175,0
99176,0
99177,0
99178,0
99179,0
99270,0
99271,0
99272,0
99273,0
99274,0
99275,0
99276,0
99277,0
99278,0
99279,0
99280,0
99281,0
99282,0
99283,0
99284,0
99285,0
99286,0
99287,0
99288,0
99289,0
99290,0
99291,0
99292,0
99293,0
99294,0
99295,0
99296,0
99297,0
99298,0
99299,0
99550,0
99551,0
99552,0
99553,0
99554,0
99555,0
99556,0
99557,0
99558,0
99559,0
99560,0
99561,0
99562,0
99563,0
99564,0
99565,0
99566,0
99567,0
99568,0
99569,0
99570,0
99571,0
99572,0
99573,0
99574,0
99575,0
99576,0
99577,0
99578,0
99579,0
99660,0
99661,0
99662,0
99663,0
99664,0
99665,0
99666,0
99667,0
99668,0
99669,0
99670,0
99671,0
99672,0
99673,0
99674,0
99675,0
99676,0
99677,0
99678,0
99679,0
99680,0
99681,0
99682,0
99683,0
99684,0
99685,0
99686,0
99687,0
99688,0
99689,0
99690,0
99691,0
99692,0
99693,0
99694,0
99695,0
99696,0
99697,0
99698,0
99699,0
99700,0
99701,0
99702,0
99703,0
99704,0
99705,0
99706,0
99707,0
99708,0
99709,0
99710,0
99711,0
99712,0
99713,0
99714,0
99715,0
99716,0
99717,0
99718,0
99719,0
99720,0
99721,0
99722,0
99723,0
99724,0
99725,0
99726,0
99727,0
99728,0
99729,0
99750,0
99751,0
99752,0
99753,0
99754,0
99755,0
99756,0
99757,0
99758,0
99759,0
99760,0
99761,0
99762,0
99763,0
99764,0
99765,0
99766,0
99767,0
99768,0
99769,0
99770,0
99771,0
99772,0
99773,0
99774,0
99775,0
99776,0
99777,0
99778,0
99779,0
99910,0
99911,0
99912,0
99913,0
99914,0
99915,0
99916,0
99917,0
99918,0
99919,0
99920,0
99921,0
99922,0
99923,0
99924,0
99925,0
99926,0
99927,0
99928,0
99929,0
99930,0
99931,0
99932,0
99933,0
99934,0
99935,0
99936,0
99937,0
99938,0
99939,0
100000,0
100001,0
100002,0
100003,0
100004,0
100005,0
100006,0
100007,0
100008,0
100009,0
100010,0
100011,0
100012,0
100013,0
100014,0
100015,0
100016,0
100017,0
100018,0
100019,0
100150,0
100151,0
100152,0
100153,0
100154,0
100155,0
100156,0
100157,0
100158,0
100159,0
100160,0
100161,0
100162,0
100163,0
100164,0
100165,0
100166,0
100167,0
100168,0
100169,0
100170,0
100171,0
100172,0
100173,0
100174,0
100175,0
100176,0
100177,0
100178,0
100179,0
100180,0
100181,0
100182,0
100183,0
100184,0
100185,0
100186,0
100187,0
100188,0
100189,0
100190,0
100191,0
100192,0
100193,0
100194,0
100195,0
100196,0
100197,0
100198,0
100199,0
100230,0
100231,0
100232,0
100233,0
100234,0
100235,0
100236,0
100237,0
100238,0
100239,0
100240,0
100241,0
100242,0
100243,0
100244,0
100245,0
100246,0
100247,0
100248,0
100249,0
100250,0
100251,0
100252,0
100253,0
100254,0
100255,0
100256,0
100257,0
100258,0
100259,0
100260,0
100261,0
100262,0
100263,0
100264,0
100265,0
100266,0
100267,0
100268,0
100269,0
100340,0
100341,0
100342,0
100343,0
100344,0
100345,0
100346,0
100347,0
100348,0
100349,0
100570,0
100571,0
100572,0
100573,0
100574,0
100575,0
100576,0
100577,0
100578,0
100579,0
100580,0
100581,0
100582,0
100583,0
100584,0
100585,0
100586,0
100587,0
100588,0
100589,0
100590,0
100591,0
100592,0
100593,0
100594,0
100595,0
100596,0
100597,0
100598,0
100599,0
100630,0
100631,0
100632,0
100633,0
100634,0
100635,0
100636,0
100637,0
100638,0
100639,0
100640,0
100641,0
100642,0
100643,0
100644,0
100645,0
100646,0
100647,0
100648,0
100649,0
100650,0
100651,0
100652,0
100653,0
100654,0
100655,0
100656,0
100657,0
100658,0
100659,0
100960,0
100961,0
100962,0
100963,0
100964,0
100965,0
100966,0
100967,0
100968,0
100969,0
100970,0
100971,0
100972,0
100973,0
100974,0
100975,0
100976,0
100977,0
100978,0
100979,0
101000,0
101001,0
101002,0
101003,0
101004,0
101005,0
101006,0
101007,0
101008,0
101009,0
101010,0
101011,0
101012,0
101013,0
101014,0
101015,0
101016,0
101017,0
101018,0
101019,0
101020,0
101021,0
101022,0
101023,0
101024,0
101025,0
101026,0
101027,0
101028,0
101029,0
101380,0
101381,0
101382,0
101383,0
101384,0
101385,0
101386,0
101387,0
101388,0
101389,0
101390,0
101391,0
101392,0
101393,0
101394,0
101395,0
101396,0
101397,0
101398,0
101399,0
101430,0
101431,0
101432,0
101433,0
101434,0
101435,0
101436,0
101437,0
101438,0
101439,0
101440,0
101441,0
101442,0
101443,0
101444,0
101445,0
101446,0
101447,0
101448,0
101449,0
101650,0
101651,0
101652,0
101653,0
101654,0
101655,0
101656,0
101657,0
101658,0
101659,0
101660,0
101661,0
101662,0
101663,0
101664,0
101665,0
101666,0
101667,0
101668,0
101669,0
101710,0
101711,0
101712,0
101713,0
101714,0
101715,0
101716,0
101717,0
101718,0
101719,0
101720,0
101721,0
101722,0
101723,0
101724,0
101725,0
101726,0
101727,0
101728,0
101729,0
101890,0
101891,0
101892,0
101893,0
101894,0
101895,0
101896,0
101897,0
101898,0
101899,0
101900,0
101901,0
101902,0
101903,0
101904,0
101905,0
101906,0
101907,0
101908,0
101909,0
101970,0
101971,0
101972,0
101973,0
101974,0
101975,0
101976,0
101977,0
101978,0
101979,0
101980,0
101981,0
101982,0
101983,0
101984,0
101985,0
101986,0
101987,0
101988,0
101989,0
101990,0
101991,0
101992,0
101993,0
101994,0
101995,0
101996,0
101997,0
101998,0
101999,0
102020,0
102021,0
102022,0
102023,0
102024,0
102025,0
102026,0
102027,0
102028,0
102029,0
102030,0
102031,0
102032,0
102033,0
102034,0
102035,0
102036,0
102037,0
102038,0
102039,0
102060,0
102061,0
102062,0
102063,0
102064,0
102065,0
102066,0
102067,0
102068,0
102069,0
102070,0
102071,0
102072,0
102073,0
102074,0
102075,0
102076,0
102077,0
102078,0
102079,0
102150,0
102151,0
102152,0
102153,0
102154,0
102155,0
102156,0
102157,0
102158,0
102159,0
102160,0
102161,0
102162,0
102163,0
102164,0
102165,0
102166,0
102167,0
102168,0
102169,0
102220,0
102221,0
102222,0
102223,0
102224,0
102225,0
102226,0
102227,0
102228,0
102229,0
102230,0
102231,0
102232,0
102233,0
102234,0
102235,0
102236,0
102237,0
102238,0
102239,0
102240,0
102241,0
102242,0
102243,0
102244,0
102245,0
102246,0
102247,0
102248,0
102249,0
102250,0
102251,0
102252,0
102253,0
102254,0
102255,0
102256,0
102257,0
102258,0
102259,0
102260,0
102261,0
102262,0
102263,0
102264,0
102265,0
102266,0
102267,0
102268,0
102269,0
102400,0
102401,0
102402,0
102403,0
102404,0
102405,0
102406,0
102407,0
102408,0
102409,0
102410,0
102411,0
102412,0
102413,0
102414,0
102415,0
102416,0
102417,0
102418,0
102419,0
102420,0
102421,0
102422,0
102423,0
102424,0
102425,0
102426,0
102427,0
102428,0
102429,0
102450,0
102451,0
102452,0
102453,0
102454,0
102455,0
102456,0
102457,0
102458,0
102459,0
102460,0
102461,0
102462,0
102463,0
102464,0
102465,0
102466,0
102467,0
102468,0
102469,0
102490,0
102491,0
102492,0
102493,0
102494,0
102495,0
102496,0
102497,0
102498,0
102499,0
102500,0
102501,0
102502,0
102503,0
102504,0
102505,0
102506,0
102507,0
102508,0
102509,0
102650,0
102651,0
102652,0
102653,0
102654,0
102655,0
102656,0
102657,0
102658,0
102659,0
103060,0
103061,0
103062,0
103063,0
103064,0
103065,0
103066,0
103067,0
103068,0
103069,0
103070,0
103071,0
103072,0
103073,0
103074,0
103075,0
103076,0
103077,0
103078,0
103079,0
103080,0
103081,0
103082,0
103083,0
103084,0
103085,0
103086,0
103087,0
103088,0
103089,0
103090,0
103091,0
103092,0
103093,0
103094,0
103095,0
103096,0
103097,0
103098,0
103099,0
103210,0
103211,0
103212,0
103213,0
103214,0
103215,0
103216,0
103217,0
103218,0
103219,0
103450,0
103451,0
103452,0
103453,0
103454,0
103455,0
103456,0
103457,0
103458,0
103459,0
103460,0
103461,0
103462,0
103463,0
103464,0
103465,0
103466,0
103467,0
103468,0
103469,0
103550,0
103551,0
103552,0
103553,0
103554,0
103555,0
103556,0
103557,0
103558,0
103559,0
103560,0
103561,0
103562,0
103563,0
103564,0
103565,0
103566,0
103567,0
103568,0
103569,0
103570,0
103571,0
103572,0
103573,0
103574,0
103575,0
103576,0
103577,0
103578,0
103579,0
103610,0
103611,0
103612,0
103613,0
103614,0
103615,0
103616,0
103617,0
103618,0
103619,0
103620,0
103621,0
103622,0
103623,0
103624,0
103625,0
103626,0
103627,0
103628,0
103629,0
103740,0
103741,0
103742,0
103743,0
103744,0
103745,0
103746,0
103747,0
103748,0
103749,0
103750,0
103751,0
103752,0
103753,0
103754,0
103755,0
103756,0
103757,0
103758,0
103759,0
103760,0
103761,0
103762,0
103763,0
103764,0
103765,0
103766,0
103767,0
103768,0
103769,0
103770,0
103771,0
103772,0
103773,0
103774,0
103775,0
103776,0
103777,0
103778,0
103779,0
103780,0
103781,0
103782,0
103783,0
103784,0
103785,0
103786,0
103787,0
103788,0
103789,0
103810,0
103811,0
103812,0
103813,0
103814,0
103815,0
103816,0
103817,0
103818,0
103819,0
103820,0
103821,0
103822,0
103823,0
103824,0
103825,0
103826,0
103827,0
103828,0
103829,0
103830,0
103831,0
103832,0
103833,0
103834,0
103835,0
103836,0
103837,0
103838,0
103839,0
103940,0
103941,0
103942,0
103943,0
103944,0
103945,0
103946,0
103947,0
103948,0
103949,0
103950,0
103951,0
103952,0
103953,0
103954,0
103955,0
103956,0
103957,0
103958,0
103959,0
104010,0
104011,0
104012,0
104013,0
104014,0
104015,0
104016,0
104017,0
104018,0
104019,0
104020,0
104021,0
104022,0
104023,0
104024,0
104025,0
104026,0
104027,0
104028,0
104029,0
104150,0
104151,0
104152,0
104153,0
104154,0
104155,0
104156,0
104157,0
104158,0
104159,0
104160,0
104161,0
104162,0
104163,0
104164,0
104165,0
104166,0
104167,0
104168,0
104169,0
104350,0
104351,0
104352,0
104353,0
104354,0
104355,0
104356,0
104357,0
104358,0
104359,0
104420,0
104421,0
104422,0
104423,0
104424,0
104425,0
104426,0
104427,0
104428,0
104429,0
104450,0
104451,0
104452,0
104453,0
104454,0
104455,0
104456,0
104457,0
104458,0
104459,0
104460,0
104461,0
104462,0
104463,0
104464,0
104465,0
104466,0
104467,0
104468,0
104469,0
104980,0
104981,0
104982,0
104983,0
104984,0
104985,0
104986,0
104987,0
104988,0
104989,0
105010,0
105011,0
105012,0
105013,0
105014,0
105015,0
105016,0
105017,0
105018,0
105019,0
105020,0
105021,0
105022,0
105023,0
105024,0
105025,0
105026,0
105027,0
105028,0
105029,0
105030,0
105031,0
105032,0
105033,0
105034,0
105035,0
105036,0
105037,0
105038,0
105039,0
105040,0
105041,0
105042,0
105043,0
105044,0
105045,0
105046,0
105047,0
105048,0
105049,0
105050,0
105051,0
105052,0
105053,0
105054,0
105055,0
105056,0
105057,0
105058,0
105059,0
105230,0
105231,0
105232,0
105233,0
105234,0
105235,0
105236,0
105237,0
105238,0
105239,0
105240,0
105241,0
105242,0
105243,0
105244,0
105245,0
105246,0
105247,0
105248,0
105249,0
105250,0
105251,0
105252,0
105253,0
105254,0
105255,0
105256,0
105257,0
105258,0
105259,0
105460,0
105461,0
105462,0
105463,0
105464,0
105465,0
105466,0
105467,0
105468,0
105469,0
105470,0
105471,0
105472,0
105473,0
105474,0
105475,0
105476,0
105477,0
105478,0
105479,0
105590,0
105591,0
105592,0
105593,0
105594,0
105595,0
105596,0
105597,0
105598,0
105599,0
105600,0
105601,0
105602,0
105603,0
105604,0
105605,0
105606,0
105607,0
105608,0
105609,0
105860,0
105861,0
105862,0
105863,0
105864,0
105865,0
105866,0
105867,0
105868,0
105869,0
105870,0
105871,0
105872,0
105873,0
105874,0
105875,0
105876,0
105877,0
105878,0
105879,0
105880,0
105881,0
105882,0
105883,0
105884,0
105885,0
105886,0
105887,0
105888,0
105889,0
106100,0
106101,0
106102,0
106103,0
106104,0
106105,0
106106,0
106107,0
106108,0
106109,0
106110,0
106111,0
106112,0
106113,0
106114,0
106115,0
106116,0
106117,0
106118,0
106119,0
106120,0
106121,0
106122,0
106123,0
106124,0
106125,0
106126,0
106127,0
106128,0
106129,0
106130,0
106131,0
106132,0
106133,0
106134,0
106135,0
106136,0
106137,0
106138,0
106139,0
106140,0
106141,0
106142,0
106143,0
106144,0
106145,0
106146,0
106147,0
106148,0
106149,0
106560,0
106561,0
106562,0
106563,0
106564,0
106565,0
106566,0
106567,0
106568,0
106569,0
106570,0
106571,0
106572,0
106573,0
106574,0
106575,0
106576,0
106577,0
106578,0
106579,0
106580,0
106581,0
106582,0
106583,0
106584,0
106585,0
106586,0
106587,0
106588,0
106589,0
106630,0
106631,0
106632,0
106633,0
106634,0
106635,0
106636,0
106637,0
106638,0
106639,0
106640,0
106641,0
106642,0
106643,0
106644,0
106645,0
106646,0
106647,0
106648,0
106649,0
106650,0
106651,0
106652,0
106653,0
106654,0
106655,0
106656,0
106657,0
106658,0
106659,0
106660,0
106661,0
106662,0
106663,0
106664,0
106665,0
106666,0
106667,0
106668,0
106669,0
106690,0
106691,0
106692,0
106693,0
106694,0
106695,0
106696,0
106697,0
106698,0
106699,0
106700,0
106701,0
106702,0
106703,0
106704,0
106705,0
106706,0
106707,0
106708,0
106709,0
106710,0
106711,0
106712,0
106713,0
106714,0
106715,0
106716,0
106717,0
106718,0
106719,0
106720,0
106721,0
106722,0
106723,0
106724,0
106725,0
106726,0
106727,0
106728,0
106729,0
106750,0
106751,0
106752,0
106753,0
106754,0
106755,0
106756,0
106757,0
106758,0
106759,0
106760,0
106761,0
106762,0
106763,0
106764,0
106765,0
106766,0
106767,0
106768,0
106769,0
106930,0
106931,0
106932,0
106933,0
106934,0
106935,0
106936,0
106937,0
106938,0
106939,0
106940,0
106941,0
106942,0
106943,0
106944,0
106945,0
106946,0
106947,0
106948,0
106949,0
107200,0
107201,0
107202,0
107203,0
107204,0
107205,0
107206,0
107207,0
107208,0
107209,0
107210,0
107211,0
107212,0
107213,0
107214,0
107215,0
107216,0
107217,0
107218,0
107219,0
107460,0
107461,0
107462,0
107463,0
107464,0
107465,0
107466,0
107467,0
107468,0
107469,0
107470,0
107471,0
107472,0
107473,0
107474,0
107475,0
107476,0
107477,0
107478,0
107479,0
107480,0
107481,0
107482,0
107483,0
107484,0
107485,0
107486,0
107487,0
107488,0
107489,0
107570,0
107571,0
107572,0
107573,0
107574,0
107575,0
107576,0
107577,0
107578,0
107579,0
107580,0
107581,0
107582,0
107583,0
107584,0
107585,0
107586,0
107587,0
107588,0
107589,0
107630,0
107631,0
107632,0
107633,0
107634,0
107635,0
107636,0
107637,0
107638,0
107639,0
107640,0
107641,0
107642,0
107643,0
107644,0
107645,0
107646,0
107647,0
107648,0
107649,0
107740,0
107741,0
107742,0
107743,0
107744,0
107745,0
107746,0
107747,0
107748,0
107749,0
107750,0
107751,0
107752,0
107753,0
107754,0
107755,0
107756,0
107757,0
107758,0
107759,0
107760,0
107761,0
107762,0
107763,0
107764,0
107765,0
107766,0
107767,0
107768,0
107769,0
107770,0
107771,0
107772,0
107773,0
107774,0
107775,0
107776,0
107777,0
107778,0
107779,0
107780,0
107781,0
107782,0
107783,0
107784,0
107785,0
107786,0
107787,0
107788,0
107789,0
107850,0
107851,0
107852,0
107853,0
107854,0
107855,0
107856,0
107857,0
107858,0
107859,0
107860,0
107861,0
107862,0
107863,0
107864,0
107865,0
107866,0
107867,0
107868,0
107869,0
107870,0
107871,0
107872,0
107873,0
107874,0
107875,0
107876,0
107877,0
107878,0
107879,0
107880,0
107881,0
107882,0
107883,0
107884,0
107885,0
107886,0
107887,0
107888,0
107889,0
107910,0
107911,0
107912,0
107913,0
107914,0
107915,0
107916,0
107917,0
107918,0
107919,0
107920,0
107921,0
107922,0
107923,0
107924,0
107925,0
107926,0
107927,0
107928,0
107929,0
107960,0
107961,0
107962,0
107963,0
107964,0
107965,0
107966,0
107967,0
107968,0
107969,0
107970,0
107971,0
107972,0
107973,0
107974,0
107975,0
107976,0
107977,0
107978,0
107979,0
107980,0
107981,0
107982,0
107983,0
107984,0
107985,0
107986,0
107987,0
107988,0
107989,0
107990,0
107991,0
107992,0
107993,0
107994,0
107995,0
107996,0
107997,0
107998,0
107999,0
108000,0
108001,0
108002,0
108003,0
108004,0
108005,0
108006,0
108007,0
108008,0
108009,0
108010,0
108011,0
108012,0
108013,0
108014,0
108015,0
108016,0
108017,0
108018,0
108019,0
108050,0
108051,0
108052,0
108053,0
108054,0
108055,0
108056,0
108057,0
108058,0
108059,0
108060,0
108061,0
108062,0
108063,0
108064,0
108065,0
108066,0
108067,0
108068,0
108069,0
108070,0
108071,0
108072,0
108073,0
108074,0
108075,0
108076,0
108077,0
108078,0
108079,0
108080,0
108081,0
108082,0
108083,0
108084,0
108085,0
108086,0
108087,0
108088,0
108089,0
108090,0
108091,0
108092,0
108093,0
108094,0
108095,0
108096,0
108097,0
108098,0
108099,0
108100,0
108101,0
108102,0
108103,0
108104,0
108105,0
108106,0
108107,0
108108,0
108109,0
108170,0
108171,0
108172,0
108173,0
108174,0
108175,0
108176,0
108177,0
108178,0
108179,0
108180,0
108181,0
108182,0
108183,0
108184,0
108185,0
108186,0
108187,0
108188,0
108189,0
108230,0
108231,0
108232,0
108233,0
108234,0
108235,0
108236,0
108237,0
108238,0
108239,0
108240,0
108241,0
108242,0
108243,0
108244,0
108245,0
108246,0
108247,0
108248,0
108249,0
108250,0
108251,0
108252,0
108253,0
108254,0
108255,0
108256,0
108257,0
108258,0
108259,0
108260,0
108261,0
108262,0
108263,0
108264,0
108265,0
108266,0
108267,0
108268,0
108269,0
108270,0
108271,0
108272,0
108273,0
108274,0
108275,0
108276,0
108277,0
108278,0
108279,0
108440,0
108441,0
108442,0
108443,0
108444,0
108445,0
108446,0
108447,0
108448,0
108449,0
108450,0
108451,0
108452,0
108453,0
108454,0
108455,0
108456,0
108457,0
108458,0
108459,0
108460,0
108461,0
108462,0
108463,0
108464,0
108465,0
108466,0
108467,0
108468,0
108469,0
108540,0
108541,0
108542,0
108543,0
108544,0
108545,0
108546,0
108547,0
108548,0
108549,0
108550,0
108551,0
108552,0
108553,0
108554,0
108555,0
108556,0
108557,0
108558,0
108559,0
108610,0
108611,0
108612,0
108613,0
108614,0
108615,0
108616,0
108617,0
108618,0
108619,0
108620,0
108621,0
108622,0
108623,0
108624,0
108625,0
108626,0
108627,0
108628,0
108629,0
108690,0
108691,0
108692,0
108693,0
108694,0
108695,0
108696,0
108697,0
108698,0
108699,0
108800,0
108801,0
108802,0
108803,0
108804,0
108805,0
108806,0
108807,0
108808,0
108809,0
108820,0
108821,0
108822,0
108823,0
108824,0
108825,0
108826,0
108827,0
108828,0
108829,0
108970,0
108971,0
108972,0
108973,0
108974,0
108975,0
108976,0
108977,0
108978,0
108979,0
109200,0
109201,0
109202,0
109203,0
109204,0
109205,0
109206,0
109207,0
109208,0
109209,0
109210,0
109211,0
109212,0
109213,0
109214,0
109215,0
109216,0
109217,0
109218,0
109219,0
109290,0
109291,0
109292,0
109293,0
109294,0
109295,0
109296,0
109297,0
109298,0
109299,0
109300,0
109301,0
109302,0
109303,0
109304,0
109305,0
109306,0
109307,0
109308,0
109309,0
109310,0
109311,0
109312,0
109313,0
109314,0
109315,0
109316,0
109317,0
109318,0
109319,0
109440,0
109441,0
109442,0
109443,0
109444,0
109445,0
109446,0
109447,0
109448,0
109449,0
109450,0
109451,0
109452,0
109453,0
109454,0
109455,0
109456,0
109457,0
109458,0
109459,0
109500,0
109501,0
109502,0
109503,0
109504,0
109505,0
109506,0
109507,0
109508,0
109509,0
109530,0
109531,0
109532,0
109533,0
109534,0
109535,0
109536,0
109537,0
109538,0
109539,0
109670,0
109671,0
109672,0
109673,0
109674,0
109675,0
109676,0
109677,0
109678,0
109679,0
109680,0
109681,0
109682,0
109683,0
109684,0
109685,0
109686,0
109687,0
109688,0
109689,0
109690,0
109691,0
109692,0
109693,0
109694,0
109695,0
109696,0
109697,0
109698,0
109699,0
109700,0
109701,0
109702,0
109703,0
109704,0
109705,0
109706,0
109707,0
109708,0
109709,0
109710,0
109711,0
109712,0
109713,0
109714,0
109715,0
109716,0
109717,0
109718,0
109719,0
109850,0
109851,0
109852,0
109853,0
109854,0
109855,0
109856,0
109857,0
109858,0
109859,0
109910,0
109911,0
109912,0
109913,0
109914,0
109915,0
109916,0
109917,0
109918,0
109919,0
109920,0
109921,0
109922,0
109923,0
109924,0
109925,0
109926,0
109927,0
109928,0
109929,0
110000,0
110001,0
110002,0
110003,0
110004,0
110005,0
110006,0
110007,0
110008,0
110009,0
110040,0
110041,0
110042,0
110043,0
110044,0
110045,0
110046,0
110047,0
110048,0
110049,0
110050,0
110051,0
110052,0
110053,0
110054,0
110055,0
110056,0
110057,0
110058,0
110059,0
110160,0
110161,0
110162,0
110163,0
110164,0
110165,0
110166,0
110167,0
110168,0
110169,0
110200,0
110201,0
110202,0
110203,0
110204,0
110205,0
110206,0
110207,0
110208,0
110209,0
110280,0
110281,0
110282,0
110283,0
110284,0
110285,0
110286,0
110287,0
110288,0
110289,0
110300,0
110301,0
110302,0
110303,0
110304,0
110305,0
110306,0
110307,0
110308,0
110309,0
110400,0
110401,0
110402,0
110403,0
110404,0
110405,0
110406,0
110407,0
110408,0
110409,0
110410,0
110411,0
110412,0
110413,0
110414,0
110415,0
110416,0
110417,0
110418,0
110419,0
110420,0
110421,0
110422,0
110423,0
110424,0
110425,0
110426,0
110427,0
110428,0
110429,0
110430,0
110431,0
110432,0
110433,0
110434,0
110435,0
110436,0
110437,0
110438,0
110439,0
110470,0
110471,0
110472,0
110473,0
110474,0
110475,0
110476,0
110477,0
110478,0
110479,0
110480,0
110481,0
110482,0
110483,0
110484,0
110485,0
110486,0
110487,0
110488,0
110489,0
110490,0
110491,0
110492,0
110493,0
110494,0
110495,0
110496,0
110497,0
110498,0
110499,0
110500,0
110501,0
110502,0
110503,0
110504,0
110505,0
110506,0
110507,0
110508,0
110509,0
110510,0
110511,0
110512,0
110513,0
110514,0
110515,0
110516,0
110517,0
110518,0
110519,0
110520,0
110521,0
110522,0
110523,0
110524,0
110525,0
110526,0
110527,0
110528,0
110529,0
110530,0
110531,0
110532,0
110533,0
110534,0
110535,0
110536,0
110537,0
110538,0
110539,0
110600,0
110601,0
110602,0
110603,0
110604,0
110605,0
110606,0
110607,0
110608,0
110609,0
110610,0
110611,0
110612,0
110613,0
110614,0
110615,0
110616,0
110617,0
110618,0
110619,0
110620,0
110621,0
110622,0
110623,0
110624,0
110625,0
110626,0
110627,0
110628,0
110629,0
110630,0
110631,0
110632,0
110633,0
110634,0
110635,0
110636,0
110637,0
110638,0
110639,0
110640,0
110641,0
110642,0
110643,0
110644,0
110645,0
110646,0
110647,0
110648,0
110649,0
110650,0
110651,0
110652,0
110653,0
110654,0
110655,0
110656,0
110657,0
110658,0
110659,0
110800,0
110801,0
110802,0
110803,0
110804,0
110805,0
110806,0
110807,0
110808,0
110809,0
110810,0
110811,0
110812,0
110813,0
110814,0
110815,0
110816,0
110817,0
110818,0
110819,0
110820,0
110821,0
110822,0
110823,0
110824,0
110825,0
110826,0
110827,0
110828,0
110829,0
110830,0
110831,0
110832,0
110833,0
110834,0
110835,0
110836,0
110837,0
110838,0
110839,0
110840,0
110841,0
110842,0
110843,0
110844,0
110845,0
110846,0
110847,0
110848,0
110849,0
110850,0
110851,0
110852,0
110853,0
110854,0
110855,0
110856,0
110857,0
110858,0
110859,0
110860,0
110861,0
110862,0
110863,0
110864,0
110865,0
110866,0
110867,0
110868,0
110869,0
110870,0
110871,0
110872,0
110873,0
110874,0
110875,0
110876,0
110877,0
110878,0
110879,0
110940,0
110941,0
110942,0
110943,0
110944,0
110945,0
110946,0
110947,0
110948,0
110949,0
110950,0
110951,0
110952,0
110953,0
110954,0
110955,0
110956,0
110957,0
110958,0
110959,0
110960,0
110961,0
110962,0
110963,0
110964,0
110965,0
110966,0
110967,0
110968,0
110969,0
110970,0
110971,0
110972,0
110973,0
110974,0
110975,0
110976,0
110977,0
110978,0
110979,0
110980,0
110981,0
110982,0
110983,0
110984,0
110985,0
110986,0
110987,0
110988,0
110989,0
110990,0
110991,0
110992,0
110993,0
110994,0
110995,0
110996,0
110997,0
110998,0
110999,0
111000,0
111001,0
111002,0
111003,0
111004,0
111005,0
111006,0
111007,0
111008,0
111009,0
111010,0
111011,0
111012,0
111013,0
111014,0
111015,0
111016,0
111017,0
111018,0
111019,0
111020,0
111021,0
111022,0
111023,0
111024,0
111025,0
111026,0
111027,0
111028,0
111029,0
111030,0
111031,0
111032,0
111033,0
111034,0
111035,0
111036,0
111037,0
111038,0
111039,0
111220,0
111221,0
111222,0
111223,0
111224,0
111225,0
111226,0
111227,0
111228,0
111229,0
111230,0
111231,0
111232,0
111233,0
111234,0
111235,0
111236,0
111237,0
111238,0
111239,0
111240,0
111241,0
111242,0
111243,0
111244,0
111245,0
111246,0
111247,0
111248,0
111249,0
111290,0
111291,0
111292,0
111293,0
111294,0
111295,0
111296,0
111297,0
111298,0
111299,0
111300,0
111301,0
111302,0
111303,0
111304,0
111305,0
111306,0
111307,0
111308,0
111309,0
111310,0
111311,0
111312,0
111313,0
111314,0
111315,0
111316,0
111317,0
111318,0
111319,0
111430,0
111431,0
111432,0
111433,0
111434,0
111435,0
111436,0
111437,0
111438,0
111439,0
111440,0
111441,0
111442,0
111443,0
111444,0
111445,0
111446,0
111447,0
111448,0
111449,0
111450,0
111451,0
111452,0
111453,0
111454,0
111455,0
111456,0
111457,0
111458,0
111459,0
111510,0
111511,0
111512,0
111513,0
111514,0
111515,0
111516,0
111517,0
111518,0
111519,0
111520,0
111521,0
111522,0
111523,0
111524,0
111525,0
111526,0
111527,0
111528,0
111529,0
111530,0
111531,0
111532,0
111533,0
111534,0
111535,0
111536,0
111537,0
111538,0
111539,0
111690,0
111691,0
111692,0
111693,0
111694,0
111695,0
111696,0
111697,0
111698,0
111699,0
111700,0
111701,0
111702,0
111703,0
111704,0
111705,0
111706,0
111707,0
111708,0
111709,0
111950,0
111951,0
111952,0
111953,0
111954,0
111955,0
111956,0
111957,0
111958,0
111959,0
111960,0
111961,0
111962,0
111963,0
111964,0
111965,0
111966,0
111967,0
111968,0
111969,0
111970,0
111971,0
111972,0
111973,0
111974,0
111975,0
111976,0
111977,0
111978,0
111979,0
111980,0
111981,0
111982,0
111983,0
111984,0
111985,0
111986,0
111987,0
111988,0
111989,0
111990,0
111991,0
111992,0
111993,0
111994,0
111995,0
111996,0
111997,0
111998,0
111999,0
112000,0
112001,0
112002,0
112003,0
112004,0
112005,0
112006,0
112007,0
112008,0
112009,0
112190,0
112191,0
112192,0
112193,0
112194,0
112195,0
112196,0
112197,0
112198,0
112199,0
112200,0
112201,0
112202,0
112203,0
112204,0
112205,0
112206,0
112207,0
112208,0
112209,0
112280,0
112281,0
112282,0
112283,0
112284,0
112285,0
112286,0
112287,0
112288,0
112289,0
112290,0
112291,0
112292,0
112293,0
112294,0
112295,0
112296,0
112297,0
112298,0
112299,0
112300,0
112301,0
112302,0
112303,0
112304,0
112305,0
112306,0
112307,0
112308,0
112309,0
112360,0
112361,0
112362,0
112363,0
112364,0
112365,0
112366,0
112367,0
112368,0
112369,0
112370,0
112371,0
112372,0
112373,0
112374,0
112375,0
112376,0
112377,0
112378,0
112379,0
112400,0
112401,0
112402,0
112403,0
112404,0
112405,0
112406,0
112407,0
112408,0
112409,0
112410,0
112411,0
112412,0
112413,0
112414,0
112415,0
112416,0
112417,0
112418,0
112419,0
112470,0
112471,0
112472,0
112473,0
112474,0
112475,0
112476,0
112477,0
112478,0
112479,0
112480,0
112481,0
112482,0
112483,0
112484,0
112485,0
112486,0
112487,0
112488,0
112489,0
112490,0
112491,0
112492,0
112493,0
112494,0
112495,0
112496,0
112497,0
112498,0
112499,0
112590,0
112591,0
112592,0
112593,0
112594,0
112595,0
112596,0
112597,0
112598,0
112599,0
112620,0
112621,0
112622,0
112623,0
112624,0
112625,0
112626,0
112627,0
112628,0
112629,0
112790,0
112791,0
112792,0
112793,0
112794,0
112795,0
112796,0
112797,0
112798,0
112799,0
112800,0
112801,0
112802,0
112803,0
112804,0
112805,0
112806,0
112807,0
112808,0
112809,0
112810,0
112811,0
112812,0
112813,0
112814,0
112815,0
112816,0
112817,0
112818,0
112819,0
112820,0
112821,0
112822,0
112823,0
112824,0
112825,0
112826,0
112827,0
112828,0
112829,0
112830,0
112831,0
112832,0
112833,0
112834,0
112835,0
112836,0
112837,0
112838,0
112839,0
112840,0
112841,0
112842,0
112843,0
112844,0
112845,0
112846,0
112847,0
112848,0
112849,0
112850,0
112851,0
112852,0
112853,0
112854,0
112855,0
112856,0
112857,0
112858,0
112859,0
112880,0
112881,0
112882,0
112883,0
112884,0
112885,0
112886,0
112887,0
112888,0
112889,0
112890,0
112891,0
112892,0
112893,0
112894,0
112895,0
112896,0
112897,0
112898,0
112899,0
112900,0
112901,0
112902,0
112903,0
112904,0
112905,0
112906,0
112907,0
112908,0
112909,0
113130,0
113131,0
113132,0
113133,0
113134,0
113135,0
113136,0
113137,0
113138,0
113139,0
113140,0
113141,0
113142,0
113143,0
113144,0
113145,0
113146,0
113147,0
113148,0
113149,0
113180,0
113181,0
113182,0
113183,0
113184,0
113185,0
113186,0
113187,0
113188,0
113189,0
113340,0
113341,0
113342,0
113343,0
113344,0
113345,0
113346,0
113347,0
113348,0
113349,0
113350,0
113351,0
113352,0
113353,0
113354,0
113355,0
113356,0
113357,0
113358,0
113359,0
113360,0
113361,0
113362,0
113363,0
113364,0
113365,0
113366,0
113367,0
113368,0
113369,0
113450,0
113451,0
113452,0
113453,0
113454,0
113455,0
113456,0
113457,0
113458,0
113459,0
113710,0
113711,0
113712,0
113713,0
113714,0
113715,0
113716,0
113717,0
113718,0
113719,0
113720,0
113721,0
113722,0
113723,0
113724,0
113725,0
113726,0
113727,0
113728,0
113729,0
113730,0
113731,0
113732,0
113733,0
113734,0
113735,0
113736,0
113737,0
113738,0
113739,0
113950,0
113951,0
113952,0
113953,0
113954,0
113955,0
113956,0
113957,0
113958,0
113959,0
113960,0
113961,0
113962,0
113963,0
113964,0
113965,0
113966,0
113967,0
113968,0
113969,0
113970,0
113971,0
113972,0
113973,0
113974,0
113975,0
113976,0
113977,0
113978,0
113979,0
113980,0
113981,0
113982,0
113983,0
113984,0
113985,0
113986,0
113987,0
113988,0
113989,0
114040,0
114041,0
114042,0
114043,0
114044,0
114045,0
114046,0
114047,0
114048,0
114049,0
114050,0
114051,0
114052,0
114053,0
114054,0
114055,0
114056,0
114057,0
114058,0
114059,0
114080,0
114081,0
114082,0
114083,0
114084,0
114085,0
114086,0
114087,0
114088,0
114089,0
114090,0
114091,0
114092,0
114093,0
114094,0
114095,0
114096,0
114097,0
114098,0
114099,0
114390,0
114391,0
114392,0
114393,0
114394,0
114395,0
114396,0
114397,0
114398,0
114399,0
114400,0
114401,0
114402,0
114403,0
114404,0
114405,0
114406,0
114407,0
114408,0
114409,0
114550,0
114551,0
114552,0
114553,0
114554,0
114555,0
114556,0
114557,0
114558,0
114559,0
114560,0
114561,0
114562,0
114563,0
114564,0
114565,0
114566,0
114567,0
114568,0
114569,0
114570,0
114571,0
114572,0
114573,0
114574,0
114575,0
114576,0
114577,0
114578,0
114579,0
114610,0
114611,0
114612,0
114613,0
114614,0
114615,0
114616,0
114617,0
114618,0
114619,0
114620,0
114621,0
114622,0
114623,0
114624,0
114625,0
114626,0
114627,0
114628,0
114629,0
114690,0
114691,0
114692,0
114693,0
114694,0
114695,0
114696,0
114697,0
114698,0
114699,0
114700,0
114701,0
114702,0
114703,0
114704,0
114705,0
114706,0
114707,0
114708,0
114709,0
114860,0
114861,0
114862,0
114863,0
114864,0
114865,0
114866,0
114867,0
114868,0
114869,0
114920,0
114921,0
114922,0
114923,0
114924,0
114925,0
114926,0
114927,0
114928,0
114929,0
115100,0
115101,0
115102,0
115103,0
115104,0
115105,0
115106,0
115107,0
115108,0
115109,0
115110,0
115111,0
115112,0
115113,0
115114,0
115115,0
115116,0
115117,0
115118,0
115119,0
115250,0
115251,0
115252,0
115253,0
115254,0
115255,0
115256,0
115257,0
115258,0
115259,0
115260,0
115261,0
115262,0
115263,0
115264,0
115265,0
115266,0
115267,0
115268,0
115269,0
115330,0
115331,0
115332,0
115333,0
115334,0
115335,0
115336,0
115337,0
115338,0
115339,0
115340,0
115341,0
115342,0
115343,0
115344,0
115345,0
115346,0
115347,0
115348,0
115349,0
115460,0
115461,0
115462,0
115463,0
115464,0
115465,0
115466,0
115467,0
115468,0
115469,0
115470,0
115471,0
115472,0
115473,0
115474,0
115475,0
115476,0
115477,0
115478,0
115479,0
115480,0
115481,0
115482,0
115483,0
115484,0
115485,0
115486,0
115487,0
115488,0
115489,0
115630,0
115631,0
115632,0
115633,0
115634,0
115635,0
115636,0
115637,0
115638,0
115639,0
115640,0
115641,0
115642,0
115643,0
115644,0
115645,0
115646,0
115647,0
115648,0
115649,0
115700,0
115701,0
115702,0
115703,0
115704,0
115705,0
115706,0
115707,0
115708,0
115709,0
115710,0
115711,0
115712,0
115713,0
115714,0
115715,0
115716,0
115717,0
115718,0
115719,0
115770,0
115771,0
115772,0
115773,0
115774,0
115775,0
115776,0
115777,0
115778,0
115779,0
115780,0
115781,0
115782,0
115783,0
115784,0
115785,0
115786,0
115787,0
115788,0
115789,0
115860,0
115861,0
115862,0
115863,0
115864,0
115865,0
115866,0
115867,0
115868,0
115869,0
115870,0
115871,0
115872,0
115873,0
115874,0
115875,0
115876,0
115877,0
115878,0
115879,0
116150,0
116151,0
116152,0
116153,0
116154,0
116155,0
116156,0
116157,0
116158,0
116159,0
116170,0
116171,0
116172,0
116173,0
116174,0
116175,0
116176,0
116177,0
116178,0
116179,0
116180,0
116181,0
116182,0
116183,0
116184,0
116185,0
116186,0
116187,0
116188,0
116189,0
116530,0
116531,0
116532,0
116533,0
116534,0
116535,0
116536,0
116537,0
116538,0
116539,0
116540,0
116541,0
116542,0
116543,0
116544,0
116545,0
116546,0
116547,0
116548,0
116549,0
116730,0
116731,0
116732,0
116733,0
116734,0
116735,0
116736,0
116737,0
116738,0
116739,0
116840,0
116841,0
116842,0
116843,0
116844,0
116845,0
116846,0
116847,0
116848,0
116849,0
116850,0
116851,0
116852,0
116853,0
116854,0
116855,0
116856,0
116857,0
116858,0
116859,0
116860,0
116861,0
116862,0
116863,0
116864,0
116865,0
116866,0
116867,0
116868,0
116869,0
116870,0
116871,0
116872,0
116873,0
116874,0
116875,0
116876,0
116877,0
116878,0
116879,0
117000,0
117001,0
117002,0
117003,0
117004,0
117005,0
117006,0
117007,0
117008,0
117009,0
117010,0
117011,0
117012,0
117013,0
117014,0
117015,0
117016,0
117017,0
117018,0
117019,0
117160,0
117161,0
117162,0
117163,0
117164,0
117165,0
117166,0
117167,0
117168,0
117169,0
117230,0
117231,0
117232,0
117233,0
117234,0
117235,0
117236,0
117237,0
117238,0
117239,0
117340,0
117341,0
117342,0
117343,0
117344,0
117345,0
117346,0
117347,0
117348,0
117349,0
117350,0
117351,0
117352,0
117353,0
117354,0
117355,0
117356,0
117357,0
117358,0
117359,0
117360,0
117361,0
117362,0
117363,0
117364,0
117365,0
117366,0
117367,0
117368,0
117369,0
117370,0
117371,0
117372,0
117373,0
117374,0
117375,0
117376,0
117377,0
117378,0
117379,0
117380,0
117381,0
117382,0
117383,0
117384,0
117385,0
117386,0
117387,0
117388,0
117389,0
117460,0
117461,0
117462,0
117463,0
117464,0
117465,0
117466,0
117467,0
117468,0
117469,0
117590,0
117591,0
117592,0
117593,0
117594,0
117595,0
117596,0
117597,0
117598,0
117599,0
117600,0
117601,0
117602,0
117603,0
117604,0
117605,0
117606,0
117607,0
117608,0
117609,0
117690,0
117691,0
117692,0
117693,0
117694,0
117695,0
117696,0
117697,0
117698,0
117699,0
117700,0
117701,0
117702,0
117703,0
117704,0
117705,0
117706,0
117707,0
117708,0
117709,0
117770,0
117771,0
117772,0
117773,0
117774,0
117775,0
117776,0
117777,0
117778,0
117779,0
117780,0
117781,0
117782,0
117783,0
117784,0
117785,0
117786,0
117787,0
117788,0
117789,0
118210,0
118211,0
118212,0
118213,0
118214,0
118215,0
118216,0
118217,0
118218,0
118219,0
118220,0
118221,0
118222,0
118223,0
118224,0
118225,0
118226,0
118227,0
118228,0
118229,0
118400,0
118401,0
118402,0
118403,0
118404,0
118405,0
118406,0
118407,0
118408,0
118409,0
118470,0
118471,0
118472,0
118473,0
118474,0
118475,0
118476,0
118477,0
118478,0
118479,0
118750,0
118751,0
118752,0
118753,0
118754,0
118755,0
118756,0
118757,0
118758,0
118759,0
118780,0
118781,0
118782,0
118783,0
118784,0
118785,0
118786,0
118787,0
118788,0
118789,0
118810,0
118811,0
118812,0
118813,0
118814,0
118815,0
118816,0
118817,0
118818,0
118819,0
118820,0
118821,0
118822,0
118823,0
118824,0
118825,0
118826,0
118827,0
118828,0
118829,0
118930,0
118931,0
118932,0
118933,0
118934,0
118935,0
118936,0
118937,0
118938,0
118939,0
119030,0
119031,0
119032,0
119033,0
119034,0
119035,0
119036,0
119037,0
119038,0
119039,0
119360,0
119361,0
119362,0
119363,0
119364,0
119365,0
119366,0
119367,0
119368,0
119369,0
119370,0
119371,0
119372,0
119373,0
119374,0
119375,0
119376,0
119377,0
119378,0
119379,0
119590,0
119591,0
119592,0
119593,0
119594,0
119595,0
119596,0
119597,0
119598,0
119599,0
119680,0
119681,0
119682,0
119683,0
119684,0
119685,0
119686,0
119687,0
119688,0
119689,0
119690,0
119691,0
119692,0
119693,0
119694,0
119695,0
119696,0
119697,0
119698,0
119699,0
120010,0
120011,0
120012,0
120013,0
120014,0
120015,0
120016,0
120017,0
120018,0
120019,0
120020,0
120021,0
120022,0
120023,0
120024,0
120025,0
120026,0
120027,0
120028,0
120029,0
120030,0
120031,0
120032,0
120033,0
120034,0
120035,0
120036,0
120037,0
120038,0
120039,0
120040,0
120041,0
120042,0
120043,0
120044,0
120045,0
120046,0
120047,0
120048,0
120049,0
120050,0
120051,0
120052,0
120053,0
120054,0
120055,0
120056,0
120057,0
120058,0
120059,0
120060,0
120061,0
120062,0
120063,0
120064,0
120065,0
120066,0
120067,0
120068,0
120069,0
120070,0
120071,0
120072,0
120073,0
120074,0
120075,0
120076,0
120077,0
120078,0
120079,0
120080,0
120081,0
120082,0
120083,0
120084,0
120085,0
120086,0
120087,0
120088,0
120089,0
120090,0
120091,0
120092,0
120093,0
120094,0
120095,0
120096,0
120097,0
120098,0
120099,0
120100,0
120101,0
120102,0
120103,0
120104,0
120105,0
120106,0
120107,0
120108,0
120109,0
120140,0
120141,0
120142,0
120143,0
120144,0
120145,0
120146,0
120147,0
120148,0
120149,0
120150,0
120151,0
120152,0
120153,0
120154,0
120155,0
120156,0
120157,0
120158,0
120159,0
120160,0
120161,0
120162,0
120163,0
120164,0
120165,0
120166,0
120167,0
120168,0
120169,0
120360,0
120361,0
120362,0
120363,0
120364,0
120365,0
120366,0
120367,0
120368,0
120369,0
120370,0
120371,0
120372,0
120373,0
120374,0
120375,0
120376,0
120377,0
120378,0
120379,0
120380,0
120381,0
120382,0
120383,0
120384,0
120385,0
120386,0
120387,0
120388,0
120389,0
120490,0
120491,0
120492,0
120493,0
120494,0
120495,0
120496,0
120497,0
120498,0
120499,0
120500,0
120501,0
120502,0
120503,0
120504,0
120505,0
120506,0
120507,0
120508,0
120509,0
120510,0
120511,0
120512,0
120513,0
120514,0
120515,0
120516,0
120517,0
120518,0
120519,0
120630,0
120631,0
120632,0
120633,0
120634,0
120635,0
120636,0
120637,0
120638,0
120639,0
120640,0
120641,0
120642,0
120643,0
120644,0
120645,0
120646,0
120647,0
120648,0
120649,0
120970,0
120971,0
120972,0
120973,0
120974,0
120975,0
120976,0
120977,0
120978,0
120979,0
120980,0
120981,0
120982,0
120983,0
120984,0
120985,0
120986,0
120987,0
120988,0
120989,0
120990,0
120991,0
120992,0
120993,0
120994,0
120995,0
120996,0
120997,0
120998,0
120999,0
121250,0
121251,0
121252,0
121253,0
121254,0
121255,0
121256,0
121257,0
121258,0
121259,0
121260,0
121261,0
121262,0
121263,0
121264,0
121265,0
121266,0
121267,0
121268,0
121269,0
121290,0
121291,0
121292,0
121293,0
121294,0
121295,0
121296,0
121297,0
121298,0
121299,0
121300,0
121301,0
121302,0
121303,0
121304,0
121305,0
121306,0
121307,0
121308,0
121309,0
121310,0
121311,0
121312,0
121313,0
121314,0
121315,0
121316,0
121317,0
121318,0
121319,0
121320,0
121321,0
121322,0
121323,0
121324,0
121325,0
121326,0
121327,0
121328,0
121329,0
121330,0
121331,0
121332,0
121333,0
121334,0
121335,0
121336,0
121337,0
121338,0
121339,0
121340,0
121341,0
121342,0
121343,0
121344,0
121345,0
121346,0
121347,0
121348,0
121349,0
121350,0
121351,0
121352,0
121353,0
121354,0
121355,0
121356,0
121357,0
121358,0
121359,0
121510,0
121511,0
121512,0
121513,0
121514,0
121515,0
121516,0
121517,0
121518,0
121519,0
121520,0
121521,0
121522,0
121523,0
121524,0
121525,0
121526,0
121527,0
121528,0
121529,0
121530,0
121531,0
121532,0
121533,0
121534,0
121535,0
121536,0
121537,0
121538,0
121539,0
121560,0
121561,0
121562,0
121563,0
121564,0
121565,0
121566,0
121567,0
121568,0
121569,0
121570,0
121571,0
121572,0
121573,0
121574,0
121575,0
121576,0
121577,0
121578,0
121579,0
121580,0
121581,0
121582,0
121583,0
121584,0
121585,0
121586,0
121587,0
121588,0
121589,0
121590,0
121591,0
121592,0
121593,0
121594,0
121595,0
121596,0
121597,0
121598,0
121599,0
121600,0
121601,0
121602,0
121603,0
121604,0
121605,0
121606,0
121607,0
121608,0
121609,0
121610,0
121611,0
121612,0
121613,0
121614,0
121615,0
121616,0
121617,0
121618,0
121619,0
121870,0
121871,0
121872,0
121873,0
121874,0
121875,0
121876,0
121877,0
121878,0
121879,0
121900,0
121901,0
121902,0
121903,0
121904,0
121905,0
121906,0
121907,0
121908,0
121909,0
121920,0
121921,0
121922,0
121923,0
121924,0
121925,0
121926,0
121927,0
121928,0
121929,0
122070,0
122071,0
122072,0
122073,0
122074,0
122075,0
122076,0
122077,0
122078,0
122079,0
122080,0
122081,0
122082,0
122083,0
122084,0
122085,0
122086,0
122087,0
122088,0
122089,0
122110,0
122111,0
122112,0
122113,0
122114,0
122115,0
122116,0
122117,0
122118,0
122119,0
122130,0
122131,0
122132,0
122133,0
122134,0
122135,0
122136,0
122137,0
122138,0
122139,0
122180,0
122181,0
122182,0
122183,0
122184,0
122185,0
122186,0
122187,0
122188,0
122189,0
122200,0
122201,0
122202,0
122203,0
122204,0
122205,0
122206,0
122207,0
122208,0
122209,0
122210,0
122211,0
122212,0
122213,0
122214,0
122215,0
122216,0
122217,0
122218,0
122219,0
122220,0
122221,0
122222,0
122223,0
122224,0
122225,0
122226,0
122227,0
122228,0
122229,0
122300,0
122301,0
122302,0
122303,0
122304,0
122305,0
122306,0
122307,0
122308,0
122309,0
122310,0
122311,0
122312,0
122313,0
122314,0
122315,0
122316,0
122317,0
122318,0
122319,0
122320,0
122321,0
122322,0
122323,0
122324,0
122325,0
122326,0
122327,0
122328,0
122329,0
122450,0
122451,0
122452,0
122453,0
122454,0
122455,0
122456,0
122457,0
122458,0
122459,0
122460,0
122461,0
122462,0
122463,0
122464,0
122465,0
122466,0
122467,0
122468,0
122469,0
122470,0
122471,0
122472,0
122473,0
122474,0
122475,0
122476,0
122477,0
122478,0
122479,0
122480,0
122481,0
122482,0
122483,0
122484,0
122485,0
122486,0
122487,0
122488,0
122489,0
122490,0
122491,0
122492,0
122493,0
122494,0
122495,0
122496,0
122497,0
122498,0
122499,0
122500,0
122501,0
122502,0
122503,0
122504,0
122505,0
122506,0
122507,0
122508,0
122509,0
122530,0
122531,0
122532,0
122533,0
122534,0
122535,0
122536,0
122537,0
122538,0
122539,0
122540,0
122541,0
122542,0
122543,0
122544,0
122545,0
122546,0
122547,0
122548,0
122549,0
122660,0
122661,0
122662,0
122663,0
122664,0
122665,0
122666,0
122667,0
122668,0
122669,0
122670,0
122671,0
122672,0
122673,0
122674,0
122675,0
122676,0
122677,0
122678,0
122679,0
122730,0
122731,0
122732,0
122733,0
122734,0
122735,0
122736,0
122737,0
122738,0
122739,0
122740,0
122741,0
122742,0
122743,0
122744,0
122745,0
122746,0
122747,0
122748,0
122749,0
123020,0
123021,0
123022,0
123023,0
123024,0
123025,0
123026,0
123027,0
123028,0
123029,0
123030,0
123031,0
123032,0
123033,0
123034,0
123035,0
123036,0
123037,0
123038,0
123039,0
123040,0
123041,0
123042,0
123043,0
123044,0
123045,0
123046,0
123047,0
123048,0
123049,0
123250,0
123251,0
123252,0
123253,0
123254,0
123255,0
123256,0
123257,0
123258,0
123259,0
123260,0
123261,0
123262,0
123263,0
123264,0
123265,0
123266,0
123267,0
123268,0
123269,0
123270,0
123271,0
123272,0
123273,0
123274,0
123275,0
123276,0
123277,0
123278,0
123279,0
123310,0
123311,0
123312,0
123313,0
123314,0
123315,0
123316,0
123317,0
123318,0
123319,0
123320,0
123321,0
123322,0
123323,0
123324,0
123325,0
123326,0
123327,0
123328,0
123329,0
123510,0
123511,0
123512,0
123513,0
123514,0
123515,0
123516,0
123517,0
123518,0
123519,0
123520,0
123521,0
123522,0
123523,0
123524,0
123525,0
123526,0
123527,0
123528,0
123529,0
123600,0
123601,0
123602,0
123603,0
123604,0
123605,0
123606,0
123607,0
123608,0
123609,0
123610,0
123611,0
123612,0
123613,0
123614,0
123615,0
123616,0
123617,0
123618,0
123619,0
123620,0
123621,0
123622,0
123623,0
123624,0
123625,0
123626,0
123627,0
123628,0
123629,0
123690,0
123691,0
123692,0
123693,0
123694,0
123695,0
123696,0
123697,0
123698,0
123699,0
123700,0
123701,0
123702,0
123703,0
123704,0
123705,0
123706,0
123707,0
123708,0
123709,0
123710,0
123711,0
123712,0
123713,0
123714,0
123715,0
123716,0
123717,0
123718,0
123719,0
123720,0
123721,0
123722,0
123723,0
123724,0
123725,0
123726,0
123727,0
123728,0
123729,0
123730,0
123731,0
123732,0
123733,0
123734,0
123735,0
123736,0
123737,0
123738,0
123739,0
123800,0
123801,0
123802,0
123803,0
123804,0
123805,0
123806,0
123807,0
123808,0
123809,0
123920,0
123921,0
123922,0
123923,0
123924,0
123925,0
123926,0
123927,0
123928,0
123929,0
123930,0
123931,0
123932,0
123933,0
123934,0
123935,0
123936,0
123937,0
123938,0
123939,0
124080,0
124081,0
124082,0
124083,0
124084,0
124085,0
124086,0
124087,0
124088,0
124089,0
124090,0
124091,0
124092,0
124093,0
124094,0
124095,0
124096,0
124097,0
124098,0
124099,0
124260,0
124261,0
124262,0
124263,0
124264,0
124265,0
124266,0
124267,0
124268,0
124269,0
124270,0
124271,0
124272,0
124273,0
124274,0
124275,0
124276,0
124277,0
124278,0
124279,0
124470,0
124471,0
124472,0
124473,0
124474,0
124475,0
124476,0
124477,0
124478,0
124479,0
124480,0
124481,0
124482,0
124483,0
124484,0
124485,0
124486,0
124487,0
124488,0
124489,0
124490,0
124491,0
124492,0
124493,0
124494,0
124495,0
124496,0
124497,0
124498,0
124499,0
124520,0
124521,0
124522,0
124523,0
124524,0
124525,0
124526,0
124527,0
124528,0
124529,0
124530,0
124531,0
124532,0
124533,0
124534,0
124535,0
124536,0
124537,0
124538,0
124539,0
124540,0
124541,0
124542,0
124543,0
124544,0
124545,0
124546,0
124547,0
124548,0
124549,0
124670,0
124671,0
124672,0
124673,0
124674,0
124675,0
124676,0
124677,0
124678,0
124679,0
124680,0
124681,0
124682,0
124683,0
124684,0
124685,0
124686,0
124687,0
124688,0
124689,0
124750,0
124751,0
124752,0
124753,0
124754,0
124755,0
124756,0
124757,0
124758,0
124759,0
124760,0
124761,0
124762,0
124763,0
124764,0
124765,0
124766,0
124767,0
124768,0
124769,0
124910,0
124911,0
124912,0
124913,0
124914,0
124915,0
124916,0
124917,0
124918,0
124919,0
125050,0
125051,0
125052,0
125053,0
125054,0
125055,0
125056,0
125057,0
125058,0
125059,0
125060,0
125061,0
125062,0
125063,0
125064,0
125065,0
125066,0
125067,0
125068,0
125069,0
125070,0
125071,0
125072,0
125073,0
125074,0
125075,0
125076,0
125077,0
125078,0
125079,0
125100,0
125101,0
125102,0
125103,0
125104,0
125105,0
125106,0
125107,0
125108,0
125109,0
125110,0
125111,0
125112,0
125113,0
125114,0
125115,0
125116,0
125117,0
125118,0
125119,0
125330,0
125331,0
125332,0
125333,0
125334,0
125335,0
125336,0
125337,0
125338,0
125339,0
125340,0
125341,0
125342,0
125343,0
125344,0
125345,0
125346,0
125347,0
125348,0
125349,0
125370,0
125371,0
125372,0
125373,0
125374,0
125375,0
125376,0
125377,0
125378,0
125379,0
125380,0
125381,0
125382,0
125383,0
125384,0
125385,0
125386,0
125387,0
125388,0
125389,0
125390,0
125391,0
125392,0
125393,0
125394,0
125395,0
125396,0
125397,0
125398,0
125399,0
125400,0
125401,0
125402,0
125403,0
125404,0
125405,0
125406,0
125407,0
125408,0
125409,0
125410,0
125411,0
125412,0
125413,0
125414,0
125415,0
125416,0
125417,0
125418,0
125419,0
125420,0
125421,0
125422,0
125423,0
125424,0
125425,0
125426,0
125427,0
125428,0
125429,0
125430,0
125431,0
125432,0
125433,0
125434,0
125435,0
125436,0
125437,0
125438,0
125439,0
125560,0
125561,0
125562,0
125563,0
125564,0
125565,0
125566,0
125567,0
125568,0
125569,0
125570,0
125571,0
125572,0
125573,0
125574,0
125575,0
125576,0
125577,0
125578,0
125579,0
125790,0
125791,0
125792,0
125793,0
125794,0
125795,0
125796,0
125797,0
125798,0
125799,0
125830,0
125831,0
125832,0
125833,0
125834,0
125835,0
125836,0
125837,0
125838,0
125839,0
125890,0
125891,0
125892,0
125893,0
125894,0
125895,0
125896,0
125897,0
125898,0
125899,0
125920,0
125921,0
125922,0
125923,0
125924,0
125925,0
125926,0
125927,0
125928,0
125929,0
125930,0
125931,0
125932,0
125933,0
125934,0
125935,0
125936,0
125937,0
125938,0
125939,0
125970,0
125971,0
125972,0
125973,0
125974,0
125975,0
125976,0
125977,0
125978,0
125979,0
125980,0
125981,0
125982,0
125983,0
125984,0
125985,0
125986,0
125987,0
125988,0
125989,0
126040,0
126041,0
126042,0
126043,0
126044,0
126045,0
126046,0
126047,0
126048,0
126049,0
126060,0
126061,0
126062,0
126063,0
126064,0
126065,0
126066,0
126067,0
126068,0
126069,0
126070,0
126071,0
126072,0
126073,0
126074,0
126075,0
126076,0
126077,0
126078,0
126079,0
126110,0
126111,0
126112,0
126113,0
126114,0
126115,0
126116,0
126117,0
126118,0
126119,0
126320,0
126321,0
126322,0
126323,0
126324,0
126325,0
126326,0
126327,0
126328,0
126329,0
126360,0
126361,0
126362,0
126363,0
126364,0
126365,0
126366,0
126367,0
126368,0
126369,0
126470,0
126471,0
126472,0
126473,0
126474,0
126475,0
126476,0
126477,0
126478,0
126479,0
126490,0
126491,0
126492,0
126493,0
126494,0
126495,0
126496,0
126497,0
126498,0
126499,0
126530,0
126531,0
126532,0
126533,0
126534,0
126535,0
126536,0
126537,0
126538,0
126539,0
126550,0
126551,0
126552,0
126553,0
126554,0
126555,0
126556,0
126557,0
126558,0
126559,0
126590,0
126591,0
126592,0
126593,0
126594,0
126595,0
126596,0
126597,0
126598,0
126599,0
126610,0
126611,0
126612,0
126613,0
126614,0
126615,0
126616,0
126617,0
126618,0
126619,0
126710,0
126711,0
126712,0
126713,0
126714,0
126715,0
126716,0
126717,0
126718,0
126719,0
126740,0
126741,0
126742,0
126743,0
126744,0
126745,0
126746,0
126747,0
126748,0
126749,0
126810,0
126811,0
126812,0
126813,0
126814,0
126815,0
126816,0
126817,0
126818,0
126819,0
126830,0
126831,0
126832,0
126833,0
126834,0
126835,0
126836,0
126837,0
126838,0
126839,0
126840,0
126841,0
126842,0
126843,0
126844,0
126845,0
126846,0
126847,0
126848,0
126849,0
126910,0
126911,0
126912,0
126913,0
126914,0
126915,0
126916,0
126917,0
126918,0
126919,0
126960,0
126961,0
126962,0
126963,0
126964,0
126965,0
126966,0
126967,0
126968,0
126969,0
127000,0
127001,0
127002,0
127003,0
127004,0
127005,0
127006,0
127007,0
127008,0
127009,0
127010,0
127011,0
127012,0
127013,0
127014,0
127015,0
127016,0
127017,0
127018,0
127019,0
127210,0
127211,0
127212,0
127213,0
127214,0
127215,0
127216,0
127217,0
127218,0
127219,0
127220,0
127221,0
127222,0
127223,0
127224,0
127225,0
127226,0
127227,0
127228,0
127229,0
127230,0
127231,0
127232,0
127233,0
127234,0
127235,0
127236,0
127237,0
127238,0
127239,0
127350,0
127351,0
127352,0
127353,0
127354,0
127355,0
127356,0
127357,0
127358,0
127359,0
127360,0
127361,0
127362,0
127363,0
127364,0
127365,0
127366,0
127367,0
127368,0
127369,0
127370,0
127371,0
127372,0
127373,0
127374,0
127375,0
127376,0
127377,0
127378,0
127379,0
127380,0
127381,0
127382,0
127383,0
127384,0
127385,0
127386,0
127387,0
127388,0
127389,0
127390,0
127391,0
127392,0
127393,0
127394,0
127395,0
127396,0
127397,0
127398,0
127399,0
127400,0
127401,0
127402,0
127403,0
127404,0
127405,0
127406,0
127407,0
127408,0
127409,0
127430,0
127431,0
127432,0
127433,0
127434,0
127435,0
127436,0
127437,0
127438,0
127439,0
127540,0
127541,0
127542,0
127543,0
127544,0
127545,0
127546,0
127547,0
127548,0
127549,0
127910,0
127911,0
127912,0
127913,0
127914,0
127915,0
127916,0
127917,0
127918,0
127919,0
127920,0
127921,0
127922,0
127923,0
127924,0
127925,0
127926,0
127927,0
127928,0
127929,0
127930,0
127931,0
127932,0
127933,0
127934,0
127935,0
127936,0
127937,0
127938,0
127939,0
127940,0
127941,0
127942,0
127943,0
127944,0
127945,0
127946,0
127947,0
127948,0
127949,0
127950,0
127951,0
127952,0
127953,0
127954,0
127955,0
127956,0
127957,0
127958,0
127959,0
127980,0
127981,0
127982,0
127983,0
127984,0
127985,0
127986,0
127987,0
127988,0
127989,0
127990,0
127991,0
127992,0
127993,0
127994,0
127995,0
127996,0
127997,0
127998,0
127999,0
128020,0
128021,0
128022,0
128023,0
128024,0
128025,0
128026,0
128027,0
128028,0
128029,0
128030,0
128031,0
128032,0
128033,0
128034,0
128035,0
128036,0
128037,0
128038,0
128039,0
128040,0
128041,0
128042,0
128043,0
128044,0
128045,0
128046,0
128047,0
128048,0
128049,0
128050,0
128051,0
128052,0
128053,0
128054,0
128055,0
128056,0
128057,0
128058,0
128059,0
128060,0
128061,0
128062,0
128063,0
128064,0
128065,0
128066,0
128067,0
128068,0
128069,0
128090,0
128091,0
128092,0
128093,0
128094,0
128095,0
128096,0
128097,0
128098,0
128099,0
128100,0
128101,0
128102,0
128103,0
128104,0
128105,0
128106,0
128107,0
128108,0
128109,0
128110,0
128111,0
128112,0
128113,0
128114,0
128115,0
128116,0
128117,0
128118,0
128119,0
128170,0
128171,0
128172,0
128173,0
128174,0
128175,0
128176,0
128177,0
128178,0
128179,0
128180,0
128181,0
128182,0
128183,0
128184,0
128185,0
128186,0
128187,0
128188,0
128189,0
128260,0
128261,0
128262,0
128263,0
128264,0
128265,0
128266,0
128267,0
128268,0
128269,0
128270,0
128271,0
128272,0
128273,0
128274,0
128275,0
128276,0
128277,0
128278,0
128279,0
128280,0
128281,0
128282,0
128283,0
128284,0
128285,0
128286,0
128287,0
128288,0
128289,0
128400,0
128401,0
128402,0
128403,0
128404,0
128405,0
128406,0
128407,0
128408,0
128409,0
128420,0
128421,0
128422,0
128423,0
128424,0
128425,0
128426,0
128427,0
128428,0
128429,0
128430,0
128431,0
128432,0
128433,0
128434,0
128435,0
128436,0
128437,0
128438,0
128439,0
128450,0
128451,0
128452,0
128453,0
128454,0
128455,0
128456,0
128457,0
128458,0
128459,0
128460,0
128461,0
128462,0
128463,0
128464,0
128465,0
128466,0
128467,0
128468,0
128469,0
128530,0
128531,0
128532,0
128533,0
128534,0
128535,0
128536,0
128537,0
128538,0
128539,0
128640,0
128641,0
128642,0
128643,0
128644,0
128645,0
128646,0
128647,0
128648,0
128649,0
128650,0
128651,0
128652,0
128653,0
128654,0
128655,0
128656,0
128657,0
128658,0
128659,0
128780,0
128781,0
128782,0
128783,0
128784,0
128785,0
128786,0
128787,0
128788,0
128789,0
128790,0
128791,0
128792,0
128793,0
128794,0
128795,0
128796,0
128797,0
128798,0
128799,0
128840,0
128841,0
128842,0
128843,0
128844,0
128845,0
128846,0
128847,0
128848,0
128849,0
128850,0
128851,0
128852,0
128853,0
128854,0
128855,0
128856,0
128857,0
128858,0
128859,0
128860,0
128861,0
128862,0
128863,0
128864,0
128865,0
128866,0
128867,0
128868,0
128869,0
128870,0
128871,0
128872,0
128873,0
128874,0
128875,0
128876,0
128877,0
128878,0
128879,0
128880,0
128881,0
128882,0
128883,0
128884,0
128885,0
128886,0
128887,0
128888,0
128889,0
128890,0
128891,0
128892,0
128893,0
128894,0
128895,0
128896,0
128897,0
128898,0
128899,0
129030,0
129031,0
129032,0
129033,0
129034,0
129035,0
129036,0
129037,0
129038,0
129039,0
129040,0
129041,0
129042,0
129043,0
129044,0
129045,0
129046,0
129047,0
129048,0
129049,0
129050,0
129051,0
129052,0
129053,0
129054,0
129055,0
129056,0
129057,0
129058,0
129059,0
129060,0
129061,0
129062,0
129063,0
129064,0
129065,0
129066,0
129067,0
129068,0
129069,0
129070,0
129071,0
129072,0
129073,0
129074,0
129075,0
129076,0
129077,0
129078,0
129079,0
129210,0
129211,0
129212,0
129213,0
129214,0
129215,0
129216,0
129217,0
129218,0
129219,0
129250,0
129251,0
129252,0
129253,0
129254,0
129255,0
129256,0
129257,0
129258,0
129259,0
129260,0
129261,0
129262,0
129263,0
129264,0
129265,0
129266,0
129267,0
129268,0
129269,0
129270,0
129271,0
129272,0
129273,0
129274,0
129275,0
129276,0
129277,0
129278,0
129279,0
129330,0
129331,0
129332,0
129333,0
129334,0
129335,0
129336,0
129337,0
129338,0
129339,0
129480,0
129481,0
129482,0
129483,0
129484,0
129485,0
129486,0
129487,0
129488,0
129489,0
129490,0
129491,0
129492,0
129493,0
129494,0
129495,0
129496,0
129497,0
129498,0
129499,0
129500,0
129501,0
129502,0
129503,0
129504,0
129505,0
129506,0
129507,0
129508,0
129509,0
129510,0
129511,0
129512,0
129513,0
129514,0
129515,0
129516,0
129517,0
129518,0
129519,0
129520,0
129521,0
129522,0
129523,0
129524,0
129525,0
129526,0
129527,0
129528,0
129529,0
129700,0
129701,0
129702,0
129703,0
129704,0
129705,0
129706,0
129707,0
129708,0
129709,0
129710,0
129711,0
129712,0
129713,0
129714,0
129715,0
129716,0
129717,0
129718,0
129719,0
129720,0
129721,0
129722,0
129723,0
129724,0
129725,0
129726,0
129727,0
129728,0
129729,0
129730,0
129731,0
129732,0
129733,0
129734,0
129735,0
129736,0
129737,0
129738,0
129739,0
129740,0
129741,0
129742,0
129743,0
129744,0
129745,0
129746,0
129747,0
129748,0
129749,0
129830,0
129831,0
129832,0
129833,0
129834,0
129835,0
129836,0
129837,0
129838,0
129839,0
129840,0
129841,0
129842,0
129843,0
129844,0
129845,0
129846,0
129847,0
129848,0
129849,0
129890,0
129891,0
129892,0
129893,0
129894,0
129895,0
129896,0
129897,0
129898,0
129899,0
129900,0
129901,0
129902,0
129903,0
129904,0
129905,0
129906,0
129907,0
129908,0
129909,0
129910,0
129911,0
129912,0
129913,0
129914,0
129915,0
129916,0
129917,0
129918,0
129919,0
130010,0
130011,0
130012,0
130013,0
130014,0
130015,0
130016,0
130017,0
130018,0
130019,0
130030,0
130031,0
130032,0
130033,0
130034,0
130035,0
130036,0
130037,0
130038,0
130039,0
130120,0
130121,0
130122,0
130123,0
130124,0
130125,0
130126,0
130127,0
130128,0
130129,0
130130,0
130131,0
130132,0
130133,0
130134,0
130135,0
130136,0
130137,0
130138,0
130139,0
130180,0
130181,0
130182,0
130183,0
130184,0
130185,0
130186,0
130187,0
130188,0
130189,0
130190,0
130191,0
130192,0
130193,0
130194,0
130195,0
130196,0
130197,0
130198,0
130199,0
130200,0
130201,0
130202,0
130203,0
130204,0
130205,0
130206,0
130207,0
130208,0
130209,0
130210,0
130211,0
130212,0
130213,0
130214,0
130215,0
130216,0
130217,0
130218,0
130219,0
130290,0
130291,0
130292,0
130293,0
130294,0
130295,0
130296,0
130297,0
130298,0
130299,0
130300,0
130301,0
130302,0
130303,0
130304,0
130305,0
130306,0
130307,0
130308,0
130309,0
130310,0
130311,0
130312,0
130313,0
130314,0
130315,0
130316,0
130317,0
130318,0
130319,0
130480,0
130481,0
130482,0
130483,0
130484,0
130485,0
130486,0
130487,0
130488,0
130489,0
130490,0
130491,0
130492,0
130493,0
130494,0
130495,0
130496,0
130497,0
130498,0
130499,0
130530,0
130531,0
130532,0
130533,0
130534,0
130535,0
130536,0
130537,0
130538,0
130539,0
130540,0
130541,0
130542,0
130543,0
130544,0
130545,0
130546,0
130547,0
130548,0
130549,0
130660,0
130661,0
130662,0
130663,0
130664,0
130665,0
130666,0
130667,0
130668,0
130669,0
130670,0
130671,0
130672,0
130673,0
130674,0
130675,0
130676,0
130677,0
130678,0
130679,0
130720,0
130721,0
130722,0
130723,0
130724,0
130725,0
130726,0
130727,0
130728,0
130729,0
130730,0
130731,0
130732,0
130733,0
130734,0
130735,0
130736,0
130737,0
130738,0
130739,0
130890,0
130891,0
130892,0
130893,0
130894,0
130895,0
130896,0
130897,0
130898,0
130899,0
130900,0
130901,0
130902,0
130903,0
130904,0
130905,0
130906,0
130907,0
130908,0
130909,0
130940,0
130941,0
130942,0
130943,0
130944,0
130945,0
130946,0
130947,0
130948,0
130949,0
131000,0
131001,0
131002,0
131003,0
131004,0
131005,0
131006,0
131007,0
131008,0
131009,0
131010,0
131011,0
131012,0
131013,0
131014,0
131015,0
131016,0
131017,0
131018,0
131019,0
131060,0
131061,0
131062,0
131063,0
131064,0
131065,0
131066,0
131067,0
131068,0
131069,0
131090,0
131091,0
131092,0
131093,0
131094,0
131095,0
131096,0
131097,0
131098,0
131099,0
131100,0
131101,0
131102,0
131103,0
131104,0
131105,0
131106,0
131107,0
131108,0
131109,0
131110,0
131111,0
131112,0
131113,0
131114,0
131115,0
131116,0
131117,0
131118,0
131119,0
131120,0
131121,0
131122,0
131123,0
131124,0
131125,0
131126,0
131127,0
131128,0
131129,0
131180,0
131181,0
131182,0
131183,0
131184,0
131185,0
131186,0
131187,0
131188,0
131189,0
131190,0
131191,0
131192,0
131193,0
131194,0
131195,0
131196,0
131197,0
131198,0
131199,0
131290,0
131291,0
131292,0
131293,0
131294,0
131295,0
131296,0
131297,0
131298,0
131299,0
131300,0
131301,0
131302,0
131303,0
131304,0
131305,0
131306,0
131307,0
131308,0
131309,0
131340,0
131341,0
131342,0
131343,0
131344,0
131345,0
131346,0
131347,0
131348,0
131349,0
131350,0
131351,0
131352,0
131353,0
131354,0
131355,0
131356,0
131357,0
131358,0
131359,0
131360,0
131361,0
131362,0
131363,0
131364,0
131365,0
131366,0
131367,0
131368,0
131369,0
131530,0
131531,0
131532,0
131533,0
131534,0
131535,0
131536,0
131537,0
131538,0
131539,0
131670,0
131671,0
131672,0
131673,0
131674,0
131675,0
131676,0
131677,0
131678,0
131679,0
131680,0
131681,0
131682,0
131683,0
131684,0
131685,0
131686,0
131687,0
131688,0
131689,0
131690,0
131691,0
131692,0
131693,0
131694,0
131695,0
131696,0
131697,0
131698,0
131699,0
131770,0
131771,0
131772,0
131773,0
131774,0
131775,0
131776,0
131777,0
131778,0
131779,0
131880,0
131881,0
131882,0
131883,0
131884,0
131885,0
131886,0
131887,0
131888,0
131889,0
131890,0
131891,0
131892,0
131893,0
131894,0
131895,0
131896,0
131897,0
131898,0
131899,0
131900,0
131901,0
131902,0
131903,0
131904,0
131905,0
131906,0
131907,0
131908,0
131909,0
132190,0
132191,0
132192,0
132193,0
132194,0
132195,0
132196,0
132197,0
132198,0
132199,0
132220,0
132221,0
132222,0
132223,0
132224,0
132225,0
132226,0
132227,0
132228,0
132229,0
132230,0
132231,0
132232,0
132233,0
132234,0
132235,0
132236,0
132237,0
132238,0
132239,0
132240,0
132241,0
132242,0
132243,0
132244,0
132245,0
132246,0
132247,0
132248,0
132249,0
132330,0
132331,0
132332,0
132333,0
132334,0
132335,0
132336,0
132337,0
132338,0
132339,0
132410,0
132411,0
132412,0
132413,0
132414,0
132415,0
132416,0
132417,0
132418,0
132419,0
132420,0
132421,0
132422,0
132423,0
132424,0
132425,0
132426,0
132427,0
132428,0
132429,0
132430,0
132431,0
132432,0
132433,0
132434,0
132435,0
132436,0
132437,0
132438,0
132439,0
132440,0
132441,0
132442,0
132443,0
132444,0
132445,0
132446,0
132447,0
132448,0
132449,0
132450,0
132451,0
132452,0
132453,0
132454,0
132455,0
132456,0
132457,0
132458,0
132459,0
132510,0
132511,0
132512,0
132513,0
132514,0
132515,0
132516,0
132517,0
132518,0
132519,0
132670,0
132671,0
132672,0
132673,0
132674,0
132675,0
132676,0
132677,0
132678,0
132679,0
132770,0
132771,0
132772,0
132773,0
132774,0
132775,0
132776,0
132777,0
132778,0
132779,0
132780,0
132781,0
132782,0
132783,0
132784,0
132785,0
132786,0
132787,0
132788,0
132789,0
132790,0
132791,0
132792,0
132793,0
132794,0
132795,0
132796,0
132797,0
132798,0
132799,0
132800,0
132801,0
132802,0
132803,0
132804,0
132805,0
132806,0
132807,0
132808,0
132809,0
132810,0
132811,0
132812,0
132813,0
132814,0
132815,0
132816,0
132817,0
132818,0
132819,0
132820,0
132821,0
132822,0
132823,0
132824,0
132825,0
132826,0
132827,0
132828,0
132829,0
132930,0
132931,0
132932,0
132933,0
132934,0
132935,0
132936,0
132937,0
132938,0
132939,0
132940,0
132941,0
132942,0
132943,0
132944,0
132945,0
132946,0
132947,0
132948,0
132949,0
132950,0
132951,0
132952,0
132953,0
132954,0
132955,0
132956,0
132957,0
132958,0
132959,0
132960,0
132961,0
132962,0
132963,0
132964,0
132965,0
132966,0
132967,0
132968,0
132969,0
132970,0
132971,0
132972,0
132973,0
132974,0
132975,0
132976,0
132977,0
132978,0
132979,0
132980,0
132981,0
132982,0
132983,0
132984,0
132985,0
132986,0
132987,0
132988,0
132989,0
132990,0
132991,0
132992,0
132993,0
132994,0
132995,0
132996,0
132997,0
132998,0
132999,0
133000,0
133001,0
133002,0
133003,0
133004,0
133005,0
133006,0
133007,0
133008,0
133009,0
133200,0
133201,0
133202,0
133203,0
133204,0
133205,0
133206,0
133207,0
133208,0
133209,0
133210,0
133211,0
133212,0
133213,0
133214,0
133215,0
133216,0
133217,0
133218,0
133219,0
133220,0
133221,0
133222,0
133223,0
133224,0
133225,0
133226,0
133227,0
133228,0
133229,0
133330,0
133331,0
133332,0
133333,0
133334,0
133335,0
133336,0
133337,0
133338,0
133339,0
133340,0
133341,0
133342,0
133343,0
133344,0
133345,0
133346,0
133347,0
133348,0
133349,0
133350,0
133351,0
133352,0
133353,0
133354,0
133355,0
133356,0
133357,0
133358,0
133359,0
133420,0
133421,0
133422,0
133423,0
133424,0
133425,0
133426,0
133427,0
133428,0
133429,0
133480,0
133481,0
133482,0
133483,0
133484,0
133485,0
133486,0
133487,0
133488,0
133489,0
133490,0
133491,0
133492,0
133493,0
133494,0
133495,0
133496,0
133497,0
133498,0
133499,0
133500,0
133501,0
133502,0
133503,0
133504,0
133505,0
133506,0
133507,0
133508,0
133509,0
133510,0
133511,0
133512,0
133513,0
133514,0
133515,0
133516,0
133517,0
133518,0
133519,0
133520,0
133521,0
133522,0
133523,0
133524,0
133525,0
133526,0
133527,0
133528,0
133529,0
133530,0
133531,0
133532,0
133533,0
133534,0
133535,0
133536,0
133537,0
133538,0
133539,0
133590,0
133591,0
133592,0
133593,0
133594,0
133595,0
133596,0
133597,0
133598,0
133599,0
133600,0
133601,0
133602,0
133603,0
133604,0
133605,0
133606,0
133607,0
133608,0
133609,0
133610,0
133611,0
133612,0
133613,0
133614,0
133615,0
133616,0
133617,0
133618,0
133619,0
133620,0
133621,0
133622,0
133623,0
133624,0
133625,0
133626,0
133627,0
133628,0
133629,0
133630,0
133631,0
133632,0
133633,0
133634,0
133635,0
133636,0
133637,0
133638,0
133639,0
133660,0
133661,0
133662,0
133663,0
133664,0
133665,0
133666,0
133667,0
133668,0
133669,0
133670,0
133671,0
133672,0
133673,0
133674,0
133675,0
133676,0
133677,0
133678,0
133679,0
133920,0
133921,0
133922,0
133923,0
133924,0
133925,0
133926,0
133927,0
133928,0
133929,0
133930,0
133931,0
133932,0
133933,0
133934,0
133935,0
133936,0
133937,0
133938,0
133939,0
133940,0
133941,0
133942,0
133943,0
133944,0
133945,0
133946,0
133947,0
133948,0
133949,0
133950,0
133951,0
133952,0
133953,0
133954,0
133955,0
133956,0
133957,0
133958,0
133959,0
133960,0
133961,0
133962,0
133963,0
133964,0
133965,0
133966,0
133967,0
133968,0
133969,0
133970,0
133971,0
133972,0
133973,0
133974,0
133975,0
133976,0
133977,0
133978,0
133979,0
133980,0
133981,0
133982,0
133983,0
133984,0
133985,0
133986,0
133987,0
133988,0
133989,0
134130,0
134131,0
134132,0
134133,0
134134,0
134135,0
134136,0
134137,0
134138,0
134139,0
134140,0
134141,0
134142,0
134143,0
134144,0
134145,0
134146,0
134147,0
134148,0
134149,0
134150,0
134151,0
134152,0
134153,0
134154,0
134155,0
134156,0
134157,0
134158,0
134159,0
134160,0
134161,0
134162,0
134163,0
134164,0
134165,0
134166,0
134167,0
134168,0
134169,0
134170,0
134171,0
134172,0
134173,0
134174,0
134175,0
134176,0
134177,0
134178,0
134179,0
134180,0
134181,0
134182,0
134183,0
134184,0
134185,0
134186,0
134187,0
134188,0
134189,0
134190,0
134191,0
134192,0
134193,0
134194,0
134195,0
134196,0
134197,0
134198,0
134199,0
134280,0
134281,0
134282,0
134283,0
134284,0
134285,0
134286,0
134287,0
134288,0
134289,0
134290,0
134291,0
134292,0
134293,0
134294,0
134295,0
134296,0
134297,0
134298,0
134299,0
134460,0
134461,0
134462,0
134463,0
134464,0
134465,0
134466,0
134467,0
134468,0
134469,0
134470,0
134471,0
134472,0
134473,0
134474,0
134475,0
134476,0
134477,0
134478,0
134479,0
134480,0
134481,0
134482,0
134483,0
134484,0
134485,0
134486,0
134487,0
134488,0
134489,0
134490,0
134491,0
134492,0
134493,0
134494,0
134495,0
134496,0
134497,0
134498,0
134499,0
134630,0
134631,0
134632,0
134633,0
134634,0
134635,0
134636,0
134637,0
134638,0
134639,0
134640,0
134641,0
134642,0
134643,0
134644,0
134645,0
134646,0
134647,0
134648,0
134649,0
134800,0
134801,0
134802,0
134803,0
134804,0
134805,0
134806,0
134807,0
134808,0
134809,0
134810,0
134811,0
134812,0
134813,0
134814,0
134815,0
134816,0
134817,0
134818,0
134819,0
134820,0
134821,0
134822,0
134823,0
134824,0
134825,0
134826,0
134827,0
134828,0
134829,0
134850,0
134851,0
134852,0
134853,0
134854,0
134855,0
134856,0
134857,0
134858,0
134859,0
134860,0
134861,0
134862,0
134863,0
134864,0
134865,0
134866,0
134867,0
134868,0
134869,0
134870,0
134871,0
134872,0
134873,0
134874,0
134875,0
134876,0
134877,0
134878,0
134879,0
134890,0
134891,0
134892,0
134893,0
134894,0
134895,0
134896,0
134897,0
134898,0
134899,0
134900,0
134901,0
134902,0
134903,0
134904,0
134905,0
134906,0
134907,0
134908,0
134909,0
134950,0
134951,0
134952,0
134953,0
134954,0
134955,0
134956,0
134957,0
134958,0
134959,0
135080,0
135081,0
135082,0
135083,0
135084,0
135085,0
135086,0
135087,0
135088,0
135089,0
135100,0
135101,0
135102,0
135103,0
135104,0
135105,0
135106,0
135107,0
135108,0
135109,0
135110,0
135111,0
135112,0
135113,0
135114,0
135115,0
135116,0
135117,0
135118,0
135119,0
135200,0
135201,0
135202,0
135203,0
135204,0
135205,0
135206,0
135207,0
135208,0
135209,0
135210,0
135211,0
135212,0
135213,0
135214,0
135215,0
135216,0
135217,0
135218,0
135219,0
135250,0
135251,0
135252,0
135253,0
135254,0
135255,0
135256,0
135257,0
135258,0
135259,0
135260,0
135261,0
135262,0
135263,0
135264,0
135265,0
135266,0
135267,0
135268,0
135269,0
135350,0
135351,0
135352,0
135353,0
135354,0
135355,0
135356,0
135357,0
135358,0
135359,0
135360,0
135361,0
135362,0
135363,0
135364,0
135365,0
135366,0
135367,0
135368,0
135369,0
135420,0
135421,0
135422,0
135423,0
135424,0
135425,0
135426,0
135427,0
135428,0
135429,0
135430,0
135431,0
135432,0
135433,0
135434,0
135435,0
135436,0
135437,0
135438,0
135439,0
135440,0
135441,0
135442,0
135443,0
135444,0
135445,0
135446,0
135447,0
135448,0
135449,0
135450,0
135451,0
135452,0
135453,0
135454,0
135455,0
135456,0
135457,0
135458,0
135459,0
135460,0
135461,0
135462,0
135463,0
135464,0
135465,0
135466,0
135467,0
135468,0
135469,0
135470,0
135471,0
135472,0
135473,0
135474,0
135475,0
135476,0
135477,0
135478,0
135479,0
135530,0
135531,0
135532,0
135533,0
135534,0
135535,0
135536,0
135537,0
135538,0
135539,0
135540,0
135541,0
135542,0
135543,0
135544,0
135545,0
135546,0
135547,0
135548,0
135549,0
135550,0
135551,0
135552,0
135553,0
135554,0
135555,0
135556,0
135557,0
135558,0
135559,0
135590,0
135591,0
135592,0
135593,0
135594,0
135595,0
135596,0
135597,0
135598,0
135599,0
135600,0
135601,0
135602,0
135603,0
135604,0
135605,0
135606,0
135607,0
135608,0
135609,0
135610,0
135611,0
135612,0
135613,0
135614,0
135615,0
135616,0
135617,0
135618,0
135619,0
135840,0
135841,0
135842,0
135843,0
135844,0
135845,0
135846,0
135847,0
135848,0
135849,0
135850,0
135851,0
135852,0
135853,0
135854,0
135855,0
135856,0
135857,0
135858,0
135859,0
136050,0
136051,0
136052,0
136053,0
136054,0
136055,0
136056,0
136057,0
136058,0
136059,0
136060,0
136061,0
136062,0
136063,0
136064,0
136065,0
136066,0
136067,0
136068,0
136069,0
136070,0
136071,0
136072,0
136073,0
136074,0
136075,0
136076,0
136077,0
136078,0
136079,0
136140,0
136141,0
136142,0
136143,0
136144,0
136145,0
136146,0
136147,0
136148,0
136149,0
136190,0
136191,0
136192,0
136193,0
136194,0
136195,0
136196,0
136197,0
136198,0
136199,0
136200,0
136201,0
136202,0
136203,0
136204,0
136205,0
136206,0
136207,0
136208,0
136209,0
136210,0
136211,0
136212,0
136213,0
136214,0
136215,0
136216,0
136217,0
136218,0
136219,0
136300,0
136301,0
136302,0
136303,0
136304,0
136305,0
136306,0
136307,0
136308,0
136309,0
136360,0
136361,0
136362,0
136363,0
136364,0
136365,0
136366,0
136367,0
136368,0
136369,0
136400,0
136401,0
136402,0
136403,0
136404,0
136405,0
136406,0
136407,0
136408,0
136409,0
136650,0
136651,0
136652,0
136653,0
136654,0
136655,0
136656,0
136657,0
136658,0
136659,0
136660,0
136661,0
136662,0
136663,0
136664,0
136665,0
136666,0
136667,0
136668,0
136669,0
136670,0
136671,0
136672,0
136673,0
136674,0
136675,0
136676,0
136677,0
136678,0
136679,0
136680,0
136681,0
136682,0
136683,0
136684,0
136685,0
136686,0
136687,0
136688,0
136689,0
136690,0
136691,0
136692,0
136693,0
136694,0
136695,0
136696,0
136697,0
136698,0
136699,0
136730,0
136731,0
136732,0
136733,0
136734,0
136735,0
136736,0
136737,0
136738,0
136739,0
136740,0
136741,0
136742,0
136743,0
136744,0
136745,0
136746,0
136747,0
136748,0
136749,0
136750,0
136751,0
136752,0
136753,0
136754,0
136755,0
136756,0
136757,0
136758,0
136759,0
137000,0
137001,0
137002,0
137003,0
137004,0
137005,0
137006,0
137007,0
137008,0
137009,0
137050,0
137051,0
137052,0
137053,0
137054,0
137055,0
137056,0
137057,0
137058,0
137059,0
137060,0
137061,0
137062,0
137063,0
137064,0
137065,0
137066,0
137067,0
137068,0
137069,0
137070,0
137071,0
137072,0
137073,0
137074,0
137075,0
137076,0
137077,0
137078,0
137079,0
137130,0
137131,0
137132,0
137133,0
137134,0
137135,0
137136,0
137137,0
137138,0
137139,0
137280,0
137281,0
137282,0
137283,0
137284,0
137285,0
137286,0
137287,0
137288,0
137289,0
137350,0
137351,0
137352,0
137353,0
137354,0
137355,0
137356,0
137357,0
137358,0
137359,0
137360,0
137361,0
137362,0
137363,0
137364,0
137365,0
137366,0
137367,0
137368,0
137369,0
137370,0
137371,0
137372,0
137373,0
137374,0
137375,0
137376,0
137377,0
137378,0
137379,0
137380,0
137381,0
137382,0
137383,0
137384,0
137385,0
137386,0
137387,0
137388,0
137389,0
137390,0
137391,0
137392,0
137393,0
137394,0
137395,0
137396,0
137397,0
137398,0
137399,0
137400,0
137401,0
137402,0
137403,0
137404,0
137405,0
137406,0
137407,0
137408,0
137409,0
137630,0
137631,0
137632,0
137633,0
137634,0
137635,0
137636,0
137637,0
137638,0
137639,0
137640,0
137641,0
137642,0
137643,0
137644,0
137645,0
137646,0
137647,0
137648,0
137649,0
137650,0
137651,0
137652,0
137653,0
137654,0
137655,0
137656,0
137657,0
137658,0
137659,0
137980,0
137981,0
137982,0
137983,0
137984,0
137985,0
137986,0
137987,0
137988,0
137989,0
137990,0
137991,0
137992,0
137993,0
137994,0
137995,0
137996,0
137997,0
137998,0
137999,0
138000,0
138001,0
138002,0
138003,0
138004,0
138005,0
138006,0
138007,0
138008,0
138009,0
138030,0
138031,0
138032,0
138033,0
138034,0
138035,0
138036,0
138037,0
138038,0
138039,0
138040,0
138041,0
138042,0
138043,0
138044,0
138045,0
138046,0
138047,0
138048,0
138049,0
138070,0
138071,0
138072,0
138073,0
138074,0
138075,0
138076,0
138077,0
138078,0
138079,0
138080,0
138081,0
138082,0
138083,0
138084,0
138085,0
138086,0
138087,0
138088,0
138089,0
138460,0
138461,0
138462,0
138463,0
138464,0
138465,0
138466,0
138467,0
138468,0
138469,0
138470,0
138471,0
138472,0
138473,0
138474,0
138475,0
138476,0
138477,0
138478,0
138479,0
138480,0
138481,0
138482,0
138483,0
138484,0
138485,0
138486,0
138487,0
138488,0
138489,0
138570,0
138571,0
138572,0
138573,0
138574,0
138575,0
138576,0
138577,0
138578,0
138579,0
138580,0
138581,0
138582,0
138583,0
138584,0
138585,0
138586,0
138587,0
138588,0
138589,0
138680,0
138681,0
138682,0
138683,0
138684,0
138685,0
138686,0
138687,0
138688,0
138689,0
138690,0
138691,0
138692,0
138693,0
138694,0
138695,0
138696,0
138697,0
138698,0
138699,0
138780,0
138781,0
138782,0
138783,0
138784,0
138785,0
138786,0
138787,0
138788,0
138789,0
138790,0
138791,0
138792,0
138793,0
138794,0
138795,0
138796,0
138797,0
138798,0
138799,0
138800,0
138801,0
138802,0
138803,0
138804,0
138805,0
138806,0
138807,0
138808,0
138809,0
138890,0
138891,0
138892,0
138893,0
138894,0
138895,0
138896,0
138897,0
138898,0
138899,0
138930,0
138931,0
138932,0
138933,0
138934,0
138935,0
138936,0
138937,0
138938,0
138939,0
138940,0
138941,0
138942,0
138943,0
138944,0
138945,0
138946,0
138947,0
138948,0
138949,0
138950,0
138951,0
138952,0
138953,0
138954,0
138955,0
138956,0
138957,0
138958,0
138959,0
138970,0
138971,0
138972,0
138973,0
138974,0
138975,0
138976,0
138977,0
138978,0
138979,0
138990,0
138991,0
138992,0
138993,0
138994,0
138995,0
138996,0
138997,0
138998,0
138999,0
139060,0
139061,0
139062,0
139063,0
139064,0
139065,0
139066,0
139067,0
139068,0
139069,0
139200,0
139201,0
139202,0
139203,0
139204,0
139205,0
139206,0
139207,0
139208,0
139209,0
139220,0
139221,0
139222,0
139223,0
139224,0
139225,0
139226,0
139227,0
139228,0
139229,0
139230,0
139231,0
139232,0
139233,0
139234,0
139235,0
139236,0
139237,0
139238,0
139239,0
139300,0
139301,0
139302,0
139303,0
139304,0
139305,0
139306,0
139307,0
139308,0
139309,0
139310,0
139311,0
139312,0
139313,0
139314,0
139315,0
139316,0
139317,0
139318,0
139319,0
139460,0
139461,0
139462,0
139463,0
139464,0
139465,0
139466,0
139467,0
139468,0
139469,0
139520,0
139521,0
139522,0
139523,0
139524,0
139525,0
139526,0
139527,0
139528,0
139529,0
139530,0
139531,0
139532,0
139533,0
139534,0
139535,0
139536,0
139537,0
139538,0
139539,0
139560,0
139561,0
139562,0
139563,0
139564,0
139565,0
139566,0
139567,0
139568,0
139569,0
139570,0
139571,0
139572,0
139573,0
139574,0
139575,0
139576,0
139577,0
139578,0
139579,0
139580,0
139581,0
139582,0
139583,0
139584,0
139585,0
139586,0
139587,0
139588,0
139589,0
139590,0
139591,0
139592,0
139593,0
139594,0
139595,0
139596,0
139597,0
139598,0
139599,0
139600,0
139601,0
139602,0
139603,0
139604,0
139605,0
139606,0
139607,0
139608,0
139609,0
139660,0
139661,0
139662,0
139663,0
139664,0
139665,0
139666,0
139667,0
139668,0
139669,0
139670,0
139671,0
139672,0
139673,0
139674,0
139675,0
139676,0
139677,0
139678,0
139679,0
139710,0
139711,0
139712,0
139713,0
139714,0
139715,0
139716,0
139717,0
139718,0
139719,0
139720,0
139721,0
139722,0
139723,0
139724,0
139725,0
139726,0
139727,0
139728,0
139729,0
139730,0
139731,0
139732,0
139733,0
139734,0
139735,0
139736,0
139737,0
139738,0
139739,0
139800,0
139801,0
139802,0
139803,0
139804,0
139805,0
139806,0
139807,0
139808,0
139809,0
139880,0
139881,0
139882,0
139883,0
139884,0
139885,0
139886,0
139887,0
139888,0
139889,0
140010,0
140011,0
140012,0
140013,0
140014,0
140015,0
140016,0
140017,0
140018,0
140019,0
140020,0
140021,0
140022,0
140023,0
140024,0
140025,0
140026,0
140027,0
140028,0
140029,0
140090,0
140091,0
140092,0
140093,0
140094,0
140095,0
140096,0
140097,0
140098,0
140099,0
140100,0
140101,0
140102,0
140103,0
140104,0
140105,0
140106,0
140107,0
140108,0
140109,0
140330,0
140331,0
140332,0
140333,0
140334,0
140335,0
140336,0
140337,0
140338,0
140339,0
140430,0
140431,0
140432,0
140433,0
140434,0
140435,0
140436,0
140437,0
140438,0
140439,0
140440,0
140441,0
140442,0
140443,0
140444,0
140445,0
140446,0
140447,0
140448,0
140449,0
140450,0
140451,0
140452,0
140453,0
140454,0
140455,0
140456,0
140457,0
140458,0
140459,0
140460,0
140461,0
140462,0
140463,0
140464,0
140465,0
140466,0
140467,0
140468,0
140469,0
140490,0
140491,0
140492,0
140493,0
140494,0
140495,0
140496,0
140497,0
140498,0
140499,0
140500,0
140501,0
140502,0
140503,0
140504,0
140505,0
140506,0
140507,0
140508,0
140509,0
140510,0
140511,0
140512,0
140513,0
140514,0
140515,0
140516,0
140517,0
140518,0
140519,0
140640,0
140641,0
140642,0
140643,0
140644,0
140645,0
140646,0
140647,0
140648,0
140649,0
140800,0
140801,0
140802,0
140803,0
140804,0
140805,0
140806,0
140807,0
140808,0
140809,0
140850,0
140851,0
140852,0
140853,0
140854,0
140855,0
140856,0
140857,0
140858,0
140859,0
140860,0
140861,0
140862,0
140863,0
140864,0
140865,0
140866,0
140867,0
140868,0
140869,0
140870,0
140871,0
140872,0
140873,0
140874,0
140875,0
140876,0
140877,0
140878,0
140879,0
140970,0
140971,0
140972,0
140973,0
140974,0
140975,0
140976,0
140977,0
140978,0
140979,0
140980,0
140981,0
140982,0
140983,0
140984,0
140985,0
140986,0
140987,0
140988,0
140989,0
140990,0
140991,0
140992,0
140993,0
140994,0
140995,0
140996,0
140997,0
140998,0
140999,0
141070,0
141071,0
141072,0
141073,0
141074,0
141075,0
141076,0
141077,0
141078,0
141079,0
141370,0
141371,0
141372,0
141373,0
141374,0
141375,0
141376,0
141377,0
141378,0
141379,0
141380,0
141381,0
141382,0
141383,0
141384,0
141385,0
141386,0
141387,0
141388,0
141389,0
141390,0
141391,0
141392,0
141393,0
141394,0
141395,0
141396,0
141397,0
141398,0
141399,0
141510,0
141511,0
141512,0
141513,0
141514,0
141515,0
141516,0
141517,0
141518,0
141519,0
141670,0
141671,0
141672,0
141673,0
141674,0
141675,0
141676,0
141677,0
141678,0
141679,0
141680,0
141681,0
141682,0
141683,0
141684,0
141685,0
141686,0
141687,0
141688,0
141689,0
141690,0
141691,0
141692,0
141693,0
141694,0
141695,0
141696,0
141697,0
141698,0
141699,0
141740,0
141741,0
141742,0
141743,0
141744,0
141745,0
141746,0
141747,0
141748,0
141749,0
141750,0
141751,0
141752,0
141753,0
141754,0
141755,0
141756,0
141757,0
141758,0
141759,0
141900,0
141901,0
141902,0
141903,0
141904,0
141905,0
141906,0
141907,0
141908,0
141909,0
141980,0
141981,0
141982,0
141983,0
141984,0
141985,0
141986,0
141987,0
141988,0
141989,0
141990,0
141991,0
141992,0
141993,0
141994,0
141995,0
141996,0
141997,0
141998,0
141999,0
142060,0
142061,0
142062,0
142063,0
142064,0
142065,0
142066,0
142067,0
142068,0
142069,0
142070,0
142071,0
142072,0
142073,0
142074,0
142075,0
142076,0
142077,0
142078,0
142079,0
142080,0
142081,0
142082,0
142083,0
142084,0
142085,0
142086,0
142087,0
142088,0
142089,0
142110,0
142111,0
142112,0
142113,0
142114,0
142115,0
142116,0
142117,0
142118,0
142119,0
142160,0
142161,0
142162,0
142163,0
142164,0
142165,0
142166,0
142167,0
142168,0
142169,0
142190,0
142191,0
142192,0
142193,0
142194,0
142195,0
142196,0
142197,0
142198,0
142199,0
142270,0
142271,0
142272,0
142273,0
142274,0
142275,0
142276,0
142277,0
142278,0
142279,0
142440,0
142441,0
142442,0
142443,0
142444,0
142445,0
142446,0
142447,0
142448,0
142449,0
142450,0
142451,0
142452,0
142453,0
142454,0
142455,0
142456,0
142457,0
142458,0
142459,0
142490,0
142491,0
142492,0
142493,0
142494,0
142495,0
142496,0
142497,0
142498,0
142499,0
142500,0
142501,0
142502,0
142503,0
142504,0
142505,0
142506,0
142507,0
142508,0
142509,0
142510,0
142511,0
142512,0
142513,0
142514,0
142515,0
142516,0
142517,0
142518,0
142519,0
142520,0
142521,0
142522,0
142523,0
142524,0
142525,0
142526,0
142527,0
142528,0
142529,0
142530,0
142531,0
142532,0
142533,0
142534,0
142535,0
142536,0
142537,0
142538,0
142539,0
142570,0
142571,0
142572,0
142573,0
142574,0
142575,0
142576,0
142577,0
142578,0
142579,0
142600,0
142601,0
142602,0
142603,0
142604,0
142605,0
142606,0
142607,0
142608,0
142609,0
142610,0
142611,0
142612,0
142613,0
142614,0
142615,0
142616,0
142617,0
142618,0
142619,0
142700,0
142701,0
142702,0
142703,0
142704,0
142705,0
142706,0
142707,0
142708,0
142709,0
142710,0
142711,0
142712,0
142713,0
142714,0
142715,0
142716,0
142717,0
142718,0
142719,0
142720,0
142721,0
142722,0
142723,0
142724,0
142725,0
142726,0
142727,0
142728,0
142729,0
142730,0
142731,0
142732,0
142733,0
142734,0
142735,0
142736,0
142737,0
142738,0
142739,0
142740,0
142741,0
142742,0
142743,0
142744,0
142745,0
142746,0
142747,0
142748,0
142749,0
142870,0
142871,0
142872,0
142873,0
142874,0
142875,0
142876,0
142877,0
142878,0
142879,0
142880,0
142881,0
142882,0
142883,0
142884,0
142885,0
142886,0
142887,0
142888,0
142889,0
142890,0
142891,0
142892,0
142893,0
142894,0
142895,0
142896,0
142897,0
142898,0
142899,0
142900,0
142901,0
142902,0
142903,0
142904,0
142905,0
142906,0
142907,0
142908,0
142909,0
142910,0
142911,0
142912,0
142913,0
142914,0
142915,0
142916,0
142917,0
142918,0
142919,0
142920,0
142921,0
142922,0
142923,0
142924,0
142925,0
142926,0
142927,0
142928,0
142929,0
142930,0
142931,0
142932,0
142933,0
142934,0
142935,0
142936,0
142937,0
142938,0
142939,0
142990,0
142991,0
142992,0
142993,0
142994,0
142995,0
142996,0
142997,0
142998,0
142999,0
143000,0
143001,0
143002,0
143003,0
143004,0
143005,0
143006,0
143007,0
143008,0
143009,0
143080,0
143081,0
143082,0
143083,0
143084,0
143085,0
143086,0
143087,0
143088,0
143089,0
143110,0
143111,0
143112,0
143113,0
143114,0
143115,0
143116,0
143117,0
143118,0
143119,0
143120,0
143121,0
143122,0
143123,0
143124,0
143125,0
143126,0
143127,0
143128,0
143129,0
143130,0
143131,0
143132,0
143133,0
143134,0
143135,0
143136,0
143137,0
143138,0
143139,0
143140,0
143141,0
143142,0
143143,0
143144,0
143145,0
143146,0
143147,0
143148,0
143149,0
143310,0
143311,0
143312,0
143313,0
143314,0
143315,0
143316,0
143317,0
143318,0
143319,0
143320,0
143321,0
143322,0
143323,0
143324,0
143325,0
143326,0
143327,0
143328,0
143329,0
143330,0
143331,0
143332,0
143333,0
143334,0
143335,0
143336,0
143337,0
143338,0
143339,0
143340,0
143341,0
143342,0
143343,0
143344,0
143345,0
143346,0
143347,0
143348,0
143349,0
143400,0
143401,0
143402,0
143403,0
143404,0
143405,0
143406,0
143407,0
143408,0
143409,0
143760,0
143761,0
143762,0
143763,0
143764,0
143765,0
143766,0
143767,0
143768,0
143769,0
143770,0
143771,0
143772,0
143773,0
143774,0
143775,0
143776,0
143777,0
143778,0
143779,0
143780,0
143781,0
143782,0
143783,0
143784,0
143785,0
143786,0
143787,0
143788,0
143789,0
143850,0
143851,0
143852,0
143853,0
143854,0
143855,0
143856,0
143857,0
143858,0
143859,0
143890,0
143891,0
143892,0
143893,0
143894,0
143895,0
143896,0
143897,0
143898,0
143899,0
143910,0
143911,0
143912,0
143913,0
143914,0
143915,0
143916,0
143917,0
143918,0
143919,0
143960,0
143961,0
143962,0
143963,0
143964,0
143965,0
143966,0
143967,0
143968,0
143969,0
144030,0
144031,0
144032,0
144033,0
144034,0
144035,0
144036,0
144037,0
144038,0
144039,0
144070,0
144071,0
144072,0
144073,0
144074,0
144075,0
144076,0
144077,0
144078,0
144079,0
144080,0
144081,0
144082,0
144083,0
144084,0
144085,0
144086,0
144087,0
144088,0
144089,0
144090,0
144091,0
144092,0
144093,0
144094,0
144095,0
144096,0
144097,0
144098,0
144099,0
144110,0
144111,0
144112,0
144113,0
144114,0
144115,0
144116,0
144117,0
144118,0
144119,0
144200,0
144201,0
144202,0
144203,0
144204,0
144205,0
144206,0
144207,0
144208,0
144209,0
144290,0
144291,0
144292,0
144293,0
144294,0
144295,0
144296,0
144297,0
144298,0
144299,0
144360,0
144361,0
144362,0
144363,0
144364,0
144365,0
144366,0
144367,0
144368,0
144369,0
144370,0
144371,0
144372,0
144373,0
144374,0
144375,0
144376,0
144377,0
144378,0
144379,0
144380,0
144381,0
144382,0
144383,0
144384,0
144385,0
144386,0
144387,0
144388,0
144389,0
144390,0
144391,0
144392,0
144393,0
144394,0
144395,0
144396,0
144397,0
144398,0
144399,0
144550,0
144551,0
144552,0
144553,0
144554,0
144555,0
144556,0
144557,0
144558,0
144559,0
144570,0
144571,0
144572,0
144573,0
144574,0
144575,0
144576,0
144577,0
144578,0
144579,0
144580,0
144581,0
144582,0
144583,0
144584,0
144585,0
144586,0
144587,0
144588,0
144589,0
144610,0
144611,0
144612,0
144613,0
144614,0
144615,0
144616,0
144617,0
144618,0
144619,0
144620,0
144621,0
144622,0
144623,0
144624,0
144625,0
144626,0
144627,0
144628,0
144629,0
144740,0
144741,0
144742,0
144743,0
144744,0
144745,0
144746,0
144747,0
144748,0
144749,0
145030,0
145031,0
145032,0
145033,0
145034,0
145035,0
145036,0
145037,0
145038,0
145039,0
145040,0
145041,0
145042,0
145043,0
145044,0
145045,0
145046,0
145047,0
145048,0
145049,0
145110,0
145111,0
145112,0
145113,0
145114,0
145115,0
145116,0
145117,0
145118,0
145119,0
145120,0
145121,0
145122,0
145123,0
145124,0
145125,0
145126,0
145127,0
145128,0
145129,0
145130,0
145131,0
145132,0
145133,0
145134,0
145135,0
145136,0
145137,0
145138,0
145139,0
145140,0
145141,0
145142,0
145143,0
145144,0
145145,0
145146,0
145147,0
145148,0
145149,0
145150,0
145151,0
145152,0
145153,0
145154,0
145155,0
145156,0
145157,0
145158,0
145159,0
145160,0
145161,0
145162,0
145163,0
145164,0
145165,0
145166,0
145167,0
145168,0
145169,0
145220,0
145221,0
145222,0
145223,0
145224,0
145225,0
145226,0
145227,0
145228,0
145229,0
145230,0
145231,0
145232,0
145233,0
145234,0
145235,0
145236,0
145237,0
145238,0
145239,0
145240,0
145241,0
145242,0
145243,0
145244,0
145245,0
145246,0
145247,0
145248,0
145249,0
145590,0
145591,0
145592,0
145593,0
145594,0
145595,0
145596,0
145597,0
145598,0
145599,0
145640,0
145641,0
145642,0
145643,0
145644,0
145645,0
145646,0
145647,0
145648,0
145649,0
145730,0
145731,0
145732,0
145733,0
145734,0
145735,0
145736,0
145737,0
145738,0
145739,0
145740,0
145741,0
145742,0
145743,0
145744,0
145745,0
145746,0
145747,0
145748,0
145749,0
145940,0
145941,0
145942,0
145943,0
145944,0
145945,0
145946,0
145947,0
145948,0
145949,0
145950,0
145951,0
145952,0
145953,0
145954,0
145955,0
145956,0
145957,0
145958,0
145959,0
145960,0
145961,0
145962,0
145963,0
145964,0
145965,0
145966,0
145967,0
145968,0
145969,0
146040,0
146041,0
146042,0
146043,0
146044,0
146045,0
146046,0
146047,0
146048,0
146049,0
146050,0
146051,0
146052,0
146053,0
146054,0
146055,0
146056,0
146057,0
146058,0
146059,0
146060,0
146061,0
146062,0
146063,0
146064,0
146065,0
146066,0
146067,0
146068,0
146069,0
146070,0
146071,0
146072,0
146073,0
146074,0
146075,0
146076,0
146077,0
146078,0
146079,0
146100,0
146101,0
146102,0
146103,0
146104,0
146105,0
146106,0
146107,0
146108,0
146109,0
146200,0
146201,0
146202,0
146203,0
146204,0
146205,0
146206,0
146207,0
146208,0
146209,0
146210,0
146211,0
146212,0
146213,0
146214,0
146215,0
146216,0
146217,0
146218,0
146219,0
146230,0
146231,0
146232,0
146233,0
146234,0
146235,0
146236,0
146237,0
146238,0
146239,0
146370,0
146371,0
146372,0
146373,0
146374,0
146375,0
146376,0
146377,0
146378,0
146379,0
146380,0
146381,0
146382,0
146383,0
146384,0
146385,0
146386,0
146387,0
146388,0
146389,0
146410,0
146411,0
146412,0
146413,0
146414,0
146415,0
146416,0
146417,0
146418,0
146419,0
146460,0
146461,0
146462,0
146463,0
146464,0
146465,0
146466,0
146467,0
146468,0
146469,0
146470,0
146471,0
146472,0
146473,0
146474,0
146475,0
146476,0
146477,0
146478,0
146479,0
146590,0
146591,0
146592,0
146593,0
146594,0
146595,0
146596,0
146597,0
146598,0
146599,0
146600,0
146601,0
146602,0
146603,0
146604,0
146605,0
146606,0
146607,0
146608,0
146609,0
146610,0
146611,0
146612,0
146613,0
146614,0
146615,0
146616,0
146617,0
146618,0
146619,0
146690,0
146691,0
146692,0
146693,0
146694,0
146695,0
146696,0
146697,0
146698,0
146699,0
146710,0
146711,0
146712,0
146713,0
146714,0
146715,0
146716,0
146717,0
146718,0
146719,0
