No,Agent
100,0
101,1
102,2
103,2
104,4
105,5
106,1
107,2
108,2
109,4
110,3
111,2
112,0
113,2
114,5
115,0
116,2
117,0
118,6
119,5
220,1
221,7
222,9
223,1
224,8
225,0
226,1
227,0
228,1
229,0
230,0
231,7
232,10
233,1
234,5
235,0
236,10
237,5
238,5
239,3
240,5
241,3
242,0
243,1
244,4
245,4
246,2
247,1
248,4
249,0
270,5
271,5
272,0
273,4
274,0
275,0
276,3
277,1
278,10
279,2
280,1
281,4
282,9
283,0
284,8
285,0
286,1
287,1
288,1
289,7
340,11
341,0
342,2
343,1
344,2
345,2
346,1
347,2
348,10
349,1
350,5
351,11
352,4
353,8
354,2
355,2
356,2
357,0
358,2
359,4
620,0
621,8
622,1
623,1
624,4
625,4
626,0
627,2
628,1
629,2
630,0
631,7
632,7
633,1
634,7
635,10
636,2
637,0
638,1
639,7
640,0
641,1
642,7
643,2
644,2
645,1
646,5
647,0
648,0
649,2
870,2
871,2
872,7
873,1
874,7
875,1
876,0
877,5
878,2
879,2
880,0
881,11
882,1
883,1
884,2
885,2
886,7
887,0
888,5
889,7
930,7
931,1
932,0
933,0
934,6
935,1
936,6
937,0
938,1
939,6
960,0
961,2
962,2
963,3
964,4
965,4
966,0
967,2
968,1
969,2
970,0
971,10
972,7
973,1
974,7
975,1
976,0
977,1
978,0
979,7
1130,0
1131,7
1132,1
1133,7
1134,1
1135,1
1136,1
1137,0
1138,7
1139,7
1170,1
1171,1
1172,0
1173,10
1174,1
1175,1
1176,10
1177,1
1178,5
1179,5
1180,0
1181,10
1182,1
1183,9
1184,8
1185,10
1186,7
1187,1
1188,0
1189,1
1190,0
1191,0
1192,2
1193,3
1194,1
1195,4
1196,0
1197,5
1198,1
1199,10
1240,2
1241,5
1242,2
1243,2
1244,1
1245,0
1246,0
1247,0
1248,2
1249,1
1250,2
1251,0
1252,7
1253,1
1254,5
1255,11
1256,5
1257,7
1258,7
1259,0
1310,2
1311,1
1312,2
1313,0
1314,2
1315,0
1316,1
1317,2
1318,4
1319,2
1320,11
1321,3
1322,2
1323,4
1324,2
1325,2
1326,0
1327,5
1328,5
1329,11
1330,10
1331,12
1332,0
1333,7
1334,3
1335,11
1336,2
1337,2
1338,7
1339,12
1510,1
1511,0
1512,0
1513,1
1514,1
1515,1
1516,0
1517,3
1518,7
1519,7
1550,8
1551,9
1552,7
1553,1
1554,7
1555,0
1556,1
1557,7
1558,7
1559,7
1600,1
1601,1
1602,2
1603,11
1604,7
1605,7
1606,2
1607,2
1608,2
1609,1
1760,0
1761,2
1762,1
1763,3
1764,6
1765,10
1766,0
1767,1
1768,0
1769,10
1770,0
1771,1
1772,1
1773,1
1774,7
1775,1
1776,6
1777,0
1778,5
1779,5
1820,0
1821,1
1822,0
1823,1
1824,1
1825,4
1826,1
1827,0
1828,1
1829,8
1830,4
1831,0
1832,1
1833,2
1834,4
1835,4
1836,4
1837,7
1838,5
1839,0
1840,1
1841,0
1842,7
1843,5
1844,6
1845,1
1846,5
1847,6
1848,0
1849,1
1850,0
1851,1
1852,10
1853,7
1854,5
1855,0
1856,7
1857,6
1858,7
1859,7
1860,11
1861,11
1862,1
1863,2
1864,2
1865,0
1866,2
1867,2
1868,2
1869,2
1900,0
1901,7
1902,1
1903,1
1904,5
1905,0
1906,0
1907,7
1908,5
1909,3
1910,0
1911,0
1912,4
1913,7
1914,4
1915,11
1916,2
1917,5
1918,5
1919,2
1920,0
1921,0
1922,1
1923,7
1924,7
1925,9
1926,9
1927,1
1928,7
1929,8
2050,4
2051,0
2052,1
2053,1
2054,1
2055,9
2056,4
2057,0
2058,1
2059,10
2060,0
2061,2
2062,3
2063,1
2064,2
2065,3
2066,4
2067,4
2068,3
2069,2
2130,1
2131,0
2132,1
2133,1
2134,8
2135,0
2136,1
2137,0
2138,8
2139,1
2140,4
2141,1
2142,1
2143,5
2144,1
2145,0
2146,5
2147,1
2148,2
2149,4
2150,0
2151,0
2152,0
2153,1
2154,2
2155,0
2156,5
2157,1
2158,1
2159,5
2160,9
2161,8
2162,5
2163,11
2164,8
2165,8
2166,2
2167,11
2168,8
2169,0
2170,4
2171,2
2172,1
2173,2
2174,2
2175,4
2176,0
2177,2
2178,5
2179,1
2180,5
2181,7
2182,6
2183,0
2184,7
2185,0
2186,7
2187,0
2188,1
2189,1
2190,0
2191,0
2192,6
2193,1
2194,2
2195,4
2196,0
2197,5
2198,2
2199,2
2200,11
2201,12
2202,4
2203,3
2204,3
2205,0
2206,6
2207,4
2208,12
2209,2
2340,9
2341,0
2342,0
2343,7
2344,8
2345,5
2346,11
2347,4
2348,5
2349,8
2350,0
2351,4
2352,1
2353,2
2354,0
2355,0
2356,1
2357,0
2358,4
2359,2
2360,0
2361,8
2362,4
2363,4
2364,12
2365,0
2366,12
2367,0
2368,12
2369,12
2580,7
2581,0
2582,1
2583,1
2584,7
2585,1
2586,7
2587,0
2588,0
2589,1
2750,9
2751,0
2752,10
2753,1
2754,1
2755,1
2756,0
2757,7
2758,0
2759,1
2760,1
2761,2
2762,0
2763,0
2764,1
2765,1
2766,0
2767,2
2768,5
2769,2
2870,1
2871,4
2872,0
2873,2
2874,2
2875,1
2876,0
2877,10
2878,1
2879,0
2880,1
2881,1
2882,0
2883,0
2884,7
2885,0
2886,0
2887,1
2888,1
2889,7
2920,1
2921,4
2922,1
2923,2
2924,0
2925,0
2926,1
2927,2
2928,2
2929,1
2930,1
2931,1
2932,10
2933,0
2934,2
2935,1
2936,0
2937,2
2938,2
2939,2
2940,10
2941,0
2942,1
2943,2
2944,4
2945,0
2946,0
2947,1
2948,6
2949,1
2950,10
2951,8
2952,7
2953,1
2954,0
2955,0
2956,8
2957,0
2958,7
2959,1
3000,4
3001,10
3002,1
3003,2
3004,2
3005,1
3006,0
3007,1
3008,4
3009,0
3110,0
3111,0
3112,1
3113,1
3114,7
3115,0
3116,1
3117,1
3118,4
3119,7
3120,0
3121,0
3122,1
3123,6
3124,6
3125,0
3126,1
3127,7
3128,6
3129,1
3180,0
3181,0
3182,7
3183,1
3184,1
3185,9
3186,7
3187,1
3188,0
3189,4
3190,10
3191,0
3192,4
3193,1
3194,1
3195,4
3196,4
3197,1
3198,0
3199,4
3270,7
3271,0
3272,8
3273,0
3274,7
3275,9
3276,0
3277,1
3278,8
3279,4
3280,0
3281,10
3282,2
3283,2
3284,1
3285,0
3286,0
3287,1
3288,2
3289,5
3380,7
3381,11
3382,1
3383,8
3384,0
3385,9
3386,1
3387,0
3388,1
3389,8
3390,11
3391,12
3392,7
3393,10
3394,2
3395,12
3396,1
3397,10
3398,11
3399,2
3400,1
3401,10
3402,7
3403,0
3404,3
3405,0
3406,1
3407,1
3408,3
3409,10
3470,1
3471,7
3472,9
3473,1
3474,9
3475,1
3476,0
3477,0
3478,0
3479,1
3480,1
3481,1
3482,2
3483,0
3484,0
3485,1
3486,2
3487,2
3488,6
3489,6
3720,0
3721,2
3722,1
3723,1
3724,3
3725,0
3726,0
3727,4
3728,0
3729,2
3850,0
3851,9
3852,4
3853,1
3854,1
3855,9
3856,9
3857,8
3858,7
3859,1
3860,0
3861,4
3862,12
3863,0
3864,4
3865,7
3866,2
3867,0
3868,11
3869,4
3870,0
3871,2
3872,0
3873,4
3874,4
3875,0
3876,3
3877,2
3878,1
3879,2
3920,7
3921,10
3922,10
3923,9
3924,1
3925,9
3926,0
3927,8
3928,8
3929,8
3930,9
3931,12
3932,2
3933,7
3934,10
3935,4
3936,8
3937,6
3938,12
3939,0
4020,7
4021,1
4022,4
4023,0
4024,8
4025,4
4026,1
4027,4
4028,0
4029,1
4030,1
4031,3
4032,1
4033,2
4034,0
4035,0
4036,1
4037,1
4038,0
4039,2
4040,8
4041,7
4042,11
4043,11
4044,5
4045,0
4046,5
4047,11
4048,11
4049,8
4050,0
4051,7
4052,2
4053,2
4054,1
4055,2
4056,2
4057,4
4058,4
4059,0
4110,1
4111,1
4112,0
4113,3
4114,2
4115,4
4116,4
4117,1
4118,2
4119,4
4120,0
4121,3
4122,1
4123,1
4124,1
4125,0
4126,0
4127,1
4128,3
4129,6
4130,0
4131,1
4132,7
4133,7
4134,7
4135,7
4136,7
4137,0
4138,8
4139,0
4140,6
4141,5
4142,0
4143,1
4144,7
4145,0
4146,7
4147,7
4148,6
4149,6
4330,1
4331,3
4332,2
4333,4
4334,0
4335,2
4336,5
4337,2
4338,4
4339,5
4340,2
4341,6
4342,1
4343,5
4344,2
4345,4
4346,5
4347,6
4348,5
4349,4
4350,7
4351,0
4352,0
4353,7
4354,1
4355,5
4356,0
4357,7
4358,6
4359,5
4360,0
4361,2
4362,2
4363,3
4364,1
4365,4
4366,2
4367,2
4368,4
4369,4
4370,0
4371,8
4372,1
4373,7
4374,1
4375,9
4376,8
4377,7
4378,1
4379,7
4380,6
4381,7
4382,0
4383,1
4384,1
4385,0
4386,1
4387,7
4388,0
4389,5
4390,2
4391,7
4392,2
4393,0
4394,12
4395,0
4396,11
4397,2
4398,12
4399,12
4440,0
4441,2
4442,2
4443,4
4444,2
4445,0
4446,4
4447,1
4448,3
4449,2
4450,0
4451,1
4452,1
4453,2
4454,5
4455,0
4456,0
4457,5
4458,1
4459,6
4460,1
4461,9
4462,1
4463,1
4464,7
4465,0
4466,7
4467,7
4468,8
4469,8
4530,7
4531,2
4532,11
4533,2
4534,5
4535,0
4536,1
4537,1
4538,2
4539,2
4540,2
4541,4
4542,3
4543,1
4544,3
4545,3
4546,1
4547,2
4548,0
4549,4
4550,2
4551,11
4552,4
4553,2
4554,2
4555,11
4556,10
4557,5
4558,4
4559,4
4670,0
4671,0
4672,1
4673,1
4674,7
4675,1
4676,0
4677,0
4678,9
4679,8
4840,7
4841,0
4842,7
4843,7
4844,6
4845,0
4846,0
4847,5
4848,1
4849,1
4850,1
4851,2
4852,2
4853,1
4854,6
4855,1
4856,0
4857,0
4858,1
4859,2
4860,1
4861,7
4862,0
4863,2
4864,1
4865,11
4866,2
4867,5
4868,7
4869,5
4870,11
4871,5
4872,7
4873,0
4874,1
4875,9
4876,7
4877,5
4878,7
4879,5
4880,5
4881,0
4882,2
4883,4
4884,4
4885,9
4886,11
4887,2
4888,12
4889,0
5000,0
5001,12
5002,7
5003,6
5004,12
5005,0
5006,12
5007,12
5008,2
5009,12
5010,4
5011,6
5012,0
5013,2
5014,1
5015,5
5016,0
5017,2
5018,3
5019,2
5020,7
5021,1
5022,0
5023,5
5024,7
5025,0
5026,0
5027,7
5028,7
5029,1
5140,0
5141,1
5142,2
5143,3
5144,1
5145,1
5146,2
5147,2
5148,0
5149,5
5150,0
5151,0
5152,2
5153,1
5154,4
5155,4
5156,4
5157,6
5158,4
5159,0
5160,1
5161,0
5162,3
5163,6
5164,1
5165,6
5166,0
5167,7
5168,7
5169,6
5230,2
5231,0
5232,1
5233,6
5234,5
5235,4
5236,2
5237,1
5238,0
5239,5
5240,0
5241,5
5242,2
5243,7
5244,7
5245,11
5246,7
5247,2
5248,5
5249,11
5630,0
5631,11
5632,2
5633,7
5634,2
5635,12
5636,11
5637,11
5638,2
5639,12
5640,5
5641,1
5642,0
5643,7
5644,7
5645,3
5646,1
5647,7
5648,5
5649,5
5650,9
5651,1
5652,0
5653,7
5654,8
5655,1
5656,9
5657,9
5658,7
5659,8
6160,1
6161,1
6162,0
6163,2
6164,2
6165,4
6166,0
6167,11
6168,4
6169,1
6170,0
6171,2
6172,1
6173,2
6174,0
6175,3
6176,1
6177,1
6178,4
6179,0
6180,1
6181,4
6182,0
6183,4
6184,7
6185,0
6186,1
6187,1
6188,1
6189,9
6190,5
6191,1
6192,0
6193,1
6194,7
6195,0
6196,7
6197,7
6198,7
6199,0
6200,8
6201,0
6202,7
6203,7
6204,1
6205,8
6206,7
6207,1
6208,9
6209,7
6240,2
6241,0
6242,5
6243,1
6244,2
6245,1
6246,2
6247,4
6248,5
6249,0
6270,0
6271,0
6272,9
6273,1
6274,8
6275,0
6276,1
6277,8
6278,4
6279,0
6470,4
6471,0
6472,1
6473,2
6474,4
6475,0
6476,1
6477,3
6478,4
6479,2
6480,1
6481,0
6482,4
6483,8
6484,8
6485,9
6486,7
6487,0
6488,7
6489,8
6490,11
6491,2
6492,8
6493,6
6494,6
6495,0
6496,4
6497,11
6498,2
6499,8
6500,0
6501,0
6502,12
6503,6
6504,12
6505,4
6506,8
6507,0
6508,12
6509,12
6510,2
6511,4
6512,1
6513,2
6514,4
6515,0
6516,2
6517,0
6518,12
6519,1
6660,9
6661,4
6662,2
6663,1
6664,0
6665,1
6666,1
6667,2
6668,1
6669,0
6670,4
6671,4
6672,0
6673,2
6674,9
6675,0
6676,1
6677,0
6678,4
6679,2
6680,9
6681,7
6682,2
6683,2
6684,7
6685,0
6686,3
6687,1
6688,2
6689,7
6740,1
6741,1
6742,2
6743,0
6744,5
6745,0
6746,4
6747,2
6748,2
6749,2
6750,2
6751,11
6752,1
6753,2
6754,2
6755,1
6756,1
6757,7
6758,0
6759,2
6760,0
6761,2
6762,1
6763,0
6764,4
6765,0
6766,4
6767,3
6768,1
6769,4
6830,0
6831,4
6832,1
6833,1
6834,8
6835,8
6836,0
6837,9
6838,1
6839,1
6840,0
6841,4
6842,2
6843,2
6844,3
6845,1
6846,0
6847,4
6848,2
6849,1
6850,0
6851,12
6852,12
6853,14
6854,14
6855,0
6856,4
6857,0
6858,12
6859,14
7020,6
7021,0
7022,1
7023,7
7024,5
7025,0
7026,7
7027,4
7028,0
7029,5
7030,0
7031,5
7032,4
7033,1
7034,4
7035,0
7036,4
7037,1
7038,4
7039,4
7040,0
7041,11
7042,8
7043,7
7044,1
7045,0
7046,1
7047,0
7048,7
7049,1
7070,0
7071,9
7072,7
7073,2
7074,2
7075,0
7076,2
7077,2
7078,11
7079,2
7080,4
7081,1
7082,0
7083,8
7084,7
7085,7
7086,9
7087,4
7088,1
7089,0
7120,6
7121,1
7122,0
7123,5
7124,2
7125,0
7126,1
7127,7
7128,0
7129,6
7320,4
7321,2
7322,1
7323,2
7324,0
7325,4
7326,0
7327,1
7328,1
7329,4
7330,11
7331,0
7332,11
7333,6
7334,2
7335,12
7336,11
7337,6
7338,2
7339,2
7340,1
7341,0
7342,7
7343,6
7344,6
7345,1
7346,6
7347,0
7348,5
7349,7
7370,1
7371,2
7372,0
7373,5
7374,2
7375,4
7376,3
7377,0
7378,1
7379,2
7560,0
7561,4
7562,6
7563,1
7564,5
7565,0
7566,2
7567,4
7568,0
7569,1
7570,0
7571,7
7572,1
7573,7
7574,8
7575,0
7576,1
7577,8
7578,1
7579,7
7600,2
7601,4
7602,1
7603,1
7604,4
7605,4
7606,1
7607,2
7608,0
7609,2
7610,0
7611,4
7612,2
7613,6
7614,1
7615,0
7616,1
7617,1
7618,6
7619,5
7660,0
7661,11
7662,8
7663,9
7664,1
7665,0
7666,1
7667,8
7668,1
7669,7
7670,0
7671,0
7672,2
7673,2
7674,1
7675,1
7676,4
7677,2
7678,0
7679,6
7680,2
7681,11
7682,2
7683,0
7684,2
7685,0
7686,2
7687,2
7688,1
7689,5
7740,0
7741,4
7742,6
7743,2
7744,2
7745,8
7746,0
7747,2
7748,6
7749,11
7750,0
7751,7
7752,1
7753,5
7754,2
7755,0
7756,5
7757,2
7758,7
7759,1
7840,1
7841,0
7842,3
7843,6
7844,1
7845,1
7846,0
7847,7
7848,2
7849,2
7870,0
7871,7
7872,8
7873,1
7874,7
7875,0
7876,1
7877,7
7878,8
7879,1
8070,5
8071,7
8072,1
8073,7
8074,0
8075,6
8076,7
8077,0
8078,0
8079,1
8080,7
8081,2
8082,7
8083,0
8084,1
8085,1
8086,0
8087,11
8088,0
8089,2
8180,0
8181,2
8182,0
8183,0
8184,5
8185,1
8186,0
8187,4
8188,5
8189,2
8190,11
8191,0
8192,1
8193,7
8194,7
8195,0
8196,5
8197,1
8198,7
8199,2
8200,0
8201,6
8202,7
8203,5
8204,6
8205,0
8206,5
8207,6
8208,1
8209,1
8210,0
8211,1
8212,1
8213,7
8214,8
8215,0
8216,0
8217,1
8218,8
8219,7
8220,0
8221,1
8222,4
8223,1
8224,7
8225,9
8226,1
8227,7
8228,0
8229,7
8260,2
8261,11
8262,11
8263,2
8264,7
8265,2
8266,6
8267,0
8268,11
8269,2
8300,5
8301,1
8302,2
8303,11
8304,0
8305,5
8306,2
8307,2
8308,0
8309,4
8480,0
8481,12
8482,7
8483,12
8484,12
8485,0
8486,6
8487,4
8488,12
8489,12
8490,2
8491,1
8492,0
8493,2
8494,1
8495,0
8496,4
8497,4
8498,1
8499,4
8500,11
8501,11
8502,11
8503,5
8504,5
8505,4
8506,1
8507,11
8508,2
8509,1
8510,2
8511,7
8512,11
8513,2
8514,8
8515,0
8516,2
8517,5
8518,2
8519,7
8520,7
8521,0
8522,9
8523,7
8524,1
8525,4
8526,0
8527,11
8528,7
8529,1
8530,0
8531,6
8532,1
8533,7
8534,7
8535,7
8536,0
8537,6
8538,6
8539,5
8540,4
8541,8
8542,1
8543,1
8544,9
8545,9
8546,8
8547,9
8548,4
8549,1
8550,1
8551,0
8552,2
8553,0
8554,12
8555,0
8556,0
8557,4
8558,4
8559,2
8560,12
8561,0
8562,2
8563,12
8564,8
8565,11
8566,0
8567,4
8568,2
8569,12
8640,0
8641,1
8642,1
8643,2
8644,5
8645,2
8646,0
8647,1
8648,0
8649,1
8650,0
8651,2
8652,5
8653,8
8654,2
8655,11
8656,2
8657,2
8658,12
8659,2
8710,0
8711,0
8712,8
8713,7
8714,7
8715,9
8716,0
8717,8
8718,8
8719,1
8720,0
8721,0
8722,5
8723,2
8724,2
8725,2
8726,11
8727,2
8728,5
8729,1
8730,0
8731,5
8732,0
8733,7
8734,1
8735,0
8736,6
8737,1
8738,2
8739,5
8770,2
8771,2
8772,4
8773,0
8774,2
8775,1
8776,4
8777,5
8778,0
8779,5
8780,2
8781,4
8782,1
8783,1
8784,0
8785,1
8786,5
8787,4
8788,1
8789,0
8890,11
8891,8
8892,2
8893,11
8894,2
8895,4
8896,0
8897,8
8898,2
8899,4
8900,2
8901,5
8902,1
8903,7
8904,11
8905,2
8906,1
8907,11
8908,1
8909,2
8990,11
8991,4
8992,0
8993,2
8994,2
8995,11
8996,8
8997,5
8998,8
8999,2
9000,0
9001,0
9002,1
9003,7
9004,7
9005,0
9006,5
9007,6
9008,5
9009,6
9010,7
9011,1
9012,4
9013,8
9014,0
9015,0
9016,9
9017,1
9018,8
9019,1
9340,0
9341,0
9342,7
9343,8
9344,1
9345,4
9346,8
9347,1
9348,7
9349,0
9350,11
9351,6
9352,6
9353,0
9354,7
9355,0
9356,12
9357,6
9358,2
9359,8
9360,0
9361,7
9362,12
9363,7
9364,12
9365,6
9366,2
9367,0
9368,6
9369,12
9370,7
9371,0
9372,8
9373,1
9374,1
9375,7
9376,1
9377,1
9378,0
9379,8
9380,2
9381,2
9382,1
9383,2
9384,7
9385,1
9386,1
9387,0
9388,2
9389,5
9460,5
9461,0
9462,1
9463,1
9464,7
9465,7
9466,1
9467,7
9468,11
9469,2
9470,0
9471,0
9472,2
9473,4
9474,1
9475,4
9476,0
9477,0
9478,2
9479,2
9480,9
9481,0
9482,1
9483,1
9484,8
9485,0
9486,7
9487,1
9488,0
9489,1
9620,9
9621,0
9622,0
9623,1
9624,8
9625,0
9626,7
9627,0
9628,7
9629,1
9630,0
9631,6
9632,1
9633,1
9634,2
9635,0
9636,2
9637,2
9638,4
9639,5
9680,7
9681,1
9682,5
9683,7
9684,6
9685,1
9686,6
9687,5
9688,0
9689,7
9690,4
9691,1
9692,0
9693,2
9694,2
9695,5
9696,1
9697,0
9698,9
9699,2
9840,0
9841,4
9842,5
9843,1
9844,2
9845,6
9846,0
9847,0
9848,1
9849,2
9850,0
9851,4
9852,4
9853,2
9854,6
9855,0
9856,12
9857,14
9858,0
9859,8
9860,0
9861,16
9862,1
9863,11
9864,2
9865,11
9866,1
9867,5
9868,7
9869,0
9870,16
9871,0
9872,1
9873,2
9874,2
9875,1
9876,1
9877,2
9878,6
9879,2
9880,9
9881,0
9882,1
9883,7
9884,8
9885,9
9886,8
9887,7
9888,0
9889,1
9890,0
9891,0
9892,1
9893,4
9894,2
9895,2
9896,0
9897,5
9898,1
9899,6
9900,1
9901,11
9902,1
9903,1
9904,5
9905,0
9906,2
9907,7
9908,1
9909,2
9910,1
9911,0
9912,0
9913,7
9914,8
9915,4
9916,11
9917,8
9918,0
9919,1
9920,0
9921,2
9922,0
9923,4
9924,8
9925,6
9926,0
9927,11
9928,7
9929,2
9930,0
9931,1
9932,1
9933,1
9934,5
9935,0
9936,5
9937,2
9938,1
9939,6
9940,1
9941,1
9942,0
9943,5
9944,7
9945,0
9946,1
9947,5
9948,0
9949,5
9950,1
9951,2
9952,2
9953,4
9954,2
9955,7
9956,6
9957,0
9958,1
9959,4
10220,5
10221,0
10222,8
10223,2
10224,2
10225,11
10226,4
10227,0
10228,8
10229,5
10310,11
10311,7
10312,1
10313,2
10314,2
10315,7
10316,2
10317,5
10318,11
10319,1
10410,1
10411,11
10412,7
10413,1
10414,7
10415,1
10416,2
10417,0
10418,7
10419,1
10420,0
10421,1
10422,1
10423,2
10424,3
10425,0
10426,0
10427,2
10428,1
10429,1
10430,2
10431,5
10432,11
10433,0
10434,5
10435,0
10436,2
10437,7
10438,5
10439,11
10440,0
10441,9
10442,1
10443,1
10444,8
10445,7
10446,7
10447,0
10448,7
10449,1
10670,0
10671,1
10672,12
10673,14
10674,7
10675,1
10676,12
10677,13
10678,14
10679,0
10680,0
10681,7
10682,8
10683,0
10684,1
10685,4
10686,1
10687,8
10688,7
10689,0
10780,11
10781,7
10782,0
10783,2
10784,4
10785,4
10786,0
10787,4
10788,11
10789,6
10860,7
10861,11
10862,1
10863,8
10864,5
10865,11
10866,5
10867,11
10868,7
10869,5
10870,0
10871,1
10872,4
10873,2
10874,5
10875,1
10876,0
10877,2
10878,2
10879,1
11010,0
11011,1
11012,4
11013,7
11014,8
11015,8
11016,9
11017,9
11018,1
11019,7
11020,1
11021,1
11022,2
11023,4
11024,0
11025,5
11026,4
11027,0
11028,4
11029,5
11030,0
11031,2
11032,1
11033,1
11034,2
11035,2
11036,4
11037,2
11038,4
11039,4
11040,0
11041,7
11042,0
11043,1
11044,8
11045,0
11046,1
11047,7
11048,7
11049,8
11240,0
11241,6
11242,7
11243,2
11244,11
11245,2
11246,5
11247,7
11248,0
11249,2
11250,0
11251,9
11252,7
11253,1
11254,1
11255,1
11256,0
11257,1
11258,7
11259,8
11260,1
11261,0
11262,2
11263,1
11264,2
11265,1
11266,0
11267,0
11268,5
11269,7
11360,0
11361,0
11362,1
11363,7
11364,7
11365,6
11366,1
11367,0
11368,0
11369,5
11370,1
11371,0
11372,1
11373,2
11374,7
11375,7
11376,11
11377,5
11378,1
11379,2
11540,0
11541,1
11542,2
11543,0
11544,2
11545,4
11546,0
11547,5
11548,2
11549,4
11550,4
11551,0
11552,8
11553,7
11554,1
11555,8
11556,0
11557,0
11558,4
11559,1
11560,0
11561,0
11562,7
11563,1
11564,2
11565,4
11566,7
11567,11
11568,11
11569,5
11570,7
11571,0
11572,1
11573,8
11574,0
11575,0
11576,8
11577,7
11578,7
11579,4
11580,2
11581,0
11582,7
11583,1
11584,5
11585,11
11586,1
11587,7
11588,0
11589,5
11650,0
11651,8
11652,4
11653,0
11654,7
11655,1
11656,0
11657,1
11658,1
11659,8
11660,0
11661,0
11662,0
11663,6
11664,2
11665,0
11666,1
11667,1
11668,2
11669,2
11670,4
11671,2
11672,1
11673,5
11674,0
11675,4
11676,0
11677,0
11678,1
11679,2
11680,0
11681,1
11682,2
11683,5
11684,2
11685,0
11686,11
11687,7
11688,2
11689,2
11690,1
11691,0
11692,7
11693,8
11694,7
11695,0
11696,0
11697,1
11698,7
11699,7
11760,0
11761,0
11762,4
11763,1
11764,1
11765,4
11766,4
11767,12
11768,0
11769,0
11770,0
11771,12
11772,7
11773,12
11774,12
11775,0
11776,4
11777,6
11778,6
11779,8
11880,0
11881,0
11882,7
11883,1
11884,8
11885,4
11886,0
11887,0
11888,4
11889,8
11890,7
11891,7
11892,0
11893,1
11894,1
11895,1
11896,6
11897,0
11898,0
11899,1
12040,11
12041,11
12042,8
12043,2
12044,2
12045,7
12046,0
12047,5
12048,1
12049,7
12050,0
12051,6
12052,8
12053,2
12054,2
12055,0
12056,4
12057,2
12058,0
12059,6
12060,0
12061,4
12062,2
12063,2
12064,2
12065,2
12066,1
12067,2
12068,2
12069,0
12160,11
12161,8
12162,1
12163,1
12164,0
12165,0
12166,0
12167,4
12168,4
12169,2
12210,11
12211,0
12212,11
12213,4
12214,8
12215,11
12216,11
12217,11
12218,1
12219,5
12230,1
12231,2
12232,0
12233,8
12234,1
12235,1
12236,1
12237,2
12238,1
12239,0
12280,2
12281,0
12282,1
12283,1
12284,12
12285,4
12286,0
12287,2
12288,2
12289,4
12400,4
12401,8
12402,1
12403,0
12404,8
12405,4
12406,4
12407,4
12408,8
12409,4
12650,0
12651,1
12652,7
12653,1
12654,7
12655,8
12656,7
12657,0
12658,8
12659,7
12660,2
12661,1
12662,4
12663,2
12664,0
12665,2
12666,0
12667,2
12668,2
12669,2
12670,1
12671,0
12672,0
12673,1
12674,2
12675,2
12676,1
12677,0
12678,2
12679,6
12680,0
12681,0
12682,2
12683,5
12684,0
12685,4
12686,5
12687,4
12688,5
12689,5
12690,1
12691,0
12692,8
12693,0
12694,1
12695,0
12696,4
12697,7
12698,1
12699,8
12810,0
12811,9
12812,1
12813,6
12814,2
12815,1
12816,0
12817,5
12818,4
12819,2
12820,8
12821,9
12822,9
12823,4
12824,8
12825,0
12826,0
12827,1
12828,7
12829,1
12850,0
12851,0
12852,1
12853,3
12854,8
12855,0
12856,2
12857,0
12858,4
12859,1
12860,1
12861,5
12862,0
12863,1
12864,1
12865,4
12866,1
12867,0
12868,1
12869,1
13080,0
13081,4
13082,0
13083,1
13084,1
13085,0
13086,7
13087,0
13088,8
13089,1
13090,0
13091,0
13092,1
13093,1
13094,2
13095,4
13096,1
13097,2
13098,2
13099,0
13330,11
13331,5
13332,2
13333,5
13334,8
13335,11
13336,5
13337,0
13338,13
13339,8
13410,8
13411,0
13412,12
13413,11
13414,8
13415,0
13416,5
13417,13
13418,0
13419,8
13430,8
13431,4
13432,7
13433,1
13434,7
13435,1
13436,9
13437,4
13438,7
13439,8
13550,8
13551,9
13552,1
13553,1
13554,5
13555,0
13556,0
13557,2
13558,2
13559,6
13750,0
13751,1
13752,1
13753,2
13754,4
13755,9
13756,2
13757,1
13758,0
13759,4
13760,2
13761,11
13762,1
13763,7
13764,0
13765,11
13766,2
13767,0
13768,1
13769,7
13770,11
13771,8
13772,4
13773,2
13774,0
13775,5
13776,7
13777,2
13778,7
13779,0
13820,1
13821,1
13822,2
13823,2
13824,0
13825,0
13826,1
13827,2
13828,5
13829,2
13830,7
13831,7
13832,6
13833,6
13834,1
13835,6
13836,0
13837,5
13838,6
13839,1
14050,0
14051,1
14052,0
14053,4
14054,2
14055,5
14056,2
14057,4
14058,0
14059,4
14060,9
14061,9
14062,1
14063,7
14064,8
14065,1
14066,9
14067,0
14068,1
14069,1
14070,0
14071,2
14072,1
14073,7
14074,5
14075,0
14076,7
14077,1
14078,2
14079,7
14080,0
14081,8
14082,8
14083,7
14084,0
14085,0
14086,1
14087,0
14088,11
14089,1
14130,0
14131,5
14132,1
14133,2
14134,2
14135,0
14136,5
14137,2
14138,2
14139,1
14140,0
14141,1
14142,5
14143,0
14144,7
14145,0
14146,6
14147,5
14148,7
14149,1
14230,7
14231,0
14232,4
14233,7
14234,8
14235,4
14236,7
14237,1
14238,0
14239,0
14240,7
14241,2
14242,11
14243,7
14244,1
14245,0
14246,11
14247,1
14248,2
14249,0
14290,0
14291,5
14292,6
14293,1
14294,5
14295,0
14296,7
14297,7
14298,7
14299,7
14300,1
14301,0
14302,5
14303,2
14304,1
14305,0
14306,0
14307,0
14308,1
14309,2
14460,7
14461,5
14462,5
14463,5
14464,1
14465,7
14466,2
14467,5
14468,5
14469,11
14470,6
14471,1
14472,5
14473,0
14474,6
14475,0
14476,5
14477,5
14478,6
14479,7
14480,0
14481,4
14482,1
14483,1
14484,5
14485,0
14486,4
14487,2
14488,4
14489,4
14510,0
14511,1
14512,0
14513,2
14514,2
14515,11
14516,1
14517,7
14518,2
14519,0
14520,0
14521,0
14522,1
14523,8
14524,7
14525,7
14526,1
14527,9
14528,0
14529,8
14760,0
14761,8
14762,8
14763,0
14764,4
14765,0
14766,1
14767,7
14768,7
14769,7
14770,2
14771,1
14772,0
14773,0
14774,2
14775,1
14776,4
14777,5
14778,0
14779,4
14970,4
14971,2
14972,0
14973,2
14974,1
14975,4
14976,1
14977,2
14978,0
14979,2
14980,2
14981,2
14982,4
14983,0
14984,1
14985,1
14986,0
14987,1
14988,6
14989,5
15020,11
15021,7
15022,1
15023,2
15024,5
15025,0
15026,5
15027,5
15028,1
15029,7
15030,1
15031,0
15032,6
15033,5
15034,2
15035,5
15036,1
15037,4
15038,0
15039,6
15280,5
15281,0
15282,2
15283,7
15284,2
15285,0
15286,5
15287,2
15288,2
15289,2
15290,0
15291,9
15292,0
15293,4
15294,2
15295,0
15296,1
15297,2
15298,6
15299,5
15450,0
15451,11
15452,7
15453,7
15454,8
15455,9
15456,0
15457,7
15458,0
15459,1
15590,0
15591,1
15592,2
15593,4
15594,12
15595,0
15596,1
15597,4
15598,2
15599,4
15600,4
15601,8
15602,0
15603,4
15604,12
15605,0
15606,0
15607,7
15608,6
15609,4
15640,1
15641,0
15642,4
15643,4
15644,11
15645,0
15646,1
15647,4
15648,2
15649,2
15650,0
15651,2
15652,1
15653,4
15654,2
15655,0
15656,11
15657,1
15658,2
15659,4
15660,0
15661,11
15662,11
15663,8
15664,12
15665,11
15666,11
15667,8
15668,5
15669,8
15720,8
15721,2
15722,2
15723,0
15724,11
15725,11
15726,0
15727,2
15728,5
15729,2
15730,0
15731,4
15732,1
15733,7
15734,1
15735,8
15736,1
15737,2
15738,11
15739,5
15740,0
15741,0
15742,1
15743,4
15744,1
15745,6
15746,0
15747,2
15748,4
15749,2
15750,7
15751,0
15752,7
15753,7
15754,6
15755,0
15756,16
15757,5
15758,7
15759,1
15760,0
15761,12
15762,2
15763,7
15764,6
15765,0
15766,12
15767,0
15768,6
15769,2
15770,0
15771,5
15772,1
15773,7
15774,7
15775,0
15776,1
15777,6
15778,5
15779,1
15780,0
15781,2
15782,6
15783,12
15784,11
15785,0
15786,2
15787,12
15788,5
15789,2
15970,0
15971,3
15972,2
15973,4
15974,2
15975,0
15976,0
15977,0
15978,4
15979,1
15980,7
15981,9
15982,0
15983,7
15984,1
15985,9
15986,7
15987,7
15988,0
15989,8
15990,11
15991,12
15992,12
15993,2
15994,8
15995,0
15996,4
15997,2
15998,12
15999,0
16080,11
16081,0
16082,5
16083,2
16084,4
16085,9
16086,5
16087,2
16088,8
16089,2
16340,6
16341,3
16342,0
16343,1
16344,1
16345,4
16346,2
16347,4
16348,2
16349,2
16450,0
16451,11
16452,8
16453,6
16454,2
16455,2
16456,4
16457,2
16458,5
16459,11
16480,0
16481,12
16482,2
16483,2
16484,0
16485,5
16486,5
16487,6
16488,12
16489,0
16510,0
16511,16
16512,5
16513,5
16514,7
16515,0
16516,7
16517,0
16518,7
16519,1
16640,7
16641,0
16642,7
16643,1
16644,4
16645,11
16646,0
16647,1
16648,8
16649,7
16650,2
16651,1
16652,0
16653,4
16654,12
16655,4
16656,2
16657,1
16658,0
16659,5
16660,1
16661,5
16662,0
16663,7
16664,0
16665,2
16666,11
16667,8
16668,1
16669,7
16720,0
16721,2
16722,1
16723,1
16724,2
16725,0
16726,1
16727,1
16728,1
16729,2
16730,0
16731,1
16732,5
16733,16
16734,5
16735,0
16736,0
16737,5
16738,6
16739,6
16740,1
16741,7
16742,1
16743,9
16744,2
16745,5
16746,12
16747,2
16748,11
16749,2
16750,1
16751,4
16752,4
16753,1
16754,0
16755,4
16756,1
16757,5
16758,0
16759,2
16760,8
16761,4
16762,2
16763,2
16764,0
16765,11
16766,11
16767,0
16768,8
16769,8
16780,5
16781,0
16782,7
16783,7
16784,2
16785,0
16786,7
16787,2
16788,1
16789,5
16790,0
16791,4
16792,2
16793,5
16794,0
16795,0
16796,5
16797,0
16798,0
16799,1
16800,0
16801,11
16802,2
16803,5
16804,6
16805,0
16806,2
16807,2
16808,5
16809,2
16810,0
16811,1
16812,0
16813,7
16814,8
16815,0
16816,7
16817,8
16818,1
16819,7
16950,5
16951,6
16952,0
16953,1
16954,7
16955,5
16956,16
16957,7
16958,7
16959,5
16960,0
16961,2
16962,4
16963,1
16964,5
16965,0
16966,2
16967,2
16968,1
16969,4
17060,7
17061,1
17062,0
17063,1
17064,8
17065,0
17066,0
17067,7
17068,1
17069,1
17170,0
17171,2
17172,11
17173,2
17174,2
17175,2
17176,2
17177,0
17178,5
17179,6
17500,9
17501,1
17502,1
17503,7
17504,8
17505,9
17506,1
17507,1
17508,8
17509,0
17530,11
17531,11
17532,2
17533,2
17534,2
17535,8
17536,11
17537,0
17538,8
17539,2
17540,0
17541,1
17542,4
17543,2
17544,1
17545,11
17546,4
17547,2
17548,5
17549,2
17550,11
17551,7
17552,5
17553,1
17554,2
17555,2
17556,0
17557,11
17558,7
17559,5
17560,0
17561,4
17562,2
17563,2
17564,1
17565,2
17566,0
17567,0
17568,4
17569,1
17570,0
17571,0
17572,1
17573,9
17574,8
17575,9
17576,0
17577,7
17578,7
17579,8
17620,0
17621,2
17622,1
17623,0
17624,1
17625,4
17626,0
17627,1
17628,1
17629,5
17630,8
17631,2
17632,0
17633,7
17634,12
17635,11
17636,0
17637,5
17638,5
17639,12
17690,0
17691,8
17692,7
17693,7
17694,8
17695,0
17696,0
17697,8
17698,4
17699,7
17700,0
17701,1
17702,5
17703,12
17704,6
17705,0
17706,4
17707,5
17708,8
17709,2
17710,0
17711,0
17712,5
17713,6
17714,1
17715,0
17716,6
17717,7
17718,5
17719,7
17740,0
17741,8
17742,0
17743,1
17744,4
17745,7
17746,8
17747,0
17748,7
17749,9
17750,9
17751,6
17752,0
17753,6
17754,7
17755,9
17756,7
17757,1
17758,7
17759,0
17760,11
17761,11
17762,11
17763,0
17764,6
17765,11
17766,11
17767,8
17768,7
17769,11
17790,0
17791,0
17792,1
17793,5
17794,1
17795,1
17796,5
17797,0
17798,7
17799,1
17800,0
17801,5
17802,4
17803,1
17804,1
17805,1
17806,2
17807,0
17808,5
17809,1
17810,11
17811,5
17812,6
17813,2
17814,1
17815,2
17816,1
17817,6
17818,0
17819,2
17870,1
17871,4
17872,0
17873,2
17874,2
17875,4
17876,0
17877,4
17878,1
17879,4
17880,2
17881,4
17882,11
17883,5
17884,5
17885,6
17886,0
17887,7
17888,12
17889,11
17890,0
17891,7
17892,7
17893,7
17894,7
17895,1
17896,7
17897,5
17898,0
17899,1
17960,0
17961,0
17962,2
17963,2
17964,8
17965,0
17966,4
17967,2
17968,1
17969,1
17970,11
17971,8
17972,8
17973,5
17974,8
17975,12
17976,0
17977,6
17978,2
17979,8
18070,0
18071,3
18072,2
18073,8
18074,12
18075,11
18076,11
18077,5
18078,2
18079,2
18080,0
18081,0
18082,7
18083,6
18084,1
18085,0
18086,5
18087,1
18088,0
18089,5
18090,0
18091,1
18092,4
18093,2
18094,12
18095,5
18096,0
18097,0
18098,2
18099,1
18240,7
18241,1
18242,6
18243,0
18244,7
18245,0
18246,0
18247,1
18248,6
18249,7
18250,0
18251,1
18252,1
18253,1
18254,2
18255,1
18256,0
18257,5
18258,8
18259,2
18260,0
18261,2
18262,1
18263,4
18264,4
18265,0
18266,0
18267,1
18268,6
18269,12
18350,1
18351,12
18352,0
18353,1
18354,6
18355,0
18356,8
18357,13
18358,0
18359,4
18360,1
18361,4
18362,1
18363,2
18364,12
18365,0
18366,4
18367,0
18368,4
18369,0
18420,0
18421,4
18422,2
18423,4
18424,4
18425,2
18426,6
18427,4
18428,0
18429,2
18430,0
18431,0
18432,5
18433,5
18434,1
18435,7
18436,5
18437,7
18438,7
18439,0
18570,0
18571,4
18572,1
18573,7
18574,1
18575,0
18576,1
18577,8
18578,1
18579,8
18580,0
18581,7
18582,1
18583,0
18584,8
18585,2
18586,7
18587,2
18588,7
18589,7
18650,2
18651,0
18652,4
18653,2
18654,1
18655,0
18656,1
18657,4
18658,1
18659,0
18660,0
18661,9
18662,1
18663,8
18664,1
18665,8
18666,0
18667,1
18668,8
18669,7
18830,1
18831,2
18832,4
18833,5
18834,8
18835,0
18836,2
18837,1
18838,4
18839,0
18840,2
18841,4
18842,2
18843,1
18844,0
18845,0
18846,1
18847,2
18848,0
18849,6
18850,11
18851,7
18852,5
18853,2
18854,8
18855,1
18856,0
18857,7
18858,1
18859,11
18880,5
18881,0
18882,2
18883,1
18884,4
18885,0
18886,2
18887,4
18888,1
18889,2
18960,4
18961,0
18962,2
18963,4
18964,8
18965,0
18966,4
18967,8
18968,8
18969,5
18970,6
18971,0
18972,1
18973,1
18974,2
18975,9
18976,1
18977,1
18978,0
18979,2
18980,0
18981,1
18982,1
18983,7
18984,1
18985,0
18986,0
18987,6
18988,7
18989,6
19020,4
19021,2
19022,0
19023,1
19024,2
19025,0
19026,4
19027,1
19028,2
19029,0
19030,0
19031,0
19032,4
19033,4
19034,1
19035,4
19036,4
19037,0
19038,8
19039,1
19040,0
19041,11
19042,7
19043,1
19044,2
19045,0
19046,11
19047,11
19048,2
19049,1
19080,7
19081,5
19082,1
19083,11
19084,2
19085,0
19086,7
19087,2
19088,2
19089,5
19090,1
19091,6
19092,5
19093,5
19094,2
19095,2
19096,0
19097,4
19098,6
19099,2
19100,9
19101,1
19102,7
19103,7
19104,8
19105,0
19106,1
19107,9
19108,7
19109,8
19190,1
19191,0
19192,5
19193,2
19194,6
19195,0
19196,7
19197,5
19198,2
19199,1
19200,0
19201,4
19202,4
19203,2
19204,2
19205,4
19206,0
19207,5
19208,2
19209,1
19210,0
19211,0
19212,9
19213,1
19214,8
19215,0
19216,7
19217,7
19218,1
19219,1
19270,1
19271,2
19272,1
19273,4
19274,0
19275,0
19276,1
19277,1
19278,1
19279,4
19310,8
19311,0
19312,0
19313,1
19314,2
19315,2
19316,1
19317,2
19318,0
19319,0
19340,11
19341,11
19342,8
19343,2
19344,0
19345,2
19346,11
19347,2
19348,2
19349,2
19360,0
19361,1
19362,2
19363,4
19364,1
19365,1
19366,0
19367,1
19368,2
19369,1
19410,6
19411,0
19412,2
19413,12
19414,2
19415,4
19416,4
19417,5
19418,0
19419,8
19430,5
19431,11
19432,7
19433,5
19434,2
19435,8
19436,11
19437,11
19438,8
19439,7
19460,14
19461,16
19462,0
19463,8
19464,0
19465,0
19466,4
19467,2
19468,4
19469,8
19480,11
19481,13
19482,4
19483,0
19484,8
19485,0
19486,4
19487,8
19488,8
19489,8
19500,1
19501,0
19502,0
19503,4
19504,1
19505,2
19506,4
19507,1
19508,0
19509,1
19530,0
19531,6
19532,2
19533,2
19534,8
19535,0
19536,4
19537,4
19538,2
19539,8
19560,2
19561,11
19562,2
19563,2
19564,2
19565,1
19566,0
19567,1
19568,5
19569,5
19570,5
19571,0
19572,1
19573,5
19574,4
19575,0
19576,4
19577,1
19578,4
19579,4
19670,0
19671,8
19672,7
19673,4
19674,6
19675,11
19676,8
19677,0
19678,11
19679,4
19710,11
19711,5
19712,7
19713,4
19714,8
19715,5
19716,9
19717,7
19718,5
19719,5
19730,4
19731,0
19732,4
19733,7
19734,8
19735,0
19736,4
19737,8
19738,7
19739,7
19750,16
19751,1
19752,8
19753,14
19754,7
19755,5
19756,5
19757,1
19758,5
19759,5
19760,0
19761,0
19762,4
19763,1
19764,1
19765,4
19766,4
19767,4
19768,0
19769,4
19770,1
19771,0
19772,4
19773,2
19774,4
19775,4
19776,0
19777,1
19778,0
19779,2
19790,5
19791,0
19792,5
19793,0
19794,1
19795,0
19796,6
19797,6
19798,0
19799,1
19800,5
19801,0
19802,5
19803,1
19804,5
19805,0
19806,1
19807,6
19808,2
19809,1
19810,11
19811,5
19812,11
19813,2
19814,6
19815,0
19816,0
19817,2
19818,2
19819,8
19850,7
19851,8
19852,1
19853,7
19854,0
19855,0
19856,0
19857,1
19858,1
19859,1
19860,4
19861,0
19862,1
19863,1
19864,1
19865,0
19866,0
19867,1
19868,4
19869,2
20020,0
20021,1
20022,0
20023,7
20024,8
20025,0
20026,0
20027,8
20028,7
20029,7
20080,4
20081,0
20082,16
20083,4
20084,2
20085,0
20086,0
20087,1
20088,4
20089,1
20090,0
20091,8
20092,8
20093,16
20094,7
20095,1
20096,0
20097,1
20098,1
20099,8
20100,2
20101,0
20102,2
20103,5
20104,2
20105,5
20106,0
20107,8
20108,2
20109,8
20110,0
20111,1
20112,5
20113,0
20114,1
20115,0
20116,1
20117,2
20118,0
20119,0
20120,0
20121,7
20122,1
20123,8
20124,1
20125,1
20126,8
20127,7
20128,0
20129,7
20130,0
20131,11
20132,1
20133,2
20134,7
20135,0
20136,0
20137,2
20138,5
20139,2
20170,2
20171,0
20172,0
20173,4
20174,2
20175,11
20176,4
20177,8
20178,12
20179,2
20180,11
20181,0
20182,7
20183,1
20184,2
20185,11
20186,2
20187,8
20188,7
20189,5
20210,0
20211,11
20212,1
20213,7
20214,2
20215,0
20216,1
20217,1
20218,2
20219,2
20220,9
20221,0
20222,9
20223,8
20224,7
20225,1
20226,7
20227,7
20228,8
20229,4
20230,4
20231,2
20232,2
20233,2
20234,0
20235,2
20236,4
20237,4
20238,1
20239,0
20570,7
20571,4
20572,0
20573,8
20574,1
20575,1
20576,8
20577,9
20578,4
20579,7
20580,1
20581,0
20582,2
20583,0
20584,6
20585,0
20586,0
20587,4
20588,2
20589,2
20660,0
20661,0
20662,7
20663,1
20664,7
20665,7
20666,1
20667,9
20668,1
20669,7
20670,0
20671,0
20672,1
20673,2
20674,2
20675,1
20676,0
20677,2
20678,1
20679,0
20730,0
20731,14
20732,4
20733,0
20734,5
20735,0
20736,1
20737,2
20738,2
20739,6
20740,0
20741,7
20742,7
20743,1
20744,8
20745,0
20746,1
20747,7
20748,8
20749,9
20750,1
20751,2
20752,4
20753,0
20754,1
20755,0
20756,1
20757,2
20758,5
20759,4
20760,0
20761,0
20762,12
20763,12
20764,7
20765,11
20766,4
20767,12
20768,12
20769,15
20770,7
20771,8
20772,8
20773,4
20774,7
20775,7
20776,0
20777,9
20778,4
20779,9
20780,8
20781,4
20782,2
20783,0
20784,12
20785,0
20786,8
20787,6
20788,2
20789,2
20790,0
20791,1
20792,2
20793,6
20794,12
20795,1
20796,0
20797,1
20798,4
20799,6
20810,11
20811,2
20812,5
20813,5
20814,1
20815,1
20816,0
20817,2
20818,1
20819,2
20860,5
20861,2
20862,1
20863,2
20864,0
20865,1
20866,0
20867,1
20868,0
20869,2
20870,1
20871,5
20872,3
20873,0
20874,5
20875,0
20876,11
20877,2
20878,11
20879,2
20930,9
20931,4
20932,1
20933,7
20934,8
20935,0
20936,7
20937,7
20938,7
20939,8
20940,0
20941,1
20942,2
20943,2
20944,4
20945,2
20946,0
20947,1
20948,0
20949,4
20950,1
20951,0
20952,2
20953,0
20954,4
20955,0
20956,2
20957,1
20958,5
20959,0
20960,0
20961,1
20962,0
20963,8
20964,7
20965,0
20966,0
20967,7
20968,8
20969,1
20970,0
20971,8
20972,2
20973,5
20974,4
20975,0
20976,5
20977,2
20978,2
20979,2
21000,0
21001,1
21002,4
21003,4
21004,1
21005,1
21006,3
21007,3
21008,4
21009,0
21010,9
21011,0
21012,1
21013,8
21014,1
21015,0
21016,9
21017,7
21018,8
21019,8
21020,0
21021,6
21022,1
21023,1
21024,2
21025,6
21026,0
21027,0
21028,1
21029,6
21070,7
21071,7
21072,1
21073,2
21074,2
21075,0
21076,0
21077,1
21078,1
21079,1
21080,0
21081,4
21082,1
21083,1
21084,2
21085,0
21086,4
21087,4
21088,1
21089,4
21260,2
21261,0
21262,11
21263,1
21264,5
21265,2
21266,1
21267,2
21268,0
21269,3
21270,2
21271,0
21272,0
21273,8
21274,5
21275,11
21276,3
21277,4
21278,7
21279,2
21280,0
21281,5
21282,2
21283,2
21284,2
21285,1
21286,1
21287,0
21288,4
21289,1
21480,7
21481,11
21482,11
21483,1
21484,5
21485,0
21486,5
21487,5
21488,3
21489,7
21490,0
21491,0
21492,7
21493,1
21494,5
21495,5
21496,5
21497,0
21498,7
21499,7
21500,11
21501,11
21502,7
21503,8
21504,2
21505,11
21506,11
21507,12
21508,12
21509,4
21550,2
21551,8
21552,2
21553,11
21554,2
21555,7
21556,0
21557,5
21558,2
21559,5
21560,5
21561,9
21562,2
21563,1
21564,5
21565,11
21566,1
21567,5
21568,1
21569,1
21570,0
21571,2
21572,12
21573,2
21574,2
21575,1
21576,0
21577,1
21578,6
21579,5
21680,6
21681,0
21682,1
21683,1
21684,5
21685,6
21686,0
21687,6
21688,1
21689,6
21690,2
21691,11
21692,0
21693,7
21694,2
21695,11
21696,5
21697,2
21698,13
21699,6
21700,0
21701,9
21702,7
21703,8
21704,1
21705,8
21706,0
21707,1
21708,7
21709,7
21990,0
21991,6
21992,7
21993,1
21994,5
21995,9
21996,5
21997,1
21998,0
21999,7
22000,4
22001,4
22002,2
22003,0
22004,1
22005,2
22006,4
22007,1
22008,9
22009,3
22010,2
22011,0
22012,2
22013,12
22014,8
22015,0
22016,8
22017,2
22018,7
22019,11
22020,6
22021,2
22022,0
22023,5
22024,1
22025,1
22026,0
22027,2
22028,5
22029,4
22030,0
22031,1
22032,2
22033,4
22034,2
22035,0
22036,2
22037,1
22038,1
22039,4
22040,5
22041,1
22042,0
22043,7
22044,1
22045,11
22046,0
22047,1
22048,7
22049,7
22200,0
22201,9
22202,4
22203,8
22204,7
22205,0
22206,7
22207,0
22208,7
22209,8
22210,0
22211,3
22212,4
22213,1
22214,1
22215,1
22216,2
22217,5
22218,4
22219,2
22220,11
22221,8
22222,2
22223,4
22224,2
22225,11
22226,0
22227,5
22228,2
22229,12
22230,11
22231,2
22232,5
22233,7
22234,7
22235,11
22236,2
22237,11
22238,7
22239,1
22240,9
22241,1
22242,0
22243,7
22244,8
22245,1
22246,0
22247,0
22248,1
22249,7
22250,11
22251,0
22252,5
22253,2
22254,3
22255,1
22256,0
22257,1
22258,2
22259,2
22510,2
22511,0
22512,8
22513,7
22514,5
22515,1
22516,7
22517,7
22518,1
22519,11
22520,0
22521,0
22522,1
22523,8
22524,7
22525,4
22526,0
22527,4
22528,4
22529,1
22660,0
22661,1
22662,5
22663,4
22664,1
22665,0
22666,6
22667,1
22668,1
22669,13
22670,0
22671,2
22672,5
22673,1
22674,4
22675,4
22676,2
22677,1
22678,2
22679,4
22900,0
22901,4
22902,1
22903,2
22904,2
22905,5
22906,4
22907,0
22908,6
22909,0
22910,6
22911,0
22912,12
22913,2
22914,2
22915,0
22916,1
22917,6
22918,4
22919,2
22970,0
22971,0
22972,7
22973,8
22974,7
22975,0
22976,7
22977,4
22978,8
22979,8
23120,11
23121,7
23122,2
23123,2
23124,1
23125,11
23126,1
23127,5
23128,1
23129,2
23130,2
23131,1
23132,0
23133,1
23134,2
23135,0
23136,2
23137,1
23138,9
23139,2
23140,0
23141,8
23142,6
23143,6
23144,8
23145,8
23146,0
23147,2
23148,2
23149,4
23150,12
23151,0
23152,9
23153,16
23154,12
23155,9
23156,7
23157,8
23158,8
23159,6
23160,7
23161,9
23162,1
23163,0
23164,8
23165,7
23166,9
23167,8
23168,1
23169,9
23170,0
23171,0
23172,6
23173,7
23174,0
23175,0
23176,7
23177,6
23178,6
23179,1
23180,0
23181,4
23182,2
23183,2
23184,2
23185,0
23186,2
23187,1
23188,1
23189,4
23190,1
23191,2
23192,0
23193,2
23194,2
23195,0
23196,0
23197,1
23198,7
23199,1
23220,11
23221,2
23222,2
23223,1
23224,5
23225,11
23226,0
23227,2
23228,5
23229,2
23230,0
23231,4
23232,2
23233,2
23234,1
23235,4
23236,0
23237,4
23238,0
23239,4
23240,4
23241,0
23242,2
23243,1
23244,6
23245,9
23246,2
23247,2
23248,0
23249,1
23340,0
23341,6
23342,1
23343,1
23344,5
23345,0
23346,1
23347,7
23348,0
23349,5
23480,8
23481,11
23482,8
23483,4
23484,2
23485,11
23486,0
23487,8
23488,2
23489,8
23490,6
23491,0
23492,6
23493,7
23494,0
23495,7
23496,5
23497,0
23498,6
23499,7
23520,1
23521,1
23522,0
23523,4
23524,2
23525,0
23526,0
23527,2
23528,1
23529,1
23530,9
23531,1
23532,7
23533,1
23534,8
23535,0
23536,1
23537,1
23538,0
23539,8
23560,1
23561,4
23562,2
23563,0
23564,8
23565,0
23566,1
23567,1
23568,4
23569,2
23570,2
23571,0
23572,4
23573,2
23574,8
23575,11
23576,8
23577,6
23578,0
23579,0
23580,0
23581,1
23582,2
23583,1
23584,1
23585,4
23586,4
23587,0
23588,4
23589,1
23590,0
23591,2
23592,4
23593,1
23594,0
23595,2
23596,5
23597,1
23598,4
23599,1
23670,1
23671,0
23672,2
23673,1
23674,1
23675,0
23676,0
23677,1
23678,2
23679,4
23680,0
23681,4
23682,6
23683,5
23684,6
23685,0
23686,0
23687,2
23688,4
23689,5
23690,0
23691,4
23692,1
23693,4
23694,7
23695,7
23696,4
23697,1
23698,0
23699,8
23700,6
23701,5
23702,0
23703,5
23704,1
23705,1
23706,0
23707,5
23708,7
23709,6
24070,5
24071,2
24072,4
24073,0
24074,1
24075,0
24076,4
24077,2
24078,1
24079,5
24080,0
24081,1
24082,0
24083,1
24084,8
24085,0
24086,1
24087,0
24088,8
24089,4
24090,11
24091,1
24092,11
24093,2
24094,1
24095,2
24096,11
24097,0
24098,2
24099,1
24100,1
24101,1
24102,1
24103,7
24104,2
24105,2
24106,1
24107,11
24108,11
24109,2
24110,2
24111,2
24112,0
24113,2
24114,1
24115,4
24116,4
24117,4
24118,0
24119,0
24120,0
24121,1
24122,1
24123,4
24124,2
24125,4
24126,1
24127,1
24128,0
24129,1
24130,0
24131,7
24132,1
24133,2
24134,1
24135,11
24136,1
24137,2
24138,2
24139,11
24140,1
24141,2
24142,6
24143,11
24144,3
24145,2
24146,2
24147,0
24148,4
24149,1
24150,1
24151,0
24152,6
24153,7
24154,7
24155,0
24156,7
24157,7
24158,7
24159,7
24160,2
24161,11
24162,3
24163,7
24164,1
24165,7
24166,4
24167,5
24168,7
24169,2
24270,9
24271,0
24272,4
24273,8
24274,1
24275,11
24276,1
24277,0
24278,0
24279,7
24450,0
24451,7
24452,7
24453,6
24454,1
24455,0
24456,0
24457,8
24458,0
24459,7
24460,9
24461,0
24462,2
24463,8
24464,2
24465,2
24466,11
24467,0
24468,2
24469,12
24470,2
24471,1
24472,0
24473,1
24474,1
24475,11
24476,4
24477,4
24478,0
24479,2
24500,5
24501,5
24502,0
24503,6
24504,7
24505,0
24506,7
24507,1
24508,7
24509,5
24880,0
24881,9
24882,7
24883,1
24884,8
24885,1
24886,0
24887,7
24888,7
24889,8
24890,0
24891,1
24892,6
24893,5
24894,2
24895,1
24896,0
24897,4
24898,2
24899,5
25230,0
25231,1
25232,11
25233,2
25234,2
25235,1
25236,5
25237,1
25238,11
25239,14
25240,1
25241,7
25242,0
25243,1
25244,0
25245,0
25246,7
25247,5
25248,0
25249,6
25250,0
25251,4
25252,2
25253,1
25254,12
25255,1
25256,4
25257,4
25258,0
25259,13
25320,11
25321,0
25322,2
25323,4
25324,2
25325,0
25326,8
25327,11
25328,2
25329,2
25330,1
25331,0
25332,4
25333,2
25334,2
25335,0
25336,1
25337,4
25338,1
25339,0
25340,0
25341,4
25342,7
25343,8
25344,8
25345,0
25346,0
25347,1
25348,8
25349,8
25380,1
25381,0
25382,1
25383,2
25384,0
25385,0
25386,4
25387,2
25388,2
25389,2
25390,0
25391,0
25392,1
25393,1
25394,8
25395,0
25396,1
25397,4
25398,8
25399,1
25590,8
25591,0
25592,0
25593,6
25594,2
25595,11
25596,9
25597,0
25598,8
25599,8
25600,4
25601,4
25602,2
25603,0
25604,2
25605,0
25606,0
25607,4
25608,1
25609,1
25610,0
25611,0
25612,7
25613,7
25614,8
25615,1
25616,0
25617,1
25618,0
25619,8
25700,9
25701,0
25702,1
25703,6
25704,2
25705,0
25706,4
25707,2
25708,0
25709,1
25730,4
25731,4
25732,0
25733,3
25734,2
25735,0
25736,1
25737,2
25738,2
25739,1
25740,7
25741,7
25742,1
25743,6
25744,7
25745,6
25746,0
25747,6
25748,7
25749,1
25750,4
25751,4
25752,4
25753,4
25754,4
25755,0
25756,0
25757,1
25758,3
25759,2
25790,6
25791,0
25792,2
25793,8
25794,2
25795,0
25796,11
25797,2
25798,2
25799,2
25970,0
25971,0
25972,4
25973,5
25974,2
25975,15
25976,0
25977,1
25978,2
25979,1
25980,0
25981,1
25982,5
25983,4
25984,2
25985,11
25986,0
25987,1
25988,2
25989,5
25990,4
25991,4
25992,0
25993,2
25994,2
25995,0
25996,0
25997,1
25998,2
25999,5
26000,0
26001,0
26002,1
26003,7
26004,1
26005,0
26006,8
26007,1
26008,1
26009,0
26010,0
26011,9
26012,4
26013,4
26014,1
26015,4
26016,0
26017,0
26018,2
26019,2
26020,11
26021,1
26022,11
26023,5
26024,1
26025,2
26026,1
26027,11
26028,1
26029,7
26060,5
26061,9
26062,1
26063,0
26064,7
26065,0
26066,1
26067,0
26068,7
26069,5
26070,9
26071,9
26072,1
26073,8
26074,8
26075,0
26076,1
26077,0
26078,8
26079,1
26080,0
26081,0
26082,4
26083,4
26084,2
26085,5
26086,1
26087,2
26088,0
26089,4
26150,11
26151,2
26152,1
26153,11
26154,1
26155,1
26156,11
26157,6
26158,1
26159,2
26160,1
26161,5
26162,1
26163,0
26164,1
26165,1
26166,0
26167,7
26168,7
26169,7
26170,0
26171,2
26172,0
26173,2
26174,11
26175,11
26176,9
26177,3
26178,2
26179,5
26290,11
26291,0
26292,8
26293,7
26294,7
26295,0
26296,1
26297,4
26298,0
26299,7
26300,11
26301,0
26302,7
26303,1
26304,7
26305,11
26306,2
26307,1
26308,1
26309,2
26310,11
26311,2
26312,11
26313,8
26314,4
26315,4
26316,11
26317,0
26318,12
26319,11
26320,2
26321,7
26322,5
26323,11
26324,1
26325,2
26326,11
26327,11
26328,5
26329,1
26330,1
26331,0
26332,8
26333,0
26334,4
26335,5
26336,1
26337,0
26338,2
26339,1
26340,11
26341,6
26342,13
26343,5
26344,3
26345,8
26346,11
26347,2
26348,4
26349,2
26350,13
26351,9
26352,11
26353,3
26354,1
26355,1
26356,1
26357,4
26358,2
26359,0
26410,7
26411,8
26412,11
26413,2
26414,6
26415,8
26416,0
26417,0
26418,6
26419,8
26420,0
26421,8
26422,7
26423,4
26424,7
26425,0
26426,7
26427,1
26428,4
26429,8
26620,2
26621,1
26622,2
26623,0
26624,4
26625,4
26626,0
26627,1
26628,1
26629,5
26630,0
26631,8
26632,1
26633,4
26634,1
26635,8
26636,0
26637,0
26638,1
26639,0
26950,11
26951,11
26952,11
26953,2
26954,5
26955,0
26956,2
26957,5
26958,6
26959,2
26960,0
26961,2
26962,0
26963,1
26964,5
26965,5
26966,1
26967,0
26968,1
26969,2
26970,11
26971,1
26972,0
26973,4
26974,7
26975,0
26976,7
26977,1
26978,0
26979,8
26980,0
26981,4
26982,5
26983,7
26984,7
26985,0
26986,1
26987,5
26988,0
26989,7
26990,2
26991,6
26992,0
26993,1
26994,1
26995,4
26996,0
26997,5
26998,6
26999,6
27200,1
27201,4
27202,0
27203,1
27204,1
27205,1
27206,1
27207,4
27208,4
27209,1
27210,4
27211,1
27212,0
27213,0
27214,2
27215,4
27216,0
27217,1
27218,1
27219,0
27220,0
27221,1
27222,5
27223,2
27224,0
27225,0
27226,4
27227,1
27228,1
27229,2
27230,1
27231,7
27232,0
27233,2
27234,7
27235,5
27236,0
27237,1
27238,5
27239,2
27240,11
27241,2
27242,11
27243,5
27244,8
27245,0
27246,11
27247,1
27248,1
27249,2
27250,5
27251,1
27252,4
27253,4
27254,2
27255,0
27256,1
27257,0
27258,2
27259,2
27260,5
27261,0
27262,7
27263,1
27264,7
27265,0
27266,9
27267,0
27268,5
27269,6
27290,4
27291,1
27292,11
27293,2
27294,5
27295,0
27296,5
27297,0
27298,6
27299,1
27300,5
27301,4
27302,0
27303,1
27304,2
27305,4
27306,1
27307,15
27308,1
27309,5
27330,1
27331,2
27332,4
27333,2
27334,2
27335,1
27336,0
27337,2
27338,4
27339,4
27340,0
27341,1
27342,8
27343,4
27344,7
27345,0
27346,0
27347,7
27348,1
27349,1
27350,0
27351,1
27352,7
27353,1
27354,5
27355,0
27356,0
27357,0
27358,0
27359,7
27400,7
27401,5
27402,7
27403,7
27404,6
27405,0
27406,0
27407,6
27408,6
27409,1
27410,13
27411,2
27412,2
27413,11
27414,7
27415,0
27416,1
27417,5
27418,1
27419,11
27480,0
27481,1
27482,2
27483,4
27484,4
27485,0
27486,4
27487,5
27488,2
27489,2
27490,0
27491,8
27492,0
27493,1
27494,4
27495,0
27496,7
27497,1
27498,4
27499,8
27540,11
27541,8
27542,11
27543,2
27544,12
27545,8
27546,0
27547,6
27548,4
27549,4
27550,1
27551,8
27552,0
27553,1
27554,7
27555,0
27556,8
27557,7
27558,0
27559,1
27670,5
27671,7
27672,0
27673,6
27674,1
27675,5
27676,1
27677,7
27678,6
27679,6
27680,2
27681,11
27682,0
27683,2
27684,4
27685,0
27686,8
27687,12
27688,6
27689,2
27950,0
27951,4
27952,1
27953,1
27954,4
27955,0
27956,2
27957,0
27958,1
27959,0
27960,1
27961,9
27962,4
27963,4
27964,2
27965,0
27966,0
27967,1
27968,4
27969,4
27970,6
27971,0
27972,7
27973,5
27974,5
27975,0
27976,9
27977,1
27978,7
27979,7
27980,7
27981,8
27982,0
27983,1
27984,8
27985,0
27986,0
27987,7
27988,7
27989,1
28010,1
28011,2
28012,0
28013,1
28014,4
28015,0
28016,1
28017,8
28018,4
28019,2
28020,0
28021,1
28022,5
28023,2
28024,4
28025,0
28026,1
28027,1
28028,5
28029,6
28030,5
28031,0
28032,1
28033,5
28034,1
28035,0
28036,16
28037,5
28038,5
28039,7
28040,5
28041,1
28042,1
28043,0
28044,5
28045,7
28046,5
28047,0
28048,2
28049,1
28050,0
28051,12
28052,2
28053,12
28054,4
28055,11
28056,6
28057,0
28058,8
28059,6
28060,0
28061,1
28062,4
28063,8
28064,1
28065,1
28066,7
28067,9
28068,0
28069,8
28100,1
28101,0
28102,1
28103,1
28104,1
28105,0
28106,1
28107,2
28108,8
28109,4
28110,5
28111,5
28112,14
28113,11
28114,5
28115,2
28116,1
28117,5
28118,0
28119,5
28120,11
28121,0
28122,8
28123,6
28124,8
28125,2
28126,0
28127,6
28128,8
28129,2
28180,0
28181,9
28182,7
28183,1
28184,8
28185,0
28186,9
28187,8
28188,7
28189,7
28190,2
28191,11
28192,2
28193,0
28194,2
28195,6
28196,8
28197,11
28198,0
28199,2
28340,0
28341,1
28342,2
28343,2
28344,12
28345,0
28346,0
28347,4
28348,5
28349,2
28350,7
28351,7
28352,8
28353,4
28354,0
28355,0
28356,1
28357,9
28358,8
28359,7
28700,0
28701,4
28702,2
28703,1
28704,1
28705,1
28706,2
28707,11
28708,4
28709,2
28710,5
28711,11
28712,1
28713,2
28714,7
28715,9
28716,5
28717,11
28718,2
28719,1
28720,0
28721,1
28722,2
28723,1
28724,1
28725,0
28726,0
28727,2
28728,4
28729,9
28850,0
28851,11
28852,2
28853,1
28854,2
28855,11
28856,7
28857,11
28858,5
28859,1
28860,4
28861,2
28862,0
28863,5
28864,1
28865,4
28866,4
28867,2
28868,1
28869,11
28870,0
28871,0
28872,1
28873,1
28874,4
28875,1
28876,1
28877,2
28878,4
28879,0
28880,0
28881,8
28882,7
28883,7
28884,1
28885,0
28886,9
28887,1
28888,1
28889,8
28890,0
28891,1
28892,5
28893,3
28894,1
28895,1
28896,15
28897,4
28898,0
28899,6
28900,0
28901,5
28902,7
28903,1
28904,7
28905,0
28906,1
28907,6
28908,0
28909,5
28910,1
28911,4
28912,7
28913,8
28914,1
28915,0
28916,0
28917,1
28918,7
28919,8
29050,0
29051,2
29052,1
29053,1
29054,2
29055,0
29056,2
29057,11
29058,12
29059,5
29060,0
29061,2
29062,2
29063,4
29064,5
29065,2
29066,0
29067,12
29068,12
29069,4
29070,11
29071,0
29072,7
29073,8
29074,8
29075,0
29076,0
29077,7
29078,7
29079,8
29080,0
29081,1
29082,2
29083,2
29084,0
29085,4
29086,0
29087,4
29088,2
29089,1
29300,4
29301,2
29302,0
29303,5
29304,1
29305,1
29306,4
29307,0
29308,2
29309,5
29310,0
29311,1
29312,1
29313,0
29314,4
29315,5
29316,1
29317,4
29318,0
29319,0
29320,11
29321,11
29322,1
29323,1
29324,2
29325,1
29326,11
29327,2
29328,0
29329,2
29450,2
29451,5
29452,4
29453,1
29454,2
29455,1
29456,2
29457,0
29458,2
29459,2
29460,0
29461,4
29462,1
29463,2
29464,2
29465,1
29466,1
29467,0
29468,0
29469,4
29470,1
29471,11
29472,1
29473,2
29474,2
29475,1
29476,5
29477,2
29478,2
29479,0
29620,0
29621,1
29622,8
29623,1
29624,1
29625,0
29626,7
29627,0
29628,8
29629,1
29630,1
29631,1
29632,2
29633,0
29634,2
29635,0
29636,0
29637,0
29638,1
29639,1
29640,0
29641,4
29642,7
29643,8
29644,1
29645,0
29646,0
29647,1
29648,7
29649,1
29650,0
29651,5
29652,2
29653,4
29654,2
29655,0
29656,1
29657,1
29658,1
29659,1
29660,0
29661,2
29662,2
29663,5
29664,0
29665,1
29666,5
29667,0
29668,6
29669,2
29830,8
29831,0
29832,0
29833,1
29834,0
29835,0
29836,7
29837,7
29838,7
29839,8
29840,4
29841,5
29842,0
29843,1
29844,1
29845,1
29846,0
29847,6
29848,1
29849,5
29850,0
29851,1
29852,4
29853,1
29854,5
29855,2
29856,0
29857,1
29858,1
29859,5
29880,0
29881,7
29882,8
29883,1
29884,1
29885,9
29886,1
29887,0
29888,0
29889,8
29900,2
29901,0
29902,1
29903,1
29904,2
29905,11
29906,1
29907,1
29908,14
29909,2
29910,6
29911,8
29912,8
29913,6
29914,6
29915,11
29916,4
29917,8
29918,4
29919,6
29920,1
29921,0
29922,8
29923,1
29924,7
29925,7
29926,8
29927,0
29928,4
29929,7
29930,0
29931,4
29932,1
29933,8
29934,1
29935,13
29936,4
29937,1
29938,4
29939,2
29990,4
29991,0
29992,1
29993,2
29994,2
29995,0
29996,1
29997,1
29998,4
29999,13
30000,2
30001,11
30002,0
30003,6
30004,12
30005,0
30006,12
30007,8
30008,6
30009,2
30290,11
30291,5
30292,4
30293,7
30294,8
30295,12
30296,11
30297,7
30298,4
30299,0
30300,7
30301,8
30302,1
30303,5
30304,11
30305,0
30306,5
30307,2
30308,0
30309,2
30440,0
30441,1
30442,4
30443,5
30444,13
30445,1
30446,1
30447,4
30448,0
30449,2
30450,0
30451,4
30452,0
30453,4
30454,6
30455,0
30456,1
30457,1
30458,1
30459,1
30460,5
30461,0
30462,6
30463,8
30464,7
30465,1
30466,5
30467,0
30468,0
30469,1
30500,0
30501,0
30502,1
30503,1
30504,2
30505,4
30506,0
30507,4
30508,4
30509,1
30510,8
30511,7
30512,1
30513,8
30514,0
30515,7
30516,0
30517,0
30518,1
30519,8
30540,0
30541,2
30542,11
30543,2
30544,1
30545,11
30546,1
30547,11
30548,5
30549,2
30550,5
30551,6
30552,5
30553,7
30554,0
30555,1
30556,6
30557,5
30558,5
30559,0
30610,2
30611,1
30612,4
30613,0
30614,2
30615,0
30616,0
30617,1
30618,1
30619,1
30920,1
30921,9
30922,0
30923,7
30924,7
30925,0
30926,0
30927,1
30928,8
30929,7
30930,0
30931,4
30932,0
30933,2
30934,1
30935,0
30936,4
30937,4
30938,2
30939,1
30940,11
30941,11
30942,11
30943,12
30944,6
30945,2
30946,2
30947,2
30948,0
30949,11
31120,0
31121,6
31122,2
31123,1
31124,0
31125,11
31126,0
31127,1
31128,5
31129,2
31130,0
31131,8
31132,0
31133,7
31134,0
31135,0
31136,0
31137,1
31138,1
31139,1
31650,0
31651,0
31652,7
31653,8
31654,8
31655,7
31656,0
31657,9
31658,7
31659,8
31660,5
31661,0
31662,6
31663,13
31664,2
31665,1
31666,1
31667,0
31668,0
31669,1
31690,1
31691,0
31692,1
31693,0
31694,5
31695,1
31696,1
31697,0
31698,5
31699,6
31700,0
31701,0
31702,8
31703,8
31704,7
31705,0
31706,0
31707,1
31708,4
31709,8
31710,4
31711,1
31712,0
31713,1
31714,1
31715,1
31716,1
31717,4
31718,0
31719,5
31720,0
31721,1
31722,0
31723,5
31724,1
31725,4
31726,0
31727,4
31728,2
31729,1
31730,5
31731,7
31732,11
31733,2
31734,2
31735,1
31736,11
31737,1
31738,1
31739,11
31740,4
31741,0
31742,5
31743,1
31744,1
31745,2
31746,1
31747,6
31748,0
31749,13
31900,0
31901,8
31902,11
31903,12
31904,12
31905,11
31906,0
31907,4
31908,2
31909,12
31910,0
31911,1
31912,4
31913,13
31914,4
31915,0
31916,2
31917,1
31918,1
31919,0
31920,0
31921,0
31922,4
31923,5
31924,4
31925,0
31926,5
31927,7
31928,5
31929,6
32040,0
32041,5
32042,5
32043,7
32044,6
32045,0
32046,5
32047,1
32048,5
32049,1
32050,4
32051,2
32052,1
32053,1
32054,0
32055,2
32056,0
32057,5
32058,1
32059,2
32060,1
32061,0
32062,0
32063,8
32064,8
32065,7
32066,0
32067,4
32068,1
32069,8
32210,0
32211,1
32212,4
32213,5
32214,1
32215,1
32216,0
32217,2
32218,6
32219,1
32220,7
32221,9
32222,0
32223,1
32224,8
32225,0
32226,1
32227,0
32228,8
32229,1
32280,1
32281,1
32282,8
32283,1
32284,7
32285,1
32286,9
32287,8
32288,0
32289,7
32290,6
32291,1
32292,0
32293,7
32294,7
32295,1
32296,0
32297,1
32298,7
32299,6
32300,5
32301,1
32302,6
32303,6
32304,2
32305,0
32306,1
32307,0
32308,5
32309,4
32310,9
32311,0
32312,0
32313,7
32314,5
32315,5
32316,6
32317,6
32318,7
32319,8
32320,6
32321,6
32322,7
32323,0
32324,0
32325,5
32326,0
32327,7
32328,1
32329,1
32330,0
32331,4
32332,4
32333,2
32334,1
32335,0
32336,2
32337,0
32338,1
32339,13
32700,5
32701,7
32702,1
32703,0
32704,1
32705,0
32706,6
32707,6
32708,1
32709,3
32710,1
32711,8
32712,0
32713,1
32714,4
32715,2
32716,6
32717,3
32718,8
32719,1
32740,0
32741,0
32742,0
32743,8
32744,4
32745,1
32746,6
32747,1
32748,1
32749,0
32750,8
32751,11
32752,4
32753,6
32754,8
32755,7
32756,8
32757,8
32758,0
32759,6
32760,1
32761,5
32762,8
32763,11
32764,1
32765,7
32766,11
32767,0
32768,14
32769,1
32770,8
32771,4
32772,4
32773,0
32774,1
32775,6
32776,1
32777,8
32778,0
32779,1
32800,0
32801,2
32802,1
32803,0
32804,12
32805,1
32806,0
32807,6
32808,1
32809,12
32810,0
32811,6
32812,6
32813,7
32814,2
32815,11
32816,0
32817,6
32818,12
32819,13
32820,2
32821,1
32822,0
32823,12
32824,11
32825,0
32826,11
32827,1
32828,4
32829,1
32850,11
32851,7
32852,12
32853,1
32854,14
32855,11
32856,0
32857,1
32858,14
32859,5
32860,0
32861,8
32862,4
32863,4
32864,7
32865,0
32866,1
32867,8
32868,7
32869,1
33070,0
33071,5
33072,11
33073,1
33074,1
33075,0
33076,6
33077,13
33078,1
33079,0
33080,11
33081,1
33082,11
33083,7
33084,5
33085,11
33086,5
33087,1
33088,1
33089,6
33090,0
33091,7
33092,7
33093,16
33094,6
33095,6
33096,5
33097,6
33098,7
33099,8
33100,0
33101,5
33102,5
33103,13
33104,6
33105,0
33106,6
33107,4
33108,0
33109,1
33420,0
33421,1
33422,0
33423,1
33424,4
33425,0
33426,4
33427,1
33428,4
33429,1
33430,0
33431,5
33432,0
33433,7
33434,6
33435,0
33436,1
33437,0
33438,5
33439,6
33490,0
33491,0
33492,1
33493,6
33494,1
33495,0
33496,0
33497,7
33498,7
33499,5
33500,1
33501,0
33502,7
33503,1
33504,11
33505,0
33506,5
33507,5
33508,5
33509,2
33650,6
33651,6
33652,5
33653,6
33654,0
33655,0
33656,5
33657,1
33658,5
33659,1
33660,0
33661,0
33662,4
33663,1
33664,13
33665,0
33666,4
33667,0
33668,1
33669,1
33670,11
33671,1
33672,5
33673,0
33674,2
33675,1
33676,5
33677,1
33678,11
33679,1
33890,0
33891,7
33892,1
33893,9
33894,8
33895,7
33896,0
33897,8
33898,1
33899,7
33900,8
33901,9
33902,2
33903,4
33904,1
33905,0
33906,2
33907,1
33908,4
33909,4
33940,6
33941,6
33942,4
33943,8
33944,0
33945,0
33946,5
33947,6
33948,4
33949,13
33950,7
33951,5
33952,1
33953,1
33954,0
33955,11
33956,11
33957,5
33958,0
33959,14
33960,1
33961,0
33962,0
33963,9
33964,8
33965,1
33966,8
33967,7
33968,7
33969,9
34010,4
34011,0
34012,1
34013,8
34014,1
34015,8
34016,4
34017,4
34018,8
34019,8
34020,0
34021,0
34022,5
34023,2
34024,12
34025,11
34026,11
34027,2
34028,5
34029,13
34150,4
34151,1
34152,5
34153,11
34154,2
34155,0
34156,1
34157,11
34158,4
34159,13
34160,0
34161,7
34162,7
34163,7
34164,6
34165,5
34166,6
34167,0
34168,6
34169,7
34590,0
34591,5
34592,5
34593,7
34594,1
34595,7
34596,11
34597,5
34598,5
34599,5
34600,0
34601,5
34602,1
34603,1
34604,13
34605,0
34606,1
34607,6
34608,8
34609,1
34610,0
34611,0
34612,8
34613,8
34614,7
34615,0
34616,7
34617,1
34618,0
34619,1
34660,0
34661,1
34662,0
34663,1
34664,8
34665,7
34666,6
34667,1
34668,0
34669,1
34670,0
34671,7
34672,0
34673,1
34674,8
34675,9
34676,0
34677,1
34678,1
34679,8
34680,4
34681,4
34682,0
34683,0
34684,2
34685,0
34686,0
34687,1
34688,1
34689,6
34870,0
34871,1
34872,6
34873,3
34874,5
34875,0
34876,2
34877,0
34878,6
34879,6
34880,5
34881,7
34882,1
34883,1
34884,11
34885,11
34886,0
34887,0
34888,8
34889,5
34890,2
34891,0
34892,5
34893,4
34894,2
34895,0
34896,12
34897,5
34898,0
34899,0
34900,4
34901,1
34902,0
34903,1
34904,0
34905,0
34906,4
34907,5
34908,2
34909,4
34910,0
34911,0
34912,2
34913,1
34914,2
34915,0
34916,1
34917,1
34918,4
34919,1
34920,0
34921,4
34922,2
34923,4
34924,4
34925,8
34926,0
34927,13
34928,11
34929,8
35300,0
35301,1
35302,1
35303,1
35304,2
35305,0
35306,4
35307,4
35308,2
35309,3
35310,4
35311,1
35312,0
35313,1
35314,8
35315,1
35316,7
35317,0
35318,8
35319,1
35320,8
35321,5
35322,0
35323,4
35324,2
35325,0
35326,11
35327,4
35328,2
35329,12
35420,0
35421,13
35422,1
35423,1
35424,4
35425,0
35426,1
35427,6
35428,0
35429,1
35430,0
35431,4
35432,4
35433,5
35434,1
35435,0
35436,4
35437,0
35438,1
35439,2
35460,0
35461,5
35462,2
35463,4
35464,6
35465,2
35466,6
35467,5
35468,0
35469,2
35470,0
35471,1
35472,1
35473,0
35474,11
35475,11
35476,11
35477,0
35478,2
35479,2
35530,0
35531,5
35532,1
35533,6
35534,5
35535,0
35536,5
35537,0
35538,1
35539,6
35540,11
35541,2
35542,4
35543,0
35544,13
35545,4
35546,11
35547,11
35548,8
35549,5
35550,8
35551,11
35552,1
35553,5
35554,14
35555,9
35556,5
35557,0
35558,5
35559,5
35560,1
35561,9
35562,1
35563,0
35564,8
35565,9
35566,0
35567,8
35568,4
35569,7
35620,0
35621,16
35622,1
35623,5
35624,6
35625,7
35626,7
35627,1
35628,4
35629,0
35630,0
35631,8
35632,7
35633,0
35634,7
35635,1
35636,0
35637,4
35638,7
35639,8
35760,7
35761,0
35762,1
35763,7
35764,1
35765,1
35766,7
35767,0
35768,0
35769,5
35770,4
35771,1
35772,4
35773,4
35774,2
35775,2
35776,11
35777,4
35778,11
35779,4
35780,0
35781,1
35782,0
35783,2
35784,4
35785,0
35786,4
35787,0
35788,3
35789,2
35790,4
35791,1
35792,0
35793,4
35794,2
35795,4
35796,0
35797,1
35798,1
35799,2
35850,0
35851,1
35852,4
35853,5
35854,5
35855,5
35856,0
35857,1
35858,2
35859,2
35860,11
35861,1
35862,7
35863,0
35864,5
35865,1
35866,11
35867,2
35868,11
35869,2
35870,1
35871,0
35872,5
35873,5
35874,4
35875,11
35876,0
35877,4
35878,5
35879,2
36070,0
36071,1
36072,1
36073,7
36074,7
36075,1
36076,0
36077,8
36078,1
36079,8
36080,11
36081,6
36082,1
36083,6
36084,13
36085,13
36086,2
36087,6
36088,5
36089,13
36090,0
36091,2
36092,11
36093,1
36094,2
36095,1
36096,2
36097,0
36098,1
36099,0
36100,1
36101,2
36102,0
36103,2
36104,4
36105,0
36106,4
36107,4
36108,0
36109,4
36290,0
36291,1
36292,7
36293,7
36294,8
36295,0
36296,1
36297,1
36298,4
36299,9
36300,0
36301,0
36302,1
36303,6
36304,2
36305,0
36306,1
36307,1
36308,0
36309,5
36340,11
36341,2
36342,11
36343,7
36344,2
36345,11
36346,1
36347,5
36348,2
36349,7
36350,0
36351,8
36352,1
36353,7
36354,7
36355,7
36356,0
36357,1
36358,7
36359,8
36460,9
36461,1
36462,1
36463,2
36464,0
36465,0
36466,0
36467,0
36468,4
36469,2
36470,9
36471,1
36472,1
36473,4
36474,2
36475,1
36476,0
36477,13
36478,6
36479,2
36730,0
36731,8
36732,7
36733,1
36734,0
36735,1
36736,0
36737,0
36738,1
36739,8
36740,7
36741,7
36742,6
36743,0
36744,6
36745,0
36746,0
36747,5
36748,7
36749,5
36750,0
36751,1
36752,1
36753,4
36754,1
36755,2
36756,4
36757,0
36758,3
36759,0
37080,7
37081,11
37082,11
37083,1
37084,1
37085,11
37086,1
37087,7
37088,1
37089,5
37090,4
37091,0
37092,1
37093,6
37094,1
37095,1
37096,0
37097,2
37098,12
37099,6
37100,1
37101,0
37102,2
37103,0
37104,2
37105,1
37106,2
37107,0
37108,2
37109,1
37140,9
37141,2
37142,8
37143,4
37144,11
37145,6
37146,0
37147,8
37148,12
37149,5
37150,11
37151,5
37152,2
37153,9
37154,4
37155,1
37156,1
37157,1
37158,0
37159,2
37160,4
37161,1
37162,11
37163,9
37164,2
37165,0
37166,4
37167,1
37168,0
37169,1
37350,2
37351,1
37352,0
37353,2
37354,1
37355,0
37356,0
37357,2
37358,13
37359,1
37360,0
37361,4
37362,4
37363,8
37364,7
37365,0
37366,0
37367,1
37368,1
37369,8
37370,11
37371,14
37372,11
37373,7
37374,1
37375,2
37376,11
37377,1
37378,0
37379,3
37380,2
37381,2
37382,0
37383,11
37384,3
37385,2
37386,11
37387,2
37388,8
37389,4
37660,1
37661,9
37662,1
37663,11
37664,5
37665,1
37666,5
37667,11
37668,5
37669,5
37670,1
37671,9
37672,0
37673,1
37674,1
37675,0
37676,0
37677,7
37678,5
37679,8
37680,0
37681,4
37682,1
37683,1
37684,0
37685,5
37686,1
37687,4
37688,4
37689,2
37860,2
37861,11
37862,4
37863,4
37864,6
37865,2
37866,0
37867,2
37868,2
37869,11
37870,11
37871,5
37872,2
37873,9
37874,7
37875,0
37876,1
37877,11
37878,11
37879,1
37900,5
37901,5
37902,5
37903,6
37904,5
37905,0
37906,6
37907,6
37908,7
37909,5
38030,0
38031,7
38032,0
38033,1
38034,8
38035,0
38036,7
38037,0
38038,8
38039,1
38040,1
38041,1
38042,0
38043,5
38044,6
38045,1
38046,0
38047,0
38048,5
38049,1
38050,0
38051,7
38052,7
38053,7
38054,7
38055,5
38056,6
38057,0
38058,5
38059,7
38090,11
38091,2
38092,5
38093,7
38094,1
38095,0
38096,0
38097,5
38098,5
38099,5
38100,5
38101,7
38102,0
38103,1
38104,5
38105,1
38106,0
38107,6
38108,7
38109,5
38110,0
38111,6
38112,1
38113,5
38114,1
38115,0
38116,1
38117,6
38118,1
38119,2
38170,0
38171,2
38172,5
38173,5
38174,4
38175,0
38176,0
38177,8
38178,8
38179,12
38180,0
38181,7
38182,0
38183,7
38184,4
38185,1
38186,1
38187,1
38188,0
38189,9
38290,0
38291,4
38292,4
38293,1
38294,1
38295,0
38296,0
38297,1
38298,0
38299,1
38300,0
38301,11
38302,14
38303,1
38304,7
38305,5
38306,11
38307,1
38308,1
38309,1
38360,0
38361,0
38362,4
38363,2
38364,1
38365,0
38366,1
38367,1
38368,1
38369,1
38370,0
38371,7
38372,7
38373,4
38374,7
38375,0
38376,1
38377,1
38378,8
38379,9
38700,11
38701,11
38702,11
38703,2
38704,5
38705,0
38706,8
38707,6
38708,5
38709,8
38710,1
38711,0
38712,4
38713,4
38714,1
38715,2
38716,0
38717,2
38718,4
38719,5
38720,1
38721,5
38722,11
38723,12
38724,11
38725,11
38726,0
38727,2
38728,14
38729,7
38730,0
38731,8
38732,1
38733,7
38734,8
38735,1
38736,0
38737,4
38738,8
38739,4
38740,4
38741,0
38742,1
38743,4
38744,4
38745,5
38746,12
38747,0
38748,4
38749,0
38850,0
38851,0
38852,0
38853,4
38854,1
38855,0
38856,4
38857,13
38858,1
38859,0
38860,0
38861,5
38862,6
38863,5
38864,5
38865,1
38866,0
38867,1
38868,6
38869,4
38870,0
38871,4
38872,8
38873,1
38874,2
38875,4
38876,8
38877,0
38878,4
38879,4
38920,0
38921,1
38922,2
38923,6
38924,6
38925,0
38926,5
38927,1
38928,6
38929,5
38930,11
38931,0
38932,2
38933,5
38934,2
38935,0
38936,11
38937,8
38938,0
38939,2
38940,1
38941,1
38942,1
38943,0
38944,7
38945,0
38946,0
38947,8
38948,7
38949,8
38970,6
38971,8
38972,0
38973,7
38974,13
38975,0
38976,2
38977,13
38978,8
38979,11
39000,15
39001,4
39002,2
39003,13
39004,0
39005,0
39006,2
39007,1
39008,2
39009,6
39010,9
39011,0
39012,8
39013,6
39014,13
39015,6
39016,6
39017,11
39018,4
39019,6
39020,7
39021,11
39022,1
39023,2
39024,5
39025,11
39026,0
39027,5
39028,7
39029,5
39030,0
39031,4
39032,0
39033,1
39034,1
39035,0
39036,9
39037,2
39038,4
39039,4
39040,4
39041,2
39042,0
39043,1
39044,13
39045,1
39046,0
39047,2
39048,0
39049,2
39050,0
39051,1
39052,5
39053,4
39054,5
39055,0
39056,1
39057,2
39058,0
39059,0
39060,1
39061,11
39062,12
39063,7
39064,11
39065,7
39066,11
39067,7
39068,1
39069,1
39070,0
39071,1
39072,8
39073,8
39074,7
39075,0
39076,1
39077,0
39078,7
39079,7
39080,0
39081,0
39082,0
39083,4
39084,1
39085,4
39086,0
39087,2
39088,0
39089,4
39160,0
39161,2
39162,1
39163,5
39164,2
39165,2
39166,1
39167,2
39168,0
39169,11
39170,0
39171,0
39172,1
39173,1
39174,8
39175,8
39176,7
39177,9
39178,4
39179,0
39430,4
39431,5
39432,0
39433,7
39434,7
39435,0
39436,5
39437,5
39438,7
39439,8
39440,1
39441,0
39442,4
39443,4
39444,2
39445,0
39446,1
39447,11
39448,1
39449,13
39450,11
39451,5
39452,3
39453,5
39454,1
39455,1
39456,5
39457,11
39458,1
39459,5
39520,6
39521,0
39522,2
39523,1
39524,5
39525,1
39526,13
39527,0
39528,1
39529,13
39640,13
39641,0
39642,4
39643,6
39644,8
39645,11
39646,6
39647,11
39648,6
39649,12
39650,1
39651,8
39652,0
39653,1
39654,1
39655,0
39656,1
39657,7
39658,4
39659,8
39660,0
39661,7
39662,6
39663,5
39664,6
39665,0
39666,0
39667,6
39668,7
39669,8
39670,0
39671,4
39672,4
39673,1
39674,8
39675,0
39676,1
39677,6
39678,12
39679,6
39730,1
39731,13
39732,0
39733,6
39734,6
39735,0
39736,4
39737,12
39738,0
39739,5
39740,9
39741,8
39742,1
39743,4
39744,0
39745,0
39746,4
39747,1
39748,8
39749,7
39750,0
39751,1
39752,3
39753,1
39754,0
39755,0
39756,1
39757,6
39758,1
39759,2
39800,11
39801,0
39802,5
39803,5
39804,2
39805,2
39806,0
39807,1
39808,1
39809,1
39810,0
39811,5
39812,5
39813,1
39814,5
39815,0
39816,6
39817,6
39818,1
39819,0
39820,1
39821,0
39822,5
39823,0
39824,8
39825,1
39826,0
39827,7
39828,6
39829,7
39830,0
39831,11
39832,5
39833,1
39834,11
39835,11
39836,1
39837,1
39838,11
39839,1
39840,1
39841,1
39842,0
39843,9
39844,4
39845,1
39846,0
39847,1
39848,4
39849,4
39940,8
39941,0
39942,8
39943,8
39944,13
39945,11
39946,7
39947,6
39948,6
39949,12
39950,7
39951,0
39952,4
39953,8
39954,8
39955,7
39956,8
39957,0
39958,1
39959,1
39960,9
39961,2
39962,0
39963,4
39964,1
39965,1
39966,0
39967,0
39968,2
39969,4
39970,14
39971,9
39972,14
39973,1
39974,5
39975,0
39976,11
39977,7
39978,1
39979,14
40030,1
40031,6
40032,0
40033,0
40034,13
40035,15
40036,0
40037,1
40038,1
40039,0
40040,7
40041,1
40042,7
40043,8
40044,9
40045,7
40046,1
40047,0
40048,7
40049,8
40050,4
40051,0
40052,4
40053,4
40054,5
40055,1
40056,2
40057,0
40058,1
40059,0
40060,0
40061,0
40062,8
40063,8
40064,8
40065,0
40066,8
40067,1
40068,7
40069,1
40070,11
40071,11
40072,13
40073,8
40074,4
40075,11
40076,4
40077,11
40078,3
40079,8
40380,0
40381,1
40382,7
40383,7
40384,8
40385,7
40386,1
40387,7
40388,1
40389,8
40390,4
40391,0
40392,4
40393,1
40394,6
40395,6
40396,1
40397,13
40398,2
40399,12
40400,11
40401,1
40402,7
40403,6
40404,5
40405,13
40406,11
40407,1
40408,12
40409,1
40430,11
40431,11
40432,8
40433,2
40434,2
40435,11
40436,8
40437,11
40438,9
40439,4
40440,11
40441,1
40442,1
40443,1
40444,14
40445,1
40446,9
40447,11
40448,1
40449,8
40450,0
40451,4
40452,4
40453,0
40454,2
40455,9
40456,0
40457,13
40458,1
40459,1
40460,1
40461,7
40462,8
40463,1
40464,0
40465,0
40466,4
40467,1
40468,1
40469,8
40470,1
40471,1
40472,0
40473,1
40474,13
40475,0
40476,6
40477,1
40478,0
40479,1
40480,9
40481,7
40482,0
40483,6
40484,1
40485,1
40486,0
40487,5
40488,0
40489,6
40640,0
40641,8
40642,7
40643,7
40644,7
40645,9
40646,8
40647,1
40648,7
40649,1
40650,0
40651,1
40652,11
40653,5
40654,5
40655,2
40656,11
40657,14
40658,0
40659,1
40660,0
40661,1
40662,4
40663,13
40664,1
40665,0
40666,1
40667,4
40668,13
40669,1
40800,4
40801,1
40802,1
40803,2
40804,0
40805,0
40806,1
40807,4
40808,5
40809,1
40810,0
40811,11
40812,1
40813,2
40814,8
40815,11
40816,0
40817,1
40818,1
40819,1
40820,11
40821,0
40822,11
40823,8
40824,6
40825,11
40826,11
40827,4
40828,8
40829,0
40870,7
40871,0
40872,4
40873,0
40874,8
40875,1
40876,7
40877,4
40878,9
40879,8
40880,2
40881,11
40882,4
40883,8
40884,3
40885,8
40886,9
40887,2
40888,7
40889,8
41070,5
41071,14
41072,1
41073,2
41074,1
41075,11
41076,5
41077,1
41078,14
41079,14
41080,0
41081,7
41082,7
41083,7
41084,6
41085,1
41086,5
41087,7
41088,8
41089,6
41240,0
41241,3
41242,1
41243,2
41244,2
41245,1
41246,0
41247,1
41248,4
41249,8
41250,7
41251,1
41252,0
41253,8
41254,0
41255,0
41256,0
41257,1
41258,7
41259,7
41260,1
41261,7
41262,1
41263,7
41264,7
41265,9
41266,6
41267,0
41268,1
41269,5
41470,11
41471,11
41472,1
41473,3
41474,2
41475,11
41476,5
41477,1
41478,7
41479,5
41480,1
41481,0
41482,4
41483,0
41484,13
41485,4
41486,0
41487,4
41488,1
41489,13
41490,0
41491,0
41492,1
41493,7
41494,8
41495,4
41496,7
41497,1
41498,0
41499,8
41570,7
41571,4
41572,8
41573,8
41574,1
41575,1
41576,0
41577,4
41578,8
41579,0
41580,7
41581,2
41582,4
41583,3
41584,8
41585,2
41586,11
41587,0
41588,0
41589,4
41590,4
41591,0
41592,7
41593,2
41594,1
41595,0
41596,4
41597,0
41598,1
41599,1
41640,0
41641,13
41642,6
41643,1
41644,1
41645,1
41646,0
41647,0
41648,0
41649,13
41650,8
41651,1
41652,1
41653,7
41654,8
41655,0
41656,1
41657,8
41658,1
41659,1
41660,11
41661,6
41662,4
41663,6
41664,6
41665,6
41666,11
41667,11
41668,6
41669,8
41670,0
41671,0
41672,1
41673,1
41674,7
41675,0
41676,1
41677,0
41678,1
41679,7
41680,9
41681,1
41682,4
41683,1
41684,4
41685,1
41686,1
41687,4
41688,0
41689,1
41820,4
41821,2
41822,0
41823,1
41824,13
41825,4
41826,0
41827,4
41828,4
41829,13
41830,0
41831,2
41832,2
41833,14
41834,13
41835,0
41836,5
41837,1
41838,5
41839,2
41870,11
41871,0
41872,8
41873,4
41874,6
41875,8
41876,11
41877,11
41878,2
41879,6
41880,9
41881,1
41882,0
41883,7
41884,8
41885,0
41886,0
41887,9
41888,7
41889,6
41890,0
41891,8
41892,1
41893,7
41894,1
41895,9
41896,7
41897,9
41898,8
41899,1
41900,0
41901,5
41902,8
41903,4
41904,1
41905,2
41906,8
41907,0
41908,4
41909,1
41910,0
41911,1
41912,1
41913,0
41914,7
41915,0
41916,0
41917,1
41918,6
41919,7
41920,0
41921,0
41922,1
41923,6
41924,1
41925,0
41926,1
41927,6
41928,1
41929,6
42130,5
42131,7
42132,1
42133,7
42134,6
42135,5
42136,0
42137,7
42138,7
42139,0
42140,11
42141,7
42142,11
42143,13
42144,6
42145,0
42146,4
42147,13
42148,11
42149,8
42150,0
42151,13
42152,13
42153,13
42154,1
42155,2
42156,13
42157,0
42158,13
42159,4
42480,5
42481,3
42482,11
42483,1
42484,1
42485,11
42486,13
42487,0
42488,1
42489,11
42490,11
42491,1
42492,0
42493,7
42494,7
42495,0
42496,9
42497,7
42498,1
42499,8
42540,11
42541,0
42542,1
42543,7
42544,1
42545,0
42546,1
42547,1
42548,1
42549,1
42550,0
42551,7
42552,7
42553,1
42554,7
42555,5
42556,7
42557,0
42558,7
42559,1
42560,0
42561,13
42562,7
42563,7
42564,4
42565,11
42566,7
42567,0
42568,8
42569,4
42570,0
42571,4
42572,0
42573,6
42574,1
42575,0
42576,0
42577,5
42578,1
42579,6
42580,0
42581,4
42582,13
42583,1
42584,4
42585,0
42586,1
42587,0
42588,4
42589,13
42650,0
42651,11
42652,7
42653,1
42654,8
42655,0
42656,7
42657,7
42658,7
42659,8
42660,1
42661,9
42662,1
42663,2
42664,0
42665,11
42666,0
42667,6
42668,2
42669,1
42670,0
42671,0
42672,1
42673,7
42674,5
42675,1
42676,0
42677,6
42678,5
42679,5
42710,2
42711,2
42712,1
42713,0
42714,4
42715,0
42716,4
42717,1
42718,2
42719,1
42720,0
42721,2
42722,2
42723,0
42724,12
42725,11
42726,0
42727,2
42728,5
42729,12
42730,7
42731,1
42732,5
42733,0
42734,6
42735,0
42736,0
42737,1
42738,6
42739,7
42770,0
42771,1
42772,2
42773,2
42774,1
42775,4
42776,1
42777,0
42778,1
42779,1
42840,5
42841,4
42842,0
42843,2
42844,4
42845,1
42846,2
42847,0
42848,4
42849,4
42850,7
42851,0
42852,1
42853,4
42854,1
42855,8
42856,7
42857,0
42858,8
42859,1
42880,11
42881,0
42882,1
42883,6
42884,2
42885,1
42886,0
42887,2
42888,0
42889,9
42890,0
42891,6
42892,7
42893,16
42894,1
42895,9
42896,7
42897,0
42898,0
42899,5
43080,11
43081,7
43082,0
43083,3
43084,5
43085,1
43086,7
43087,11
43088,11
43089,11
43090,11
43091,0
43092,7
43093,1
43094,4
43095,1
43096,7
43097,7
43098,9
43099,8
43250,2
43251,1
43252,3
43253,1
43254,0
43255,6
43256,2
43257,0
43258,4
43259,0
43260,1
43261,5
43262,7
43263,5
43264,1
43265,1
43266,0
43267,0
43268,1
43269,5
43270,1
43271,1
43272,1
43273,1
43274,5
43275,0
43276,4
43277,3
43278,5
43279,2
43370,0
43371,7
43372,0
43373,5
43374,14
43375,0
43376,0
43377,5
43378,1
43379,1
43380,0
43381,4
43382,4
43383,4
43384,1
43385,4
43386,0
43387,8
43388,1
43389,0
43420,8
43421,11
43422,8
43423,6
43424,8
43425,0
43426,8
43427,11
43428,11
43429,12
43430,5
43431,4
43432,5
43433,5
43434,6
43435,5
43436,7
43437,0
43438,7
43439,0
43440,0
43441,4
43442,8
43443,4
43444,8
43445,0
43446,1
43447,1
43448,7
43449,8
43500,0
43501,1
43502,7
43503,7
43504,8
43505,4
43506,9
43507,8
43508,7
43509,7
43510,4
43511,0
43512,13
43513,1
43514,12
43515,4
43516,5
43517,7
43518,13
43519,5
43520,7
43521,1
43522,0
43523,8
43524,5
43525,1
43526,7
43527,7
43528,6
43529,5
43800,14
43801,1
43802,0
43803,11
43804,1
43805,11
43806,5
43807,7
43808,1
43809,3
43810,7
43811,1
43812,7
43813,7
43814,8
43815,0
43816,0
43817,1
43818,7
43819,7
43820,11
43821,11
43822,1
43823,8
43824,4
43825,11
43826,4
43827,11
43828,8
43829,8
44200,4
44201,13
44202,0
44203,5
44204,1
44205,0
44206,6
44207,4
44208,2
44209,1
44210,11
44211,5
44212,7
44213,8
44214,2
44215,11
44216,8
44217,2
44218,0
44219,8
44390,1
44391,3
44392,2
44393,0
44394,6
44395,1
44396,0
44397,1
44398,0
44399,4
44400,0
44401,8
44402,4
44403,1
44404,4
44405,0
44406,7
44407,1
44408,0
44409,8
44590,11
44591,9
44592,2
44593,2
44594,3
44595,4
44596,8
44597,3
44598,3
44599,3
44600,2
44601,1
44602,9
44603,1
44604,4
44605,3
44606,1
44607,0
44608,4
44609,1
44760,12
44761,12
44762,11
44763,8
44764,7
44765,0
44766,0
44767,6
44768,11
44769,8
44770,9
44771,12
44772,1
44773,11
44774,5
44775,1
44776,11
44777,7
44778,5
44779,1
44780,0
44781,1
44782,7
44783,6
44784,7
44785,0
44786,5
44787,6
44788,7
44789,6
44810,0
44811,2
44812,4
44813,2
44814,1
44815,0
44816,4
44817,4
44818,13
44819,4
44820,0
44821,1
44822,7
44823,7
44824,8
44825,9
44826,0
44827,0
44828,8
44829,7
44950,0
44951,1
44952,0
44953,7
44954,8
44955,7
44956,0
44957,0
44958,4
44959,7
44960,1
44961,0
44962,0
44963,13
44964,1
44965,0
44966,0
44967,1
44968,4
44969,1
44970,7
44971,5
44972,5
44973,1
44974,7
44975,11
44976,0
44977,1
44978,5
44979,8
44980,1
44981,0
44982,1
44983,0
44984,1
44985,1
44986,13
44987,0
44988,4
44989,2
45060,0
45061,12
45062,5
45063,8
45064,7
45065,12
45066,0
45067,12
45068,6
45069,11
45070,9
45071,7
45072,7
45073,8
45074,7
45075,1
45076,0
45077,0
45078,1
45079,8
45080,2
45081,1
45082,0
45083,1
45084,1
45085,4
45086,1
45087,1
45088,4
45089,0
45090,1
45091,7
45092,4
45093,0
45094,8
45095,1
45096,0
45097,8
45098,8
45099,8
45100,2
45101,0
45102,2
45103,1
45104,2
45105,6
45106,6
45107,0
45108,6
45109,1
45110,0
45111,1
45112,1
45113,4
45114,2
45115,1
45116,0
45117,0
45118,2
45119,1
45390,1
45391,5
45392,7
45393,5
45394,7
45395,1
45396,7
45397,0
45398,5
45399,5
45400,13
45401,1
45402,13
45403,1
45404,4
45405,1
45406,4
45407,2
45408,0
45409,1
45410,11
45411,1
45412,0
45413,11
45414,1
45415,11
45416,5
45417,6
45418,7
45419,8
45580,11
45581,0
45582,4
45583,8
45584,2
45585,11
45586,4
45587,8
45588,8
45589,8
45590,11
45591,7
45592,7
45593,8
45594,7
45595,8
45596,4
45597,8
45598,7
45599,1
45600,6
45601,11
45602,11
45603,1
45604,13
45605,5
45606,1
45607,11
45608,7
45609,1
45610,8
45611,13
45612,8
45613,11
45614,6
45615,11
45616,7
45617,0
45618,5
45619,12
45620,5
45621,7
45622,7
45623,7
45624,5
45625,0
45626,6
45627,7
45628,5
45629,6
45630,11
45631,11
45632,5
45633,14
45634,7
45635,11
45636,11
45637,2
45638,1
45639,5
45660,1
45661,4
45662,1
45663,1
45664,1
45665,0
45666,0
45667,1
45668,1
45669,4
45670,0
45671,1
45672,4
45673,7
45674,8
45675,4
45676,0
45677,1
45678,7
45679,4
45680,4
45681,1
45682,13
45683,12
45684,0
45685,0
45686,13
45687,4
45688,8
45689,1
45800,4
45801,4
45802,4
45803,4
45804,1
45805,0
45806,1
45807,4
45808,2
45809,4
45810,0
45811,2
45812,1
45813,12
45814,11
45815,11
45816,5
45817,1
45818,11
45819,1
45820,0
45821,2
45822,2
45823,1
45824,4
45825,1
45826,0
45827,4
45828,1
45829,11
45830,0
45831,11
45832,1
45833,1
45834,1
45835,11
45836,11
45837,1
45838,1
45839,1
45840,0
45841,0
45842,8
45843,1
45844,1
45845,4
45846,0
45847,8
45848,1
45849,4
45850,0
45851,4
45852,0
45853,4
45854,4
45855,0
45856,8
45857,8
45858,0
45859,8
45920,11
45921,3
45922,5
45923,3
45924,6
45925,13
45926,6
45927,11
45928,8
45929,8
45930,0
45931,1
45932,3
45933,1
45934,13
45935,15
45936,0
45937,15
45938,1
45939,13
46010,15
46011,1
46012,1
46013,5
46014,1
46015,0
46016,1
46017,4
46018,0
46019,13
46020,1
46021,11
46022,14
46023,5
46024,5
46025,11
46026,0
46027,1
46028,11
46029,1
46140,11
46141,11
46142,6
46143,14
46144,1
46145,11
46146,1
46147,11
46148,12
46149,1
46150,1
46151,1
46152,13
46153,0
46154,1
46155,1
46156,1
46157,0
46158,1
46159,5
46220,5
46221,13
46222,7
46223,11
46224,6
46225,8
46226,11
46227,8
46228,8
46229,8
46230,0
46231,1
46232,5
46233,7
46234,6
46235,1
46236,7
46237,1
46238,1
46239,0
46240,3
46241,1
46242,1
46243,1
46244,3
46245,1
46246,4
46247,4
46248,13
46249,0
46250,4
46251,1
46252,0
46253,0
46254,1
46255,1
46256,4
46257,0
46258,14
46259,0
46260,1
46261,0
46262,13
46263,0
46264,6
46265,1
46266,1
46267,15
46268,13
46269,0
46270,0
46271,1
46272,8
46273,1
46274,8
46275,8
46276,1
46277,1
46278,0
46279,0
46380,9
46381,2
46382,3
46383,4
46384,1
46385,0
46386,0
46387,0
46388,1
46389,2
46400,13
46401,0
46402,4
46403,4
46404,1
46405,0
46406,0
46407,1
46408,3
46409,0
46420,0
46421,4
46422,1
46423,2
46424,1
46425,8
46426,8
46427,8
46428,8
46429,2
46550,0
46551,7
46552,0
46553,8
46554,1
46555,9
46556,1
46557,0
46558,8
46559,1
46560,0
46561,1
46562,2
46563,1
46564,4
46565,0
46566,1
46567,3
46568,2
46569,13
46660,1
46661,0
46662,0
46663,2
46664,5
46665,0
46666,13
46667,1
46668,0
46669,0
46670,8
46671,0
46672,7
46673,12
46674,6
46675,9
46676,6
46677,8
46678,11
46679,2
46680,1
46681,1
46682,2
46683,0
46684,0
46685,1
46686,0
46687,1
46688,0
46689,4
46780,1
46781,11
46782,2
46783,9
46784,1
46785,0
46786,0
46787,4
46788,1
46789,1
46790,1
46791,6
46792,9
46793,4
46794,2
46795,0
46796,1
46797,6
46798,2
46799,1
46840,3
46841,11
46842,13
46843,11
46844,11
46845,11
46846,0
46847,4
46848,13
46849,8
46930,11
46931,1
46932,11
46933,1
46934,2
46935,11
46936,11
46937,1
46938,1
46939,5
46940,0
46941,6
46942,6
46943,7
46944,1
46945,0
46946,7
46947,7
46948,1
46949,5
46990,11
46991,11
46992,1
46993,5
46994,1
46995,7
46996,14
46997,0
46998,7
46999,1
47010,0
47011,13
47012,4
47013,13
47014,1
47015,4
47016,1
47017,0
47018,1
47019,2
47040,9
47041,4
47042,2
47043,1
47044,0
47045,5
47046,15
47047,1
47048,2
47049,13
47110,1
47111,13
47112,2
47113,2
47114,4
47115,15
47116,1
47117,15
47118,1
47119,5
47120,7
47121,2
47122,4
47123,12
47124,11
47125,0
47126,0
47127,13
47128,8
47129,5
47130,2
47131,11
47132,15
47133,1
47134,5
47135,4
47136,1
47137,0
47138,4
47139,1
47290,0
47291,1
47292,11
47293,8
47294,8
47295,7
47296,1
47297,0
47298,0
47299,8
47300,0
47301,1
47302,5
47303,1
47304,4
47305,0
47306,1
47307,4
47308,0
47309,0
47310,0
47311,4
47312,1
47313,1
47314,5
47315,1
47316,13
47317,1
47318,0
47319,2
47320,7
47321,0
47322,4
47323,7
47324,1
47325,9
47326,0
47327,8
47328,8
47329,7
47330,0
47331,11
47332,12
47333,6
47334,12
47335,12
47336,5
47337,7
47338,4
47339,11
47340,0
47341,1
47342,1
47343,1
47344,0
47345,0
47346,1
47347,4
47348,1
47349,2
47350,11
47351,13
47352,4
47353,1
47354,3
47355,0
47356,3
47357,0
47358,0
47359,1
47360,12
47361,0
47362,2
47363,2
47364,13
47365,2
47366,0
47367,8
47368,0
47369,5
47370,0
47371,11
47372,14
47373,2
47374,5
47375,11
47376,1
47377,0
47378,1
47379,14
47380,1
47381,5
47382,2
47383,13
47384,0
47385,2
47386,1
47387,15
47388,1
47389,0
47390,0
47391,2
47392,4
47393,4
47394,4
47395,9
47396,0
47397,1
47398,5
47399,1
47400,0
47401,4
47402,7
47403,1
47404,8
47405,0
47406,8
47407,0
47408,1
47409,0
47410,1
47411,1
47412,0
47413,1
47414,6
47415,0
47416,6
47417,1
47418,1
47419,0
47450,11
47451,11
47452,13
47453,7
47454,3
47455,0
47456,6
47457,1
47458,1
47459,1
47460,13
47461,4
47462,7
47463,0
47464,6
47465,0
47466,0
47467,1
47468,13
47469,8
47470,13
47471,1
47472,0
47473,6
47474,1
47475,1
47476,0
47477,6
47478,13
47479,8
47620,7
47621,7
47622,8
47623,0
47624,7
47625,7
47626,8
47627,1
47628,0
47629,4
47630,11
47631,1
47632,6
47633,1
47634,4
47635,1
47636,2
47637,0
47638,0
47639,1
47640,0
47641,1
47642,3
47643,5
47644,11
47645,5
47646,11
47647,1
47648,1
47649,1
47980,6
47981,0
47982,0
47983,7
47984,7
47985,6
47986,0
47987,6
47988,7
47989,6
48720,11
48721,1
48722,14
48723,5
48724,1
48725,11
48726,0
48727,5
48728,1
48729,14
48730,0
48731,7
48732,7
48733,7
48734,1
48735,5
48736,0
48737,5
48738,5
48739,1
48770,0
48771,7
48772,4
48773,0
48774,1
48775,0
48776,1
48777,0
48778,8
48779,4
48780,0
48781,0
48782,5
48783,1
48784,6
48785,0
48786,0
48787,1
48788,5
48789,1
48830,0
48831,7
48832,5
48833,5
48834,7
48835,1
48836,0
48837,0
48838,7
48839,5
48840,0
48841,5
48842,5
48843,7
48844,1
48845,0
48846,1
48847,1
48848,13
48849,7
48850,0
48851,1
48852,5
48853,7
48854,5
48855,1
48856,0
48857,11
48858,13
48859,5
48860,0
48861,1
48862,13
48863,0
48864,5
48865,0
48866,1
48867,15
48868,4
48869,2
48870,8
48871,9
48872,1
48873,7
48874,1
48875,1
48876,0
48877,7
48878,8
48879,7
49220,0
49221,2
49222,4
49223,4
49224,4
49225,4
49226,1
49227,0
49228,4
49229,1
49230,11
49231,2
49232,5
49233,11
49234,1
49235,2
49236,0
49237,11
49238,1
49239,2
49240,8
49241,0
49242,8
49243,2
49244,3
49245,11
49246,8
49247,5
49248,8
49249,2
49460,0
49461,5
49462,6
49463,0
49464,1
49465,0
49466,7
49467,5
49468,6
49469,5
49470,11
49471,0
49472,7
49473,5
49474,1
49475,0
49476,1
49477,5
49478,1
49479,5
49480,11
49481,8
49482,0
49483,8
49484,4
49485,7
49486,8
49487,4
49488,0
49489,11
49510,0
49511,0
49512,5
49513,5
49514,1
49515,0
49516,1
49517,6
49518,5
49519,5
49520,0
49521,11
49522,5
49523,1
49524,2
49525,14
49526,1
49527,5
49528,1
49529,5
49530,0
49531,6
49532,2
49533,15
49534,1
49535,0
49536,0
49537,1
49538,2
49539,6
49540,9
49541,15
49542,2
49543,1
49544,6
49545,0
49546,9
49547,7
49548,1
49549,14
49730,8
49731,0
49732,1
49733,7
49734,7
49735,9
49736,0
49737,1
49738,7
49739,1
49740,1
49741,11
49742,1
49743,0
49744,1
49745,11
49746,1
49747,0
49748,7
49749,1
49840,0
49841,0
49842,1
49843,13
49844,2
49845,13
49846,1
49847,0
49848,15
49849,4
49850,1
49851,4
49852,8
49853,7
49854,7
49855,4
49856,1
49857,7
49858,0
49859,8
49980,8
49981,0
49982,0
49983,6
49984,13
49985,8
49986,11
49987,4
49988,2
49989,8
49990,2
49991,0
49992,4
49993,1
49994,13
49995,4
49996,0
49997,0
49998,1
49999,1
50030,0
50031,1
50032,4
50033,11
50034,8
50035,8
50036,0
50037,1
50038,7
50039,7
50040,0
50041,4
50042,1
50043,1
50044,1
50045,4
50046,5
50047,4
50048,1
50049,0
50350,4
50351,13
50352,11
50353,6
50354,12
50355,0
50356,0
50357,4
50358,5
50359,1
50360,0
50361,1
50362,8
50363,12
50364,13
50365,0
50366,5
50367,4
50368,0
50369,13
50610,0
50611,5
50612,8
50613,7
50614,1
50615,5
50616,1
50617,5
50618,0
50619,0
50620,1
50621,7
50622,11
50623,1
50624,2
50625,11
50626,1
50627,5
50628,1
50629,1
50780,1
50781,0
50782,13
50783,4
50784,8
50785,1
50786,0
50787,1
50788,4
50789,0
50790,11
50791,14
50792,11
50793,11
50794,4
50795,1
50796,7
50797,0
50798,1
50799,13
51150,0
51151,4
51152,1
51153,8
51154,13
51155,13
51156,4
51157,1
51158,11
51159,1
51160,8
51161,8
51162,0
51163,5
51164,8
51165,4
51166,13
51167,11
51168,8
51169,4
51300,0
51301,1
51302,5
51303,6
51304,1
51305,1
51306,0
51307,5
51308,7
51309,1
51310,8
51311,11
51312,6
51313,8
51314,13
51315,11
51316,11
51317,4
51318,13
51319,12
51320,5
51321,13
51322,1
51323,12
51324,1
51325,11
51326,1
51327,14
51328,0
51329,5
51430,8
51431,1
51432,5
51433,7
51434,5
51435,11
51436,5
51437,11
51438,1
51439,1
51440,0
51441,2
51442,1
51443,15
51444,4
51445,0
51446,4
51447,15
51448,1
51449,1
51480,0
51481,1
51482,15
51483,0
51484,1
51485,1
51486,0
51487,0
51488,1
51489,1
51520,15
51521,0
51522,4
51523,13
51524,1
51525,1
51526,0
51527,0
51528,0
51529,4
51550,0
51551,4
51552,0
51553,1
51554,1
51555,0
51556,6
51557,6
51558,0
51559,1
51620,9
51621,0
51622,1
51623,13
51624,13
51625,1
51626,15
51627,2
51628,1
51629,0
51630,11
51631,11
51632,8
51633,7
51634,8
51635,11
51636,0
51637,0
51638,6
51639,2
51700,0
51701,1
51702,4
51703,8
51704,1
51705,4
51706,2
51707,0
51708,1
51709,1
51710,0
51711,0
51712,8
51713,1
51714,4
51715,0
51716,1
51717,8
51718,7
51719,7
51720,8
51721,4
51722,7
51723,8
51724,0
51725,0
51726,11
51727,0
51728,2
51729,8
51780,15
51781,8
51782,2
51783,4
51784,1
51785,1
51786,0
51787,2
51788,6
51789,4
51790,0
51791,4
51792,0
51793,1
51794,13
51795,0
51796,4
51797,6
51798,1
51799,2
51800,11
51801,2
51802,1
51803,5
51804,5
51805,11
51806,0
51807,1
51808,1
51809,2
51810,1
51811,1
51812,4
51813,0
51814,1
51815,0
51816,1
51817,1
51818,5
51819,4
51860,7
51861,7
51862,7
51863,8
51864,0
51865,0
51866,0
51867,1
51868,1
51869,8
51870,11
51871,8
51872,1
51873,0
51874,11
51875,11
51876,1
51877,11
51878,7
51879,1
51880,6
51881,0
51882,13
51883,1
51884,13
51885,1
51886,0
51887,1
51888,1
51889,13
51890,1
51891,0
51892,0
51893,11
51894,1
51895,11
51896,7
51897,5
51898,5
51899,7
51900,6
51901,1
51902,1
51903,0
51904,1
51905,0
51906,5
51907,1
51908,1
51909,5
52050,1
52051,1
52052,9
52053,4
52054,2
52055,2
52056,4
52057,4
52058,1
52059,13
52060,0
52061,11
52062,9
52063,8
52064,8
52065,8
52066,0
52067,4
52068,7
52069,0
52130,1
52131,1
52132,0
52133,2
52134,6
52135,0
52136,5
52137,6
52138,2
52139,0
52140,0
52141,1
52142,6
52143,1
52144,2
52145,0
52146,1
52147,4
52148,11
52149,1
52150,11
52151,8
52152,0
52153,2
52154,6
52155,5
52156,8
52157,8
52158,0
52159,13
52250,4
52251,2
52252,1
52253,1
52254,0
52255,8
52256,0
52257,4
52258,2
52259,1
52260,5
52261,0
52262,5
52263,6
52264,7
52265,5
52266,0
52267,5
52268,8
52269,1
52270,1
52271,8
52272,0
52273,7
52274,7
52275,0
52276,4
52277,8
52278,7
52279,1
52280,2
52281,5
52282,11
52283,0
52284,8
52285,4
52286,11
52287,12
52288,6
52289,12
52290,0
52291,0
52292,13
52293,1
52294,1
52295,0
52296,0
52297,1
52298,6
52299,0
52300,1
52301,0
52302,8
52303,7
52304,7
52305,0
52306,7
52307,1
52308,0
52309,1
52540,0
52541,7
52542,1
52543,8
52544,8
52545,1
52546,0
52547,7
52548,8
52549,1
52550,5
52551,1
52552,1
52553,0
52554,4
52555,1
52556,0
52557,0
52558,0
52559,0
52690,9
52691,8
52692,7
52693,0
52694,1
52695,0
52696,1
52697,7
52698,0
52699,8
52700,5
52701,1
52702,13
52703,0
52704,11
52705,1
52706,0
52707,0
52708,4
52709,2
52710,1
52711,0
52712,5
52713,13
52714,1
52715,0
52716,1
52717,15
52718,1
52719,2
52720,0
52721,2
52722,1
52723,6
52724,1
52725,1
52726,1
52727,1
52728,13
52729,0
52730,11
52731,9
52732,4
52733,13
52734,2
52735,11
52736,8
52737,9
52738,2
52739,6
52900,5
52901,1
52902,4
52903,0
52904,2
52905,1
52906,0
52907,5
52908,2
52909,6
52910,0
52911,1
52912,1
52913,7
52914,5
52915,0
52916,7
52917,1
52918,5
52919,2
52920,4
52921,2
52922,0
52923,5
52924,6
52925,0
52926,5
52927,1
52928,2
52929,0
53090,0
53091,8
53092,4
53093,1
53094,7
53095,0
53096,1
53097,4
53098,8
53099,1
53100,8
53101,0
53102,13
53103,4
53104,12
53105,0
53106,0
53107,8
53108,8
53109,6
53250,0
53251,1
53252,2
53253,4
53254,2
53255,1
53256,4
53257,4
53258,9
53259,2
53260,1
53261,0
53262,7
53263,0
53264,8
53265,9
53266,0
53267,7
53268,8
53269,1
53270,0
53271,0
53272,2
53273,1
53274,2
53275,1
53276,2
53277,0
53278,6
53279,0
53440,9
53441,1
53442,0
53443,2
53444,4
53445,0
53446,1
53447,0
53448,1
53449,13
53450,9
53451,0
53452,2
53453,8
53454,2
53455,11
53456,8
53457,7
53458,7
53459,13
53500,2
53501,0
53502,0
53503,9
53504,4
53505,15
53506,15
53507,8
53508,1
53509,2
53510,11
53511,9
53512,1
53513,1
53514,2
53515,0
53516,5
53517,1
53518,11
53519,1
53720,11
53721,2
53722,1
53723,5
53724,1
53725,1
53726,11
53727,5
53728,1
53729,11
53730,0
53731,4
53732,1
53733,4
53734,7
53735,8
53736,7
53737,0
53738,8
53739,1
53740,9
53741,7
53742,0
53743,1
53744,8
53745,0
53746,1
53747,1
53748,8
53749,1
53750,5
53751,4
53752,0
53753,1
53754,7
53755,0
53756,1
53757,1
53758,7
53759,5
54000,8
54001,12
54002,8
54003,0
54004,4
54005,9
54006,12
54007,0
54008,3
54009,6
54010,0
54011,4
54012,1
54013,1
54014,7
54015,9
54016,0
54017,7
54018,1
54019,7
54240,6
54241,2
54242,0
54243,4
54244,4
54245,0
54246,13
54247,1
54248,1
54249,13
54250,1
54251,0
54252,1
54253,4
54254,2
54255,0
54256,4
54257,1
54258,4
54259,8
54280,7
54281,11
54282,11
54283,1
54284,7
54285,7
54286,11
54287,1
54288,1
54289,2
54290,0
54291,8
54292,4
54293,8
54294,4
54295,8
54296,11
54297,4
54298,8
54299,0
54570,8
54571,11
54572,6
54573,12
54574,12
54575,0
54576,8
54577,4
54578,8
54579,7
54580,11
54581,1
54582,6
54583,13
54584,12
54585,5
54586,0
54587,1
54588,7
54589,6
54750,0
54751,1
54752,13
54753,1
54754,6
54755,0
54756,8
54757,6
54758,1
54759,1
54760,0
54761,8
54762,4
54763,7
54764,1
54765,9
54766,8
54767,0
54768,8
54769,7
54800,7
54801,5
54802,12
54803,12
54804,8
54805,11
54806,12
54807,11
54808,2
54809,7
54810,5
54811,7
54812,11
54813,4
54814,5
54815,4
54816,1
54817,1
54818,6
54819,0
54820,0
54821,7
54822,8
54823,9
54824,1
54825,8
54826,8
54827,8
54828,7
54829,1
54830,9
54831,0
54832,1
54833,2
54834,13
54835,0
54836,13
54837,4
54838,4
54839,1
54840,4
54841,0
54842,13
54843,0
54844,1
54845,0
54846,0
54847,1
54848,5
54849,1
54850,7
54851,11
54852,1
54853,2
54854,5
54855,0
54856,1
54857,5
54858,7
54859,5
54940,8
54941,11
54942,4
54943,2
54944,4
54945,11
54946,11
54947,0
54948,8
54949,8
54950,0
54951,11
54952,13
54953,1
54954,12
54955,1
54956,2
54957,4
54958,0
54959,12
54990,7
54991,0
54992,7
54993,8
54994,8
54995,1
54996,7
54997,0
54998,0
54999,8
55000,11
55001,14
55002,7
55003,1
55004,7
55005,1
55006,8
55007,5
55008,11
55009,5
55080,0
55081,7
55082,5
55083,1
55084,7
55085,7
55086,6
55087,11
55088,0
55089,1
55090,0
55091,1
55092,4
55093,1
55094,13
55095,15
55096,1
55097,6
55098,2
55099,0
55100,0
55101,1
55102,4
55103,1
55104,7
55105,0
55106,1
55107,9
55108,7
55109,7
55200,11
55201,11
55202,8
55203,13
55204,6
55205,0
55206,8
55207,11
55208,0
55209,12
55210,0
55211,0
55212,7
55213,1
55214,8
55215,9
55216,8
55217,7
55218,7
55219,1
55300,2
55301,1
55302,1
55303,0
55304,2
55305,2
55306,1
55307,0
55308,0
55309,2
55530,0
55531,1
55532,8
55533,8
55534,4
55535,0
55536,4
55537,4
55538,1
55539,8
55540,8
55541,7
55542,1
55543,0
55544,14
55545,1
55546,12
55547,14
55548,1
55549,0
55940,1
55941,0
55942,1
55943,4
55944,13
55945,0
55946,1
55947,13
55948,2
55949,4
55950,1
55951,13
55952,0
55953,6
55954,1
55955,0
55956,1
55957,6
55958,13
55959,2
55960,0
55961,11
55962,8
55963,7
55964,8
55965,1
55966,0
55967,7
55968,7
55969,7
56010,7
56011,11
56012,1
56013,7
56014,1
56015,1
56016,1
56017,11
56018,13
56019,0
56020,0
56021,1
56022,2
56023,0
56024,1
56025,0
56026,4
56027,1
56028,1
56029,0
56030,0
56031,1
56032,7
56033,8
56034,1
56035,0
56036,0
56037,1
56038,9
56039,1
56040,11
56041,8
56042,8
56043,7
56044,8
56045,4
56046,8
56047,11
56048,8
56049,0
56050,11
56051,1
56052,1
56053,11
56054,1
56055,0
56056,11
56057,1
56058,1
56059,8
56060,15
56061,1
56062,0
56063,6
56064,13
56065,2
56066,1
56067,11
56068,1
56069,15
56090,0
56091,1
56092,15
56093,1
56094,0
56095,15
56096,0
56097,13
56098,6
56099,6
56100,0
56101,11
56102,11
56103,11
56104,1
56105,1
56106,1
56107,0
56108,7
56109,5
56110,4
56111,0
56112,4
56113,4
56114,13
56115,15
56116,0
56117,1
56118,1
56119,13
56310,0
56311,15
56312,0
56313,13
56314,1
56315,11
56316,1
56317,0
56318,15
56319,1
56350,15
56351,4
56352,0
56353,2
56354,1
56355,1
56356,13
56357,1
56358,0
56359,6
56440,0
56441,1
56442,1
56443,8
56444,2
56445,1
56446,11
56447,0
56448,1
56449,1
56450,11
56451,1
56452,1
56453,2
56454,1
56455,0
56456,5
56457,1
56458,7
56459,14
56460,0
56461,0
56462,8
56463,1
56464,1
56465,7
56466,0
56467,0
56468,7
56469,7
56500,1
56501,0
56502,13
56503,1
56504,1
56505,0
56506,1
56507,4
56508,1
56509,1
56510,1
56511,0
56512,4
56513,1
56514,12
56515,0
56516,2
56517,1
56518,1
56519,4
56640,8
56641,0
56642,1
56643,8
56644,6
56645,1
56646,0
56647,0
56648,4
56649,1
56650,8
56651,1
56652,5
56653,11
56654,6
56655,1
56656,11
56657,7
56658,1
56659,8
56780,1
56781,13
56782,11
56783,7
56784,5
56785,0
56786,1
56787,1
56788,1
56789,11
56790,0
56791,1
56792,1
56793,7
56794,8
56795,0
56796,8
56797,0
56798,1
56799,8
56820,0
56821,2
56822,5
56823,4
56824,1
56825,1
56826,0
56827,1
56828,1
56829,0
56830,0
56831,5
56832,1
56833,1
56834,1
56835,4
56836,0
56837,1
56838,1
56839,4
57080,0
57081,7
57082,7
57083,6
57084,4
57085,1
57086,1
57087,0
57088,7
57089,8
57090,11
57091,1
57092,7
57093,7
57094,7
57095,0
57096,7
57097,7
57098,8
57099,4
57100,11
57101,2
57102,0
57103,13
57104,2
57105,8
57106,7
57107,2
57108,7
57109,4
57200,0
57201,1
57202,2
57203,13
57204,6
57205,0
57206,4
57207,4
57208,0
57209,13
57210,2
57211,11
57212,2
57213,0
57214,2
57215,8
57216,8
57217,8
57218,11
57219,5
57450,1
57451,4
57452,11
57453,2
57454,1
57455,0
57456,2
57457,1
57458,2
57459,4
57690,9
57691,0
57692,4
57693,13
57694,8
57695,6
57696,2
57697,6
57698,4
57699,8
57700,1
57701,0
57702,0
57703,1
57704,4
57705,0
57706,4
57707,1
57708,0
57709,1
57710,1
57711,1
57712,5
57713,11
57714,5
57715,9
57716,11
57717,7
57718,1
57719,14
57830,11
57831,5
57832,5
57833,1
57834,2
57835,2
57836,1
57837,11
57838,1
57839,11
57840,0
57841,0
57842,8
57843,1
57844,7
57845,11
57846,7
57847,0
57848,1
57849,8
57910,0
57911,1
57912,7
57913,7
57914,8
57915,0
57916,0
57917,1
57918,6
57919,1
57920,0
57921,15
57922,1
57923,1
57924,1
57925,0
57926,1
57927,4
57928,0
57929,0
57960,11
57961,0
57962,2
57963,0
57964,12
57965,11
57966,8
57967,2
57968,0
57969,5
57970,11
57971,1
57972,4
57973,13
57974,4
57975,2
57976,1
57977,0
57978,4
57979,5
57980,1
57981,11
57982,7
57983,0
57984,2
57985,1
57986,0
57987,7
57988,8
57989,6
57990,0
57991,2
57992,0
57993,1
57994,2
57995,4
57996,1
57997,0
57998,4
57999,6
58130,1
58131,0
58132,2
58133,1
58134,1
58135,4
58136,0
58137,0
58138,1
58139,1
58140,0
58141,0
58142,7
58143,1
58144,7
58145,1
58146,1
58147,1
58148,0
58149,7
58260,1
58261,9
58262,11
58263,6
58264,13
58265,2
58266,1
58267,4
58268,2
58269,9
58270,7
58271,6
58272,2
58273,7
58274,1
58275,0
58276,7
58277,7
58278,7
58279,6
58280,11
58281,8
58282,2
58283,6
58284,12
58285,2
58286,4
58287,11
58288,4
58289,2
58360,0
58361,1
58362,2
58363,2
58364,0
58365,0
58366,1
58367,6
58368,8
58369,6
58370,11
58371,11
58372,0
58373,2
58374,4
58375,2
58376,16
58377,8
58378,16
58379,11
58380,11
58381,1
58382,1
58383,7
58384,11
58385,11
58386,11
58387,2
58388,1
58389,2
58520,8
58521,7
58522,7
58523,7
58524,4
58525,0
58526,8
58527,7
58528,0
58529,1
58530,0
58531,0
58532,0
58533,1
58534,1
58535,0
58536,11
58537,2
58538,1
58539,2
58540,2
58541,0
58542,0
58543,2
58544,2
58545,8
58546,0
58547,2
58548,8
58549,2
58570,0
58571,0
58572,2
58573,1
58574,2
58575,1
58576,0
58577,0
58578,1
58579,4
58580,4
58581,0
58582,4
58583,2
58584,2
58585,11
58586,0
58587,1
58588,2
58589,4
58750,0
58751,2
58752,1
58753,0
58754,1
58755,0
58756,1
58757,1
58758,0
58759,6
58760,9
58761,7
58762,1
58763,0
58764,8
58765,0
58766,7
58767,1
58768,8
58769,9
58800,0
58801,4
58802,1
58803,2
58804,2
58805,4
58806,0
58807,15
58808,1
58809,1
58810,11
58811,0
58812,2
58813,2
58814,8
58815,0
58816,2
58817,12
58818,4
58819,5
58820,7
58821,0
58822,1
58823,4
58824,7
58825,1
58826,0
58827,7
58828,8
58829,4
58830,0
58831,2
58832,4
58833,0
58834,1
58835,15
58836,0
58837,2
58838,1
58839,4
58840,0
58841,2
58842,14
58843,7
58844,1
58845,0
58846,1
58847,1
58848,1
58849,2
59100,0
59101,15
59102,1
59103,2
59104,1
59105,15
59106,4
59107,2
59108,0
59109,4
59120,2
59121,2
59122,7
59123,11
59124,1
59125,11
59126,1
59127,2
59128,5
59129,1
59130,0
59131,2
59132,7
59133,1
59134,7
59135,11
59136,0
59137,2
59138,0
59139,2
59160,11
59161,1
59162,5
59163,2
59164,7
59165,11
59166,11
59167,11
59168,1
59169,13
59170,0
59171,2
59172,4
59173,1
59174,2
59175,0
59176,4
59177,4
59178,1
59179,4
59240,11
59241,8
59242,2
59243,8
59244,8
59245,2
59246,8
59247,11
59248,8
59249,8
59250,0
59251,7
59252,7
59253,7
59254,8
59255,8
59256,1
59257,0
59258,0
59259,8
59260,4
59261,0
59262,1
59263,8
59264,2
59265,0
59266,4
59267,1
59268,15
59269,2
59340,0
59341,7
59342,5
59343,4
59344,1
59345,9
59346,6
59347,1
59348,5
59349,9
59360,11
59361,0
59362,8
59363,2
59364,8
59365,11
59366,11
59367,11
59368,8
59369,6
59440,11
59441,11
59442,1
59443,2
59444,0
59445,2
59446,11
59447,6
59448,11
59449,6
59450,11
59451,11
59452,0
59453,7
59454,8
59455,0
59456,0
59457,0
59458,1
59459,7
59460,7
59461,0
59462,7
59463,7
59464,1
59465,7
59466,0
59467,0
59468,0
59469,7
59620,0
59621,6
59622,11
59623,1
59624,13
59625,15
59626,1
59627,15
59628,2
59629,2
59630,11
59631,6
59632,13
59633,8
59634,12
59635,0
59636,2
59637,11
59638,4
59639,13
59800,1
59801,1
59802,11
59803,2
59804,15
59805,11
59806,11
59807,11
59808,1
59809,5
59810,4
59811,0
59812,1
59813,4
59814,1
59815,1
59816,2
59817,4
59818,0
59819,4
59970,2
59971,11
59972,5
59973,8
59974,8
59975,11
59976,8
59977,4
59978,8
59979,4
59980,15
59981,1
59982,4
59983,2
59984,1
59985,0
59986,15
59987,1
59988,1
59989,4
59990,0
59991,15
59992,4
59993,1
59994,1
59995,11
59996,0
59997,8
59998,6
59999,5
60000,2
60001,11
60002,8
60003,4
60004,8
60005,8
60006,6
60007,11
60008,13
60009,8
60060,2
60061,0
60062,4
60063,2
60064,0
60065,1
60066,0
60067,0
60068,2
60069,1
60110,0
60111,11
60112,11
60113,1
60114,2
60115,5
60116,1
60117,11
60118,4
60119,11
60120,0
60121,2
60122,15
60123,4
60124,1
60125,0
60126,0
60127,1
60128,0
60129,11
60130,4
60131,4
60132,4
60133,0
60134,2
60135,1
60136,0
60137,4
60138,0
60139,1
60370,9
60371,2
60372,1
60373,2
60374,4
60375,6
60376,0
60377,2
60378,1
60379,4
60380,0
60381,1
60382,4
60383,7
60384,7
60385,7
60386,0
60387,8
60388,1
60389,1
60530,11
60531,0
60532,2
60533,5
60534,2
60535,1
60536,11
60537,5
60538,11
60539,5
60540,11
60541,13
60542,7
60543,11
60544,8
60545,11
60546,11
60547,12
60548,8
60549,8
60550,0
60551,7
60552,7
60553,7
60554,5
60555,0
60556,7
60557,7
60558,7
60559,0
60560,15
60561,1
60562,11
60563,4
60564,1
60565,2
60566,4
60567,0
60568,1
60569,2
60600,1
60601,2
60602,1
60603,0
60604,1
60605,2
60606,0
60607,2
60608,2
60609,8
60640,11
60641,6
60642,8
60643,6
60644,4
60645,0
60646,6
60647,1
60648,2
60649,6
60650,0
60651,12
60652,6
60653,5
60654,4
60655,4
60656,2
60657,0
60658,8
60659,6
60660,7
60661,9
60662,7
60663,0
60664,8
60665,0
60666,8
60667,7
60668,4
60669,1
60740,0
60741,2
60742,6
60743,1
60744,4
60745,15
60746,0
60747,4
60748,6
60749,1
60820,0
60821,4
60822,0
60823,8
60824,1
60825,7
60826,1
60827,7
60828,7
60829,7
60830,11
60831,11
60832,1
60833,2
60834,7
60835,0
60836,1
60837,7
60838,1
60839,1
60850,1
60851,2
60852,11
60853,0
60854,1
60855,1
60856,7
60857,5
60858,11
60859,1
60870,2
60871,0
60872,4
60873,1
60874,2
60875,0
60876,6
60877,6
60878,1
60879,6
60900,1
60901,2
60902,11
60903,2
60904,2
60905,14
60906,2
60907,11
60908,1
60909,11
60910,0
60911,1
60912,8
60913,1
60914,1
60915,1
60916,8
60917,0
60918,7
60919,4
60920,0
60921,0
60922,1
60923,7
60924,5
60925,7
60926,7
60927,0
60928,6
60929,1
61180,8
61181,2
61182,0
61183,1
61184,7
61185,11
61186,2
61187,4
61188,1
61189,0
61190,11
61191,7
61192,11
61193,2
61194,1
61195,11
61196,1
61197,11
61198,0
61199,2
61200,8
61201,0
61202,4
61203,1
61204,8
61205,7
61206,7
61207,1
61208,0
61209,7
61230,7
61231,15
61232,7
61233,0
61234,5
61235,0
61236,1
61237,1
61238,9
61239,7
61240,5
61241,11
61242,0
61243,4
61244,2
61245,1
61246,2
61247,0
61248,0
61249,4
61250,11
61251,2
61252,8
61253,8
61254,8
61255,2
61256,11
61257,2
61258,8
61259,11
61260,1
61261,15
61262,1
61263,6
61264,1
61265,2
61266,11
61267,2
61268,1
61269,15
61510,0
61511,7
61512,0
61513,4
61514,2
61515,11
61516,0
61517,4
61518,0
61519,2
61520,7
61521,4
61522,8
61523,0
61524,1
61525,1
61526,1
61527,4
61528,0
61529,8
61530,8
61531,2
61532,4
61533,1
61534,1
61535,0
61536,2
61537,0
61538,4
61539,2
61540,11
61541,1
61542,2
61543,11
61544,8
61545,11
61546,7
61547,7
61548,2
61549,11
61550,0
61551,8
61552,2
61553,2
61554,8
61555,2
61556,2
61557,2
61558,11
61559,7
61560,2
61561,4
61562,0
61563,4
61564,1
61565,1
61566,4
61567,0
61568,2
61569,5
61570,11
61571,11
61572,0
61573,2
61574,2
61575,11
61576,0
61577,2
61578,1
61579,11
61580,4
61581,2
61582,1
61583,0
61584,4
61585,4
61586,9
61587,1
61588,0
61589,2
61590,11
61591,2
61592,12
61593,4
61594,8
61595,9
61596,7
61597,0
61598,4
61599,2
61600,0
61601,2
61602,2
61603,1
61604,4
61605,0
61606,2
61607,2
61608,6
61609,2
61620,8
61621,11
61622,11
61623,4
61624,2
61625,0
61626,7
61627,2
61628,8
61629,0
61710,15
61711,1
61712,11
61713,2
61714,1
61715,11
61716,11
61717,15
61718,2
61719,1
61950,2
61951,1
61952,0
61953,11
61954,4
61955,11
61956,0
61957,2
61958,4
61959,4
61960,0
61961,1
61962,4
61963,8
61964,11
61965,7
61966,0
61967,1
61968,8
61969,7
62060,0
62061,4
62062,1
62063,4
62064,1
62065,0
62066,2
62067,6
62068,1
62069,2
62070,11
62071,2
62072,2
62073,11
62074,7
62075,0
62076,2
62077,8
62078,11
62079,7
62110,15
62111,0
62112,2
62113,2
62114,1
62115,1
62116,0
62117,8
62118,4
62119,1
62120,0
62121,1
62122,7
62123,8
62124,4
62125,0
62126,7
62127,9
62128,8
62129,9
62290,0
62291,1
62292,1
62293,4
62294,4
62295,0
62296,0
62297,1
62298,1
62299,1
62300,11
62301,4
62302,8
62303,8
62304,8
62305,2
62306,0
62307,8
62308,2
62309,4
62310,1
62311,1
62312,0
62313,8
62314,7
62315,4
62316,0
62317,1
62318,7
62319,1
62400,9
62401,15
62402,4
62403,1
62404,1
62405,15
62406,1
62407,11
62408,4
62409,4
62410,0
62411,1
62412,8
62413,1
62414,7
62415,1
62416,0
62417,7
62418,7
62419,5
62420,0
62421,11
62422,7
62423,2
62424,13
62425,8
62426,4
62427,11
62428,4
62429,0
62530,1
62531,11
62532,4
62533,1
62534,2
62535,4
62536,15
62537,11
62538,15
62539,2
62540,0
62541,7
62542,0
62543,1
62544,8
62545,7
62546,7
62547,9
62548,8
62549,8
62550,0
62551,13
62552,0
62553,1
62554,4
62555,1
62556,4
62557,4
62558,1
62559,0
62560,0
62561,7
62562,0
62563,4
62564,8
62565,7
62566,0
62567,8
62568,7
62569,1
62600,0
62601,0
62602,8
62603,1
62604,7
62605,9
62606,7
62607,0
62608,1
62609,8
62610,0
62611,1
62612,11
62613,4
62614,1
62615,4
62616,2
62617,4
62618,0
62619,4
62630,11
62631,2
62632,2
62633,8
62634,6
62635,2
62636,2
62637,0
62638,11
62639,11
62670,0
62671,1
62672,0
62673,2
62674,1
62675,4
62676,4
62677,0
62678,1
62679,2
62770,4
62771,8
62772,2
62773,1
62774,15
62775,0
62776,0
62777,1
62778,2
62779,1
62820,0
62821,1
62822,1
62823,2
62824,1
62825,4
62826,1
62827,1
62828,2
62829,0
62850,0
62851,2
62852,1
62853,0
62854,2
62855,0
62856,0
62857,1
62858,2
62859,2
62860,1
62861,4
62862,0
62863,8
62864,1
62865,0
62866,7
62867,4
62868,1
62869,8
62870,0
62871,0
62872,1
62873,8
62874,1
62875,7
62876,7
62877,0
62878,1
62879,8
62880,0
62881,4
62882,0
62883,1
62884,0
62885,2
62886,9
62887,8
62888,6
62889,5
62890,15
62891,2
62892,1
62893,0
62894,0
62895,0
62896,5
62897,11
62898,7
62899,1
62920,0
62921,4
62922,1
62923,2
62924,2
62925,0
62926,1
62927,5
62928,6
62929,2
62930,0
62931,7
62932,1
62933,8
62934,7
62935,16
62936,7
62937,0
62938,2
62939,6
62940,0
62941,1
62942,8
62943,4
62944,8
62945,8
62946,7
62947,0
62948,1
62949,4
62950,11
62951,0
62952,1
62953,2
62954,2
62955,0
62956,1
62957,1
62958,2
62959,2
62960,2
62961,2
62962,7
62963,0
62964,2
62965,0
62966,2
62967,1
62968,1
62969,11
62970,0
62971,4
62972,1
62973,0
62974,4
62975,9
62976,1
62977,2
62978,0
62979,4
63050,0
63051,11
63052,2
63053,4
63054,1
63055,4
63056,4
63057,4
63058,4
63059,2
63060,11
63061,7
63062,8
63063,8
63064,1
63065,0
63066,4
63067,1
63068,8
63069,4
63080,11
63081,1
63082,1
63083,8
63084,8
63085,1
63086,1
63087,13
63088,1
63089,4
63250,1
63251,0
63252,0
63253,2
63254,4
63255,4
63256,11
63257,2
63258,4
63259,1
63260,11
63261,8
63262,2
63263,2
63264,0
63265,2
63266,0
63267,2
63268,5
63269,11
63270,14
63271,11
63272,7
63273,1
63274,5
63275,11
63276,5
63277,2
63278,6
63279,5
63300,11
63301,2
63302,4
63303,1
63304,2
63305,1
63306,0
63307,2
63308,0
63309,4
63310,8
63311,0
63312,7
63313,0
63314,8
63315,8
63316,11
63317,0
63318,4
63319,8
63320,0
63321,2
63322,2
63323,2
63324,5
63325,11
63326,11
63327,1
63328,7
63329,1
63380,1
63381,2
63382,6
63383,0
63384,1
63385,2
63386,1
63387,0
63388,4
63389,4
63390,0
63391,12
63392,13
63393,13
63394,2
63395,0
63396,2
63397,7
63398,7
63399,12
63400,0
63401,0
63402,1
63403,11
63404,2
63405,0
63406,1
63407,2
63408,7
63409,1
63410,0
63411,8
63412,9
63413,4
63414,8
63415,0
63416,7
63417,8
63418,4
63419,0
63420,4
63421,1
63422,2
63423,0
63424,5
63425,0
63426,1
63427,2
63428,1
63429,4
63450,0
63451,8
63452,1
63453,4
63454,7
63455,4
63456,0
63457,7
63458,1
63459,0
63530,11
63531,0
63532,8
63533,8
63534,7
63535,11
63536,11
63537,4
63538,0
63539,2
63720,9
63721,5
63722,1
63723,14
63724,7
63725,0
63726,1
63727,11
63728,11
63729,2
63750,0
63751,0
63752,1
63753,1
63754,1
63755,11
63756,1
63757,11
63758,1
63759,7
64060,1
64061,4
64062,2
64063,2
64064,8
64065,0
64066,1
64067,1
64068,0
64069,1
64070,4
64071,0
64072,1
64073,4
64074,2
64075,0
64076,1
64077,1
64078,11
64079,2
64080,0
64081,7
64082,1
64083,1
64084,7
64085,0
64086,0
64087,7
64088,7
64089,1
64200,15
64201,4
64202,2
64203,1
64204,0
64205,0
64206,2
64207,2
64208,1
64209,8
64230,1
64231,11
64232,0
64233,1
64234,4
64235,1
64236,7
64237,7
64238,8
64239,0
64680,0
64681,11
64682,15
64683,7
64684,12
64685,7
64686,0
64687,2
64688,11
64689,1
64690,7
64691,0
64692,0
64693,4
64694,8
64695,0
64696,0
64697,7
64698,1
64699,8
64700,4
64701,11
64702,11
64703,0
64704,12
64705,11
64706,2
64707,11
64708,0
64709,2
64760,2
64761,1
64762,1
64763,11
64764,0
64765,4
64766,0
64767,1
64768,1
64769,15
64770,0
64771,8
64772,0
64773,4
64774,1
64775,0
64776,1
64777,1
64778,1
64779,1
64780,0
64781,4
64782,1
64783,2
64784,2
64785,1
64786,4
64787,0
64788,2
64789,1
64790,0
64791,2
64792,11
64793,4
64794,12
64795,11
64796,4
64797,11
64798,8
64799,8
64920,0
64921,1
64922,1
64923,4
64924,1
64925,1
64926,0
64927,0
64928,1
64929,5
64970,15
64971,2
64972,6
64973,15
64974,4
64975,1
64976,6
64977,0
64978,9
64979,1
65060,2
65061,0
65062,2
65063,2
65064,1
65065,4
65066,1
65067,13
65068,0
65069,15
65070,8
65071,0
65072,8
65073,7
65074,1
65075,0
65076,8
65077,0
65078,1
65079,7
65110,9
65111,14
65112,7
65113,11
65114,1
65115,11
65116,11
65117,11
65118,1
65119,11
65130,1
65131,0
65132,11
65133,2
65134,1
65135,0
65136,1
65137,0
65138,4
65139,4
65150,0
65151,7
65152,1
65153,7
65154,7
65155,7
65156,1
65157,1
65158,7
65159,8
65220,11
65221,0
65222,1
65223,2
65224,5
65225,0
65226,0
65227,1
65228,6
65229,5
65230,11
65231,0
65232,2
65233,1
65234,2
65235,0
65236,4
65237,2
65238,8
65239,0
65240,8
65241,11
65242,8
65243,2
65244,2
65245,0
65246,8
65247,0
65248,2
65249,6
65430,11
65431,0
65432,8
65433,9
65434,7
65435,0
65436,7
65437,1
65438,7
65439,0
65440,0
65441,15
65442,2
65443,1
65444,2
65445,4
65446,1
65447,0
65448,11
65449,0
65610,1
65611,2
65612,2
65613,4
65614,1
65615,1
65616,0
65617,2
65618,1
65619,1
65620,1
65621,1
65622,11
65623,4
65624,1
65625,1
65626,1
65627,2
65628,1
65629,0
65690,9
65691,5
65692,0
65693,8
65694,12
65695,0
65696,8
65697,11
65698,13
65699,0
65700,9
65701,0
65702,1
65703,4
65704,1
65705,11
65706,0
65707,13
65708,1
65709,1
65760,0
65761,9
65762,11
65763,8
65764,7
65765,9
65766,8
65767,7
65768,1
65769,0
65770,0
65771,15
65772,1
65773,6
65774,2
65775,4
65776,6
65777,15
65778,5
65779,6
65900,0
65901,1
65902,1
65903,4
65904,13
65905,1
65906,0
65907,0
65908,4
65909,2
65910,0
65911,5
65912,11
65913,11
65914,8
65915,0
65916,14
65917,1
65918,12
65919,0
65920,0
65921,0
65922,1
65923,1
65924,4
65925,4
65926,1
65927,2
65928,13
65929,0
65930,15
65931,0
65932,0
65933,1
65934,1
65935,0
65936,13
65937,13
65938,4
65939,4
65940,0
65941,11
65942,7
65943,8
65944,1
65945,11
65946,4
65947,8
65948,0
65949,8
65950,0
65951,0
65952,1
65953,2
65954,1
65955,0
65956,1
65957,0
65958,1
65959,1
65960,0
65961,4
65962,1
65963,7
65964,8
65965,0
65966,1
65967,8
65968,1
65969,0
66040,11
66041,1
66042,4
66043,7
66044,8
66045,0
66046,8
66047,1
66048,7
66049,1
66050,11
66051,4
66052,2
66053,1
66054,1
66055,1
66056,0
66057,0
66058,1
66059,1
66060,6
66061,2
66062,0
66063,1
66064,1
66065,5
66066,11
66067,2
66068,1
66069,11
66070,6
66071,0
66072,8
66073,15
66074,1
66075,15
66076,11
66077,2
66078,2
66079,5
66100,11
66101,1
66102,15
66103,2
66104,5
66105,0
66106,2
66107,15
66108,2
66109,6
66110,11
66111,5
66112,2
66113,1
66114,6
66115,11
66116,0
66117,6
66118,1
66119,2
66410,0
66411,2
66412,1
66413,11
66414,1
66415,2
66416,8
66417,2
66418,1
66419,1
66420,9
66421,0
66422,4
66423,8
66424,7
66425,8
66426,0
66427,7
66428,4
66429,7
66430,0
66431,5
66432,0
66433,1
66434,7
66435,0
66436,1
66437,7
66438,7
66439,1
66460,0
66461,4
66462,11
66463,12
66464,2
66465,7
66466,8
66467,11
66468,0
66469,7
66470,1
66471,1
66472,11
66473,1
66474,4
66475,1
66476,13
66477,5
66478,0
66479,7
66480,15
66481,0
66482,1
66483,11
66484,1
66485,1
66486,4
66487,1
66488,0
66489,1
66540,5
66541,11
66542,6
66543,1
66544,1
66545,0
66546,0
66547,1
66548,1
66549,1
66550,5
66551,5
66552,9
66553,5
66554,7
66555,0
66556,7
66557,1
66558,0
66559,8
66660,11
66661,1
66662,1
66663,11
66664,7
66665,6
66666,1
66667,2
66668,11
66669,15
66710,4
66711,11
66712,1
66713,0
66714,2
66715,6
66716,11
66717,0
66718,1
66719,5
66720,8
66721,11
66722,0
66723,8
66724,4
66725,2
66726,0
66727,7
66728,11
66729,2
66840,0
66841,1
66842,15
66843,0
66844,2
66845,0
66846,4
66847,6
66848,15
66849,4
66850,0
66851,11
66852,15
66853,1
66854,1
66855,2
66856,1
66857,1
66858,0
66859,1
67020,11
67021,0
67022,11
67023,4
67024,8
67025,8
67026,2
67027,11
67028,11
67029,6
67150,8
67151,2
67152,1
67153,1
67154,4
67155,1
67156,1
67157,1
67158,0
67159,0
67160,6
67161,8
67162,1
67163,11
67164,1
67165,0
67166,1
67167,2
67168,1
67169,2
67170,0
67171,2
67172,1
67173,4
67174,2
67175,0
67176,4
67177,1
67178,0
67179,1
67180,11
67181,8
67182,8
67183,8
67184,12
67185,13
67186,4
67187,11
67188,2
67189,8
67250,2
67251,5
67252,4
67253,11
67254,8
67255,4
67256,15
67257,1
67258,1
67259,2
67260,11
67261,2
67262,7
67263,8
67264,5
67265,6
67266,11
67267,11
67268,2
67269,5
67300,0
67301,11
67302,2
67303,4
67304,5
67305,1
67306,0
67307,4
67308,2
67309,1
67310,6
67311,5
67312,2
67313,8
67314,11
67315,2
67316,7
67317,11
67318,1
67319,11
67340,7
67341,6
67342,2
67343,1
67344,11
67345,11
67346,6
67347,0
67348,2
67349,1
67350,0
67351,0
67352,15
67353,1
67354,1
67355,1
67356,2
67357,0
67358,1
67359,1
67520,11
67521,2
67522,4
67523,15
67524,4
67525,0
67526,4
67527,4
67528,13
67529,4
67570,15
67571,1
67572,2
67573,4
67574,2
67575,1
67576,4
67577,1
67578,15
67579,1
67610,15
67611,15
67612,6
67613,1
67614,2
67615,0
67616,2
67617,1
67618,2
67619,4
67620,6
67621,11
67622,1
67623,15
67624,2
67625,2
67626,1
67627,4
67628,2
67629,0
67630,1
67631,2
67632,11
67633,1
67634,2
67635,0
67636,7
67637,1
67638,5
67639,2
67750,4
67751,8
67752,1
67753,7
67754,2
67755,0
67756,2
67757,15
67758,1
67759,15
67760,11
67761,2
67762,11
67763,4
67764,7
67765,0
67766,6
67767,2
67768,11
67769,12
67770,2
67771,11
67772,7
67773,4
67774,5
67775,14
67776,11
67777,1
67778,7
67779,2
67810,15
67811,0
67812,6
67813,1
67814,2
67815,1
67816,11
67817,5
67818,6
67819,7
67820,6
67821,8
67822,11
67823,8
67824,8
67825,11
67826,11
67827,5
67828,4
67829,8
68010,9
68011,7
68012,4
68013,7
68014,7
68015,8
68016,0
68017,4
68018,7
68019,7
68020,1
68021,2
68022,1
68023,4
68024,9
68025,1
68026,0
68027,2
68028,4
68029,1
68030,11
68031,11
68032,12
68033,7
68034,11
68035,2
68036,11
68037,8
68038,2
68039,6
68040,11
68041,1
68042,2
68043,6
68044,2
68045,11
68046,1
68047,6
68048,0
68049,8
68050,0
68051,11
68052,7
68053,1
68054,7
68055,11
68056,1
68057,2
68058,11
68059,2
68110,0
68111,1
68112,1
68113,1
68114,1
68115,2
68116,1
68117,1
68118,4
68119,0
68120,11
68121,6
68122,8
68123,7
68124,2
68125,0
68126,7
68127,1
68128,6
68129,11
68360,0
68361,0
68362,11
68363,1
68364,4
68365,11
68366,1
68367,11
68368,2
68369,4
68370,1
68371,7
68372,8
68373,0
68374,1
68375,11
68376,8
68377,4
68378,7
68379,7
68440,0
68441,4
68442,1
68443,8
68444,7
68445,4
68446,9
68447,8
68448,8
68449,1
68450,8
68451,0
68452,6
68453,13
68454,8
68455,11
68456,2
68457,11
68458,2
68459,5
68510,0
68511,8
68512,2
68513,1
68514,4
68515,2
68516,1
68517,1
68518,0
68519,1
68520,11
68521,8
68522,2
68523,7
68524,1
68525,2
68526,11
68527,11
68528,5
68529,5
68530,4
68531,0
68532,4
68533,15
68534,1
68535,1
68536,2
68537,1
68538,0
68539,0
68570,4
68571,0
68572,2
68573,1
68574,13
68575,0
68576,1
68577,15
68578,2
68579,0
68580,12
68581,8
68582,8
68583,4
68584,2
68585,11
68586,11
68587,8
68588,4
68589,12
68790,4
68791,11
68792,8
68793,11
68794,8
68795,11
68796,11
68797,8
68798,8
68799,12
68800,1
68801,1
68802,0
68803,1
68804,1
68805,0
68806,11
68807,15
68808,5
68809,1
68810,11
68811,1
68812,4
68813,1
68814,1
68815,0
68816,1
68817,1
68818,0
68819,1
68880,14
68881,15
68882,1
68883,4
68884,2
68885,0
68886,4
68887,0
68888,1
68889,4
68890,8
68891,0
68892,2
68893,4
68894,4
68895,0
68896,11
68897,11
68898,11
68899,8
68900,2
68901,0
68902,2
68903,1
68904,1
68905,11
68906,8
68907,0
68908,8
68909,1
68910,0
68911,7
68912,1
68913,1
68914,1
68915,11
68916,11
68917,1
68918,1
68919,5
68970,1
68971,1
68972,0
68973,4
68974,1
68975,4
68976,4
68977,1
68978,2
68979,1
69310,11
69311,1
69312,6
69313,6
69314,1
69315,8
69316,11
69317,4
69318,5
69319,2
69320,11
69321,1
69322,5
69323,2
69324,1
69325,11
69326,2
69327,8
69328,6
69329,5
69330,6
69331,8
69332,11
69333,11
69334,2
69335,11
69336,8
69337,5
69338,2
69339,4
69360,1
69361,15
69362,0
69363,2
69364,4
69365,0
69366,1
69367,1
69368,1
69369,0
69390,1
69391,1
69392,4
69393,6
69394,2
69395,1
69396,0
69397,6
69398,2
69399,15
69460,1
69461,4
69462,1
69463,1
69464,4
69465,15
69466,0
69467,4
69468,1
69469,1
69470,0
69471,2
69472,1
69473,2
69474,15
69475,11
69476,15
69477,1
69478,6
69479,0
69480,7
69481,7
69482,11
69483,1
69484,2
69485,11
69486,1
69487,11
69488,4
69489,2
69490,1
69491,9
69492,7
69493,8
69494,7
69495,11
69496,8
69497,4
69498,1
69499,1
69710,0
69711,1
69712,4
69713,1
69714,1
69715,1
69716,2
69717,1
69718,15
69719,12
69720,8
69721,0
69722,6
69723,12
69724,7
69725,0
69726,0
69727,11
69728,11
69729,12
69770,11
69771,4
69772,12
69773,8
69774,2
69775,11
69776,2
69777,7
69778,0
69779,4
69780,1
69781,1
69782,15
69783,8
69784,6
69785,1
69786,4
69787,0
69788,1
69789,0
69790,11
69791,8
69792,13
69793,2
69794,2
69795,1
69796,4
69797,0
69798,1
69799,4
69850,11
69851,11
69852,2
69853,8
69854,6
69855,7
69856,11
69857,0
69858,2
69859,12
69860,11
69861,1
69862,1
69863,4
69864,5
69865,0
69866,6
69867,1
69868,2
69869,8
69870,4
69871,11
69872,0
69873,0
69874,1
69875,1
69876,4
69877,0
69878,4
69879,2
69940,11
69941,11
69942,8
69943,4
69944,8
69945,4
69946,11
69947,2
69948,8
69949,2
69950,11
69951,14
69952,11
69953,2
69954,6
69955,1
69956,11
69957,2
69958,15
69959,14
69960,0
69961,1
69962,4
69963,11
69964,2
69965,0
69966,4
69967,4
69968,0
69969,2
70110,1
70111,2
70112,1
70113,11
70114,0
70115,11
70116,1
70117,7
70118,14
70119,1
70120,0
70121,1
70122,15
70123,1
70124,2
70125,0
70126,1
70127,1
70128,11
70129,4
70190,1
70191,2
70192,2
70193,11
70194,11
70195,2
70196,1
70197,7
70198,11
70199,1
70200,1
70201,11
70202,1
70203,4
70204,1
70205,0
70206,1
70207,4
70208,2
70209,11
70210,0
70211,11
70212,8
70213,4
70214,1
70215,9
70216,1
70217,1
70218,8
70219,0
70290,0
70291,7
70292,7
70293,1
70294,8
70295,0
70296,0
70297,8
70298,4
70299,7
70300,0
70301,0
70302,0
70303,1
70304,2
70305,0
70306,0
70307,6
70308,6
70309,0
70390,11
70391,0
70392,1
70393,1
70394,7
70395,11
70396,5
70397,1
70398,5
70399,2
70720,4
70721,4
70722,1
70723,0
70724,0
70725,11
70726,7
70727,1
70728,7
70729,8
70730,11
70731,1
70732,1
70733,0
70734,8
70735,11
70736,1
70737,1
70738,2
70739,5
70740,2
70741,8
70742,11
70743,7
70744,11
70745,4
70746,8
70747,11
70748,11
70749,6
70850,11
70851,0
70852,11
70853,1
70854,7
70855,0
70856,11
70857,1
70858,1
70859,12
70860,11
70861,15
70862,4
70863,1
70864,2
70865,0
70866,1
70867,11
70868,1
70869,2
70870,4
70871,0
70872,11
70873,7
70874,2
70875,0
70876,11
70877,11
70878,4
70879,12
70880,0
70881,7
70882,1
70883,4
70884,8
70885,1
70886,0
70887,7
70888,7
70889,7
70890,11
70891,1
70892,2
70893,2
70894,15
70895,2
70896,11
70897,11
70898,1
70899,2
70900,0
70901,7
70902,8
70903,7
70904,11
70905,0
70906,11
70907,8
70908,1
70909,8
70910,11
70911,1
70912,1
70913,2
70914,2
70915,2
70916,8
70917,11
70918,5
70919,11
70940,1
70941,0
70942,0
70943,4
70944,2
70945,7
70946,8
70947,4
70948,2
70949,1
71060,11
71061,4
71062,11
71063,8
71064,7
71065,8
71066,7
71067,8
71068,7
71069,7
71070,4
71071,1
71072,0
71073,4
71074,4
71075,0
71076,1
71077,2
71078,4
71079,4
71080,4
71081,0
71082,4
71083,6
71084,11
71085,8
71086,11
71087,12
71088,6
71089,8
71090,0
71091,1
71092,1
71093,6
71094,1
71095,11
71096,1
71097,5
71098,1
71099,4
71120,1
71121,0
71122,0
71123,2
71124,5
71125,2
71126,2
71127,0
71128,0
71129,13
71130,0
71131,1
71132,8
71133,0
71134,5
71135,0
71136,8
71137,4
71138,7
71139,1
71140,0
71141,5
71142,15
71143,4
71144,2
71145,0
71146,6
71147,1
71148,2
71149,4
71150,5
71151,5
71152,11
71153,5
71154,7
71155,2
71156,11
71157,1
71158,7
71159,2
71160,0
71161,8
71162,13
71163,12
71164,5
71165,2
71166,11
71167,7
71168,8
71169,4
71370,0
71371,1
71372,2
71373,15
71374,6
71375,11
71376,1
71377,4
71378,13
71379,1
71380,6
71381,0
71382,0
71383,8
71384,2
71385,11
71386,12
71387,11
71388,4
71389,12
71390,8
71391,1
71392,0
71393,7
71394,0
71395,11
71396,0
71397,7
71398,8
71399,8
71420,0
71421,4
71422,1
71423,8
71424,7
71425,7
71426,0
71427,8
71428,7
71429,11
71430,11
71431,1
71432,1
71433,2
71434,11
71435,11
71436,2
71437,1
71438,11
71439,7
71460,1
71461,4
71462,4
71463,8
71464,4
71465,1
71466,1
71467,11
71468,5
71469,1
71470,1
71471,2
71472,1
71473,9
71474,5
71475,1
71476,11
71477,5
71478,5
71479,11
71520,7
71521,0
71522,11
71523,8
71524,1
71525,1
71526,0
71527,1
71528,1
71529,4
71530,11
71531,11
71532,13
71533,8
71534,6
71535,0
71536,7
71537,2
71538,0
71539,4
71540,15
71541,11
71542,1
71543,1
71544,12
71545,1
71546,1
71547,4
71548,2
71549,0
71680,1
71681,5
71682,11
71683,15
71684,2
71685,0
71686,11
71687,1
71688,13
71689,4
71790,0
71791,0
71792,13
71793,1
71794,12
71795,15
71796,1
71797,0
71798,6
71799,13
71800,4
71801,0
71802,1
71803,0
71804,1
71805,1
71806,15
71807,13
71808,4
71809,0
71870,11
71871,1
71872,9
71873,8
71874,1
71875,0
71876,8
71877,1
71878,0
71879,11
71880,0
71881,13
71882,13
71883,1
71884,13
71885,0
71886,0
71887,1
71888,13
71889,6
71890,15
71891,4
71892,13
71893,11
71894,1
71895,9
71896,4
71897,13
71898,8
71899,4
71900,8
71901,8
71902,13
71903,11
71904,12
71905,9
71906,11
71907,5
71908,8
71909,8
71910,11
71911,11
71912,1
71913,11
71914,6
71915,2
71916,6
71917,4
71918,8
71919,13
71920,0
71921,1
71922,4
71923,13
71924,0
71925,4
71926,0
71927,1
71928,13
71929,2
71930,7
71931,7
71932,0
71933,11
71934,8
71935,0
71936,1
71937,1
71938,1
71939,4
71940,15
71941,0
71942,1
71943,6
71944,6
71945,0
71946,6
71947,1
71948,12
71949,1
72220,15
72221,1
72222,0
72223,4
72224,8
72225,9
72226,1
72227,4
72228,13
72229,1
72230,1
72231,9
72232,0
72233,8
72234,4
72235,0
72236,9
72237,8
72238,7
72239,8
72240,2
72241,13
72242,11
72243,4
72244,1
72245,1
72246,6
72247,15
72248,0
72249,2
72250,0
72251,1
72252,1
72253,6
72254,1
72255,15
72256,6
72257,0
72258,2
72259,1
72260,0
72261,11
72262,13
72263,13
72264,12
72265,0
72266,8
72267,11
72268,12
72269,2
72700,1
72701,11
72702,0
72703,1
72704,13
72705,2
72706,7
72707,11
72708,1
72709,4
72710,15
72711,1
72712,13
72713,4
72714,0
72715,2
72716,1
72717,7
72718,8
72719,0
72720,0
72721,1
72722,6
72723,13
72724,13
72725,8
72726,4
72727,13
72728,11
72729,1
72830,15
72831,1
72832,1
72833,1
72834,0
72835,1
72836,0
72837,1
72838,13
72839,6
72840,1
72841,1
72842,8
72843,6
72844,1
72845,0
72846,0
72847,1
72848,11
72849,13
72850,0
72851,1
72852,0
72853,1
72854,8
72855,0
72856,1
72857,4
72858,8
72859,4
73020,11
73021,1
73022,0
73023,1
73024,6
73025,11
73026,11
73027,5
73028,6
73029,13
73030,1
73031,0
73032,0
73033,1
73034,13
73035,11
73036,1
73037,0
73038,4
73039,13
73040,1
73041,11
73042,0
73043,6
73044,2
73045,1
73046,13
73047,0
73048,0
73049,6
73070,11
73071,1
73072,6
73073,2
73074,0
73075,11
73076,0
73077,6
73078,1
73079,2
73080,2
73081,0
73082,1
73083,2
73084,1
73085,0
73086,1
73087,0
73088,1
73089,1
73140,0
73141,8
73142,1
73143,2
73144,1
73145,13
73146,2
73147,0
73148,13
73149,4
73150,0
73151,11
73152,7
73153,8
73154,7
73155,0
73156,0
73157,1
73158,8
73159,7
73200,13
73201,11
73202,11
73203,1
73204,1
73205,11
73206,2
73207,5
73208,1
73209,11
73210,0
73211,13
73212,1
73213,6
73214,1
73215,0
73216,4
73217,4
73218,0
73219,13
73220,6
73221,13
73222,0
73223,4
73224,13
73225,0
73226,13
73227,0
73228,14
73229,6
73230,0
73231,0
73232,1
73233,1
73234,8
73235,0
73236,8
73237,11
73238,4
73239,7
73390,11
73391,11
73392,6
73393,2
73394,8
73395,11
73396,11
73397,12
73398,11
73399,13
73400,4
73401,0
73402,4
73403,4
73404,1
73405,13
73406,9
73407,11
73408,4
73409,1
73410,6
73411,0
73412,1
73413,4
73414,1
73415,11
73416,4
73417,1
73418,13
73419,0
73510,0
73511,8
73512,8
73513,13
73514,4
73515,8
73516,4
73517,11
73518,11
73519,0
73520,0
73521,4
73522,6
73523,4
73524,13
73525,1
73526,0
73527,4
73528,1
73529,0
73530,11
73531,11
73532,13
73533,1
73534,1
73535,11
73536,0
73537,8
73538,13
73539,1
73650,1
73651,0
73652,0
73653,5
73654,13
73655,0
73656,2
73657,0
73658,1
73659,1
73660,0
73661,4
73662,1
73663,1
73664,1
73665,0
73666,1
73667,1
73668,13
73669,13
73750,8
73751,6
73752,11
73753,11
73754,1
73755,11
73756,6
73757,1
73758,1
73759,0
73760,1
73761,13
73762,1
73763,13
73764,1
73765,1
73766,0
73767,1
73768,1
73769,0
74160,11
74161,4
74162,0
74163,8
74164,12
74165,11
74166,8
74167,4
74168,13
74169,8
74170,11
74171,8
74172,6
74173,1
74174,2
74175,1
74176,1
74177,0
74178,1
74179,11
74200,0
74201,0
74202,1
74203,4
74204,1
74205,0
74206,13
74207,1
74208,0
74209,4
74210,1
74211,1
74212,4
74213,0
74214,5
74215,11
74216,13
74217,1
74218,13
74219,4
74260,1
74261,11
74262,0
74263,4
74264,1
74265,1
74266,6
74267,0
74268,11
74269,2
74270,1
74271,4
74272,11
74273,0
74274,13
74275,4
74276,11
74277,1
74278,0
74279,1
74280,11
74281,4
74282,0
74283,1
74284,8
74285,11
74286,8
74287,6
74288,13
74289,13
74670,1
74671,9
74672,0
74673,11
74674,8
74675,0
74676,8
74677,0
74678,4
74679,9
74680,11
74681,1
74682,1
74683,13
74684,1
74685,4
74686,1
74687,0
74688,13
74689,8
74690,6
74691,0
74692,1
74693,4
74694,11
74695,0
74696,6
74697,11
74698,1
74699,2
74700,0
74701,11
74702,11
74703,12
74704,13
74705,2
74706,0
74707,11
74708,11
74709,2
74710,4
74711,4
74712,0
74713,2
74714,1
74715,0
74716,1
74717,0
74718,12
74719,2
74780,13
74781,0
74782,1
74783,0
74784,13
74785,0
74786,1
74787,1
74788,13
74789,1
74830,9
74831,4
74832,8
74833,8
74834,1
74835,0
74836,7
74837,1
74838,7
74839,8
74840,1
74841,13
74842,0
74843,13
74844,0
74845,4
74846,0
74847,15
74848,6
74849,1
74850,13
74851,11
74852,2
74853,4
74854,5
74855,0
74856,2
74857,15
74858,1
74859,13
74870,0
74871,11
74872,6
74873,6
74874,1
74875,1
74876,15
74877,2
74878,5
74879,0
74880,0
74881,13
74882,13
74883,1
74884,8
74885,15
74886,0
74887,4
74888,1
74889,1
74890,0
74891,11
74892,6
74893,1
74894,1
74895,15
74896,0
74897,5
74898,1
74899,14
74920,6
74921,0
74922,13
74923,4
74924,0
74925,0
74926,4
74927,1
74928,0
74929,1
74930,11
74931,11
74932,1
74933,1
74934,1
74935,11
74936,0
74937,14
74938,11
74939,1
74990,11
74991,1
74992,14
74993,6
74994,12
74995,11
74996,1
74997,2
74998,6
74999,13
75000,0
75001,6
75002,8
75003,8
75004,12
75005,0
75006,0
75007,6
75008,12
75009,6
75060,0
75061,0
75062,8
75063,7
75064,8
75065,0
75066,8
75067,1
75068,1
75069,8
75070,9
75071,11
75072,1
75073,8
75074,1
75075,11
75076,0
75077,4
75078,1
75079,13
75080,0
75081,11
75082,4
75083,12
75084,13
75085,11
75086,12
75087,13
75088,4
75089,11
75160,11
75161,11
75162,6
75163,13
75164,1
75165,11
75166,11
75167,6
75168,1
75169,2
75170,13
75171,15
75172,1
75173,0
75174,1
75175,0
75176,1
75177,15
75178,6
75179,1
75180,0
75181,1
75182,0
75183,4
75184,8
75185,0
75186,7
75187,11
75188,7
75189,8
75190,0
75191,6
75192,1
75193,6
75194,1
75195,0
75196,11
75197,1
75198,1
75199,12
75200,0
75201,9
75202,0
75203,1
75204,8
75205,8
75206,0
75207,0
75208,4
75209,8
75240,15
75241,13
75242,4
75243,0
75244,2
75245,0
75246,11
75247,4
75248,0
75249,13
75250,12
75251,11
75252,0
75253,2
75254,12
75255,11
75256,8
75257,6
75258,11
75259,5
75260,11
75261,1
75262,1
75263,6
75264,2
75265,11
75266,1
75267,13
75268,1
75269,1
75380,11
75381,0
75382,11
75383,1
75384,8
75385,1
75386,0
75387,7
75388,4
75389,8
75390,8
75391,0
75392,4
75393,2
75394,4
75395,0
75396,2
75397,4
75398,0
75399,1
75480,11
75481,6
75482,13
75483,15
75484,13
75485,11
75486,15
75487,6
75488,2
75489,4
75490,0
75491,1
75492,11
75493,1
75494,8
75495,1
75496,0
75497,0
75498,8
75499,7
75630,0
75631,6
75632,11
75633,1
75634,2
75635,0
75636,1
75637,6
75638,13
75639,6
76040,0
76041,1
76042,13
76043,1
76044,11
76045,15
76046,0
76047,1
76048,1
76049,4
76070,8
76071,2
76072,5
76073,11
76074,4
76075,11
76076,11
76077,8
76078,2
76079,11
76180,15
76181,0
76182,1
76183,1
76184,13
76185,0
76186,15
76187,0
76188,1
76189,6
76270,0
76271,1
76272,1
76273,4
76274,1
76275,1
76276,0
76277,1
76278,0
76279,13
76280,11
76281,11
76282,1
76283,1
76284,1
76285,1
76286,1
76287,11
76288,1
76289,6
76470,0
76471,1
76472,4
76473,1
76474,1
76475,15
76476,13
76477,1
76478,2
76479,0
76480,2
76481,0
76482,2
76483,11
76484,11
76485,11
76486,6
76487,12
76488,11
76489,13
76490,2
76491,4
76492,0
76493,1
76494,11
76495,11
76496,11
76497,11
76498,2
76499,1
76500,11
76501,0
76502,5
76503,1
76504,1
76505,6
76506,2
76507,0
76508,1
76509,5
76510,0
76511,1
76512,8
76513,7
76514,8
76515,0
76516,7
76517,1
76518,0
76519,8
76720,0
76721,2
76722,1
76723,4
76724,12
76725,13
76726,6
76727,0
76728,13
76729,13
76730,8
76731,0
76732,8
76733,8
76734,8
76735,12
76736,0
76737,13
76738,0
76739,8
76770,0
76771,1
76772,6
76773,1
76774,2
76775,11
76776,1
76777,13
76778,6
76779,12
76950,0
76951,1
76952,7
76953,8
76954,4
76955,0
76956,7
76957,1
76958,8
76959,4
76960,6
76961,11
76962,0
76963,4
76964,1
76965,11
76966,1
76967,13
76968,4
76969,4
76970,11
76971,1
76972,6
76973,13
76974,5
76975,11
76976,1
76977,11
76978,7
76979,13
77050,9
77051,7
77052,0
77053,1
77054,8
77055,0
77056,1
77057,9
77058,0
77059,8
77060,8
77061,11
77062,11
77063,12
77064,4
77065,8
77066,0
77067,11
77068,2
77069,6
77070,4
77071,5
77072,13
77073,4
77074,1
77075,4
77076,0
77077,1
77078,8
77079,13
77080,11
77081,6
77082,1
77083,11
77084,4
77085,13
77086,11
77087,1
77088,2
77089,6
77200,0
77201,0
77202,8
77203,8
77204,8
77205,9
77206,1
77207,4
77208,9
77209,7
77210,1
77211,13
77212,15
77213,13
77214,13
77215,0
77216,1
77217,1
77218,13
77219,13
77220,0
77221,6
77222,13
77223,13
77224,1
77225,1
77226,1
77227,6
77228,11
77229,6
77230,11
77231,4
77232,0
77233,13
77234,1
77235,0
77236,4
77237,11
77238,13
77239,13
77450,15
77451,2
77452,0
77453,1
77454,2
77455,15
77456,1
77457,4
77458,13
77459,4
77490,1
77491,0
77492,0
77493,1
77494,12
77495,0
77496,4
77497,0
77498,1
77499,1
77500,1
77501,4
77502,0
77503,13
77504,1
77505,13
77506,1
77507,13
77508,0
77509,1
77510,0
77511,1
77512,8
77513,1
77514,7
77515,9
77516,0
77517,7
77518,1
77519,1
77740,4
77741,8
77742,4
77743,2
77744,13
77745,11
77746,1
77747,13
77748,13
77749,1
78020,0
78021,15
78022,1
78023,6
78024,2
78025,1
78026,15
78027,1
78028,13
78029,1
78030,9
78031,0
78032,13
78033,1
78034,8
78035,0
78036,1
78037,1
78038,8
78039,7
78040,11
78041,11
78042,11
78043,13
78044,6
78045,13
78046,11
78047,15
78048,1
78049,1
78050,0
78051,6
78052,6
78053,4
78054,8
78055,11
78056,11
78057,13
78058,8
78059,12
78350,11
78351,0
78352,1
78353,1
78354,5
78355,1
78356,11
78357,11
78358,1
78359,1
78360,8
78361,0
78362,5
78363,1
78364,4
78365,11
78366,0
78367,13
78368,1
78369,4
78410,0
78411,4
78412,1
78413,13
78414,1
78415,1
78416,0
78417,13
78418,1
78419,1
78420,0
78421,1
78422,13
78423,1
78424,4
78425,0
78426,4
78427,0
78428,4
78429,13
78430,11
78431,11
78432,1
78433,0
78434,1
78435,0
78436,1
78437,1
78438,13
78439,1
78600,0
78601,13
78602,13
78603,4
78604,1
78605,0
78606,6
78607,0
78608,6
78609,13
78610,0
78611,1
78612,1
78613,4
78614,1
78615,0
78616,0
78617,13
78618,1
78619,8
78640,1
78641,11
78642,11
78643,11
78644,1
78645,1
78646,11
78647,0
78648,11
78649,11
78650,4
78651,15
78652,1
78653,15
78654,1
78655,0
78656,4
78657,0
78658,1
78659,13
78660,0
78661,15
78662,6
78663,13
78664,1
78665,1
78666,15
78667,0
78668,13
78669,13
78670,0
78671,15
78672,4
78673,11
78674,1
78675,0
78676,4
78677,15
78678,4
78679,1
78760,1
78761,0
78762,1
78763,11
78764,13
78765,1
78766,13
78767,6
78768,11
78769,1
78770,11
78771,13
78772,1
78773,0
78774,13
78775,0
78776,0
78777,4
78778,1
78779,1
78780,0
78781,8
78782,4
78783,13
78784,1
78785,0
78786,8
78787,1
78788,0
78789,1
78870,1
78871,11
78872,11
78873,6
78874,2
78875,1
78876,1
78877,0
78878,1
78879,11
78880,9
78881,6
78882,15
78883,13
78884,1
78885,1
78886,0
78887,0
78888,0
78889,6
78950,8
78951,11
78952,5
78953,4
78954,2
78955,0
78956,1
78957,13
78958,0
78959,13
78960,5
78961,11
78962,8
78963,1
78964,2
78965,11
78966,1
78967,11
78968,1
78969,1
78970,9
78971,15
78972,1
78973,6
78974,2
78975,13
78976,1
78977,0
78978,6
78979,0
78980,9
78981,1
78982,13
78983,8
78984,0
78985,1
78986,0
78987,4
78988,8
78989,8
79050,1
79051,15
79052,13
79053,1
79054,1
79055,13
79056,13
79057,13
79058,0
79059,0
79060,0
79061,13
79062,0
79063,1
79064,1
79065,0
79066,0
79067,6
79068,6
79069,1
79070,0
79071,1
79072,5
79073,2
79074,4
79075,13
79076,4
79077,13
79078,13
79079,6
79080,1
79081,0
79082,5
79083,1
79084,1
79085,1
79086,0
79087,6
79088,13
79089,13
79220,11
79221,1
79222,12
79223,13
79224,13
79225,11
79226,13
79227,13
79228,1
79229,1
79230,8
79231,8
79232,6
79233,13
79234,11
79235,0
79236,8
79237,4
79238,8
79239,4
79240,11
79241,1
79242,11
79243,1
79244,12
79245,11
79246,1
79247,13
79248,0
79249,13
79380,11
79381,9
79382,6
79383,13
79384,1
79385,11
79386,13
79387,1
79388,5
79389,1
79390,4
79391,1
79392,1
79393,0
79394,0
79395,9
79396,13
79397,13
79398,1
79399,4
79400,8
79401,11
79402,0
79403,11
79404,12
79405,11
79406,13
79407,8
79408,8
79409,13
79550,11
79551,8
79552,5
79553,4
79554,2
79555,0
79556,15
79557,1
79558,2
79559,0
79560,1
79561,11
79562,1
79563,5
79564,2
79565,4
79566,11
79567,1
79568,5
79569,2
79570,13
79571,11
79572,2
79573,0
79574,13
79575,1
79576,13
79577,11
79578,1
79579,6
79580,11
79581,15
79582,8
79583,2
79584,6
79585,0
79586,1
79587,0
79588,4
79589,13
79590,15
79591,11
79592,1
79593,13
79594,1
79595,13
79596,1
79597,6
79598,0
79599,12
79690,11
79691,6
79692,1
79693,5
79694,13
79695,0
79696,4
79697,15
79698,13
79699,5
79700,6
79701,2
79702,5
79703,11
79704,6
79705,4
79706,5
79707,0
79708,5
79709,5
79710,12
79711,6
79712,2
79713,0
79714,11
79715,8
79716,0
79717,4
79718,5
79719,4
79740,0
79741,8
79742,1
79743,1
79744,1
79745,1
79746,11
79747,2
79748,13
79749,1
79750,0
79751,11
79752,6
79753,13
79754,2
79755,2
79756,0
79757,13
79758,4
79759,11
79760,0
79761,0
79762,7
79763,8
79764,1
79765,1
79766,11
79767,7
79768,0
79769,8
80050,1
80051,1
80052,11
80053,6
80054,1
80055,1
80056,13
80057,0
80058,1
80059,13
80060,11
80061,8
80062,0
80063,5
80064,5
80065,8
80066,11
80067,11
80068,13
80069,4
80070,1
80071,13
80072,1
80073,4
80074,8
80075,9
80076,4
80077,13
80078,0
80079,1
80080,11
80081,4
80082,8
80083,8
80084,12
80085,11
80086,11
80087,4
80088,12
80089,0
80090,11
80091,1
80092,1
80093,4
80094,8
80095,0
80096,8
80097,4
80098,1
80099,4
80170,13
80171,1
80172,11
80173,1
80174,1
80175,11
80176,1
80177,6
80178,11
80179,13
80180,1
80181,11
80182,4
80183,0
80184,1
80185,0
80186,1
80187,1
80188,0
80189,13
80260,0
80261,4
80262,1
80263,1
80264,4
80265,11
80266,4
80267,0
80268,1
80269,13
80270,6
80271,11
80272,8
80273,11
80274,8
80275,11
80276,11
80277,6
80278,4
80279,8
80280,6
80281,11
80282,1
80283,5
80284,1
80285,11
80286,11
80287,1
80288,13
80289,12
80410,11
80411,4
80412,4
80413,1
80414,1
80415,13
80416,13
80417,0
80418,13
80419,4
80420,0
80421,6
80422,2
80423,6
80424,6
80425,0
80426,13
80427,0
80428,1
80429,5
80430,0
80431,8
80432,11
80433,11
80434,8
80435,11
80436,8
80437,8
80438,4
80439,8
80440,8
80441,0
80442,1
80443,13
80444,4
80445,11
80446,4
80447,4
80448,1
80449,0
80450,11
80451,0
80452,1
80453,13
80454,11
80455,11
80456,1
80457,0
80458,1
80459,1
80610,11
80611,8
80612,4
80613,13
80614,11
80615,0
80616,8
80617,8
80618,12
80619,8
80620,11
80621,1
80622,13
80623,0
80624,1
80625,2
80626,0
80627,13
80628,13
80629,4
80630,11
80631,13
80632,1
80633,1
80634,1
80635,11
80636,11
80637,1
80638,1
80639,0
80730,0
80731,4
80732,13
80733,4
80734,1
80735,0
80736,1
80737,1
80738,4
80739,13
80740,11
80741,11
80742,11
80743,1
80744,1
80745,16
80746,6
80747,5
80748,1
80749,13
80750,0
80751,13
80752,1
80753,1
80754,6
80755,11
80756,13
80757,1
80758,13
80759,1
80760,0
80761,1
80762,11
80763,11
80764,13
80765,0
80766,11
80767,13
80768,1
80769,13
80790,1
80791,1
80792,8
80793,0
80794,4
80795,0
80796,7
80797,1
80798,8
80799,1
80840,11
80841,13
80842,11
80843,1
80844,13
80845,1
80846,11
80847,1
80848,1
80849,0
81050,11
81051,6
81052,11
81053,7
81054,4
81055,13
81056,11
81057,6
81058,8
81059,13
81060,15
81061,11
81062,0
81063,1
81064,4
81065,11
81066,0
81067,1
81068,13
81069,6
81070,11
81071,1
81072,7
81073,2
81074,4
81075,11
81076,15
81077,6
81078,2
81079,1
81140,11
81141,1
81142,1
81143,2
81144,4
81145,11
81146,11
81147,12
81148,12
81149,6
81150,11
81151,2
81152,4
81153,11
81154,12
81155,0
81156,0
81157,11
81158,13
81159,11
81160,1
81161,0
81162,0
81163,13
81164,8
81165,0
81166,1
81167,4
81168,1
81169,4
81170,0
81171,0
81172,1
81173,1
81174,14
81175,11
81176,11
81177,1
81178,11
81179,1
81180,11
81181,5
81182,11
81183,5
81184,1
81185,15
81186,11
81187,1
81188,2
81189,1
81190,15
81191,4
81192,13
81193,0
81194,1
81195,15
81196,15
81197,1
81198,1
81199,2
81200,0
81201,13
81202,13
81203,1
81204,1
81205,6
81206,0
81207,1
81208,13
81209,11
81320,8
81321,0
81322,4
81323,1
81324,1
81325,1
81326,0
81327,13
81328,13
81329,13
81330,0
81331,8
81332,8
81333,7
81334,7
81335,13
81336,0
81337,0
81338,1
81339,1
81420,0
81421,8
81422,11
81423,13
81424,6
81425,11
81426,11
81427,13
81428,13
81429,12
81430,0
81431,1
81432,5
81433,1
81434,6
81435,11
81436,1
81437,0
81438,13
81439,13
81480,11
81481,0
81482,12
81483,4
81484,4
81485,11
81486,13
81487,11
81488,13
81489,13
81770,11
81771,0
81772,1
81773,6
81774,1
81775,1
81776,0
81777,11
81778,13
81779,1
81780,0
81781,13
81782,13
81783,4
81784,1
81785,0
81786,0
81787,4
81788,1
81789,13
81840,0
81841,0
81842,4
81843,1
81844,4
81845,4
81846,13
81847,1
81848,4
81849,0
81850,1
81851,11
81852,0
81853,6
81854,13
81855,4
81856,1
81857,13
81858,15
81859,0
81880,15
81881,11
81882,1
81883,6
81884,2
81885,15
81886,1
81887,1
81888,1
81889,6
81890,11
81891,11
81892,13
81893,0
81894,5
81895,11
81896,0
81897,6
81898,6
81899,8
81900,15
81901,11
81902,1
81903,0
81904,6
81905,0
81906,1
81907,15
81908,6
81909,4
82040,9
82041,0
82042,13
82043,1
82044,12
82045,4
82046,0
82047,13
82048,0
82049,13
82050,13
82051,1
82052,0
82053,7
82054,8
82055,0
82056,8
82057,4
82058,1
82059,7
82060,0
82061,15
82062,13
82063,1
82064,12
82065,0
82066,0
82067,12
82068,1
82069,0
82070,1
82071,8
82072,0
82073,0
82074,1
82075,4
82076,0
82077,1
82078,13
82079,1
82080,0
82081,9
82082,1
82083,7
82084,1
82085,0
82086,8
82087,13
82088,16
82089,4
82090,11
82091,11
82092,1
82093,12
82094,1
82095,4
82096,1
82097,13
82098,8
82099,0
82100,11
82101,4
82102,13
82103,1
82104,13
82105,0
82106,11
82107,13
82108,1
82109,13
82110,8
82111,11
82112,9
82113,13
82114,6
82115,11
82116,13
82117,13
82118,0
82119,13
82120,6
82121,0
82122,12
82123,13
82124,1
82125,13
82126,0
82127,11
82128,4
82129,1
82170,1
82171,4
82172,1
82173,11
82174,0
82175,1
82176,1
82177,5
82178,1
82179,0
82180,11
82181,0
82182,1
82183,1
82184,1
82185,0
82186,11
82187,1
82188,6
82189,0
82190,1
82191,13
82192,0
82193,1
82194,1
82195,1
82196,1
82197,1
82198,4
82199,0
82300,13
82301,6
82302,11
82303,8
82304,12
82305,11
82306,8
82307,8
82308,4
82309,12
82310,2
82311,6
82312,13
82313,11
82314,1
82315,1
82316,0
82317,13
82318,0
82319,6
82390,11
82391,1
82392,1
82393,11
82394,6
82395,1
82396,11
82397,6
82398,1
82399,15
82400,1
82401,13
82402,13
82403,11
82404,4
82405,1
82406,0
82407,1
82408,0
82409,0
82510,11
82511,5
82512,11
82513,6
82514,4
82515,1
82516,11
82517,0
82518,13
82519,1
82520,1
82521,1
82522,11
82523,13
82524,4
82525,1
82526,0
82527,1
82528,6
82529,1
82680,11
82681,4
82682,4
82683,1
82684,13
82685,15
82686,1
82687,13
82688,11
82689,6
83020,11
83021,1
83022,1
83023,0
83024,6
83025,1
83026,13
83027,13
83028,1
83029,0
83040,1
83041,4
83042,4
83043,0
83044,4
83045,0
83046,1
83047,1
83048,1
83049,13
83060,0
83061,15
83062,4
83063,13
83064,2
83065,4
83066,11
83067,2
83068,13
83069,0
83070,8
83071,6
83072,15
83073,1
83074,13
83075,15
83076,15
83077,6
83078,1
83079,6
83140,11
83141,8
83142,2
83143,5
83144,6
83145,0
83146,0
83147,1
83148,1
83149,1
83150,15
83151,0
83152,1
83153,1
83154,4
83155,0
83156,0
83157,0
83158,13
83159,13
83160,0
83161,4
83162,1
83163,0
83164,4
83165,0
83166,4
83167,2
83168,1
83169,1
83170,0
83171,0
83172,1
83173,1
83174,6
83175,1
83176,1
83177,0
83178,15
83179,6
83180,11
83181,0
83182,1
83183,4
83184,7
83185,0
83186,1
83187,4
83188,7
83189,4
83240,11
83241,0
83242,11
83243,6
83244,1
83245,11
83246,14
83247,6
83248,1
83249,1
83250,0
83251,6
83252,13
83253,1
83254,4
83255,0
83256,13
83257,13
83258,0
83259,1
83260,11
83261,13
83262,11
83263,13
83264,12
83265,11
83266,8
83267,11
83268,0
83269,13
83350,6
83351,1
83352,11
83353,13
83354,13
83355,1
83356,6
83357,4
83358,0
83359,1
83360,0
83361,11
83362,0
83363,1
83364,2
83365,15
83366,1
83367,4
83368,6
83369,13
83370,0
83371,1
83372,9
83373,7
83374,13
83375,0
83376,8
83377,8
83378,4
83379,1
83380,0
83381,7
83382,0
83383,1
83384,8
83385,4
83386,7
83387,1
83388,0
83389,8
83390,0
83391,0
83392,4
83393,6
83394,8
83395,0
83396,1
83397,4
83398,1
83399,5
83400,11
83401,8
83402,1
83403,11
83404,2
83405,0
83406,1
83407,1
83408,0
83409,5
83410,11
83411,8
83412,0
83413,4
83414,13
83415,2
83416,11
83417,8
83418,8
83419,8
83420,0
83421,0
83422,1
83423,1
83424,1
83425,13
83426,4
83427,15
83428,1
83429,4
83430,15
83431,15
83432,11
83433,13
83434,1
83435,0
83436,0
83437,11
83438,1
83439,1
83440,1
83441,15
83442,15
83443,6
83444,2
83445,0
83446,0
83447,0
83448,1
83449,15
83450,9
83451,8
83452,4
83453,4
83454,1
83455,0
83456,1
83457,0
83458,7
83459,8
83780,1
83781,1
83782,6
83783,0
83784,4
83785,11
83786,1
83787,15
83788,1
83789,4
83790,11
83791,1
83792,0
83793,2
83794,1
83795,11
83796,1
83797,15
83798,2
83799,11
83820,15
83821,1
83822,13
83823,1
83824,1
83825,0
83826,4
83827,15
83828,1
83829,9
84080,11
84081,1
84082,0
84083,4
84084,4
84085,11
84086,11
84087,1
84088,4
84089,13
84220,0
84221,13
84222,9
84223,1
84224,8
84225,0
84226,11
84227,0
84228,4
84229,8
84230,9
84231,0
84232,8
84233,6
84234,2
84235,11
84236,13
84237,12
84238,6
84239,4
84270,0
84271,13
84272,1
84273,4
84274,2
84275,15
84276,0
84277,1
84278,4
84279,15
84280,1
84281,2
84282,6
84283,1
84284,1
84285,11
84286,0
84287,0
84288,13
84289,15
84390,0
84391,15
84392,1
84393,13
84394,6
84395,7
84396,15
84397,1
84398,13
84399,4
84400,4
84401,4
84402,15
84403,13
84404,1
84405,0
84406,15
84407,13
84408,4
84409,4
84410,0
84411,1
84412,13
84413,1
84414,7
84415,0
84416,8
84417,11
84418,4
84419,4
84530,15
84531,1
84532,0
84533,1
84534,1
84535,13
84536,0
84537,1
84538,4
84539,8
84540,4
84541,0
84542,8
84543,0
84544,1
84545,1
84546,4
84547,1
84548,8
84549,0
84620,11
84621,11
84622,8
84623,13
84624,4
84625,11
84626,8
84627,13
84628,11
84629,4
84630,11
84631,13
84632,13
84633,1
84634,13
84635,0
84636,0
84637,4
84638,1
84639,1
84640,1
84641,11
84642,11
84643,2
84644,4
84645,2
84646,11
84647,1
84648,11
84649,6
84800,15
84801,5
84802,6
84803,1
84804,2
84805,0
84806,11
84807,13
84808,13
84809,11
84810,15
84811,2
84812,11
84813,1
84814,6
84815,0
84816,4
84817,1
84818,13
84819,8
84860,13
84861,13
84862,4
84863,13
84864,4
84865,0
84866,1
84867,4
84868,15
84869,13
84870,0
84871,1
84872,1
84873,0
84874,1
84875,4
84876,0
84877,15
84878,6
84879,13
84970,11
84971,0
84972,1
84973,1
84974,4
84975,0
84976,1
84977,0
84978,0
84979,8
84980,0
84981,15
84982,1
84983,6
84984,1
84985,0
84986,13
84987,1
84988,13
84989,6
85460,0
85461,12
85462,0
85463,13
85464,1
85465,13
85466,0
85467,1
85468,1
85469,6
85470,8
85471,0
85472,6
85473,13
85474,12
85475,0
85476,13
85477,11
85478,6
85479,2
85500,6
85501,2
85502,1
85503,5
85504,11
85505,4
85506,11
85507,6
85508,5
85509,5
85510,11
85511,2
85512,8
85513,6
85514,12
85515,11
85516,0
85517,12
85518,4
85519,8
85690,0
85691,7
85692,9
85693,1
85694,1
85695,7
85696,1
85697,0
85698,1
85699,8
85700,4
85701,13
85702,0
85703,13
85704,12
85705,11
85706,1
85707,8
85708,6
85709,13
85710,0
85711,11
85712,6
85713,8
85714,12
85715,11
85716,11
85717,0
85718,6
85719,13
85740,0
85741,1
85742,1
85743,4
85744,13
85745,1
85746,15
85747,12
85748,13
85749,4
85750,1
85751,0
85752,13
85753,13
85754,13
85755,11
85756,13
85757,4
85758,13
85759,6
85760,11
85761,6
85762,12
85763,13
85764,12
85765,4
85766,12
85767,13
85768,0
85769,13
85770,11
85771,9
85772,1
85773,1
85774,1
85775,11
85776,1
85777,2
85778,13
85779,4
85780,11
85781,13
85782,6
85783,13
85784,13
85785,2
85786,4
85787,1
85788,11
85789,13
85790,6
85791,11
85792,6
85793,1
85794,13
85795,1
85796,13
85797,1
85798,1
85799,0
85800,8
85801,13
85802,6
85803,13
85804,11
85805,11
85806,0
85807,13
85808,12
85809,13
85810,11
85811,11
85812,4
85813,13
85814,8
85815,0
85816,11
85817,0
85818,4
85819,13
85820,0
85821,0
85822,4
85823,8
85824,5
85825,1
85826,1
85827,4
85828,7
85829,4
85830,0
85831,8
85832,4
85833,1
85834,13
85835,1
85836,1
85837,0
85838,8
85839,13
85840,11
85841,2
85842,8
85843,4
85844,1
85845,11
85846,13
85847,0
85848,1
85849,1
85850,2
85851,11
85852,6
85853,8
85854,8
85855,8
85856,11
85857,6
85858,12
85859,13
85880,0
85881,11
85882,13
85883,6
85884,12
85885,0
85886,11
85887,13
85888,8
85889,8
85890,13
85891,0
85892,1
85893,0
85894,12
85895,1
85896,1
85897,0
85898,11
85899,1
85900,0
85901,13
85902,11
85903,8
85904,6
85905,11
85906,11
85907,1
85908,0
85909,8
86060,0
86061,4
86062,6
86063,1
86064,13
86065,1
86066,11
86067,1
86068,6
86069,0
86070,1
86071,0
86072,13
86073,4
86074,13
86075,0
86076,6
86077,13
86078,6
86079,13
86380,11
86381,1
86382,4
86383,1
86384,11
86385,1
86386,11
86387,1
86388,11
86389,6
86390,8
86391,13
86392,13
86393,4
86394,4
86395,13
86396,0
86397,1
86398,1
86399,11
86500,0
86501,6
86502,13
86503,6
86504,15
86505,1
86506,0
86507,13
86508,1
86509,15
86510,11
86511,0
86512,13
86513,6
86514,6
86515,11
86516,1
86517,1
86518,0
86519,6
86520,0
86521,13
86522,1
86523,13
86524,13
86525,1
86526,1
86527,4
86528,0
86529,13
86560,13
86561,0
86562,11
86563,4
86564,11
86565,2
86566,11
86567,8
86568,4
86569,5
86570,0
86571,4
86572,1
86573,0
86574,13
86575,11
86576,0
86577,4
86578,13
86579,5
86580,11
86581,0
86582,8
86583,1
86584,13
86585,8
86586,13
86587,11
86588,8
86589,5
86660,0
86661,12
86662,1
86663,13
86664,6
86665,0
86666,0
86667,13
86668,1
86669,12
86740,4
86741,0
86742,13
86743,1
86744,0
86745,1
86746,11
86747,1
86748,11
86749,13
86750,1
86751,4
86752,13
86753,4
86754,15
86755,0
86756,13
86757,13
86758,1
86759,1
86760,13
86761,1
86762,11
86763,4
86764,13
86765,0
86766,1
86767,4
86768,0
86769,1
86770,11
86771,0
86772,6
86773,1
86774,13
86775,11
86776,13
86777,1
86778,1
86779,12
87120,13
87121,0
87122,1
87123,1
87124,8
87125,1
87126,4
87127,0
87128,13
87129,1
87130,0
87131,8
87132,0
87133,6
87134,12
87135,11
87136,13
87137,8
87138,0
87139,11
87220,0
87221,1
87222,6
87223,13
87224,0
87225,0
87226,13
87227,0
87228,13
87229,13
87230,11
87231,6
87232,8
87233,13
87234,1
87235,11
87236,11
87237,13
87238,14
87239,14
87380,11
87381,1
87382,13
87383,1
87384,4
87385,11
87386,11
87387,4
87388,6
87389,6
87390,1
87391,11
87392,13
87393,0
87394,13
87395,1
87396,1
87397,13
87398,0
87399,0
87400,1
87401,13
87402,4
87403,11
87404,13
87405,0
87406,0
87407,13
87408,1
87409,13
87410,11
87411,0
87412,11
87413,1
87414,8
87415,4
87416,13
87417,8
87418,8
87419,0
87420,4
87421,1
87422,13
87423,1
87424,0
87425,0
87426,1
87427,13
87428,1
87429,13
87480,11
87481,13
87482,6
87483,1
87484,11
87485,11
87486,11
87487,0
87488,1
87489,1
87490,0
87491,1
87492,1
87493,1
87494,13
87495,13
87496,4
87497,13
87498,4
87499,0
87720,11
87721,6
87722,0
87723,6
87724,13
87725,0
87726,1
87727,11
87728,13
87729,1
87730,11
87731,11
87732,13
87733,6
87734,6
87735,11
87736,13
87737,0
87738,12
87739,6
87740,6
87741,11
87742,13
87743,11
87744,1
87745,6
87746,11
87747,1
87748,13
87749,0
88140,11
88141,0
88142,12
88143,6
88144,13
88145,0
88146,11
88147,8
88148,12
88149,6
88150,0
88151,0
88152,1
88153,13
88154,13
88155,1
88156,1
88157,1
88158,0
88159,13
88160,11
88161,0
88162,1
88163,13
88164,8
88165,1
88166,9
88167,11
88168,13
88169,8
88200,11
88201,15
88202,0
88203,1
88204,13
88205,15
88206,0
88207,13
88208,1
88209,6
88210,1
88211,15
88212,0
88213,13
88214,12
88215,15
88216,11
88217,13
88218,6
88219,1
88220,13
88221,11
88222,11
88223,1
88224,0
88225,11
88226,1
88227,15
88228,6
88229,13
88280,13
88281,11
88282,1
88283,12
88284,6
88285,11
88286,1
88287,6
88288,1
88289,13
88290,11
88291,4
88292,13
88293,8
88294,13
88295,6
88296,13
88297,1
88298,0
88299,1
88300,1
88301,0
88302,1
88303,6
88304,12
88305,11
88306,1
88307,6
88308,12
88309,1
88310,8
88311,9
88312,7
88313,0
88314,1
88315,4
88316,9
88317,4
88318,8
88319,13
88520,6
88521,1
88522,13
88523,11
88524,6
88525,11
88526,0
88527,13
88528,1
88529,6
88530,1
88531,6
88532,0
88533,11
88534,13
88535,11
88536,13
88537,0
88538,11
88539,1
88540,13
88541,11
88542,11
88543,11
88544,12
88545,11
88546,0
88547,4
88548,8
88549,12
88960,13
88961,11
88962,12
88963,1
88964,6
88965,11
88966,11
88967,13
88968,6
88969,12
88970,13
88971,0
88972,8
88973,1
88974,4
88975,1
88976,8
88977,7
88978,4
88979,4
89100,11
89101,11
89102,1
89103,6
89104,1
89105,13
89106,1
89107,6
89108,11
89109,6
89110,0
89111,7
89112,0
89113,8
89114,1
89115,4
89116,0
89117,0
89118,1
89119,8
89170,0
89171,6
89172,13
89173,1
89174,13
89175,13
89176,4
89177,0
89178,1
89179,0
89180,0
89181,0
89182,1
89183,13
89184,1
89185,13
89186,0
89187,6
89188,13
89189,1
89300,0
89301,1
89302,1
89303,6
89304,13
89305,13
89306,0
89307,6
89308,0
89309,6
89760,11
89761,11
89762,6
89763,14
89764,6
89765,1
89766,0
89767,1
89768,6
89769,11
89770,0
89771,0
89772,1
89773,4
89774,13
89775,1
89776,0
89777,0
89778,13
89779,4
89780,11
89781,11
89782,12
89783,6
89784,4
89785,6
89786,0
89787,8
89788,13
89789,12
89850,11
89851,13
89852,0
89853,0
89854,1
89855,0
89856,0
89857,0
89858,4
89859,8
89860,0
89861,4
89862,6
89863,1
89864,13
89865,0
89866,1
89867,4
89868,0
89869,0
89870,11
89871,4
89872,12
89873,13
89874,8
89875,13
89876,13
89877,12
89878,0
89879,12
89880,1
89881,4
89882,0
89883,13
89884,12
89885,0
89886,1
89887,13
89888,1
89889,0
90150,0
90151,0
90152,1
90153,4
90154,13
90155,0
90156,4
90157,13
90158,6
90159,13
90160,6
90161,0
90162,15
90163,1
90164,13
90165,1
90166,6
90167,13
90168,6
90169,13
90200,0
90201,0
90202,7
90203,1
90204,8
90205,9
90206,13
90207,8
90208,1
90209,7
90210,1
90211,13
90212,13
90213,11
90214,1
90215,0
90216,0
90217,1
90218,6
90219,1
90350,11
90351,0
90352,1
90353,13
90354,1
90355,0
90356,11
90357,1
90358,4
90359,4
90360,0
90361,11
90362,6
90363,13
90364,1
90365,0
90366,1
90367,1
90368,1
90369,15
90480,11
90481,14
90482,1
90483,1
90484,11
90485,1
90486,0
90487,1
90488,0
90489,11
90490,0
90491,6
90492,0
90493,8
90494,13
90495,0
90496,11
90497,0
90498,8
90499,12
90530,8
90531,0
90532,11
90533,0
90534,8
90535,1
90536,1
90537,0
90538,8
90539,0
90540,0
90541,11
90542,1
90543,14
90544,4
90545,0
90546,11
90547,6
90548,14
90549,1
90550,0
90551,11
90552,6
90553,13
90554,1
90555,11
90556,1
90557,1
90558,0
90559,12
90560,0
90561,13
90562,12
90563,6
90564,1
90565,1
90566,0
90567,6
90568,4
90569,13
90780,11
90781,11
90782,8
90783,1
90784,13
90785,1
90786,1
90787,13
90788,11
90789,11
90790,0
90791,1
90792,1
90793,13
90794,1
90795,13
90796,13
90797,0
90798,1
90799,13
90840,0
90841,4
90842,4
90843,1
90844,1
90845,13
90846,13
90847,0
90848,13
90849,4
90850,0
90851,11
90852,13
90853,13
90854,4
90855,1
90856,13
90857,0
90858,4
90859,12
90860,0
90861,11
90862,13
90863,13
90864,12
90865,11
90866,13
90867,13
90868,6
90869,6
90940,4
90941,13
90942,1
90943,13
90944,4
90945,4
90946,0
90947,1
90948,13
90949,1
90950,11
90951,13
90952,13
90953,0
90954,13
90955,0
90956,13
90957,13
90958,13
90959,13
91070,0
91071,13
91072,11
91073,13
91074,1
91075,4
91076,13
91077,1
91078,11
91079,0
91080,11
91081,11
91082,12
91083,6
91084,6
91085,6
91086,1
91087,11
91088,0
91089,14
91090,0
91091,13
91092,1
91093,11
91094,13
91095,0
91096,11
91097,13
91098,13
91099,1
91270,1
91271,11
91272,4
91273,0
91274,11
91275,11
91276,9
91277,0
91278,13
91279,4
91280,11
91281,6
91282,13
91283,0
91284,13
91285,11
91286,13
91287,6
91288,6
91289,13
91290,1
91291,0
91292,1
91293,1
91294,8
91295,0
91296,7
91297,1
91298,0
91299,8
91300,0
91301,6
91302,1
91303,1
91304,1
91305,1
91306,13
91307,13
91308,0
91309,1
91310,11
91311,8
91312,11
91313,13
91314,12
91315,0
91316,13
91317,11
91318,13
91319,13
91320,1
91321,11
91322,6
91323,1
91324,1
91325,11
91326,13
91327,1
91328,11
91329,14
91360,1
91361,11
91362,1
91363,13
91364,6
91365,1
91366,0
91367,11
91368,11
91369,1
91370,1
91371,6
91372,0
91373,1
91374,1
91375,13
91376,9
91377,1
91378,0
91379,1
91380,0
91381,13
91382,1
91383,12
91384,6
91385,0
91386,1
91387,13
91388,1
91389,0
91450,0
91451,4
91452,8
91453,13
91454,8
91455,1
91456,8
91457,1
91458,1
91459,8
91460,6
91461,6
91462,6
91463,6
91464,11
91465,1
91466,0
91467,1
91468,11
91469,6
91960,13
91961,13
91962,12
91963,11
91964,4
91965,11
91966,11
91967,12
91968,6
91969,6
91970,1
91971,0
91972,4
91973,0
91974,13
91975,8
91976,1
91977,0
91978,1
91979,1
91980,1
91981,11
91982,1
91983,1
91984,12
91985,1
91986,0
91987,11
91988,13
91989,1
92090,13
92091,6
92092,11
92093,4
92094,1
92095,0
92096,0
92097,1
92098,13
92099,15
92120,9
92121,11
92122,11
92123,13
92124,13
92125,11
92126,1
92127,11
92128,13
92129,0
92130,9
92131,11
92132,13
92133,4
92134,4
92135,15
92136,13
92137,1
92138,1
92139,4
92420,1
92421,1
92422,0
92423,13
92424,13
92425,1
92426,0
92427,0
92428,11
92429,1
92430,0
92431,6
92432,1
92433,13
92434,12
92435,0
92436,0
92437,1
92438,1
92439,6
92450,11
92451,13
92452,0
92453,12
92454,13
92455,13
92456,11
92457,13
92458,0
92459,12
92460,15
92461,6
92462,13
92463,13
92464,1
92465,0
92466,1
92467,13
92468,0
92469,1
92530,11
92531,1
92532,0
92533,1
92534,13
92535,0
92536,11
92537,9
92538,6
92539,13
92540,1
92541,0
92542,1
92543,13
92544,4
92545,11
92546,4
92547,13
92548,4
92549,13
92820,1
92821,0
92822,0
92823,1
92824,4
92825,8
92826,9
92827,1
92828,1
92829,8
93190,13
93191,15
93192,0
93193,6
93194,1
93195,0
93196,1
93197,13
93198,13
93199,6
93200,4
93201,0
93202,13
93203,13
93204,12
93205,0
93206,1
93207,0
93208,1
93209,1
93210,1
93211,4
93212,0
93213,1
93214,0
93215,0
93216,8
93217,1
93218,1
93219,0
93250,12
93251,13
93252,4
93253,11
93254,11
93255,11
93256,11
93257,12
93258,13
93259,6
93260,4
93261,13
93262,1
93263,13
93264,12
93265,14
93266,13
93267,1
93268,11
93269,13
93370,0
93371,0
93372,1
93373,4
93374,1
93375,13
93376,13
93377,13
93378,0
93379,6
93380,0
93381,11
93382,8
93383,13
93384,12
93385,0
93386,11
93387,12
93388,6
93389,13
93430,11
93431,13
93432,1
93433,13
93434,0
93435,0
93436,0
93437,8
93438,6
93439,11
93440,13
93441,13
93442,1
93443,4
93444,0
93445,0
93446,11
93447,15
93448,6
93449,1
93450,13
93451,4
93452,1
93453,0
93454,12
93455,0
93456,1
93457,1
93458,13
93459,13
93740,13
93741,13
93742,6
93743,11
93744,1
93745,11
93746,0
93747,13
93748,1
93749,1
93750,13
93751,13
93752,13
93753,4
93754,13
93755,0
93756,1
93757,13
93758,13
93759,0
93900,1
93901,15
93902,1
93903,13
93904,4
93905,0
93906,1
93907,1
93908,13
93909,1
93910,11
93911,0
93912,7
93913,8
93914,0
93915,1
93916,1
93917,4
93918,1
93919,0
93920,11
93921,4
93922,13
93923,1
93924,1
93925,0
93926,1
93927,13
93928,1
93929,1
94060,13
94061,11
94062,4
94063,9
94064,13
94065,0
94066,0
94067,4
94068,13
94069,13
94070,11
94071,8
94072,9
94073,12
94074,11
94075,0
94076,8
94077,6
94078,11
94079,13
94100,0
94101,11
94102,13
94103,11
94104,13
94105,13
94106,1
94107,0
94108,0
94109,1
94110,14
94111,6
94112,6
94113,0
94114,0
94115,11
94116,11
94117,13
94118,1
94119,1
94160,0
94161,0
94162,4
94163,1
94164,13
94165,9
94166,13
94167,13
94168,4
94169,13
94170,11
94171,11
94172,8
94173,8
94174,8
94175,13
94176,13
94177,0
94178,4
94179,13
94340,0
94341,0
94342,4
94343,12
94344,13
94345,4
94346,0
94347,12
94348,0
94349,13
94350,8
94351,6
94352,12
94353,4
94354,11
94355,0
94356,11
94357,13
94358,13
94359,8
94370,1
94371,13
94372,11
94373,13
94374,0
94375,0
94376,0
94377,4
94378,1
94379,6
94380,11
94381,0
94382,4
94383,6
94384,13
94385,0
94386,13
94387,4
94388,11
94389,13
94390,11
94391,0
94392,4
94393,8
94394,13
94395,11
94396,0
94397,4
94398,12
94399,8
94400,13
94401,0
94402,11
94403,6
94404,1
94405,11
94406,6
94407,11
94408,14
94409,6
94410,0
94411,11
94412,4
94413,4
94414,4
94415,11
94416,4
94417,8
94418,0
94419,7
94610,0
94611,13
94612,0
94613,13
94614,5
94615,1
94616,0
94617,1
94618,13
94619,12
94620,0
94621,0
94622,0
94623,4
94624,8
94625,13
94626,9
94627,4
94628,1
94629,13
94630,11
94631,13
94632,6
94633,11
94634,12
94635,0
94636,0
94637,6
94638,12
94639,13
94720,13
94721,13
94722,13
94723,1
94724,6
94725,9
94726,11
94727,1
94728,13
94729,1
94730,11
94731,0
94732,1
94733,8
94734,8
94735,0
94736,8
94737,11
94738,0
94739,1
94740,11
94741,8
94742,11
94743,6
94744,13
94745,11
94746,1
94747,11
94748,1
94749,13
94770,9
94771,9
94772,1
94773,1
94774,8
94775,11
94776,1
94777,1
94778,4
94779,0
94780,11
94781,12
94782,11
94783,0
94784,6
94785,0
94786,12
94787,8
94788,13
94789,13
95030,1
95031,1
95032,1
95033,13
95034,6
95035,0
95036,13
95037,6
95038,12
95039,13
95040,11
95041,8
95042,13
95043,11
95044,13
95045,13
95046,11
95047,8
95048,6
95049,6
95490,13
95491,8
95492,0
95493,11
95494,12
95495,11
95496,13
95497,11
95498,8
95499,13
95500,13
95501,0
95502,4
95503,15
95504,1
95505,13
95506,15
95507,1
95508,4
95509,0
95540,1
95541,8
95542,11
95543,6
95544,5
95545,13
95546,1
95547,11
95548,6
95549,13
95550,11
95551,0
95552,1
95553,5
95554,13
95555,6
95556,0
95557,12
95558,13
95559,13
95560,8
95561,4
95562,1
95563,11
95564,5
95565,11
95566,1
95567,13
95568,1
95569,0
95670,15
95671,6
95672,6
95673,1
95674,14
95675,0
95676,1
95677,6
95678,13
95679,13
95680,11
95681,0
95682,6
95683,12
95684,13
95685,0
95686,13
95687,4
95688,6
95689,12
95780,0
95781,1
95782,1
95783,1
95784,8
95785,4
95786,0
95787,4
95788,8
95789,4
95790,0
95791,1
95792,12
95793,6
95794,0
95795,13
95796,13
95797,6
95798,0
95799,0
95820,15
95821,6
95822,4
95823,13
95824,6
95825,0
95826,6
95827,13
95828,0
95829,1
95830,0
95831,11
95832,0
95833,4
95834,1
95835,0
95836,0
95837,0
95838,13
95839,1
95890,4
95891,1
95892,0
95893,6
95894,1
95895,0
95896,1
95897,11
95898,6
95899,1
95900,0
95901,9
95902,4
95903,1
95904,13
95905,11
95906,13
95907,13
95908,4
95909,4
95990,8
95991,11
95992,4
95993,13
95994,13
95995,11
95996,0
95997,13
95998,13
95999,8
96000,1
96001,0
96002,4
96003,4
96004,13
96005,6
96006,9
96007,1
96008,1
96009,13
96010,0
96011,8
96012,0
96013,13
96014,8
96015,9
96016,8
96017,0
96018,4
96019,13
96170,11
96171,0
96172,1
96173,1
96174,6
96175,1
96176,1
96177,12
96178,6
96179,13
96180,1
96181,13
96182,0
96183,4
96184,1
96185,4
96186,0
96187,13
96188,1
96189,4
96270,0
96271,0
96272,6
96273,1
96274,1
96275,13
96276,13
96277,6
96278,6
96279,13
96300,11
96301,11
96302,13
96303,13
96304,12
96305,0
96306,11
96307,12
96308,8
96309,8
96340,1
96341,9
96342,13
96343,4
96344,0
96345,15
96346,0
96347,4
96348,0
96349,13
96350,13
96351,0
96352,6
96353,11
96354,1
96355,0
96356,1
96357,13
96358,12
96359,6
96390,0
96391,1
96392,1
96393,14
96394,11
96395,0
96396,11
96397,13
96398,1
96399,6
96400,11
96401,0
96402,4
96403,1
96404,1
96405,0
96406,13
96407,11
96408,4
96409,13
96480,0
96481,4
96482,11
96483,13
96484,1
96485,0
96486,0
96487,13
96488,15
96489,6
96490,11
96491,4
96492,13
96493,0
96494,4
96495,11
96496,8
96497,13
96498,13
96499,13
96500,11
96501,4
96502,0
96503,14
96504,0
96505,0
96506,6
96507,11
96508,13
96509,1
96530,0
96531,11
96532,1
96533,13
96534,8
96535,13
96536,0
96537,0
96538,8
96539,8
96540,6
96541,1
96542,13
96543,6
96544,6
96545,0
96546,1
96547,0
96548,0
96549,1
96550,0
96551,1
96552,1
96553,6
96554,0
96555,1
96556,0
96557,13
96558,4
96559,0
96560,1
96561,6
96562,0
96563,12
96564,6
96565,1
96566,0
96567,0
96568,15
96569,13
96570,0
96571,8
96572,8
96573,4
96574,6
96575,11
96576,13
96577,12
96578,0
96579,6
96630,0
96631,4
96632,1
96633,13
96634,1
96635,13
96636,4
96637,1
96638,0
96639,1
96640,11
96641,1
96642,0
96643,4
96644,1
96645,11
96646,1
96647,0
96648,11
96649,12
96950,0
96951,1
96952,1
96953,11
96954,13
96955,0
96956,1
96957,4
96958,1
96959,13
96960,11
96961,7
96962,0
96963,1
96964,13
96965,0
96966,8
96967,8
96968,4
96969,0
96970,0
96971,8
96972,12
96973,11
96974,13
96975,11
96976,8
96977,13
96978,0
96979,4
97140,11
97141,0
97142,13
97143,13
97144,12
97145,6
97146,8
97147,11
97148,11
97149,13
97150,1
97151,11
97152,0
97153,13
97154,13
97155,0
97156,1
97157,12
97158,4
97159,13
97160,0
97161,11
97162,13
97163,1
97164,14
97165,0
97166,13
97167,1
97168,1
97169,1
97340,11
97341,0
97342,6
97343,1
97344,6
97345,0
97346,1
97347,6
97348,13
97349,1
97350,0
97351,11
97352,13
97353,1
97354,4
97355,9
97356,4
97357,0
97358,1
97359,4
97360,11
97361,11
97362,6
97363,1
97364,13
97365,1
97366,13
97367,13
97368,11
97369,13
97370,0
97371,13
97372,1
97373,1
97374,6
97375,13
97376,14
97377,13
97378,11
97379,13
97380,0
97381,13
97382,13
97383,13
97384,6
97385,11
97386,11
97387,11
97388,13
97389,12
97410,0
97411,12
97412,1
97413,6
97414,13
97415,4
97416,13
97417,4
97418,0
97419,13
97420,0
97421,13
97422,13
97423,1
97424,6
97425,13
97426,0
97427,1
97428,13
97429,1
97490,0
97491,13
97492,1
97493,1
97494,1
97495,6
97496,0
97497,0
97498,13
97499,13
97500,0
97501,9
97502,8
97503,7
97504,8
97505,0
97506,13
97507,4
97508,8
97509,0
97510,4
97511,0
97512,8
97513,11
97514,8
97515,0
97516,8
97517,11
97518,13
97519,4
97610,15
97611,6
97612,6
97613,4
97614,13
97615,11
97616,11
97617,13
97618,4
97619,0
97620,11
97621,4
97622,13
97623,13
97624,13
97625,11
97626,1
97627,13
97628,4
97629,13
97630,13
97631,0
97632,13
97633,0
97634,13
97635,9
97636,6
97637,8
97638,11
97639,13
97940,0
97941,13
97942,11
97943,13
97944,4
97945,0
97946,13
97947,13
97948,4
97949,13
97980,4
97981,0
97982,13
97983,14
97984,8
97985,1
97986,0
97987,4
97988,13
97989,8
98050,11
98051,1
98052,1
98053,11
98054,14
98055,13
98056,11
98057,0
98058,1
98059,12
98060,13
98061,1
98062,11
98063,6
98064,1
98065,0
98066,15
98067,1
98068,6
98069,6
98110,1
98111,9
98112,13
98113,1
98114,13
98115,6
98116,1
98117,13
98118,0
98119,12
98120,6
98121,11
98122,1
98123,13
98124,13
98125,6
98126,0
98127,11
98128,1
98129,1
98130,11
98131,6
98132,15
98133,6
98134,4
98135,1
98136,11
98137,13
98138,13
98139,0
98140,14
98141,11
98142,0
98143,1
98144,6
98145,1
98146,0
98147,13
98148,13
98149,12
98240,11
98241,6
98242,1
98243,12
98244,13
98245,13
98246,1
98247,0
98248,8
98249,11
98250,6
98251,11
98252,6
98253,13
98254,12
98255,0
98256,1
98257,6
98258,13
98259,6
98260,4
98261,0
98262,4
98263,1
98264,8
98265,0
98266,0
98267,1
98268,13
98269,8
98270,11
98271,14
98272,1
98273,6
98274,1
98275,13
98276,11
98277,11
98278,1
98279,12
98280,0
98281,9
98282,4
98283,1
98284,6
98285,0
98286,0
98287,13
98288,13
98289,1
98290,13
98291,8
98292,11
98293,12
98294,8
98295,13
98296,4
98297,4
98298,13
98299,0
98300,1
98301,0
98302,13
98303,1
98304,4
98305,13
98306,0
98307,4
98308,1
98309,13
98330,13
98331,0
98332,13
98333,6
98334,13
98335,0
98336,4
98337,13
98338,1
98339,12
98340,13
98341,4
98342,1
98343,13
98344,0
98345,0
98346,12
98347,1
98348,1
98349,13
98480,1
98481,0
98482,13
98483,14
98484,1
98485,13
98486,11
98487,0
98488,1
98489,13
98490,1
98491,0
98492,4
98493,4
98494,0
98495,8
98496,9
98497,1
98498,0
98499,0
98530,0
98531,11
98532,6
98533,4
98534,13
98535,0
98536,0
98537,8
98538,4
98539,13
98540,1
98541,4
98542,1
98543,0
98544,13
98545,0
98546,1
98547,13
98548,0
98549,4
98550,0
98551,0
98552,1
98553,4
98554,15
98555,0
98556,0
98557,13
98558,13
98559,4
98820,4
98821,0
98822,1
98823,0
98824,13
98825,0
98826,11
98827,1
98828,13
98829,13
98830,11
98831,6
98832,0
98833,13
98834,4
98835,0
98836,1
98837,1
98838,0
98839,0
98910,1
98911,1
98912,13
98913,0
98914,0
98915,0
98916,0
98917,1
98918,12
98919,13
98920,0
98921,0
98922,12
98923,4
98924,1
98925,13
98926,13
98927,13
98928,11
98929,12
99030,9
99031,1
99032,0
99033,1
99034,0
99035,13
99036,13
99037,4
99038,9
99039,0
99040,11
99041,1
99042,11
99043,6
99044,0
99045,11
99046,0
99047,1
99048,13
99049,6
99100,11
99101,1
99102,13
99103,6
99104,13
99105,8
99106,6
99107,0
99108,12
99109,1
99110,0
99111,11
99112,6
99113,13
99114,0
99115,1
99116,0
99117,6
99118,1
99119,13
99120,11
99121,1
99122,1
99123,0
99124,1
99125,11
99126,11
99127,13
99128,1
99129,6
99130,4
99131,1
99132,0
99133,0
99134,13
99135,1
99136,13
99137,0
99138,1
99139,1
99140,1
99141,0
99142,9
99143,6
99144,4
99145,1
99146,0
99147,13
99148,13
99149,1
99150,0
99151,13
99152,13
99153,13
99154,1
99155,4
99156,0
99157,13
99158,4
99159,1
99160,13
99161,6
99162,1
99163,13
99164,12
99165,0
99166,0
99167,6
99168,13
99169,4
99170,1
99171,13
99172,11
99173,1
99174,6
99175,11
99176,1
99177,11
99178,1
99179,6
99270,1
99271,13
99272,0
99273,13
99274,4
99275,15
99276,0
99277,1
99278,12
99279,1
99280,0
99281,11
99282,13
99283,14
99284,6
99285,0
99286,13
99287,1
99288,6
99289,14
99290,11
99291,12
99292,13
99293,13
99294,4
99295,0
99296,0
99297,6
99298,13
99299,8
99550,1
99551,0
99552,0
99553,13
99554,12
99555,13
99556,0
99557,1
99558,6
99559,6
99560,0
99561,13
99562,11
99563,13
99564,12
99565,0
99566,13
99567,0
99568,6
99569,1
99570,11
99571,14
99572,13
99573,12
99574,6
99575,8
99576,13
99577,11
99578,12
99579,12
99660,0
99661,1
99662,1
99663,13
99664,6
99665,0
99666,0
99667,13
99668,13
99669,1
99670,13
99671,0
99672,0
99673,1
99674,13
99675,4
99676,13
99677,1
99678,13
99679,0
99680,0
99681,1
99682,0
99683,7
99684,8
99685,0
99686,4
99687,4
99688,8
99689,4
99690,11
99691,4
99692,0
99693,0
99694,13
99695,9
99696,13
99697,13
99698,0
99699,1
99700,13
99701,11
99702,0
99703,12
99704,11
99705,8
99706,8
99707,12
99708,12
99709,4
99710,6
99711,4
99712,13
99713,13
99714,8
99715,11
99716,0
99717,12
99718,0
99719,13
99720,4
99721,1
99722,0
99723,8
99724,1
99725,4
99726,4
99727,0
99728,0
99729,1
99750,1
99751,11
99752,1
99753,13
99754,0
99755,11
99756,1
99757,13
99758,6
99759,14
99760,0
99761,1
99762,6
99763,13
99764,1
99765,13
99766,6
99767,0
99768,4
99769,1
99770,13
99771,1
99772,0
99773,13
99774,13
99775,0
99776,6
99777,13
99778,0
99779,1
99910,0
99911,12
99912,6
99913,6
99914,0
99915,0
99916,6
99917,11
99918,13
99919,1
99920,13
99921,13
99922,4
99923,13
99924,13
99925,13
99926,0
99927,4
99928,4
99929,1
99930,13
99931,13
99932,8
99933,12
99934,13
99935,0
99936,8
99937,13
99938,6
99939,6
100000,0
100001,1
100002,0
100003,4
100004,12
100005,0
100006,1
100007,4
100008,0
100009,13
100010,0
100011,1
100012,0
100013,12
100014,4
100015,1
100016,11
100017,0
100018,13
100019,0
100150,0
100151,13
100152,13
100153,12
100154,6
100155,0
100156,11
100157,1
100158,13
100159,14
100160,1
100161,11
100162,13
100163,13
100164,0
100165,1
100166,0
100167,13
100168,4
100169,14
100170,13
100171,6
100172,13
100173,1
100174,0
100175,11
100176,1
100177,1
100178,14
100179,11
100180,13
100181,0
100182,13
100183,1
100184,4
100185,11
100186,13
100187,13
100188,1
100189,13
100190,11
100191,11
100192,0
100193,1
100194,1
100195,1
100196,6
100197,1
100198,11
100199,6
100230,11
100231,15
100232,0
100233,1
100234,13
100235,11
100236,1
100237,6
100238,13
100239,0
100240,0
100241,1
100242,0
100243,1
100244,4
100245,11
100246,1
100247,13
100248,0
100249,1
100250,13
100251,6
100252,0
100253,1
100254,6
100255,11
100256,11
100257,11
100258,6
100259,13
100260,11
100261,11
100262,1
100263,6
100264,13
100265,11
100266,11
100267,0
100268,14
100269,13
100340,11
100341,11
100342,13
100343,12
100344,12
100345,0
100346,11
100347,11
100348,12
100349,8
100570,0
100571,1
100572,0
100573,1
100574,13
100575,0
100576,8
100577,13
100578,8
100579,4
100580,13
100581,0
100582,4
100583,12
100584,13
100585,4
100586,6
100587,0
100588,6
100589,6
100590,0
100591,1
100592,6
100593,13
100594,1
100595,1
100596,0
100597,13
100598,1
100599,1
100630,6
100631,11
100632,13
100633,11
100634,13
100635,0
100636,0
100637,13
100638,4
100639,11
100640,9
100641,1
100642,0
100643,13
100644,6
100645,1
100646,13
100647,4
100648,0
100649,1
100650,1
100651,13
100652,11
100653,1
100654,6
100655,15
100656,0
100657,1
100658,4
100659,1
100960,0
100961,0
100962,1
100963,1
100964,6
100965,1
100966,11
100967,6
100968,0
100969,6
100970,0
100971,4
100972,0
100973,1
100974,4
100975,0
100976,0
100977,1
100978,8
100979,4
101000,1
101001,0
101002,13
101003,12
101004,1
101005,0
101006,0
101007,9
101008,13
101009,13
101010,11
101011,6
101012,11
101013,13
101014,1
101015,1
101016,0
101017,13
101018,11
101019,6
101020,11
101021,13
101022,6
101023,0
101024,12
101025,13
101026,0
101027,11
101028,6
101029,13
101380,13
101381,8
101382,13
101383,4
101384,6
101385,0
101386,4
101387,6
101388,13
101389,6
101390,8
101391,4
101392,7
101393,13
101394,13
101395,0
101396,4
101397,1
101398,4
101399,8
101430,0
101431,1
101432,1
101433,6
101434,6
101435,13
101436,13
101437,6
101438,11
101439,12
101440,11
101441,1
101442,1
101443,1
101444,12
101445,11
101446,0
101447,6
101448,6
101449,13
101650,0
101651,0
101652,1
101653,1
101654,13
101655,0
101656,13
101657,6
101658,13
101659,13
101660,0
101661,1
101662,13
101663,1
101664,13
101665,4
101666,0
101667,0
101668,13
101669,13
101710,0
101711,1
101712,11
101713,1
101714,11
101715,0
101716,13
101717,1
101718,6
101719,1
101720,11
101721,13
101722,11
101723,0
101724,8
101725,0
101726,13
101727,13
101728,13
101729,13
101890,11
101891,1
101892,6
101893,0
101894,1
101895,11
101896,1
101897,6
101898,1
101899,14
101900,11
101901,1
101902,1
101903,6
101904,1
101905,11
101906,11
101907,6
101908,13
101909,13
101970,0
101971,1
101972,6
101973,12
101974,1
101975,1
101976,0
101977,4
101978,0
101979,13
101980,0
101981,4
101982,0
101983,1
101984,8
101985,0
101986,13
101987,11
101988,4
101989,0
101990,1
101991,15
101992,1
101993,0
101994,1
101995,13
101996,13
101997,0
101998,1
101999,0
102020,6
102021,1
102022,0
102023,1
102024,0
102025,13
102026,13
102027,6
102028,0
102029,15
102030,0
102031,1
102032,1
102033,4
102034,0
102035,0
102036,4
102037,4
102038,1
102039,0
102060,0
102061,0
102062,14
102063,13
102064,13
102065,13
102066,4
102067,12
102068,13
102069,11
102070,15
102071,13
102072,1
102073,1
102074,0
102075,0
102076,0
102077,14
102078,1
102079,0
102150,1
102151,0
102152,13
102153,1
102154,0
102155,1
102156,1
102157,1
102158,0
102159,1
102160,13
102161,13
102162,0
102163,1
102164,4
102165,9
102166,0
102167,4
102168,1
102169,1
102220,11
102221,8
102222,0
102223,1
102224,8
102225,8
102226,0
102227,1
102228,4
102229,8
102230,12
102231,11
102232,11
102233,1
102234,6
102235,11
102236,11
102237,1
102238,6
102239,11
102240,11
102241,6
102242,6
102243,1
102244,13
102245,0
102246,6
102247,1
102248,0
102249,13
102250,6
102251,11
102252,13
102253,6
102254,6
102255,1
102256,6
102257,0
102258,1
102259,11
102260,4
102261,8
102262,11
102263,13
102264,0
102265,13
102266,0
102267,11
102268,11
102269,6
102400,0
102401,6
102402,6
102403,1
102404,6
102405,6
102406,1
102407,13
102408,13
102409,4
102410,11
102411,1
102412,0
102413,13
102414,13
102415,1
102416,4
102417,0
102418,11
102419,4
102420,11
102421,0
102422,12
102423,12
102424,13
102425,13
102426,11
102427,11
102428,11
102429,13
102450,1
102451,11
102452,11
102453,14
102454,1
102455,1
102456,1
102457,6
102458,13
102459,11
102460,9
102461,1
102462,11
102463,0
102464,8
102465,0
102466,7
102467,0
102468,8
102469,13
102490,9
102491,11
102492,6
102493,13
102494,13
102495,13
102496,15
102497,0
102498,1
102499,1
102500,0
102501,1
102502,4
102503,9
102504,6
102505,4
102506,1
102507,1
102508,1
102509,0
102650,0
102651,11
102652,11
102653,6
102654,13
102655,11
102656,0
102657,1
102658,0
102659,1
103060,11
103061,0
103062,13
103063,4
103064,6
103065,0
103066,1
103067,0
103068,13
103069,1
103070,11
103071,0
103072,4
103073,4
103074,13
103075,0
103076,4
103077,1
103078,1
103079,13
103080,0
103081,11
103082,4
103083,1
103084,14
103085,11
103086,14
103087,11
103088,1
103089,6
103090,11
103091,0
103092,4
103093,12
103094,12
103095,11
103096,0
103097,4
103098,13
103099,12
103210,0
103211,0
103212,13
103213,1
103214,6
103215,11
103216,13
103217,6
103218,0
103219,13
103450,0
103451,1
103452,12
103453,4
103454,0
103455,1
103456,0
103457,4
103458,4
103459,13
103460,0
103461,14
103462,8
103463,11
103464,13
103465,11
103466,8
103467,0
103468,8
103469,13
103550,1
103551,11
103552,0
103553,6
103554,1
103555,1
103556,6
103557,11
103558,11
103559,13
103560,11
103561,11
103562,13
103563,4
103564,4
103565,5
103566,13
103567,0
103568,6
103569,13
103570,0
103571,13
103572,1
103573,1
103574,6
103575,1
103576,15
103577,4
103578,13
103579,6
103610,11
103611,6
103612,13
103613,11
103614,0
103615,6
103616,11
103617,6
103618,13
103619,11
103620,11
103621,13
103622,1
103623,14
103624,1
103625,1
103626,1
103627,14
103628,13
103629,11
103740,1
103741,1
103742,11
103743,12
103744,1
103745,1
103746,12
103747,1
103748,1
103749,11
103750,0
103751,1
103752,0
103753,6
103754,1
103755,1
103756,15
103757,1
103758,13
103759,0
103760,11
103761,11
103762,13
103763,4
103764,12
103765,11
103766,12
103767,13
103768,6
103769,13
103770,0
103771,1
103772,13
103773,1
103774,0
103775,1
103776,1
103777,4
103778,0
103779,11
103780,0
103781,1
103782,1
103783,14
103784,6
103785,11
103786,11
103787,13
103788,1
103789,6
103810,0
103811,1
103812,9
103813,4
103814,0
103815,0
103816,0
103817,4
103818,12
103819,4
103820,11
103821,1
103822,1
103823,1
103824,14
103825,6
103826,14
103827,11
103828,11
103829,6
103830,0
103831,13
103832,11
103833,6
103834,12
103835,13
103836,13
103837,11
103838,11
103839,13
103940,0
103941,0
103942,1
103943,13
103944,1
103945,0
103946,13
103947,13
103948,13
103949,13
103950,11
103951,0
103952,1
103953,4
103954,13
103955,14
103956,0
103957,14
103958,11
103959,14
104010,0
104011,13
104012,1
104013,13
104014,4
104015,0
104016,4
104017,1
104018,1
104019,1
104020,0
104021,11
104022,8
104023,4
104024,4
104025,0
104026,4
104027,0
104028,1
104029,1
104150,11
104151,0
104152,14
104153,4
104154,1
104155,6
104156,14
104157,14
104158,11
104159,6
104160,4
104161,8
104162,0
104163,4
104164,1
104165,9
104166,11
104167,0
104168,4
104169,13
104350,11
104351,1
104352,0
104353,4
104354,1
104355,0
104356,13
104357,0
104358,4
104359,13
104420,1
104421,4
104422,11
104423,13
104424,1
104425,13
104426,13
104427,13
104428,1
104429,4
104450,11
104451,13
104452,11
104453,4
104454,13
104455,11
104456,11
104457,11
104458,13
104459,12
104460,0
104461,4
104462,1
104463,6
104464,12
104465,13
104466,0
104467,1
104468,6
104469,6
104980,4
104981,11
104982,1
104983,14
104984,6
104985,0
104986,11
104987,6
104988,12
104989,6
105010,9
105011,1
105012,12
105013,12
105014,12
105015,0
105016,1
105017,12
105018,6
105019,6
105020,1
105021,1
105022,0
105023,13
105024,12
105025,0
105026,4
105027,13
105028,12
105029,0
105030,0
105031,13
105032,12
105033,0
105034,13
105035,11
105036,13
105037,13
105038,13
105039,13
105040,0
105041,0
105042,1
105043,1
105044,1
105045,1
105046,13
105047,13
105048,0
105049,1
105050,11
105051,1
105052,6
105053,1
105054,1
105055,11
105056,6
105057,13
105058,6
105059,6
105230,0
105231,0
105232,1
105233,4
105234,1
105235,0
105236,1
105237,11
105238,13
105239,13
105240,11
105241,13
105242,13
105243,0
105244,1
105245,11
105246,11
105247,11
105248,11
105249,12
105250,4
105251,0
105252,13
105253,11
105254,12
105255,11
105256,11
105257,0
105258,12
105259,12
105460,1
105461,4
105462,1
105463,0
105464,13
105465,0
105466,1
105467,4
105468,13
105469,0
105470,6
105471,6
105472,11
105473,1
105474,6
105475,11
105476,6
105477,14
105478,6
105479,14
105590,1
105591,4
105592,4
105593,1
105594,0
105595,0
105596,13
105597,4
105598,11
105599,4
105600,9
105601,11
105602,13
105603,13
105604,6
105605,13
105606,11
105607,1
105608,0
105609,1
105860,9
105861,0
105862,13
105863,1
105864,4
105865,9
105866,9
105867,1
105868,13
105869,1
105870,11
105871,9
105872,13
105873,4
105874,6
105875,11
105876,1
105877,9
105878,6
105879,13
105880,11
105881,0
105882,13
105883,11
105884,11
105885,6
105886,11
105887,13
105888,13
105889,9
106100,13
106101,4
106102,11
106103,6
106104,11
106105,11
106106,0
106107,12
106108,0
106109,13
106110,11
106111,1
106112,0
106113,13
106114,1
106115,1
106116,6
106117,15
106118,11
106119,13
106120,15
106121,11
106122,12
106123,1
106124,13
106125,15
106126,1
106127,6
106128,6
106129,13
106130,9
106131,6
106132,6
106133,11
106134,1
106135,11
106136,6
106137,11
106138,1
106139,6
106140,11
106141,11
106142,13
106143,6
106144,6
106145,11
106146,11
106147,11
106148,13
106149,6
106560,11
106561,1
106562,13
106563,1
106564,0
106565,0
106566,11
106567,1
106568,6
106569,14
106570,0
106571,1
106572,9
106573,6
106574,13
106575,4
106576,0
106577,1
106578,13
106579,1
106580,0
106581,9
106582,13
106583,1
106584,6
106585,0
106586,13
106587,13
106588,1
106589,1
106630,1
106631,0
106632,0
106633,13
106634,12
106635,15
106636,0
106637,1
106638,13
106639,13
106640,11
106641,11
106642,0
106643,1
106644,12
106645,14
106646,14
106647,14
106648,11
106649,1
106650,11
106651,0
106652,4
106653,4
106654,1
106655,11
106656,0
106657,13
106658,4
106659,13
106660,11
106661,4
106662,0
106663,13
106664,13
106665,9
106666,0
106667,1
106668,13
106669,9
106690,11
106691,13
106692,1
106693,4
106694,4
106695,0
106696,0
106697,13
106698,13
106699,1
106700,1
106701,9
106702,4
106703,11
106704,8
106705,1
106706,13
106707,0
106708,8
106709,0
106710,1
106711,0
106712,6
106713,1
106714,13
106715,1
106716,13
106717,9
106718,0
106719,5
106720,15
106721,13
106722,1
106723,0
106724,6
106725,11
106726,0
106727,1
106728,0
106729,13
106750,11
106751,1
106752,1
106753,13
106754,6
106755,0
106756,1
106757,6
106758,6
106759,6
106760,0
106761,15
106762,1
106763,6
106764,13
106765,0
106766,11
106767,6
106768,13
106769,13
106930,0
106931,0
106932,1
106933,1
106934,6
106935,13
106936,0
106937,4
106938,0
106939,13
106940,11
106941,11
106942,0
106943,6
106944,1
106945,1
106946,11
106947,11
106948,6
106949,6
107200,13
107201,4
107202,1
107203,4
107204,15
107205,1
107206,0
107207,1
107208,13
107209,0
107210,1
107211,11
107212,6
107213,12
107214,14
107215,11
107216,1
107217,14
107218,6
107219,14
107460,0
107461,11
107462,13
107463,1
107464,1
107465,9
107466,1
107467,4
107468,0
107469,4
107470,1
107471,0
107472,6
107473,15
107474,13
107475,0
107476,15
107477,1
107478,1
107479,0
107480,1
107481,1
107482,0
107483,13
107484,15
107485,1
107486,13
107487,13
107488,4
107489,4
107570,11
107571,0
107572,1
107573,6
107574,6
107575,13
107576,9
107577,0
107578,1
107579,1
107580,13
107581,0
107582,11
107583,1
107584,1
107585,11
107586,1
107587,13
107588,11
107589,9
107630,0
107631,0
107632,6
107633,1
107634,1
107635,11
107636,0
107637,4
107638,4
107639,1
107640,11
107641,1
107642,13
107643,1
107644,6
107645,0
107646,11
107647,1
107648,0
107649,6
107740,1
107741,11
107742,13
107743,12
107744,6
107745,11
107746,0
107747,11
107748,1
107749,1
107750,0
107751,11
107752,1
107753,8
107754,13
107755,0
107756,1
107757,11
107758,8
107759,8
107760,0
107761,6
107762,0
107763,4
107764,1
107765,1
107766,11
107767,0
107768,13
107769,6
107770,8
107771,7
107772,0
107773,0
107774,4
107775,0
107776,0
107777,7
107778,1
107779,7
107780,0
107781,4
107782,0
107783,13
107784,1
107785,0
107786,9
107787,13
107788,1
107789,11
107850,11
107851,12
107852,1
107853,4
107854,13
107855,1
107856,1
107857,13
107858,9
107859,4
107860,0
107861,4
107862,4
107863,8
107864,1
107865,1
107866,13
107867,0
107868,0
107869,4
107870,13
107871,9
107872,0
107873,12
107874,1
107875,13
107876,12
107877,4
107878,11
107879,13
107880,9
107881,1
107882,1
107883,12
107884,13
107885,12
107886,6
107887,13
107888,11
107889,6
107910,11
107911,11
107912,12
107913,12
107914,4
107915,11
107916,11
107917,4
107918,14
107919,12
107920,0
107921,6
107922,15
107923,12
107924,1
107925,1
107926,0
107927,4
107928,14
107929,4
107960,1
107961,0
107962,12
107963,13
107964,6
107965,0
107966,13
107967,9
107968,6
107969,13
107970,1
107971,11
107972,11
107973,12
107974,11
107975,0
107976,1
107977,1
107978,11
107979,0
107980,13
107981,11
107982,13
107983,11
107984,4
107985,13
107986,11
107987,0
107988,12
107989,11
107990,0
107991,4
107992,9
107993,8
107994,1
107995,1
107996,0
107997,7
107998,7
107999,8
108000,0
108001,6
108002,1
108003,13
108004,9
108005,0
108006,1
108007,15
108008,13
108009,6
108010,15
108011,0
108012,13
108013,1
108014,1
108015,0
108016,11
108017,4
108018,15
108019,13
108050,6
108051,4
108052,11
108053,6
108054,13
108055,0
108056,13
108057,1
108058,12
108059,13
108060,11
108061,14
108062,1
108063,6
108064,11
108065,0
108066,13
108067,1
108068,1
108069,1
108070,9
108071,11
108072,4
108073,1
108074,13
108075,13
108076,4
108077,0
108078,13
108079,1
108080,0
108081,11
108082,12
108083,13
108084,13
108085,0
108086,12
108087,8
108088,0
108089,6
108090,1
108091,6
108092,11
108093,13
108094,12
108095,12
108096,13
108097,0
108098,1
108099,13
108100,0
108101,6
108102,1
108103,13
108104,12
108105,0
108106,4
108107,1
108108,12
108109,6
108170,8
108171,1
108172,4
108173,0
108174,1
108175,9
108176,1
108177,0
108178,1
108179,7
108180,0
108181,4
108182,1
108183,0
108184,13
108185,1
108186,0
108187,13
108188,13
108189,4
108230,6
108231,4
108232,13
108233,4
108234,1
108235,13
108236,1
108237,11
108238,8
108239,4
108240,6
108241,0
108242,12
108243,8
108244,0
108245,4
108246,0
108247,13
108248,12
108249,11
108250,0
108251,6
108252,1
108253,9
108254,8
108255,1
108256,11
108257,0
108258,4
108259,12
108260,0
108261,1
108262,1
108263,4
108264,0
108265,1
108266,11
108267,13
108268,1
108269,4
108270,11
108271,6
108272,6
108273,8
108274,1
108275,11
108276,1
108277,4
108278,13
108279,14
108440,13
108441,0
108442,1
108443,4
108444,0
108445,0
108446,1
108447,7
108448,13
108449,6
108450,0
108451,8
108452,13
108453,6
108454,1
108455,1
108456,13
108457,11
108458,13
108459,12
108460,0
108461,1
108462,11
108463,11
108464,1
108465,1
108466,0
108467,13
108468,15
108469,12
108540,11
108541,1
108542,4
108543,13
108544,8
108545,0
108546,0
108547,8
108548,11
108549,4
108550,0
108551,11
108552,12
108553,13
108554,6
108555,11
108556,0
108557,13
108558,12
108559,11
108610,0
108611,9
108612,1
108613,6
108614,13
108615,6
108616,11
108617,0
108618,13
108619,13
108620,0
108621,13
108622,13
108623,1
108624,6
108625,0
108626,1
108627,4
108628,13
108629,4
108690,1
108691,11
108692,14
108693,6
108694,0
108695,11
108696,1
108697,14
108698,11
108699,6
108800,4
108801,1
108802,0
108803,0
108804,1
108805,8
108806,9
108807,0
108808,13
108809,13
108820,9
108821,11
108822,14
108823,13
108824,6
108825,11
108826,13
108827,6
108828,1
108829,0
108970,13
108971,13
108972,0
108973,13
108974,8
108975,0
108976,13
108977,12
108978,11
108979,12
109200,1
109201,11
109202,6
109203,14
109204,0
109205,0
109206,11
109207,1
109208,12
109209,1
109210,0
109211,13
109212,4
109213,4
109214,1
109215,0
109216,4
109217,1
109218,4
109219,13
109290,11
109291,13
109292,1
109293,9
109294,6
109295,1
109296,1
109297,13
109298,13
109299,1
109300,11
109301,8
109302,1
109303,1
109304,13
109305,4
109306,8
109307,9
109308,1
109309,0
109310,14
109311,1
109312,1
109313,6
109314,11
109315,1
109316,14
109317,0
109318,1
109319,6
109440,1
109441,0
109442,1
109443,0
109444,1
109445,1
109446,13
109447,4
109448,0
109449,13
109450,0
109451,13
109452,1
109453,4
109454,1
109455,0
109456,9
109457,5
109458,11
109459,13
109500,0
109501,0
109502,4
109503,6
109504,1
109505,0
109506,0
109507,4
109508,12
109509,1
109530,1
109531,6
109532,12
109533,0
109534,1
109535,1
109536,0
109537,1
109538,0
109539,1
109670,11
109671,0
109672,4
109673,13
109674,6
109675,11
109676,4
109677,0
109678,4
109679,1
109680,11
109681,0
109682,4
109683,13
109684,6
109685,11
109686,4
109687,0
109688,4
109689,1
109690,13
109691,0
109692,6
109693,1
109694,11
109695,11
109696,11
109697,1
109698,11
109699,6
109700,9
109701,0
109702,13
109703,6
109704,1
109705,0
109706,9
109707,1
109708,13
109709,4
109710,13
109711,6
109712,11
109713,0
109714,13
109715,11
109716,11
109717,8
109718,4
109719,13
109850,11
109851,0
109852,6
109853,6
109854,1
109855,11
109856,11
109857,1
109858,0
109859,13
109910,0
109911,13
109912,12
109913,11
109914,8
109915,11
109916,11
109917,4
109918,13
109919,4
109920,0
109921,9
109922,11
109923,1
109924,1
109925,13
109926,1
109927,0
109928,1
109929,8
110000,11
110001,11
110002,1
110003,6
110004,14
110005,11
110006,1
110007,14
110008,11
110009,6
110040,6
110041,0
110042,4
110043,0
110044,1
110045,0
110046,13
110047,13
110048,0
110049,1
110050,1
110051,11
110052,1
110053,6
110054,14
110055,11
110056,14
110057,0
110058,14
110059,6
110160,1
110161,0
110162,4
110163,1
110164,13
110165,11
110166,1
110167,1
110168,6
110169,12
110200,15
110201,0
110202,13
110203,1
110204,0
110205,15
110206,13
110207,0
110208,6
110209,1
110280,0
110281,0
110282,9
110283,1
110284,12
110285,13
110286,11
110287,1
110288,4
110289,13
110300,9
110301,0
110302,12
110303,1
110304,1
110305,1
110306,0
110307,1
110308,13
110309,4
110400,11
110401,15
110402,1
110403,1
110404,1
110405,15
110406,1
110407,0
110408,0
110409,6
110410,11
110411,13
110412,9
110413,1
110414,6
110415,1
110416,11
110417,11
110418,1
110419,1
110420,0
110421,8
110422,4
110423,1
110424,1
110425,8
110426,0
110427,4
110428,1
110429,0
110430,9
110431,11
110432,4
110433,1
110434,4
110435,11
110436,4
110437,1
110438,0
110439,13
110470,1
110471,0
110472,5
110473,13
110474,6
110475,1
110476,6
110477,1
110478,9
110479,1
110480,15
110481,1
110482,13
110483,15
110484,6
110485,15
110486,11
110487,1
110488,13
110489,6
110490,11
110491,8
110492,6
110493,13
110494,0
110495,12
110496,11
110497,9
110498,4
110499,6
110500,15
110501,1
110502,0
110503,6
110504,13
110505,11
110506,9
110507,13
110508,6
110509,1
110510,0
110511,1
110512,6
110513,13
110514,13
110515,11
110516,6
110517,9
110518,1
110519,1
110520,11
110521,13
110522,0
110523,6
110524,1
110525,4
110526,1
110527,4
110528,13
110529,0
110530,11
110531,6
110532,1
110533,13
110534,1
110535,11
110536,1
110537,11
110538,13
110539,4
110600,11
110601,11
110602,13
110603,11
110604,0
110605,11
110606,11
110607,0
110608,12
110609,6
110610,11
110611,11
110612,11
110613,13
110614,1
110615,11
110616,12
110617,1
110618,12
110619,6
110620,4
110621,11
110622,11
110623,13
110624,12
110625,11
110626,13
110627,6
110628,6
110629,13
110630,0
110631,13
110632,1
110633,6
110634,6
110635,1
110636,0
110637,12
110638,6
110639,0
110640,1
110641,13
110642,0
110643,13
110644,6
110645,6
110646,1
110647,1
110648,0
110649,9
110650,9
110651,8
110652,4
110653,1
110654,1
110655,9
110656,5
110657,0
110658,0
110659,13
110800,9
110801,15
110802,1
110803,1
110804,13
110805,11
110806,4
110807,6
110808,1
110809,0
110810,0
110811,13
110812,6
110813,6
110814,1
110815,1
110816,11
110817,4
110818,13
110819,0
110820,0
110821,15
110822,1
110823,11
110824,4
110825,0
110826,6
110827,13
110828,13
110829,11
110830,13
110831,6
110832,13
110833,11
110834,1
110835,1
110836,13
110837,13
110838,6
110839,0
110840,13
110841,11
110842,5
110843,4
110844,6
110845,0
110846,8
110847,13
110848,6
110849,11
110850,0
110851,0
110852,13
110853,6
110854,13
110855,11
110856,0
110857,4
110858,11
110859,12
110860,0
110861,6
110862,15
110863,13
110864,13
110865,11
110866,4
110867,11
110868,0
110869,1
110870,4
110871,13
110872,0
110873,4
110874,1
110875,0
110876,1
110877,11
110878,0
110879,1
110940,11
110941,0
110942,1
110943,12
110944,1
110945,1
110946,0
110947,1
110948,1
110949,13
110950,0
110951,6
110952,0
110953,1
110954,12
110955,0
110956,1
110957,4
110958,13
110959,11
110960,0
110961,1
110962,6
110963,11
110964,6
110965,11
110966,11
110967,13
110968,6
110969,14
110970,0
110971,9
110972,4
110973,12
110974,1
110975,11
110976,0
110977,1
110978,4
110979,1
110980,11
110981,11
110982,1
110983,1
110984,1
110985,11
110986,11
110987,1
110988,14
110989,14
110990,11
110991,11
110992,6
110993,12
110994,13
110995,11
110996,0
110997,12
110998,11
110999,4
111000,0
111001,0
111002,6
111003,13
111004,13
111005,0
111006,0
111007,1
111008,1
111009,12
111010,11
111011,12
111012,1
111013,6
111014,13
111015,1
111016,13
111017,12
111018,0
111019,6
111020,12
111021,11
111022,1
111023,13
111024,6
111025,11
111026,0
111027,6
111028,14
111029,6
111030,0
111031,12
111032,13
111033,6
111034,1
111035,11
111036,1
111037,1
111038,1
111039,13
111220,11
111221,0
111222,13
111223,6
111224,6
111225,13
111226,11
111227,9
111228,6
111229,6
111230,5
111231,0
111232,1
111233,0
111234,4
111235,11
111236,1
111237,1
111238,9
111239,0
111240,11
111241,11
111242,1
111243,12
111244,6
111245,11
111246,6
111247,13
111248,13
111249,1
111290,13
111291,0
111292,1
111293,4
111294,13
111295,11
111296,13
111297,9
111298,12
111299,0
111300,4
111301,11
111302,0
111303,13
111304,6
111305,0
111306,1
111307,13
111308,1
111309,0
111310,6
111311,0
111312,13
111313,11
111314,12
111315,12
111316,13
111317,9
111318,6
111319,6
111430,1
111431,13
111432,15
111433,0
111434,6
111435,1
111436,6
111437,15
111438,0
111439,6
111440,0
111441,11
111442,4
111443,13
111444,1
111445,0
111446,1
111447,11
111448,1
111449,8
111450,11
111451,13
111452,0
111453,6
111454,8
111455,11
111456,6
111457,0
111458,4
111459,8
111510,11
111511,0
111512,12
111513,1
111514,6
111515,11
111516,4
111517,15
111518,1
111519,6
111520,13
111521,0
111522,4
111523,15
111524,1
111525,0
111526,15
111527,0
111528,4
111529,13
111530,0
111531,0
111532,13
111533,11
111534,12
111535,11
111536,13
111537,0
111538,4
111539,6
111690,0
111691,1
111692,11
111693,6
111694,15
111695,13
111696,0
111697,0
111698,15
111699,4
111700,13
111701,6
111702,1
111703,9
111704,1
111705,9
111706,0
111707,4
111708,0
111709,0
111950,0
111951,13
111952,0
111953,13
111954,13
111955,0
111956,12
111957,13
111958,4
111959,12
111960,12
111961,0
111962,6
111963,13
111964,1
111965,0
111966,12
111967,1
111968,4
111969,13
111970,11
111971,13
111972,11
111973,6
111974,13
111975,0
111976,0
111977,1
111978,12
111979,6
111980,0
111981,6
111982,6
111983,13
111984,1
111985,13
111986,0
111987,1
111988,15
111989,13
111990,0
111991,0
111992,13
111993,4
111994,1
111995,13
111996,1
111997,13
111998,0
111999,13
112000,11
112001,0
112002,6
112003,13
112004,1
112005,0
112006,1
112007,14
112008,1
112009,0
112190,7
112191,13
112192,11
112193,12
112194,4
112195,11
112196,13
112197,13
112198,4
112199,11
112200,4
112201,15
112202,1
112203,13
112204,6
112205,1
112206,11
112207,13
112208,15
112209,13
112280,1
112281,6
112282,13
112283,13
112284,0
112285,0
112286,15
112287,1
112288,13
112289,6
112290,0
112291,1
112292,13
112293,0
112294,12
112295,11
112296,11
112297,1
112298,11
112299,13
112300,8
112301,11
112302,13
112303,12
112304,0
112305,0
112306,11
112307,13
112308,4
112309,13
112360,13
112361,1
112362,4
112363,9
112364,13
112365,9
112366,15
112367,1
112368,13
112369,6
112370,11
112371,13
112372,13
112373,13
112374,1
112375,9
112376,13
112377,0
112378,0
112379,4
112400,11
112401,0
112402,7
112403,12
112404,13
112405,11
112406,11
112407,13
112408,11
112409,13
112410,1
112411,6
112412,15
112413,13
112414,13
112415,11
112416,11
112417,13
112418,15
112419,6
112470,0
112471,4
112472,1
112473,8
112474,4
112475,0
112476,1
112477,4
112478,4
112479,0
112480,6
112481,15
112482,0
112483,13
112484,1
112485,13
112486,15
112487,1
112488,4
112489,0
112490,13
112491,1
112492,13
112493,13
112494,6
112495,1
112496,0
112497,13
112498,11
112499,12
112590,13
112591,0
112592,13
112593,13
112594,15
112595,4
112596,1
112597,13
112598,13
112599,0
112620,4
112621,11
112622,0
112623,4
112624,1
112625,1
112626,9
112627,13
112628,13
112629,13
112790,4
112791,0
112792,13
112793,0
112794,1
112795,0
112796,0
112797,13
112798,1
112799,13
112800,11
112801,11
112802,1
112803,1
112804,13
112805,13
112806,13
112807,1
112808,11
112809,1
112810,9
112811,0
112812,13
112813,13
112814,13
112815,11
112816,1
112817,13
112818,13
112819,4
112820,0
112821,11
112822,13
112823,6
112824,13
112825,13
112826,13
112827,4
112828,13
112829,0
112830,0
112831,1
112832,1
112833,13
112834,6
112835,1
112836,0
112837,6
112838,13
112839,4
112840,0
112841,13
112842,13
112843,1
112844,0
112845,0
112846,1
112847,13
112848,4
112849,6
112850,0
112851,13
112852,13
112853,0
112854,1
112855,0
112856,1
112857,4
112858,0
112859,1
112880,0
112881,12
112882,13
112883,4
112884,13
112885,0
112886,13
112887,0
112888,6
112889,1
112890,0
112891,12
112892,11
112893,13
112894,1
112895,0
112896,13
112897,6
112898,11
112899,11
112900,13
112901,0
112902,13
112903,6
112904,1
112905,13
112906,13
112907,9
112908,13
112909,13
113130,1
113131,11
113132,1
113133,11
113134,6
113135,0
113136,1
113137,1
113138,13
113139,13
113140,6
113141,13
113142,0
113143,0
113144,6
113145,13
113146,0
113147,13
113148,13
113149,6
113180,0
113181,1
113182,4
113183,1
113184,13
113185,9
113186,1
113187,8
113188,8
113189,0
113340,15
113341,15
113342,0
113343,1
113344,1
113345,0
113346,0
113347,1
113348,6
113349,12
113350,0
113351,1
113352,13
113353,9
113354,4
113355,13
113356,13
113357,4
113358,13
113359,1
113360,13
113361,11
113362,6
113363,11
113364,13
113365,11
113366,11
113367,6
113368,13
113369,12
113450,13
113451,0
113452,4
113453,1
113454,1
113455,0
113456,1
113457,13
113458,0
113459,4
113710,0
113711,1
113712,8
113713,4
113714,8
113715,0
113716,13
113717,0
113718,1
113719,1
113720,11
113721,13
113722,13
113723,4
113724,12
113725,0
113726,13
113727,13
113728,6
113729,12
113730,1
113731,9
113732,13
113733,4
113734,0
113735,0
113736,11
113737,12
113738,1
113739,4
113950,1
113951,15
113952,4
113953,0
113954,1
113955,11
113956,13
113957,6
113958,15
113959,12
113960,13
113961,6
113962,0
113963,13
113964,1
113965,13
113966,1
113967,11
113968,1
113969,0
113970,1
113971,13
113972,0
113973,6
113974,1
113975,0
113976,13
113977,9
113978,13
113979,6
113980,11
113981,1
113982,1
113983,0
113984,11
113985,0
113986,1
113987,11
113988,1
113989,1
114040,11
114041,0
114042,1
114043,6
114044,13
114045,11
114046,1
114047,13
114048,12
114049,13
114050,4
114051,13
114052,1
114053,1
114054,0
114055,1
114056,1
114057,0
114058,4
114059,12
114080,11
114081,1
114082,13
114083,6
114084,12
114085,0
114086,11
114087,1
114088,13
114089,13
114090,11
114091,4
114092,0
114093,13
114094,12
114095,13
114096,13
114097,13
114098,11
114099,12
114390,0
114391,9
114392,4
114393,13
114394,13
114395,0
114396,13
114397,1
114398,13
114399,1
114400,13
114401,0
114402,9
114403,1
114404,6
114405,0
114406,9
114407,1
114408,13
114409,6
114550,1
114551,6
114552,13
114553,9
114554,0
114555,13
114556,0
114557,1
114558,13
114559,13
114560,6
114561,0
114562,9
114563,1
114564,13
114565,12
114566,6
114567,0
114568,11
114569,0
114570,9
114571,12
114572,0
114573,12
114574,12
114575,6
114576,0
114577,12
114578,12
114579,13
114610,0
114611,11
114612,6
114613,1
114614,1
114615,1
114616,13
114617,11
114618,6
114619,6
114620,11
114621,1
114622,15
114623,15
114624,13
114625,0
114626,1
114627,1
114628,4
114629,9
114690,13
114691,0
114692,11
114693,6
114694,13
114695,0
114696,6
114697,13
114698,13
114699,4
114700,1
114701,1
114702,0
114703,1
114704,13
114705,9
114706,4
114707,13
114708,0
114709,13
114860,15
114861,11
114862,13
114863,4
114864,0
114865,4
114866,9
114867,13
114868,13
114869,12
114920,9
114921,0
114922,6
114923,13
114924,1
114925,13
114926,6
114927,12
114928,13
114929,0
115100,11
115101,1
115102,13
115103,6
115104,13
115105,13
115106,0
115107,1
115108,4
115109,13
115110,0
115111,11
115112,4
115113,13
115114,12
115115,0
115116,8
115117,11
115118,12
115119,12
115250,15
115251,13
115252,1
115253,0
115254,4
115255,13
115256,11
115257,13
115258,0
115259,0
115260,0
115261,1
115262,1
115263,11
115264,12
115265,11
115266,13
115267,13
115268,1
115269,6
115330,11
115331,4
115332,11
115333,1
115334,13
115335,11
115336,1
115337,6
115338,0
115339,1
115340,11
115341,6
115342,1
115343,13
115344,13
115345,1
115346,11
115347,0
115348,11
115349,11
115460,13
115461,13
115462,0
115463,13
115464,13
115465,0
115466,1
115467,9
115468,1
115469,6
115470,6
115471,11
115472,1
115473,11
115474,12
115475,1
115476,14
115477,0
115478,11
115479,11
115480,9
115481,0
115482,13
115483,4
115484,13
115485,0
115486,9
115487,13
115488,1
115489,1
115630,0
115631,1
115632,13
115633,13
115634,13
115635,0
115636,6
115637,6
115638,13
115639,12
115640,11
115641,12
115642,13
115643,0
115644,6
115645,0
115646,13
115647,13
115648,13
115649,12
115700,0
115701,11
115702,13
115703,1
115704,1
115705,13
115706,6
115707,13
115708,1
115709,13
115710,1
115711,9
115712,13
115713,13
115714,12
115715,0
115716,4
115717,1
115718,0
115719,12
115770,0
115771,13
115772,6
115773,6
115774,13
115775,0
115776,13
115777,13
115778,13
115779,13
115780,6
115781,0
115782,1
115783,6
115784,13
115785,13
115786,13
115787,13
115788,13
115789,13
115860,11
115861,6
115862,11
115863,13
115864,6
115865,11
115866,0
115867,6
115868,13
115869,6
115870,9
115871,1
115872,6
115873,0
115874,4
115875,4
115876,6
115877,13
115878,0
115879,0
116150,12
116151,1
116152,0
116153,1
116154,4
116155,13
116156,0
116157,1
116158,13
116159,13
116170,1
116171,13
116172,4
116173,9
116174,13
116175,1
116176,0
116177,1
116178,13
116179,13
116180,9
116181,15
116182,1
116183,0
116184,1
116185,11
116186,1
116187,11
116188,13
116189,6
116530,13
116531,9
116532,1
116533,6
116534,0
116535,12
116536,0
116537,4
116538,13
116539,13
116540,13
116541,1
116542,1
116543,1
116544,6
116545,1
116546,0
116547,0
116548,0
116549,11
116730,11
116731,11
116732,11
116733,1
116734,6
116735,6
116736,13
116737,12
116738,1
116739,0
116840,11
116841,0
116842,13
116843,13
116844,12
116845,11
116846,13
116847,12
116848,12
116849,12
116850,9
116851,13
116852,12
116853,0
116854,12
116855,0
116856,9
116857,13
116858,11
116859,13
116860,6
116861,1
116862,0
116863,13
116864,0
116865,0
116866,0
116867,13
116868,13
116869,12
116870,0
116871,1
116872,13
116873,0
116874,1
116875,0
116876,13
116877,0
116878,0
116879,12
117000,0
117001,11
117002,4
117003,6
117004,6
117005,11
117006,0
117007,11
117008,13
117009,12
117010,0
117011,1
117012,13
117013,13
117014,0
117015,1
117016,0
117017,13
117018,1
117019,12
117160,0
117161,13
117162,0
117163,6
117164,12
117165,13
117166,11
117167,12
117168,13
117169,0
117230,0
117231,12
117232,0
117233,11
117234,1
117235,0
117236,11
117237,1
117238,1
117239,6
117340,0
117341,13
117342,13
117343,1
117344,13
117345,11
117346,0
117347,1
117348,15
117349,13
117350,11
117351,0
117352,4
117353,6
117354,12
117355,11
117356,12
117357,11
117358,11
117359,12
117360,1
117361,1
117362,4
117363,0
117364,13
117365,13
117366,11
117367,11
117368,13
117369,6
117370,11
117371,11
117372,11
117373,1
117374,6
117375,11
117376,11
117377,5
117378,6
117379,13
117380,13
117381,8
117382,13
117383,11
117384,12
117385,0
117386,11
117387,13
117388,6
117389,12
117460,1
117461,5
117462,6
117463,1
117464,12
117465,0
117466,11
117467,13
117468,6
117469,13
117590,0
117591,1
117592,13
117593,1
117594,13
117595,0
117596,1
117597,13
117598,6
117599,13
117600,1
117601,13
117602,1
117603,0
117604,13
117605,0
117606,13
117607,13
117608,1
117609,13
117690,13
117691,11
117692,6
117693,8
117694,0
117695,0
117696,0
117697,6
117698,1
117699,1
117700,4
117701,0
117702,0
117703,0
117704,1
117705,0
117706,1
117707,0
117708,4
117709,13
117770,1
117771,6
117772,13
117773,13
117774,13
117775,0
117776,13
117777,12
117778,1
117779,12
117780,0
117781,1
117782,0
117783,8
117784,1
117785,0
117786,0
117787,13
117788,1
117789,13
118210,1
118211,1
118212,0
118213,8
118214,11
118215,0
118216,1
118217,13
118218,1
118219,1
118220,11
118221,4
118222,13
118223,13
118224,8
118225,13
118226,13
118227,0
118228,11
118229,6
118400,13
118401,0
118402,1
118403,13
118404,4
118405,0
118406,13
118407,13
118408,13
118409,15
118470,0
118471,13
118472,1
118473,12
118474,6
118475,1
118476,6
118477,15
118478,13
118479,0
118750,11
118751,13
118752,4
118753,12
118754,1
118755,1
118756,13
118757,9
118758,13
118759,1
118780,11
118781,0
118782,0
118783,12
118784,6
118785,13
118786,13
118787,0
118788,1
118789,6
118810,0
118811,9
118812,0
118813,12
118814,4
118815,12
118816,9
118817,8
118818,8
118819,1
118820,11
118821,6
118822,1
118823,1
118824,13
118825,1
118826,13
118827,13
118828,13
118829,6
118930,0
118931,13
118932,13
118933,13
118934,6
118935,11
118936,11
118937,1
118938,6
118939,12
119030,1
119031,13
119032,0
119033,13
119034,13
119035,13
119036,0
119037,0
119038,12
119039,13
119360,1
119361,13
119362,4
119363,13
119364,13
119365,9
119366,1
119367,0
119368,13
119369,0
119370,0
119371,11
119372,1
119373,4
119374,4
119375,9
119376,13
119377,4
119378,13
119379,0
119590,6
119591,0
119592,12
119593,4
119594,1
119595,0
119596,11
119597,11
119598,6
119599,13
119680,11
119681,11
119682,1
119683,1
119684,1
119685,1
119686,11
119687,1
119688,6
119689,13
119690,0
119691,1
119692,4
119693,1
119694,6
119695,0
119696,1
119697,1
119698,0
119699,1
120010,11
120011,1
120012,13
120013,11
120014,1
120015,0
120016,1
120017,6
120018,1
120019,6
120020,12
120021,9
120022,11
120023,13
120024,6
120025,0
120026,13
120027,13
120028,11
120029,12
120030,0
120031,13
120032,1
120033,12
120034,13
120035,13
120036,9
120037,13
120038,6
120039,13
120040,11
120041,6
120042,0
120043,12
120044,4
120045,11
120046,13
120047,11
120048,12
120049,13
120050,0
120051,13
120052,1
120053,13
120054,13
120055,0
120056,6
120057,13
120058,4
120059,13
120060,1
120061,11
120062,0
120063,4
120064,13
120065,1
120066,1
120067,6
120068,6
120069,12
120070,1
120071,11
120072,0
120073,13
120074,1
120075,1
120076,4
120077,1
120078,13
120079,0
120080,9
120081,4
120082,0
120083,1
120084,12
120085,0
120086,1
120087,13
120088,12
120089,13
120090,11
120091,0
120092,4
120093,13
120094,1
120095,1
120096,11
120097,1
120098,13
120099,1
120100,13
120101,0
120102,13
120103,11
120104,12
120105,0
120106,1
120107,6
120108,12
120109,12
120140,0
120141,12
120142,13
120143,13
120144,12
120145,11
120146,0
120147,4
120148,0
120149,12
120150,0
120151,1
120152,8
120153,1
120154,1
120155,13
120156,13
120157,4
120158,1
120159,0
120160,12
120161,11
120162,1
120163,0
120164,13
120165,0
120166,1
120167,1
120168,6
120169,13
120360,1
120361,4
120362,4
120363,13
120364,11
120365,1
120366,0
120367,13
120368,13
120369,6
120370,13
120371,6
120372,11
120373,11
120374,12
120375,0
120376,1
120377,6
120378,13
120379,13
120380,11
120381,8
120382,8
120383,6
120384,11
120385,0
120386,6
120387,0
120388,12
120389,13
120490,4
120491,11
120492,13
120493,11
120494,1
120495,1
120496,0
120497,11
120498,13
120499,12
120500,8
120501,13
120502,6
120503,1
120504,1
120505,6
120506,12
120507,13
120508,9
120509,13
120510,12
120511,8
120512,0
120513,13
120514,12
120515,13
120516,0
120517,0
120518,13
120519,12
120630,1
120631,13
120632,13
120633,0
120634,1
120635,13
120636,0
120637,15
120638,13
120639,1
120640,1
120641,13
120642,11
120643,4
120644,12
120645,0
120646,11
120647,13
120648,15
120649,13
120970,0
120971,0
120972,9
120973,4
120974,8
120975,9
120976,13
120977,4
120978,1
120979,8
120980,11
120981,6
120982,1
120983,1
120984,0
120985,13
120986,0
120987,6
120988,1
120989,6
120990,9
120991,0
120992,13
120993,1
120994,8
120995,13
120996,0
120997,1
120998,13
120999,1
121250,12
121251,0
121252,1
121253,6
121254,6
121255,0
121256,6
121257,11
121258,0
121259,6
121260,0
121261,0
121262,1
121263,0
121264,4
121265,1
121266,0
121267,0
121268,0
121269,1
121290,11
121291,13
121292,9
121293,1
121294,13
121295,9
121296,6
121297,6
121298,6
121299,11
121300,11
121301,13
121302,1
121303,13
121304,0
121305,11
121306,0
121307,12
121308,13
121309,11
121310,1
121311,6
121312,11
121313,13
121314,1
121315,13
121316,1
121317,6
121318,11
121319,1
121320,6
121321,0
121322,0
121323,6
121324,1
121325,0
121326,0
121327,13
121328,6
121329,1
121330,9
121331,0
121332,1
121333,4
121334,13
121335,4
121336,0
121337,13
121338,4
121339,13
121340,11
121341,0
121342,13
121343,12
121344,11
121345,0
121346,0
121347,13
121348,12
121349,6
121350,1
121351,8
121352,7
121353,13
121354,1
121355,1
121356,0
121357,13
121358,4
121359,1
121510,0
121511,1
121512,12
121513,1
121514,12
121515,6
121516,6
121517,12
121518,0
121519,13
121520,1
121521,11
121522,13
121523,0
121524,12
121525,11
121526,1
121527,1
121528,13
121529,13
121530,0
121531,1
121532,0
121533,12
121534,1
121535,11
121536,1
121537,6
121538,13
121539,6
121560,1
121561,8
121562,0
121563,11
121564,0
121565,0
121566,6
121567,1
121568,6
121569,6
121570,8
121571,13
121572,0
121573,1
121574,0
121575,0
121576,13
121577,13
121578,13
121579,12
121580,11
121581,11
121582,13
121583,1
121584,6
121585,0
121586,0
121587,6
121588,1
121589,12
121590,9
121591,1
121592,13
121593,13
121594,6
121595,4
121596,13
121597,0
121598,13
121599,12
121600,11
121601,11
121602,13
121603,0
121604,4
121605,11
121606,4
121607,11
121608,13
121609,13
121610,4
121611,1
121612,11
121613,11
121614,13
121615,11
121616,11
121617,1
121618,11
121619,6
121870,0
121871,11
121872,6
121873,13
121874,11
121875,1
121876,13
121877,6
121878,0
121879,12
121900,0
121901,1
121902,6
121903,6
121904,0
121905,0
121906,13
121907,1
121908,0
121909,6
121920,0
121921,0
121922,1
121923,4
121924,1
121925,1
121926,1
121927,1
121928,6
121929,0
122070,13
122071,0
122072,12
122073,12
122074,1
122075,1
122076,13
122077,0
122078,13
122079,6
122080,11
122081,11
122082,0
122083,6
122084,12
122085,1
122086,11
122087,13
122088,13
122089,1
122110,0
122111,11
122112,0
122113,1
122114,13
122115,0
122116,1
122117,0
122118,4
122119,12
122130,11
122131,15
122132,13
122133,4
122134,4
122135,0
122136,1
122137,13
122138,0
122139,6
122180,11
122181,11
122182,6
122183,12
122184,12
122185,4
122186,0
122187,0
122188,6
122189,12
122200,11
122201,0
122202,13
122203,11
122204,12
122205,11
122206,11
122207,13
122208,12
122209,12
122210,9
122211,0
122212,13
122213,1
122214,6
122215,0
122216,13
122217,6
122218,9
122219,1
122220,11
122221,13
122222,9
122223,11
122224,1
122225,6
122226,9
122227,13
122228,1
122229,1
122300,5
122301,1
122302,8
122303,13
122304,0
122305,0
122306,13
122307,13
122308,0
122309,13
122310,13
122311,13
122312,1
122313,13
122314,0
122315,0
122316,13
122317,13
122318,1
122319,4
122320,0
122321,1
122322,13
122323,13
122324,13
122325,15
122326,0
122327,1
122328,6
122329,13
122450,6
122451,0
122452,0
122453,13
122454,1
122455,0
122456,6
122457,0
122458,12
122459,12
122460,6
122461,1
122462,13
122463,6
122464,11
122465,0
122466,1
122467,12
122468,0
122469,1
122470,11
122471,13
122472,11
122473,12
122474,12
122475,11
122476,11
122477,11
122478,0
122479,13
122480,0
122481,1
122482,6
122483,1
122484,11
122485,6
122486,0
122487,6
122488,13
122489,13
122490,0
122491,6
122492,1
122493,6
122494,1
122495,13
122496,11
122497,0
122498,13
122499,13
122500,11
122501,1
122502,0
122503,6
122504,13
122505,1
122506,13
122507,0
122508,6
122509,1
122530,13
122531,11
122532,1
122533,1
122534,0
122535,0
122536,13
122537,12
122538,13
122539,13
122540,13
122541,9
122542,0
122543,6
122544,5
122545,0
122546,0
122547,1
122548,4
122549,0
122660,13
122661,0
122662,9
122663,13
122664,1
122665,13
122666,13
122667,12
122668,0
122669,4
122670,13
122671,13
122672,0
122673,1
122674,4
122675,0
122676,13
122677,1
122678,4
122679,5
122730,13
122731,0
122732,1
122733,6
122734,11
122735,0
122736,15
122737,6
122738,12
122739,12
122740,11
122741,11
122742,1
122743,1
122744,0
122745,11
122746,1
122747,12
122748,6
122749,1
123020,1
123021,1
123022,0
123023,6
123024,12
123025,16
123026,1
123027,0
123028,13
123029,13
123030,11
123031,0
123032,12
123033,12
123034,13
123035,0
123036,11
123037,6
123038,13
123039,13
123040,0
123041,1
123042,1
123043,6
123044,13
123045,0
123046,11
123047,11
123048,6
123049,6
123250,13
123251,4
123252,4
123253,0
123254,12
123255,1
123256,1
123257,13
123258,13
123259,13
123260,11
123261,11
123262,0
123263,6
123264,13
123265,11
123266,11
123267,12
123268,13
123269,13
123270,11
123271,1
123272,0
123273,12
123274,12
123275,13
123276,1
123277,1
123278,0
123279,13
123310,1
123311,9
123312,0
123313,12
123314,1
123315,4
123316,1
123317,11
123318,13
123319,0
123320,1
123321,12
123322,1
123323,0
123324,6
123325,0
123326,11
123327,13
123328,1
123329,13
123510,11
123511,6
123512,1
123513,12
123514,13
123515,1
123516,0
123517,12
123518,6
123519,6
123520,1
123521,13
123522,6
123523,11
123524,4
123525,11
123526,6
123527,11
123528,14
123529,12
123600,0
123601,1
123602,6
123603,0
123604,6
123605,12
123606,13
123607,0
123608,4
123609,1
123610,1
123611,0
123612,13
123613,1
123614,13
123615,1
123616,13
123617,1
123618,12
123619,6
123620,0
123621,6
123622,11
123623,13
123624,12
123625,11
123626,12
123627,12
123628,11
123629,6
123690,1
123691,4
123692,6
123693,1
123694,6
123695,11
123696,0
123697,13
123698,1
123699,13
123700,1
123701,1
123702,0
123703,13
123704,6
123705,0
123706,13
123707,6
123708,11
123709,13
123710,11
123711,12
123712,0
123713,6
123714,13
123715,0
123716,11
123717,6
123718,6
123719,11
123720,1
123721,13
123722,6
123723,0
123724,0
123725,0
123726,1
123727,1
123728,0
123729,1
123730,9
123731,6
123732,6
123733,1
123734,13
123735,9
123736,13
123737,1
123738,13
123739,12
123800,1
123801,0
123802,11
123803,12
123804,6
123805,1
123806,13
123807,6
123808,13
123809,9
123920,0
123921,6
123922,13
123923,12
123924,6
123925,11
123926,13
123927,6
123928,0
123929,13
123930,11
123931,0
123932,12
123933,13
123934,6
123935,6
123936,11
123937,0
123938,12
123939,6
124080,7
124081,9
124082,13
124083,6
124084,1
124085,6
124086,1
124087,1
124088,0
124089,12
124090,0
124091,11
124092,13
124093,6
124094,6
124095,0
124096,11
124097,12
124098,1
124099,13
124260,1
124261,1
124262,13
124263,1
124264,0
124265,0
124266,1
124267,4
124268,13
124269,4
124270,0
124271,1
124272,6
124273,1
124274,1
124275,6
124276,0
124277,1
124278,13
124279,13
124470,0
124471,0
124472,0
124473,13
124474,1
124475,1
124476,0
124477,1
124478,1
124479,13
124480,1
124481,0
124482,6
124483,12
124484,1
124485,11
124486,11
124487,11
124488,1
124489,12
124490,12
124491,13
124492,6
124493,13
124494,4
124495,0
124496,13
124497,13
124498,12
124499,11
124520,0
124521,0
124522,1
124523,1
124524,11
124525,1
124526,0
124527,1
124528,1
124529,1
124530,1
124531,6
124532,4
124533,12
124534,0
124535,0
124536,1
124537,6
124538,1
124539,13
124540,13
124541,12
124542,11
124543,11
124544,0
124545,9
124546,11
124547,0
124548,12
124549,12
124670,1
124671,0
124672,11
124673,6
124674,12
124675,13
124676,11
124677,13
124678,13
124679,6
124680,9
124681,11
124682,12
124683,11
124684,12
124685,13
124686,11
124687,0
124688,13
124689,12
124750,0
124751,1
124752,13
124753,1
124754,6
124755,1
124756,1
124757,0
124758,0
124759,13
124760,0
124761,13
124762,1
124763,12
124764,6
124765,13
124766,1
124767,11
124768,11
124769,13
124910,11
124911,0
124912,1
124913,6
124914,6
124915,0
124916,1
124917,0
124918,13
124919,1
125050,9
125051,1
125052,13
125053,6
125054,0
125055,9
125056,1
125057,4
125058,13
125059,0
125060,13
125061,0
125062,6
125063,12
125064,0
125065,9
125066,13
125067,13
125068,11
125069,13
125070,9
125071,13
125072,6
125073,1
125074,0
125075,1
125076,13
125077,13
125078,13
125079,1
125100,1
125101,13
125102,0
125103,11
125104,1
125105,1
125106,6
125107,11
125108,6
125109,1
125110,13
125111,0
125112,4
125113,11
125114,6
125115,6
125116,13
125117,13
125118,1
125119,13
125330,11
125331,13
125332,6
125333,1
125334,13
125335,1
125336,1
125337,11
125338,13
125339,6
125340,13
125341,0
125342,1
125343,12
125344,13
125345,13
125346,13
125347,12
125348,0
125349,4
125370,11
125371,11
125372,1
125373,6
125374,1
125375,0
125376,1
125377,11
125378,13
125379,1
125380,8
125381,11
125382,12
125383,6
125384,0
125385,11
125386,11
125387,12
125388,0
125389,13
125390,11
125391,13
125392,12
125393,13
125394,0
125395,13
125396,13
125397,12
125398,11
125399,12
125400,0
125401,11
125402,6
125403,12
125404,14
125405,11
125406,1
125407,13
125408,12
125409,11
125410,11
125411,13
125412,0
125413,6
125414,12
125415,11
125416,6
125417,1
125418,0
125419,13
125420,11
125421,0
125422,12
125423,1
125424,6
125425,1
125426,13
125427,6
125428,0
125429,1
125430,11
125431,11
125432,11
125433,0
125434,13
125435,13
125436,0
125437,0
125438,11
125439,6
125560,0
125561,11
125562,1
125563,6
125564,1
125565,11
125566,1
125567,13
125568,13
125569,6
125570,11
125571,11
125572,13
125573,6
125574,12
125575,11
125576,11
125577,13
125578,13
125579,6
125790,1
125791,0
125792,13
125793,0
125794,6
125795,0
125796,4
125797,1
125798,1
125799,0
125830,11
125831,11
125832,13
125833,12
125834,6
125835,11
125836,1
125837,6
125838,11
125839,13
125890,11
125891,0
125892,12
125893,4
125894,12
125895,13
125896,11
125897,12
125898,0
125899,12
125920,0
125921,13
125922,13
125923,6
125924,1
125925,11
125926,1
125927,4
125928,6
125929,12
125930,13
125931,0
125932,12
125933,13
125934,0
125935,0
125936,1
125937,4
125938,4
125939,4
125970,11
125971,12
125972,13
125973,13
125974,13
125975,0
125976,13
125977,0
125978,12
125979,6
125980,11
125981,1
125982,6
125983,1
125984,1
125985,1
125986,6
125987,1
125988,0
125989,11
126040,0
126041,6
126042,13
126043,12
126044,6
126045,1
126046,11
126047,11
126048,13
126049,13
126060,4
126061,13
126062,0
126063,12
126064,11
126065,13
126066,11
126067,11
126068,12
126069,4
126070,9
126071,0
126072,13
126073,12
126074,6
126075,13
126076,13
126077,11
126078,13
126079,6
126110,15
126111,13
126112,6
126113,13
126114,6
126115,0
126116,13
126117,13
126118,0
126119,6
126320,11
126321,1
126322,11
126323,1
126324,6
126325,11
126326,13
126327,1
126328,12
126329,13
126360,0
126361,1
126362,1
126363,13
126364,1
126365,6
126366,1
126367,6
126368,0
126369,1
126470,13
126471,11
126472,13
126473,1
126474,1
126475,13
126476,11
126477,0
126478,4
126479,1
126490,11
126491,0
126492,8
126493,13
126494,1
126495,1
126496,12
126497,13
126498,11
126499,4
126530,0
126531,6
126532,13
126533,13
126534,1
126535,1
126536,0
126537,13
126538,0
126539,4
126550,11
126551,4
126552,13
126553,12
126554,1
126555,0
126556,0
126557,1
126558,4
126559,13
126590,6
126591,11
126592,13
126593,1
126594,11
126595,13
126596,0
126597,6
126598,6
126599,12
126610,11
126611,1
126612,6
126613,0
126614,1
126615,0
126616,13
126617,6
126618,1
126619,13
126710,11
126711,11
126712,12
126713,13
126714,6
126715,11
126716,6
126717,13
126718,12
126719,12
126740,11
126741,4
126742,1
126743,12
126744,13
126745,1
126746,6
126747,11
126748,6
126749,6
126810,6
126811,11
126812,0
126813,6
126814,13
126815,11
126816,11
126817,13
126818,13
126819,6
126830,11
126831,1
126832,11
126833,4
126834,14
126835,11
126836,13
126837,6
126838,6
126839,12
126840,0
126841,11
126842,12
126843,13
126844,12
126845,11
126846,0
126847,12
126848,12
126849,12
126910,6
126911,0
126912,13
126913,13
126914,13
126915,0
126916,13
126917,13
126918,12
126919,12
126960,0
126961,1
126962,12
126963,13
126964,6
126965,1
126966,13
126967,0
126968,1
126969,6
127000,11
127001,1
127002,4
127003,13
127004,15
127005,1
127006,0
127007,12
127008,1
127009,4
127010,11
127011,11
127012,12
127013,13
127014,6
127015,11
127016,0
127017,6
127018,12
127019,4
127210,13
127211,6
127212,13
127213,1
127214,13
127215,11
127216,1
127217,6
127218,13
127219,0
127220,6
127221,0
127222,13
127223,12
127224,6
127225,0
127226,11
127227,1
127228,6
127229,13
127230,11
127231,6
127232,13
127233,12
127234,12
127235,0
127236,11
127237,13
127238,12
127239,6
127350,1
127351,6
127352,11
127353,13
127354,12
127355,1
127356,13
127357,13
127358,11
127359,1
127360,11
127361,1
127362,13
127363,1
127364,1
127365,1
127366,0
127367,13
127368,1
127369,12
127370,0
127371,0
127372,13
127373,12
127374,12
127375,12
127376,11
127377,13
127378,13
127379,6
127380,0
127381,1
127382,6
127383,4
127384,13
127385,9
127386,0
127387,6
127388,1
127389,12
127390,0
127391,12
127392,0
127393,12
127394,13
127395,0
127396,11
127397,11
127398,12
127399,13
127400,0
127401,13
127402,1
127403,1
127404,13
127405,9
127406,1
127407,1
127408,4
127409,12
127430,1
127431,0
127432,9
127433,1
127434,13
127435,13
127436,13
127437,0
127438,1
127439,0
127540,0
127541,13
127542,1
127543,0
127544,1
127545,1
127546,6
127547,12
127548,12
127549,0
127910,13
127911,0
127912,1
127913,13
127914,12
127915,1
127916,1
127917,9
127918,0
127919,1
127920,0
127921,11
127922,1
127923,1
127924,13
127925,13
127926,0
127927,0
127928,1
127929,6
127930,6
127931,6
127932,13
127933,13
127934,1
127935,11
127936,13
127937,6
127938,13
127939,1
127940,9
127941,0
127942,13
127943,6
127944,1
127945,1
127946,9
127947,11
127948,4
127949,13
127950,13
127951,13
127952,0
127953,1
127954,4
127955,0
127956,13
127957,1
127958,13
127959,6
127980,0
127981,13
127982,6
127983,1
127984,0
127985,0
127986,11
127987,13
127988,0
127989,1
127990,11
127991,11
127992,12
127993,13
127994,0
127995,11
127996,11
127997,13
127998,6
127999,0
128020,11
128021,13
128022,6
128023,1
128024,6
128025,1
128026,1
128027,12
128028,11
128029,6
128030,13
128031,0
128032,4
128033,6
128034,13
128035,12
128036,12
128037,0
128038,12
128039,11
128040,13
128041,1
128042,0
128043,1
128044,6
128045,13
128046,0
128047,1
128048,9
128049,6
128050,0
128051,11
128052,1
128053,6
128054,15
128055,0
128056,6
128057,13
128058,1
128059,9
128060,13
128061,0
128062,6
128063,12
128064,0
128065,9
128066,0
128067,13
128068,4
128069,6
128090,0
128091,15
128092,13
128093,4
128094,1
128095,0
128096,0
128097,11
128098,13
128099,12
128100,0
128101,9
128102,4
128103,13
128104,1
128105,11
128106,0
128107,13
128108,11
128109,12
128110,13
128111,12
128112,11
128113,4
128114,6
128115,11
128116,11
128117,11
128118,6
128119,12
128170,11
128171,0
128172,6
128173,12
128174,13
128175,11
128176,6
128177,13
128178,11
128179,8
128180,11
128181,13
128182,9
128183,13
128184,12
128185,0
128186,13
128187,1
128188,1
128189,11
128260,0
128261,13
128262,6
128263,12
128264,0
128265,0
128266,0
128267,13
128268,13
128269,13
128270,0
128271,6
128272,13
128273,11
128274,12
128275,6
128276,11
128277,0
128278,13
128279,12
128280,0
128281,13
128282,12
128283,6
128284,0
128285,1
128286,1
128287,0
128288,12
128289,1
128400,4
128401,6
128402,0
128403,12
128404,1
128405,0
128406,0
128407,13
128408,13
128409,6
128420,0
128421,13
128422,13
128423,16
128424,13
128425,1
128426,13
128427,1
128428,13
128429,0
128430,1
128431,1
128432,1
128433,13
128434,0
128435,0
128436,6
128437,11
128438,1
128439,13
128450,1
128451,0
128452,1
128453,0
128454,12
128455,0
128456,13
128457,13
128458,13
128459,11
128460,11
128461,1
128462,1
128463,13
128464,0
128465,13
128466,1
128467,13
128468,1
128469,6
128530,0
128531,6
128532,1
128533,1
128534,11
128535,0
128536,13
128537,1
128538,0
128539,12
128640,0
128641,15
128642,1
128643,1
128644,6
128645,13
128646,1
128647,12
128648,1
128649,1
128650,1
128651,1
128652,0
128653,0
128654,12
128655,1
128656,11
128657,1
128658,13
128659,1
128780,0
128781,1
128782,12
128783,13
128784,6
128785,0
128786,9
128787,9
128788,9
128789,6
128790,11
128791,0
128792,11
128793,1
128794,13
128795,9
128796,0
128797,4
128798,6
128799,9
128840,6
128841,13
128842,1
128843,13
128844,15
128845,1
128846,13
128847,13
128848,6
128849,6
128850,13
128851,11
128852,4
128853,4
128854,9
128855,13
128856,6
128857,13
128858,13
128859,12
128860,12
128861,0
128862,1
128863,6
128864,6
128865,0
128866,13
128867,13
128868,1
128869,13
128870,9
128871,0
128872,1
128873,6
128874,13
128875,1
128876,0
128877,6
128878,13
128879,0
128880,1
128881,11
128882,11
128883,13
128884,0
128885,1
128886,6
128887,6
128888,11
128889,13
128890,9
128891,0
128892,9
128893,13
128894,13
128895,1
128896,6
128897,13
128898,13
128899,9
129030,6
129031,11
129032,13
129033,0
129034,1
129035,11
129036,11
129037,13
129038,13
129039,1
129040,13
129041,13
129042,6
129043,9
129044,0
129045,9
129046,1
129047,4
129048,0
129049,6
129050,9
129051,0
129052,6
129053,13
129054,1
129055,11
129056,13
129057,1
129058,13
129059,9
129060,9
129061,13
129062,6
129063,1
129064,13
129065,11
129066,4
129067,4
129068,6
129069,13
129070,9
129071,0
129072,6
129073,1
129074,13
129075,0
129076,13
129077,6
129078,6
129079,12
129210,0
129211,6
129212,0
129213,6
129214,13
129215,11
129216,4
129217,13
129218,1
129219,1
129250,1
129251,12
129252,1
129253,4
129254,13
129255,4
129256,13
129257,13
129258,11
129259,1
129260,13
129261,6
129262,13
129263,12
129264,13
129265,11
129266,6
129267,1
129268,6
129269,1
129270,11
129271,6
129272,13
129273,0
129274,1
129275,11
129276,12
129277,11
129278,13
129279,13
129330,11
129331,0
129332,1
129333,13
129334,1
129335,13
129336,0
129337,12
129338,6
129339,1
129480,11
129481,1
129482,1
129483,6
129484,13
129485,0
129486,9
129487,1
129488,1
129489,6
129490,11
129491,4
129492,0
129493,13
129494,12
129495,0
129496,9
129497,13
129498,13
129499,4
129500,0
129501,11
129502,13
129503,6
129504,6
129505,9
129506,0
129507,13
129508,13
129509,13
129510,13
129511,1
129512,9
129513,4
129514,0
129515,13
129516,9
129517,13
129518,12
129519,13
129520,1
129521,11
129522,11
129523,13
129524,6
129525,13
129526,1
129527,6
129528,13
129529,1
129700,0
129701,11
129702,13
129703,6
129704,12
129705,0
129706,0
129707,6
129708,13
129709,12
129710,13
129711,15
129712,13
129713,6
129714,13
129715,0
129716,11
129717,1
129718,6
129719,13
129720,13
129721,9
129722,0
129723,1
129724,0
129725,11
129726,11
129727,0
129728,1
129729,13
129730,9
129731,13
129732,9
129733,1
129734,0
129735,6
129736,0
129737,1
129738,1
129739,1
129740,13
129741,9
129742,6
129743,1
129744,0
129745,0
129746,6
129747,13
129748,13
129749,9
129830,13
129831,11
129832,1
129833,11
129834,1
129835,1
129836,13
129837,12
129838,11
129839,11
129840,13
129841,11
129842,1
129843,6
129844,12
129845,1
129846,1
129847,0
129848,1
129849,0
129890,11
129891,11
129892,6
129893,12
129894,13
129895,11
129896,11
129897,13
129898,13
129899,11
129900,11
129901,6
129902,13
129903,13
129904,12
129905,11
129906,13
129907,0
129908,13
129909,12
129910,1
129911,6
129912,6
129913,1
129914,4
129915,1
129916,1
129917,0
129918,13
129919,0
130010,11
130011,1
130012,6
130013,13
130014,6
130015,0
130016,6
130017,1
130018,13
130019,6
130030,11
130031,1
130032,13
130033,12
130034,1
130035,0
130036,13
130037,1
130038,13
130039,13
130120,13
130121,6
130122,15
130123,1
130124,6
130125,0
130126,1
130127,0
130128,6
130129,4
130130,0
130131,11
130132,1
130133,1
130134,1
130135,1
130136,13
130137,11
130138,11
130139,0
130180,13
130181,9
130182,14
130183,0
130184,6
130185,9
130186,6
130187,13
130188,1
130189,6
130190,1
130191,0
130192,1
130193,6
130194,13
130195,9
130196,11
130197,6
130198,1
130199,1
130200,6
130201,13
130202,1
130203,9
130204,0
130205,0
130206,13
130207,0
130208,6
130209,6
130210,11
130211,6
130212,1
130213,0
130214,1
130215,1
130216,15
130217,0
130218,1
130219,11
130290,13
130291,9
130292,1
130293,6
130294,11
130295,0
130296,0
130297,1
130298,1
130299,1
130300,9
130301,9
130302,0
130303,6
130304,13
130305,1
130306,13
130307,1
130308,0
130309,6
130310,6
130311,9
130312,0
130313,0
130314,13
130315,0
130316,1
130317,0
130318,13
130319,6
130480,9
130481,13
130482,6
130483,0
130484,1
130485,9
130486,4
130487,13
130488,13
130489,11
130490,0
130491,9
130492,13
130493,1
130494,6
130495,9
130496,9
130497,13
130498,13
130499,6
130530,6
130531,1
130532,13
130533,0
130534,9
130535,13
130536,13
130537,1
130538,13
130539,0
130540,0
130541,13
130542,6
130543,9
130544,13
130545,0
130546,13
130547,1
130548,1
130549,11
130660,1
130661,11
130662,4
130663,1
130664,0
130665,0
130666,6
130667,13
130668,13
130669,13
130670,0
130671,0
130672,1
130673,1
130674,6
130675,13
130676,1
130677,6
130678,6
130679,1
130720,13
130721,9
130722,0
130723,13
130724,6
130725,1
130726,11
130727,9
130728,12
130729,6
130730,0
130731,11
130732,13
130733,6
130734,13
130735,13
130736,6
130737,9
130738,15
130739,1
130890,11
130891,6
130892,6
130893,12
130894,13
130895,0
130896,1
130897,6
130898,12
130899,0
130900,0
130901,13
130902,12
130903,1
130904,4
130905,6
130906,1
130907,13
130908,0
130909,12
130940,6
130941,0
130942,1
130943,1
130944,12
130945,0
130946,1
130947,13
130948,6
130949,0
131000,0
131001,13
131002,12
131003,4
131004,1
131005,9
131006,6
131007,12
131008,6
131009,0
131010,4
131011,13
131012,1
131013,0
131014,12
131015,0
131016,0
131017,1
131018,11
131019,1
131060,13
131061,1
131062,13
131063,0
131064,1
131065,0
131066,12
131067,1
131068,13
131069,1
131090,12
131091,0
131092,13
131093,1
131094,12
131095,1
131096,0
131097,1
131098,0
131099,1
131100,0
131101,6
131102,13
131103,13
131104,1
131105,0
131106,1
131107,1
131108,6
131109,12
131110,6
131111,6
131112,6
131113,13
131114,0
131115,1
131116,11
131117,0
131118,12
131119,13
131120,13
131121,13
131122,0
131123,6
131124,6
131125,6
131126,4
131127,0
131128,6
131129,1
131180,6
131181,6
131182,1
131183,13
131184,6
131185,0
131186,1
131187,13
131188,13
131189,13
131190,1
131191,13
131192,11
131193,13
131194,4
131195,9
131196,4
131197,4
131198,13
131199,13
131290,11
131291,12
131292,6
131293,11
131294,13
131295,1
131296,0
131297,1
131298,13
131299,11
131300,1
131301,0
131302,6
131303,13
131304,1
131305,0
131306,13
131307,13
131308,0
131309,12
131340,11
131341,0
131342,0
131343,11
131344,13
131345,13
131346,6
131347,11
131348,12
131349,13
131350,11
131351,0
131352,11
131353,13
131354,13
131355,0
131356,0
131357,13
131358,13
131359,1
131360,11
131361,12
131362,0
131363,6
131364,6
131365,1
131366,0
131367,11
131368,6
131369,12
131530,0
131531,13
131532,13
131533,13
131534,1
131535,13
131536,12
131537,13
131538,1
131539,13
131670,11
131671,0
131672,13
131673,6
131674,1
131675,1
131676,13
131677,15
131678,13
131679,6
131680,0
131681,11
131682,13
131683,12
131684,4
131685,0
131686,11
131687,12
131688,6
131689,0
131690,0
131691,1
131692,11
131693,6
131694,12
131695,15
131696,11
131697,6
131698,1
131699,1
131770,11
131771,1
131772,13
131773,13
131774,13
131775,0
131776,11
131777,1
131778,0
131779,6
131880,11
131881,11
131882,6
131883,1
131884,0
131885,1
131886,13
131887,0
131888,6
131889,13
131890,1
131891,0
131892,1
131893,13
131894,12
131895,0
131896,1
131897,0
131898,13
131899,1
131900,11
131901,0
131902,4
131903,13
131904,12
131905,11
131906,12
131907,12
131908,13
131909,8
132190,0
132191,0
132192,4
132193,1
132194,1
132195,1
132196,1
132197,12
132198,0
132199,13
132220,0
132221,6
132222,6
132223,13
132224,1
132225,0
132226,6
132227,13
132228,12
132229,0
132230,11
132231,11
132232,6
132233,1
132234,1
132235,1
132236,9
132237,4
132238,6
132239,11
132240,0
132241,6
132242,13
132243,1
132244,1
132245,1
132246,6
132247,13
132248,13
132249,6
132330,0
132331,6
132332,1
132333,11
132334,13
132335,1
132336,6
132337,0
132338,13
132339,12
132410,13
132411,13
132412,13
132413,12
132414,13
132415,1
132416,13
132417,0
132418,1
132419,13
132420,6
132421,6
132422,13
132423,1
132424,13
132425,13
132426,6
132427,0
132428,13
132429,1
132430,13
132431,0
132432,1
132433,13
132434,0
132435,0
132436,0
132437,0
132438,13
132439,1
132440,0
132441,13
132442,0
132443,0
132444,4
132445,11
132446,13
132447,0
132448,13
132449,12
132450,0
132451,1
132452,1
132453,12
132454,6
132455,1
132456,9
132457,4
132458,0
132459,13
132510,11
132511,11
132512,15
132513,1
132514,6
132515,13
132516,0
132517,1
132518,11
132519,12
132670,0
132671,11
132672,13
132673,13
132674,13
132675,13
132676,6
132677,0
132678,13
132679,12
132770,0
132771,13
132772,6
132773,6
132774,1
132775,6
132776,13
132777,1
132778,6
132779,1
132780,0
132781,1
132782,1
132783,12
132784,1
132785,6
132786,6
132787,12
132788,6
132789,6
132790,0
132791,11
132792,13
132793,6
132794,12
132795,0
132796,11
132797,13
132798,6
132799,6
132800,13
132801,1
132802,0
132803,1
132804,12
132805,6
132806,11
132807,0
132808,13
132809,1
132810,6
132811,6
132812,0
132813,1
132814,12
132815,13
132816,0
132817,1
132818,13
132819,1
132820,0
132821,0
132822,12
132823,6
132824,6
132825,11
132826,12
132827,12
132828,6
132829,13
132930,0
132931,0
132932,6
132933,1
132934,13
132935,11
132936,13
132937,1
132938,12
132939,0
132940,13
132941,11
132942,4
132943,6
132944,13
132945,0
132946,4
132947,6
132948,6
132949,13
132950,0
132951,13
132952,11
132953,11
132954,13
132955,13
132956,0
132957,1
132958,12
132959,11
132960,1
132961,6
132962,12
132963,11
132964,13
132965,1
132966,0
132967,1
132968,6
132969,6
132970,4
132971,13
132972,13
132973,1
132974,12
132975,13
132976,13
132977,0
132978,11
132979,6
132980,13
132981,0
132982,4
132983,1
132984,1
132985,13
132986,12
132987,13
132988,0
132989,1
132990,0
132991,13
132992,6
132993,12
132994,11
132995,0
132996,13
132997,13
132998,11
132999,13
133000,6
133001,11
133002,15
133003,1
133004,13
133005,13
133006,1
133007,11
133008,13
133009,1
133200,13
133201,13
133202,11
133203,13
133204,1
133205,0
133206,0
133207,13
133208,1
133209,4
133210,15
133211,13
133212,11
133213,1
133214,12
133215,6
133216,15
133217,13
133218,0
133219,1
133220,13
133221,11
133222,13
133223,12
133224,12
133225,11
133226,11
133227,13
133228,12
133229,6
133330,0
133331,13
133332,11
133333,0
133334,6
133335,0
133336,12
133337,0
133338,6
133339,9
133340,13
133341,1
133342,6
133343,13
133344,6
133345,1
133346,6
133347,13
133348,9
133349,6
133350,6
133351,11
133352,6
133353,12
133354,13
133355,6
133356,11
133357,13
133358,6
133359,13
133420,11
133421,0
133422,6
133423,13
133424,12
133425,11
133426,11
133427,9
133428,9
133429,6
133480,11
133481,12
133482,6
133483,12
133484,13
133485,13
133486,11
133487,0
133488,11
133489,13
133490,11
133491,11
133492,12
133493,1
133494,6
133495,11
133496,0
133497,13
133498,6
133499,11
133500,6
133501,13
133502,13
133503,1
133504,11
133505,0
133506,13
133507,13
133508,12
133509,6
133510,15
133511,6
133512,1
133513,0
133514,13
133515,6
133516,13
133517,0
133518,12
133519,1
133520,15
133521,1
133522,1
133523,11
133524,6
133525,11
133526,6
133527,13
133528,11
133529,1
133530,0
133531,0
133532,11
133533,6
133534,15
133535,0
133536,13
133537,0
133538,12
133539,6
133590,1
133591,6
133592,11
133593,12
133594,6
133595,13
133596,6
133597,6
133598,1
133599,13
133600,0
133601,0
133602,6
133603,12
133604,1
133605,9
133606,6
133607,0
133608,13
133609,13
133610,11
133611,11
133612,6
133613,4
133614,12
133615,9
133616,13
133617,0
133618,6
133619,13
133620,6
133621,13
133622,6
133623,6
133624,6
133625,6
133626,11
133627,6
133628,12
133629,11
133630,15
133631,1
133632,9
133633,4
133634,6
133635,11
133636,0
133637,4
133638,13
133639,1
133660,6
133661,13
133662,0
133663,6
133664,12
133665,11
133666,0
133667,6
133668,1
133669,13
133670,0
133671,9
133672,13
133673,6
133674,1
133675,13
133676,4
133677,4
133678,13
133679,6
133920,11
133921,13
133922,13
133923,11
133924,11
133925,12
133926,0
133927,6
133928,12
133929,13
133930,1
133931,13
133932,13
133933,9
133934,13
133935,1
133936,9
133937,6
133938,6
133939,6
133940,13
133941,0
133942,1
133943,1
133944,4
133945,13
133946,1
133947,13
133948,6
133949,9
133950,0
133951,12
133952,13
133953,1
133954,6
133955,15
133956,13
133957,11
133958,14
133959,4
133960,0
133961,1
133962,4
133963,12
133964,13
133965,15
133966,0
133967,6
133968,4
133969,0
133970,9
133971,6
133972,1
133973,13
133974,0
133975,15
133976,13
133977,0
133978,13
133979,6
133980,6
133981,13
133982,9
133983,1
133984,0
133985,1
133986,13
133987,0
133988,6
133989,6
134130,4
134131,13
134132,13
134133,0
134134,1
134135,1
134136,0
134137,1
134138,6
134139,13
134140,0
134141,1
134142,1
134143,4
134144,13
134145,13
134146,9
134147,1
134148,0
134149,6
134150,4
134151,11
134152,0
134153,13
134154,13
134155,9
134156,6
134157,6
134158,13
134159,6
134160,13
134161,0
134162,0
134163,1
134164,6
134165,9
134166,1
134167,6
134168,0
134169,4
134170,12
134171,11
134172,0
134173,6
134174,6
134175,11
134176,11
134177,0
134178,13
134179,4
134180,12
134181,11
134182,11
134183,0
134184,13
134185,11
134186,1
134187,15
134188,11
134189,15
134190,11
134191,0
134192,6
134193,6
134194,12
134195,13
134196,1
134197,0
134198,12
134199,0
134280,0
134281,1
134282,1
134283,12
134284,6
134285,0
134286,1
134287,12
134288,6
134289,1
134290,13
134291,13
134292,0
134293,13
134294,12
134295,11
134296,13
134297,0
134298,0
134299,12
134460,11
134461,1
134462,13
134463,1
134464,6
134465,11
134466,13
134467,1
134468,13
134469,6
134470,6
134471,13
134472,0
134473,1
134474,12
134475,1
134476,0
134477,1
134478,0
134479,13
134480,1
134481,11
134482,0
134483,12
134484,12
134485,11
134486,1
134487,13
134488,13
134489,13
134490,11
134491,13
134492,4
134493,0
134494,1
134495,13
134496,13
134497,13
134498,4
134499,13
134630,9
134631,13
134632,6
134633,0
134634,1
134635,0
134636,0
134637,13
134638,1
134639,4
134640,11
134641,1
134642,15
134643,13
134644,6
134645,0
134646,6
134647,13
134648,11
134649,6
134800,0
134801,4
134802,1
134803,0
134804,13
134805,13
134806,0
134807,13
134808,13
134809,6
134810,9
134811,0
134812,4
134813,12
134814,6
134815,13
134816,13
134817,0
134818,0
134819,12
134820,8
134821,11
134822,13
134823,6
134824,1
134825,11
134826,11
134827,11
134828,1
134829,6
134850,11
134851,0
134852,6
134853,6
134854,13
134855,13
134856,11
134857,13
134858,13
134859,6
134860,1
134861,1
134862,0
134863,6
134864,13
134865,15
134866,13
134867,15
134868,0
134869,6
134870,1
134871,11
134872,6
134873,11
134874,13
134875,0
134876,0
134877,13
134878,13
134879,6
134890,13
134891,4
134892,6
134893,1
134894,6
134895,9
134896,12
134897,6
134898,0
134899,13
134900,13
134901,1
134902,6
134903,12
134904,0
134905,9
134906,0
134907,13
134908,6
134909,12
134950,0
134951,13
134952,13
134953,1
134954,12
134955,4
134956,6
134957,4
134958,0
134959,1
135080,13
135081,8
135082,12
135083,11
135084,4
135085,13
135086,11
135087,11
135088,13
135089,12
135100,0
135101,6
135102,1
135103,6
135104,12
135105,11
135106,1
135107,0
135108,13
135109,11
135110,0
135111,13
135112,1
135113,6
135114,6
135115,9
135116,13
135117,0
135118,1
135119,4
135200,0
135201,6
135202,1
135203,0
135204,6
135205,0
135206,1
135207,6
135208,6
135209,13
135210,0
135211,1
135212,13
135213,1
135214,6
135215,0
135216,4
135217,1
135218,13
135219,13
135250,11
135251,1
135252,6
135253,1
135254,6
135255,0
135256,11
135257,1
135258,6
135259,12
135260,0
135261,6
135262,1
135263,6
135264,13
135265,0
135266,1
135267,9
135268,6
135269,13
135350,1
135351,0
135352,4
135353,1
135354,12
135355,1
135356,1
135357,0
135358,1
135359,12
135360,0
135361,13
135362,0
135363,6
135364,13
135365,11
135366,11
135367,13
135368,12
135369,6
135420,11
135421,15
135422,0
135423,12
135424,6
135425,11
135426,13
135427,11
135428,1
135429,6
135430,11
135431,6
135432,0
135433,12
135434,12
135435,11
135436,11
135437,11
135438,12
135439,13
135440,1
135441,11
135442,1
135443,13
135444,12
135445,0
135446,1
135447,1
135448,0
135449,12
135450,11
135451,1
135452,0
135453,1
135454,12
135455,0
135456,1
135457,6
135458,13
135459,12
135460,6
135461,13
135462,1
135463,0
135464,6
135465,1
135466,1
135467,13
135468,0
135469,0
135470,11
135471,0
135472,6
135473,6
135474,1
135475,1
135476,11
135477,11
135478,13
135479,13
135530,4
135531,6
135532,6
135533,0
135534,6
135535,9
135536,0
135537,13
135538,1
135539,6
135540,0
135541,4
135542,13
135543,4
135544,1
135545,11
135546,1
135547,13
135548,15
135549,6
135550,6
135551,6
135552,11
135553,13
135554,6
135555,9
135556,11
135557,1
135558,6
135559,13
135590,1
135591,13
135592,6
135593,0
135594,6
135595,0
135596,1
135597,1
135598,12
135599,6
135600,13
135601,13
135602,1
135603,6
135604,13
135605,0
135606,13
135607,0
135608,12
135609,12
135610,6
135611,12
135612,6
135613,11
135614,11
135615,6
135616,13
135617,4
135618,13
135619,13
135840,0
135841,11
135842,13
135843,1
135844,4
135845,1
135846,0
135847,6
135848,13
135849,6
135850,0
135851,9
135852,0
135853,13
135854,4
135855,12
135856,0
135857,1
135858,6
135859,13
136050,6
136051,13
136052,1
136053,1
136054,6
136055,1
136056,0
136057,1
136058,6
136059,13
136060,6
136061,13
136062,1
136063,1
136064,13
136065,1
136066,13
136067,12
136068,13
136069,6
136070,6
136071,4
136072,11
136073,12
136074,0
136075,11
136076,0
136077,6
136078,12
136079,13
136140,1
136141,1
136142,0
136143,1
136144,12
136145,9
136146,6
136147,1
136148,0
136149,0
136190,1
136191,0
136192,1
136193,1
136194,13
136195,0
136196,12
136197,12
136198,0
136199,13
136200,4
136201,1
136202,12
136203,0
136204,13
136205,11
136206,11
136207,0
136208,6
136209,1
136210,1
136211,0
136212,13
136213,12
136214,6
136215,11
136216,11
136217,1
136218,6
136219,12
136300,13
136301,12
136302,0
136303,13
136304,6
136305,0
136306,1
136307,0
136308,12
136309,12
136360,11
136361,11
136362,1
136363,13
136364,1
136365,11
136366,6
136367,1
136368,1
136369,1
136400,13
136401,12
136402,0
136403,6
136404,12
136405,13
136406,6
136407,12
136408,9
136409,12
136650,1
136651,11
136652,13
136653,1
136654,12
136655,11
136656,6
136657,1
136658,6
136659,13
136660,13
136661,0
136662,12
136663,0
136664,4
136665,0
136666,13
136667,6
136668,6
136669,13
136670,13
136671,4
136672,13
136673,0
136674,12
136675,13
136676,11
136677,13
136678,6
136679,0
136680,15
136681,13
136682,13
136683,12
136684,1
136685,9
136686,0
136687,13
136688,6
136689,6
136690,0
136691,13
136692,6
136693,15
136694,1
136695,0
136696,1
136697,6
136698,15
136699,13
136730,6
136731,6
136732,11
136733,13
136734,6
136735,4
136736,0
136737,11
136738,1
136739,0
136740,14
136741,6
136742,11
136743,7
136744,13
136745,4
136746,13
136747,9
136748,1
136749,6
136750,13
136751,11
136752,13
136753,6
136754,6
136755,0
136756,4
136757,0
136758,13
136759,6
137000,4
137001,13
137002,1
137003,0
137004,12
137005,9
137006,6
137007,13
137008,0
137009,12
137050,0
137051,15
137052,13
137053,6
137054,1
137055,0
137056,0
137057,1
137058,6
137059,13
137060,6
137061,15
137062,1
137063,13
137064,0
137065,4
137066,0
137067,13
137068,1
137069,13
137070,14
137071,11
137072,12
137073,13
137074,13
137075,0
137076,4
137077,11
137078,12
137079,13
137130,0
137131,13
137132,0
137133,4
137134,6
137135,9
137136,1
137137,13
137138,0
137139,6
137280,11
137281,13
137282,12
137283,6
137284,13
137285,13
137286,13
137287,0
137288,12
137289,6
137350,0
137351,11
137352,1
137353,12
137354,6
137355,6
137356,1
137357,1
137358,1
137359,1
137360,1
137361,0
137362,6
137363,13
137364,12
137365,1
137366,12
137367,6
137368,11
137369,6
137370,0
137371,12
137372,11
137373,6
137374,13
137375,0
137376,0
137377,1
137378,6
137379,13
137380,15
137381,0
137382,11
137383,12
137384,13
137385,0
137386,1
137387,11
137388,1
137389,1
137390,4
137391,0
137392,13
137393,12
137394,13
137395,1
137396,13
137397,12
137398,6
137399,0
137400,15
137401,0
137402,13
137403,13
137404,13
137405,0
137406,1
137407,1
137408,13
137409,12
137630,0
137631,1
137632,12
137633,6
137634,0
137635,1
137636,1
137637,1
137638,12
137639,0
137640,13
137641,12
137642,6
137643,12
137644,13
137645,6
137646,6
137647,13
137648,12
137649,1
137650,11
137651,0
137652,1
137653,6
137654,12
137655,0
137656,13
137657,6
137658,6
137659,12
137980,6
137981,13
137982,6
137983,0
137984,6
137985,0
137986,1
137987,6
137988,1
137989,13
137990,11
137991,6
137992,6
137993,6
137994,11
137995,13
137996,0
137997,6
137998,1
137999,15
138000,0
138001,1
138002,11
138003,13
138004,0
138005,4
138006,6
138007,6
138008,13
138009,0
138030,13
138031,13
138032,0
138033,8
138034,0
138035,13
138036,11
138037,6
138038,12
138039,13
138040,15
138041,1
138042,0
138043,6
138044,1
138045,7
138046,6
138047,1
138048,13
138049,13
138070,0
138071,1
138072,13
138073,6
138074,13
138075,0
138076,13
138077,13
138078,6
138079,4
138080,11
138081,12
138082,13
138083,12
138084,6
138085,13
138086,11
138087,13
138088,0
138089,11
138460,13
138461,11
138462,0
138463,11
138464,0
138465,13
138466,11
138467,1
138468,1
138469,12
138470,11
138471,0
138472,12
138473,13
138474,0
138475,12
138476,11
138477,13
138478,6
138479,12
138480,0
138481,11
138482,13
138483,12
138484,12
138485,11
138486,6
138487,12
138488,13
138489,1
138570,11
138571,1
138572,6
138573,12
138574,6
138575,0
138576,13
138577,0
138578,6
138579,1
138580,13
138581,11
138582,6
138583,0
138584,1
138585,0
138586,13
138587,1
138588,13
138589,13
138680,13
138681,12
138682,6
138683,11
138684,13
138685,0
138686,0
138687,12
138688,13
138689,6
138690,1
138691,6
138692,0
138693,1
138694,1
138695,0
138696,13
138697,13
138698,6
138699,6
138780,13
138781,6
138782,6
138783,12
138784,0
138785,0
138786,6
138787,12
138788,11
138789,13
138790,9
138791,1
138792,13
138793,0
138794,13
138795,0
138796,13
138797,6
138798,1
138799,12
138800,0
138801,9
138802,6
138803,6
138804,1
138805,1
138806,13
138807,6
138808,0
138809,6
138890,0
138891,1
138892,1
138893,1
138894,12
138895,13
138896,13
138897,1
138898,12
138899,0
138930,0
138931,6
138932,13
138933,1
138934,6
138935,6
138936,1
138937,6
138938,1
138939,6
138940,0
138941,15
138942,13
138943,6
138944,1
138945,0
138946,6
138947,12
138948,13
138949,6
138950,0
138951,13
138952,11
138953,0
138954,13
138955,0
138956,12
138957,13
138958,0
138959,12
138970,0
138971,6
138972,13
138973,1
138974,12
138975,0
138976,15
138977,13
138978,13
138979,6
138990,13
138991,13
138992,4
138993,12
138994,1
138995,0
138996,6
138997,0
138998,13
138999,1
139060,12
139061,11
139062,13
139063,0
139064,6
139065,6
139066,11
139067,11
139068,11
139069,11
139200,4
139201,1
139202,1
139203,6
139204,1
139205,1
139206,6
139207,13
139208,13
139209,13
139220,0
139221,6
139222,1
139223,12
139224,12
139225,0
139226,1
139227,13
139228,4
139229,12
139230,11
139231,0
139232,13
139233,12
139234,1
139235,1
139236,0
139237,13
139238,15
139239,12
139300,0
139301,12
139302,13
139303,12
139304,13
139305,11
139306,0
139307,13
139308,6
139309,13
139310,13
139311,11
139312,13
139313,6
139314,1
139315,13
139316,0
139317,1
139318,1
139319,12
139460,11
139461,11
139462,6
139463,13
139464,13
139465,13
139466,11
139467,12
139468,0
139469,12
139520,6
139521,6
139522,11
139523,15
139524,1
139525,11
139526,6
139527,1
139528,6
139529,13
139530,0
139531,0
139532,13
139533,6
139534,6
139535,11
139536,13
139537,4
139538,13
139539,6
139560,6
139561,14
139562,6
139563,15
139564,1
139565,0
139566,1
139567,1
139568,13
139569,0
139570,0
139571,11
139572,13
139573,13
139574,13
139575,11
139576,11
139577,0
139578,6
139579,12
139580,0
139581,15
139582,6
139583,12
139584,1
139585,1
139586,13
139587,6
139588,13
139589,6
139590,0
139591,0
139592,13
139593,13
139594,1
139595,13
139596,6
139597,6
139598,0
139599,6
139600,12
139601,0
139602,11
139603,13
139604,12
139605,0
139606,11
139607,6
139608,12
139609,6
139660,13
139661,1
139662,0
139663,0
139664,1
139665,0
139666,13
139667,1
139668,6
139669,6
139670,9
139671,11
139672,6
139673,11
139674,11
139675,0
139676,13
139677,6
139678,12
139679,13
139710,0
139711,13
139712,1
139713,6
139714,13
139715,0
139716,1
139717,13
139718,15
139719,6
139720,1
139721,0
139722,1
139723,1
139724,1
139725,6
139726,13
139727,11
139728,6
139729,6
139730,1
139731,0
139732,1
139733,1
139734,6
139735,15
139736,1
139737,0
139738,0
139739,1
139800,13
139801,1
139802,1
139803,6
139804,6
139805,0
139806,0
139807,6
139808,13
139809,12
139880,0
139881,6
139882,0
139883,12
139884,1
139885,13
139886,6
139887,12
139888,6
139889,6
140010,0
140011,0
140012,13
140013,6
140014,12
140015,13
140016,11
140017,6
140018,0
140019,12
140020,0
140021,0
140022,13
140023,6
140024,1
140025,0
140026,6
140027,12
140028,1
140029,13
140090,0
140091,0
140092,13
140093,13
140094,6
140095,6
140096,0
140097,11
140098,12
140099,12
140100,0
140101,1
140102,13
140103,13
140104,1
140105,13
140106,4
140107,1
140108,0
140109,12
140330,1
140331,13
140332,13
140333,0
140334,1
140335,13
140336,6
140337,6
140338,6
140339,6
140430,13
140431,6
140432,13
140433,9
140434,0
140435,0
140436,13
140437,6
140438,0
140439,1
140440,0
140441,1
140442,9
140443,13
140444,12
140445,1
140446,13
140447,0
140448,1
140449,13
140450,9
140451,0
140452,12
140453,13
140454,12
140455,1
140456,0
140457,1
140458,6
140459,12
140460,11
140461,4
140462,13
140463,12
140464,0
140465,15
140466,4
140467,6
140468,0
140469,13
140490,0
140491,13
140492,0
140493,13
140494,1
140495,0
140496,0
140497,1
140498,6
140499,13
140500,11
140501,11
140502,1
140503,13
140504,12
140505,1
140506,13
140507,0
140508,1
140509,12
140510,0
140511,13
140512,1
140513,13
140514,1
140515,11
140516,0
140517,13
140518,6
140519,6
140640,1
140641,0
140642,13
140643,11
140644,6
140645,13
140646,15
140647,0
140648,13
140649,6
140800,0
140801,1
140802,6
140803,1
140804,0
140805,6
140806,14
140807,6
140808,11
140809,6
140850,0
140851,13
140852,12
140853,12
140854,12
140855,0
140856,1
140857,0
140858,13
140859,13
140860,0
140861,12
140862,13
140863,13
140864,12
140865,0
140866,6
140867,11
140868,13
140869,13
140870,13
140871,6
140872,1
140873,0
140874,1
140875,0
140876,11
140877,4
140878,13
140879,12
140970,0
140971,1
140972,12
140973,6
140974,6
140975,0
140976,1
140977,12
140978,0
140979,6
140980,12
140981,0
140982,13
140983,13
140984,12
140985,0
140986,0
140987,13
140988,13
140989,12
140990,9
140991,11
140992,12
140993,0
140994,1
140995,0
140996,1
140997,6
140998,0
140999,12
141070,13
141071,1
141072,15
141073,13
141074,0
141075,13
141076,13
141077,15
141078,13
141079,6
141370,13
141371,0
141372,1
141373,13
141374,12
141375,15
141376,0
141377,12
141378,6
141379,12
141380,6
141381,6
141382,13
141383,6
141384,6
141385,1
141386,0
141387,0
141388,6
141389,0
141390,0
141391,1
141392,13
141393,6
141394,0
141395,1
141396,0
141397,6
141398,13
141399,0
141510,9
141511,0
141512,1
141513,6
141514,6
141515,6
141516,0
141517,1
141518,12
141519,0
141670,12
141671,13
141672,11
141673,4
141674,12
141675,13
141676,6
141677,13
141678,13
141679,0
141680,11
141681,1
141682,13
141683,0
141684,6
141685,6
141686,0
141687,0
141688,1
141689,13
141690,11
141691,13
141692,12
141693,6
141694,12
141695,11
141696,13
141697,6
141698,11
141699,11
141740,0
141741,0
141742,1
141743,6
141744,6
141745,13
141746,15
141747,0
141748,1
141749,6
141750,6
141751,4
141752,13
141753,0
141754,0
141755,0
141756,13
141757,14
141758,6
141759,13
141900,11
141901,11
141902,0
141903,6
141904,12
141905,0
141906,1
141907,6
141908,0
141909,12
141980,0
141981,1
141982,0
141983,1
141984,13
141985,13
141986,15
141987,12
141988,13
141989,13
141990,0
141991,11
141992,13
141993,6
141994,12
141995,0
141996,11
141997,0
141998,11
141999,12
142060,0
142061,0
142062,0
142063,12
142064,13
142065,0
142066,13
142067,13
142068,1
142069,6
142070,11
142071,12
142072,13
142073,12
142074,6
142075,15
142076,11
142077,13
142078,0
142079,1
142080,1
142081,13
142082,13
142083,6
142084,6
142085,13
142086,11
142087,0
142088,1
142089,6
142110,6
142111,13
142112,0
142113,1
142114,6
142115,15
142116,0
142117,13
142118,6
142119,1
142160,0
142161,11
142162,6
142163,13
142164,1
142165,0
142166,11
142167,1
142168,6
142169,13
142190,15
142191,1
142192,0
142193,1
142194,1
142195,0
142196,15
142197,13
142198,13
142199,15
142270,13
142271,0
142272,1
142273,15
142274,1
142275,11
142276,11
142277,11
142278,12
142279,6
142440,13
142441,11
142442,0
142443,13
142444,6
142445,6
142446,6
142447,11
142448,6
142449,6
142450,6
142451,13
142452,1
142453,6
142454,11
142455,6
142456,15
142457,13
142458,6
142459,13
142490,11
142491,6
142492,0
142493,12
142494,12
142495,0
142496,11
142497,12
142498,12
142499,12
142500,6
142501,6
142502,1
142503,0
142504,1
142505,1
142506,6
142507,0
142508,13
142509,12
142510,6
142511,0
142512,1
142513,0
142514,13
142515,0
142516,6
142517,0
142518,1
142519,6
142520,0
142521,11
142522,13
142523,0
142524,6
142525,13
142526,0
142527,6
142528,13
142529,13
142530,11
142531,13
142532,6
142533,0
142534,1
142535,1
142536,0
142537,13
142538,6
142539,13
142570,1
142571,1
142572,14
142573,14
142574,1
142575,6
142576,1
142577,13
142578,11
142579,12
142600,13
142601,0
142602,1
142603,12
142604,6
142605,0
142606,1
142607,13
142608,1
142609,12
142610,0
142611,0
142612,13
142613,4
142614,6
142615,13
142616,13
142617,0
142618,12
142619,1
142700,1
142701,1
142702,0
142703,0
142704,6
142705,11
142706,6
142707,13
142708,12
142709,0
142710,11
142711,0
142712,12
142713,12
142714,12
142715,0
142716,11
142717,13
142718,13
142719,13
142720,6
142721,1
142722,9
142723,9
142724,12
142725,1
142726,0
142727,13
142728,9
142729,4
142730,6
142731,0
142732,13
142733,1
142734,9
142735,0
142736,6
142737,13
142738,9
142739,6
142740,6
142741,1
142742,13
142743,12
142744,9
142745,11
142746,0
142747,6
142748,9
142749,12
142870,0
142871,0
142872,0
142873,13
142874,1
142875,6
142876,9
142877,13
142878,0
142879,1
142880,0
142881,1
142882,11
142883,1
142884,13
142885,1
142886,11
142887,12
142888,6
142889,12
142890,0
142891,11
142892,12
142893,4
142894,1
142895,1
142896,6
142897,9
142898,0
142899,12
142900,0
142901,1
142902,11
142903,6
142904,1
142905,0
142906,12
142907,1
142908,11
142909,13
142910,0
142911,13
142912,6
142913,6
142914,6
142915,0
142916,13
142917,1
142918,6
142919,12
142920,13
142921,0
142922,0
142923,1
142924,12
142925,1
142926,0
142927,9
142928,12
142929,13
142930,0
142931,13
142932,1
142933,1
142934,12
142935,11
142936,13
142937,13
142938,6
142939,6
142990,1
142991,0
142992,1
142993,1
142994,6
142995,1
142996,13
142997,6
142998,13
142999,13
143000,6
143001,6
143002,11
143003,6
143004,6
143005,0
143006,6
143007,1
143008,6
143009,6
143080,13
143081,11
143082,1
143083,13
143084,0
143085,11
143086,13
143087,0
143088,6
143089,1
143110,13
143111,6
143112,13
143113,0
143114,0
143115,0
143116,0
143117,0
143118,1
143119,1
143120,6
143121,6
143122,15
143123,6
143124,6
143125,11
143126,0
143127,1
143128,13
143129,6
143130,9
143131,12
143132,13
143133,1
143134,13
143135,13
143136,13
143137,13
143138,0
143139,12
143140,0
143141,6
143142,6
143143,6
143144,6
143145,0
143146,0
143147,6
143148,0
143149,15
143310,1
143311,11
143312,1
143313,6
143314,13
143315,6
143316,13
143317,11
143318,6
143319,1
143320,1
143321,9
143322,6
143323,13
143324,0
143325,9
143326,13
143327,1
143328,13
143329,6
143330,11
143331,13
143332,0
143333,6
143334,12
143335,12
143336,6
143337,13
143338,13
143339,11
143340,13
143341,1
143342,0
143343,13
143344,6
143345,13
143346,6
143347,11
143348,6
143349,12
143400,11
143401,13
143402,13
143403,6
143404,12
143405,13
143406,11
143407,11
143408,11
143409,0
143760,0
143761,6
143762,1
143763,13
143764,1
143765,0
143766,15
143767,13
143768,13
143769,1
143770,1
143771,6
143772,13
143773,0
143774,6
143775,15
143776,0
143777,13
143778,6
143779,12
143780,15
143781,11
143782,6
143783,13
143784,14
143785,0
143786,13
143787,15
143788,1
143789,13
143850,6
143851,0
143852,1
143853,1
143854,13
143855,4
143856,0
143857,13
143858,13
143859,6
143890,9
143891,13
143892,6
143893,1
143894,0
143895,0
143896,13
143897,13
143898,13
143899,0
143910,1
143911,0
143912,1
143913,13
143914,6
143915,0
143916,1
143917,6
143918,13
143919,13
143960,1
143961,0
143962,6
143963,13
143964,13
143965,0
143966,0
143967,1
143968,6
143969,12
144030,13
144031,6
144032,6
144033,1
144034,6
144035,13
144036,1
144037,1
144038,4
144039,0
144070,0
144071,12
144072,1
144073,13
144074,6
144075,0
144076,1
144077,13
144078,0
144079,0
144080,13
144081,9
144082,1
144083,6
144084,6
144085,4
144086,0
144087,6
144088,0
144089,1
144090,0
144091,0
144092,13
144093,1
144094,0
144095,0
144096,6
144097,11
144098,1
144099,6
144110,11
144111,6
144112,11
144113,12
144114,13
144115,11
144116,0
144117,12
144118,1
144119,6
144200,12
144201,13
144202,4
144203,0
144204,1
144205,1
144206,1
144207,0
144208,6
144209,12
144290,13
144291,11
144292,0
144293,6
144294,6
144295,0
144296,13
144297,12
144298,13
144299,12
144360,1
144361,1
144362,15
144363,13
144364,13
144365,15
144366,1
144367,0
144368,13
144369,1
144370,0
144371,11
144372,1
144373,13
144374,1
144375,15
144376,0
144377,1
144378,14
144379,1
144380,0
144381,12
144382,6
144383,0
144384,13
144385,0
144386,14
144387,6
144388,0
144389,14
144390,7
144391,12
144392,4
144393,13
144394,6
144395,0
144396,6
144397,0
144398,0
144399,12
144550,0
144551,1
144552,6
144553,0
144554,6
144555,13
144556,6
144557,12
144558,6
144559,1
144570,11
144571,6
144572,1
144573,1
144574,13
144575,6
144576,0
144577,12
144578,1
144579,6
144580,1
144581,4
144582,11
144583,6
144584,12
144585,13
144586,0
144587,4
144588,4
144589,1
144610,6
144611,0
144612,13
144613,6
144614,12
144615,0
144616,1
144617,13
144618,1
144619,13
144620,13
144621,6
144622,13
144623,0
144624,4
144625,4
144626,0
144627,13
144628,14
144629,13
144740,1
144741,13
144742,4
144743,13
144744,13
144745,13
144746,0
144747,13
144748,0
144749,1
145030,0
145031,13
145032,1
145033,13
145034,1
145035,8
145036,8
145037,11
145038,8
145039,13
145040,11
145041,6
145042,12
145043,11
145044,8
145045,8
145046,6
145047,11
145048,13
145049,6
145110,13
145111,1
145112,1
145113,6
145114,13
145115,0
145116,13
145117,1
145118,12
145119,6
145120,1
145121,13
145122,6
145123,1
145124,0
145125,11
145126,6
145127,1
145128,13
145129,8
145130,1
145131,0
145132,13
145133,13
145134,13
145135,6
145136,0
145137,13
145138,1
145139,1
145140,0
145141,8
145142,0
145143,6
145144,1
145145,0
145146,1
145147,13
145148,1
145149,6
145150,13
145151,8
145152,8
145153,6
145154,1
145155,8
145156,13
145157,1
145158,1
145159,8
145160,6
145161,11
145162,11
145163,8
145164,8
145165,13
145166,11
145167,8
145168,6
145169,8
145220,11
145221,13
145222,1
145223,8
145224,1
145225,8
145226,6
145227,13
145228,6
145229,11
145230,8
145231,8
145232,11
145233,13
145234,8
145235,11
145236,13
145237,13
145238,13
145239,13
145240,11
145241,13
145242,8
145243,13
145244,8
145245,1
145246,6
145247,13
145248,0
145249,6
145590,1
145591,1
145592,6
145593,12
145594,11
145595,0
145596,0
145597,1
145598,6
145599,6
145640,8
145641,11
145642,13
145643,1
145644,6
145645,13
145646,6
145647,8
145648,0
145649,8
145730,13
145731,0
145732,15
145733,1
145734,14
145735,1
145736,1
145737,0
145738,15
145739,6
145740,1
145741,13
145742,13
145743,0
145744,6
145745,1
145746,0
145747,1
145748,1
145749,1
145940,11
145941,0
145942,11
145943,8
145944,6
145945,0
145946,6
145947,6
145948,1
145949,8
145950,0
145951,13
145952,1
145953,8
145954,0
145955,6
145956,11
145957,8
145958,1
145959,6
145960,11
145961,0
145962,8
145963,0
145964,11
145965,11
145966,8
145967,8
145968,8
145969,6
146040,11
146041,1
146042,13
146043,12
146044,6
146045,1
146046,11
146047,12
146048,1
146049,6
146050,0
146051,0
146052,8
146053,13
146054,12
146055,11
146056,13
146057,6
146058,12
146059,8
146060,6
146061,6
146062,1
146063,1
146064,6
146065,8
146066,13
146067,6
146068,0
146069,13
146070,6
146071,0
146072,6
146073,13
146074,6
146075,13
146076,0
146077,1
146078,6
146079,13
146100,11
146101,0
146102,6
146103,6
146104,1
146105,13
146106,13
146107,6
146108,6
146109,8
146200,0
146201,11
146202,6
146203,14
146204,6
146205,6
146206,11
146207,14
146208,0
146209,14
146210,0
146211,8
146212,6
146213,8
146214,6
146215,11
146216,0
146217,6
146218,6
146219,14
146230,0
146231,13
146232,15
146233,6
146234,1
146235,13
146236,0
146237,6
146238,13
146239,6
146370,1
146371,0
146372,8
146373,6
146374,13
146375,11
146376,1
146377,6
146378,12
146379,13
146380,8
146381,14
146382,8
146383,8
146384,13
146385,1
146386,11
146387,13
146388,8
146389,12
146410,8
146411,6
146412,8
146413,6
146414,8
146415,11
146416,0
146417,6
146418,11
146419,6
146460,11
146461,13
146462,8
146463,1
146464,6
146465,0
146466,8
146467,1
146468,11
146469,6
146470,8
146471,13
146472,8
146473,1
146474,13
146475,0
146476,13
146477,1
146478,1
146479,6
146590,6
146591,1
146592,13
146593,8
146594,11
146595,13
146596,0
146597,6
146598,6
146599,8
146600,13
146601,11
146602,6
146603,8
146604,0
146605,0
146606,13
146607,13
146608,6
146609,8
146610,0
146611,1
146612,6
146613,15
146614,13
146615,11
146616,6
146617,6
146618,0
146619,13
146690,11
146691,6
146692,0
146693,8
146694,8
146695,8
146696,0
146697,8
146698,6
146699,6
146710,8
146711,0
146712,13
146713,13
146714,6
146715,11
146716,15
146717,15
146718,1
146719,6
