No,Agent
100,3
101,2
102,2
103,3
104,10
105,3
106,2
107,5
108,10
109,10
110,10
111,10
112,10
113,10
114,2
115,0
116,10
117,10
118,2
119,12
220,10
221,10
222,10
223,7
224,10
225,10
226,4
227,10
228,10
229,10
230,10
231,10
232,10
233,10
234,3
235,10
236,10
237,10
238,10
239,10
240,3
241,2
242,10
243,3
244,2
245,10
246,10
247,5
248,3
249,10
270,10
271,10
272,10
273,10
274,10
275,10
276,10
277,5
278,10
279,10
280,10
281,10
282,10
283,10
284,10
285,10
286,10
287,10
288,10
289,7
340,10
341,10
342,10
343,10
344,14
345,3
346,10
347,10
348,5
349,10
350,10
351,10
352,10
353,4
354,2
355,10
356,3
357,10
358,10
359,10
620,10
621,3
622,3
623,3
624,2
625,10
626,10
627,10
628,3
629,3
630,10
631,10
632,10
633,10
634,10
635,10
636,10
637,10
638,3
639,10
640,10
641,10
642,10
643,2
644,2
645,2
646,2
647,10
648,10
649,10
870,10
871,10
872,10
873,10
874,10
875,10
876,10
877,10
878,10
879,7
880,10
881,10
882,10
883,14
884,14
885,10
886,10
887,10
888,10
889,10
930,10
931,10
932,10
933,10
934,10
935,10
936,10
937,10
938,10
939,10
960,10
961,3
962,3
963,10
964,10
965,10
966,10
967,3
968,3
969,3
970,10
971,10
972,10
973,10
974,10
975,10
976,10
977,10
978,10
979,10
1130,10
1131,10
1132,10
1133,10
1134,10
1135,10
1136,10
1137,10
1138,10
1139,10
1170,10
1171,10
1172,10
1173,10
1174,7
1175,10
1176,10
1177,10
1178,3
1179,7
1180,10
1181,10
1182,10
1183,10
1184,3
1185,10
1186,10
1187,10
1188,10
1189,1
1190,10
1191,10
1192,3
1193,3
1194,3
1195,10
1196,0
1197,3
1198,3
1199,10
1240,10
1241,3
1242,3
1243,3
1244,10
1245,10
1246,10
1247,2
1248,10
1249,10
1250,12
1251,10
1252,14
1253,3
1254,10
1255,10
1256,10
1257,10
1258,0
1259,10
1310,2
1311,3
1312,2
1313,10
1314,5
1315,2
1316,3
1317,2
1318,10
1319,3
1320,10
1321,2
1322,10
1323,10
1324,5
1325,10
1326,10
1327,10
1328,10
1329,2
1330,10
1331,10
1332,10
1333,10
1334,3
1335,3
1336,10
1337,10
1338,10
1339,10
1510,10
1511,10
1512,10
1513,10
1514,7
1515,10
1516,10
1517,10
1518,10
1519,10
1550,8
1551,7
1552,10
1553,3
1554,10
1555,10
1556,10
1557,10
1558,2
1559,8
1600,10
1601,10
1602,10
1603,10
1604,10
1605,10
1606,10
1607,10
1608,7
1609,10
1760,10
1761,3
1762,3
1763,2
1764,5
1765,10
1766,10
1767,10
1768,10
1769,10
1770,10
1771,3
1772,10
1773,10
1774,3
1775,10
1776,10
1777,10
1778,10
1779,10
1820,10
1821,8
1822,10
1823,8
1824,10
1825,10
1826,1
1827,3
1828,7
1829,8
1830,10
1831,0
1832,2
1833,3
1834,5
1835,10
1836,10
1837,10
1838,10
1839,10
1840,10
1841,10
1842,10
1843,10
1844,10
1845,7
1846,10
1847,10
1848,10
1849,10
1850,10
1851,10
1852,10
1853,10
1854,7
1855,10
1856,10
1857,10
1858,10
1859,10
1860,10
1861,10
1862,10
1863,3
1864,10
1865,10
1866,10
1867,7
1868,5
1869,12
1900,10
1901,10
1902,10
1903,10
1904,3
1905,10
1906,10
1907,7
1908,10
1909,3
1910,10
1911,10
1912,10
1913,5
1914,10
1915,3
1916,10
1917,10
1918,10
1919,2
1920,10
1921,10
1922,1
1923,7
1924,8
1925,10
1926,10
1927,7
1928,10
1929,3
2050,10
2051,10
2052,10
2053,1
2054,10
2055,10
2056,10
2057,10
2058,8
2059,10
2060,10
2061,3
2062,10
2063,3
2064,2
2065,3
2066,10
2067,10
2068,3
2069,3
2130,3
2131,10
2132,10
2133,3
2134,8
2135,10
2136,10
2137,9
2138,8
2139,10
2140,10
2141,10
2142,10
2143,10
2144,10
2145,10
2146,10
2147,10
2148,3
2149,10
2150,10
2151,10
2152,10
2153,10
2154,10
2155,10
2156,10
2157,10
2158,10
2159,10
2160,7
2161,2
2162,2
2163,11
2164,2
2165,10
2166,0
2167,10
2168,3
2169,10
2170,2
2171,2
2172,3
2173,3
2174,3
2175,10
2176,10
2177,3
2178,3
2179,5
2180,10
2181,10
2182,10
2183,10
2184,10
2185,10
2186,10
2187,10
2188,10
2189,10
2190,10
2191,10
2192,10
2193,2
2194,3
2195,10
2196,10
2197,3
2198,10
2199,10
2200,10
2201,2
2202,10
2203,10
2204,10
2205,10
2206,10
2207,10
2208,3
2209,10
2340,10
2341,10
2342,10
2343,14
2344,2
2345,8
2346,10
2347,2
2348,10
2349,3
2350,10
2351,3
2352,10
2353,3
2354,5
2355,10
2356,3
2357,3
2358,10
2359,3
2360,10
2361,10
2362,10
2363,10
2364,7
2365,10
2366,10
2367,10
2368,3
2369,10
2580,10
2581,10
2582,10
2583,10
2584,10
2585,10
2586,10
2587,10
2588,10
2589,10
2750,10
2751,10
2752,10
2753,10
2754,3
2755,7
2756,10
2757,10
2758,10
2759,3
2760,3
2761,3
2762,10
2763,10
2764,3
2765,3
2766,10
2767,3
2768,10
2769,2
2870,2
2871,10
2872,0
2873,3
2874,3
2875,5
2876,10
2877,10
2878,10
2879,10
2880,3
2881,8
2882,10
2883,10
2884,10
2885,10
2886,10
2887,3
2888,10
2889,3
2920,10
2921,10
2922,10
2923,10
2924,10
2925,10
2926,10
2927,10
2928,2
2929,10
2930,3
2931,3
2932,10
2933,10
2934,2
2935,3
2936,10
2937,10
2938,3
2939,3
2940,10
2941,3
2942,3
2943,2
2944,10
2945,3
2946,10
2947,10
2948,10
2949,2
2950,10
2951,10
2952,10
2953,3
2954,10
2955,10
2956,3
2957,10
2958,10
2959,8
3000,10
3001,10
3002,3
3003,2
3004,10
3005,3
3006,10
3007,3
3008,3
3009,10
3110,10
3111,10
3112,10
3113,10
3114,1
3115,10
3116,10
3117,10
3118,10
3119,10
3120,10
3121,10
3122,10
3123,10
3124,10
3125,10
3126,10
3127,10
3128,10
3129,7
3180,10
3181,10
3182,3
3183,3
3184,3
3185,10
3186,10
3187,10
3188,10
3189,10
3190,10
3191,10
3192,10
3193,10
3194,3
3195,10
3196,10
3197,10
3198,10
3199,2
3270,8
3271,10
3272,3
3273,10
3274,10
3275,10
3276,10
3277,10
3278,10
3279,10
3280,10
3281,10
3282,3
3283,3
3284,3
3285,10
3286,10
3287,10
3288,3
3289,3
3380,3
3381,10
3382,7
3383,8
3384,9
3385,10
3386,4
3387,10
3388,10
3389,3
3390,3
3391,10
3392,3
3393,10
3394,5
3395,5
3396,10
3397,10
3398,10
3399,10
3400,3
3401,10
3402,10
3403,10
3404,3
3405,10
3406,10
3407,7
3408,10
3409,3
3470,10
3471,10
3472,10
3473,10
3474,10
3475,10
3476,10
3477,10
3478,10
3479,2
3480,10
3481,0
3482,10
3483,10
3484,10
3485,10
3486,10
3487,10
3488,2
3489,5
3720,10
3721,3
3722,3
3723,3
3724,3
3725,10
3726,3
3727,10
3728,10
3729,3
3850,10
3851,10
3852,10
3853,7
3854,10
3855,10
3856,10
3857,7
3858,10
3859,10
3860,10
3861,10
3862,10
3863,0
3864,10
3865,10
3866,2
3867,10
3868,10
3869,10
3870,0
3871,3
3872,10
3873,10
3874,3
3875,10
3876,3
3877,3
3878,3
3879,10
3920,10
3921,10
3922,10
3923,10
3924,1
3925,10
3926,10
3927,8
3928,10
3929,7
3930,10
3931,3
3932,10
3933,7
3934,10
3935,10
3936,10
3937,3
3938,3
3939,7
4020,10
4021,10
4022,10
4023,10
4024,10
4025,10
4026,10
4027,10
4028,10
4029,10
4030,2
4031,3
4032,3
4033,10
4034,5
4035,10
4036,3
4037,3
4038,10
4039,3
4040,2
4041,10
4042,10
4043,10
4044,2
4045,10
4046,10
4047,2
4048,10
4049,2
4050,10
4051,10
4052,3
4053,5
4054,3
4055,3
4056,3
4057,2
4058,10
4059,2
4110,10
4111,10
4112,10
4113,2
4114,10
4115,10
4116,10
4117,10
4118,10
4119,3
4120,10
4121,10
4122,10
4123,10
4124,10
4125,10
4126,10
4127,10
4128,3
4129,10
4130,10
4131,7
4132,10
4133,10
4134,10
4135,10
4136,10
4137,10
4138,8
4139,10
4140,10
4141,10
4142,10
4143,10
4144,10
4145,10
4146,10
4147,10
4148,10
4149,10
4330,3
4331,3
4332,3
4333,10
4334,5
4335,3
4336,3
4337,10
4338,10
4339,3
4340,10
4341,10
4342,10
4343,10
4344,10
4345,10
4346,10
4347,10
4348,10
4349,10
4350,10
4351,10
4352,10
4353,3
4354,10
4355,10
4356,10
4357,10
4358,10
4359,10
4360,10
4361,3
4362,3
4363,3
4364,3
4365,10
4366,3
4367,3
4368,10
4369,3
4370,10
4371,3
4372,10
4373,10
4374,10
4375,10
4376,10
4377,7
4378,10
4379,10
4380,10
4381,10
4382,10
4383,7
4384,10
4385,10
4386,10
4387,7
4388,10
4389,10
4390,3
4391,3
4392,3
4393,10
4394,3
4395,10
4396,10
4397,2
4398,10
4399,10
4440,2
4441,3
4442,2
4443,3
4444,3
4445,10
4446,3
4447,3
4448,3
4449,3
4450,10
4451,10
4452,10
4453,10
4454,10
4455,10
4456,10
4457,10
4458,5
4459,10
4460,10
4461,10
4462,10
4463,10
4464,10
4465,10
4466,7
4467,10
4468,10
4469,8
4530,10
4531,10
4532,10
4533,10
4534,14
4535,10
4536,10
4537,5
4538,10
4539,12
4540,10
4541,10
4542,3
4543,10
4544,10
4545,3
4546,3
4547,5
4548,10
4549,10
4550,10
4551,10
4552,10
4553,10
4554,5
4555,10
4556,10
4557,12
4558,7
4559,10
4670,10
4671,10
4672,3
4673,7
4674,10
4675,10
4676,10
4677,10
4678,10
4679,10
4840,10
4841,10
4842,10
4843,3
4844,10
4845,10
4846,10
4847,10
4848,3
4849,3
4850,3
4851,3
4852,2
4853,10
4854,10
4855,2
4856,10
4857,10
4858,5
4859,3
4860,8
4861,16
4862,10
4863,3
4864,5
4865,5
4866,3
4867,10
4868,10
4869,3
4870,10
4871,10
4872,10
4873,10
4874,2
4875,0
4876,10
4877,10
4878,10
4879,3
4880,2
4881,10
4882,5
4883,10
4884,10
4885,10
4886,10
4887,10
4888,2
4889,10
5000,10
5001,3
5002,2
5003,10
5004,5
5005,10
5006,10
5007,10
5008,2
5009,10
5010,10
5011,10
5012,10
5013,10
5014,3
5015,3
5016,3
5017,2
5018,3
5019,10
5020,10
5021,10
5022,10
5023,10
5024,10
5025,10
5026,10
5027,10
5028,3
5029,10
5140,0
5141,3
5142,3
5143,10
5144,2
5145,3
5146,3
5147,10
5148,10
5149,10
5150,10
5151,10
5152,3
5153,10
5154,10
5155,10
5156,10
5157,10
5158,3
5159,10
5160,10
5161,10
5162,10
5163,10
5164,10
5165,10
5166,10
5167,10
5168,3
5169,10
5230,2
5231,10
5232,10
5233,10
5234,10
5235,10
5236,2
5237,3
5238,10
5239,5
5240,10
5241,10
5242,10
5243,10
5244,2
5245,10
5246,10
5247,10
5248,10
5249,10
5630,10
5631,10
5632,10
5633,10
5634,2
5635,10
5636,10
5637,10
5638,10
5639,5
5640,10
5641,10
5642,10
5643,10
5644,10
5645,7
5646,7
5647,10
5648,10
5649,10
5650,10
5651,7
5652,10
5653,3
5654,8
5655,1
5656,10
5657,10
5658,10
5659,8
6160,4
6161,15
6162,0
6163,3
6164,3
6165,4
6166,2
6167,15
6168,4
6169,5
6170,10
6171,3
6172,3
6173,3
6174,14
6175,2
6176,15
6177,2
6178,10
6179,3
6180,4
6181,10
6182,9
6183,7
6184,9
6185,9
6186,8
6187,4
6188,3
6189,9
6190,6
6191,10
6192,9
6193,6
6194,1
6195,6
6196,3
6197,7
6198,7
6199,9
6200,9
6201,9
6202,8
6203,7
6204,8
6205,4
6206,9
6207,7
6208,9
6209,7
6240,2
6241,10
6242,2
6243,2
6244,4
6245,4
6246,3
6247,7
6248,6
6249,3
6270,9
6271,9
6272,9
6273,5
6274,8
6275,7
6276,3
6277,8
6278,9
6279,9
6470,10
6471,0
6472,3
6473,2
6474,5
6475,2
6476,2
6477,2
6478,10
6479,3
6480,7
6481,10
6482,4
6483,8
6484,7
6485,0
6486,9
6487,0
6488,7
6489,8
6490,11
6491,3
6492,5
6493,16
6494,5
6495,0
6496,4
6497,15
6498,3
6499,12
6500,16
6501,10
6502,2
6503,4
6504,12
6505,0
6506,0
6507,0
6508,12
6509,3
6510,2
6511,2
6512,6
6513,5
6514,2
6515,15
6516,4
6517,0
6518,3
6519,2
6660,9
6661,2
6662,2
6663,3
6664,2
6665,4
6666,4
6667,3
6668,2
6669,3
6670,2
6671,2
6672,0
6673,2
6674,5
6675,0
6676,3
6677,0
6678,8
6679,3
6680,16
6681,14
6682,5
6683,1
6684,2
6685,16
6686,16
6687,2
6688,1
6689,14
6740,3
6741,3
6742,2
6743,0
6744,4
6745,10
6746,2
6747,2
6748,8
6749,2
6750,8
6751,16
6752,3
6753,2
6754,12
6755,4
6756,5
6757,2
6758,0
6759,2
6760,10
6761,2
6762,3
6763,2
6764,2
6765,4
6766,2
6767,3
6768,5
6769,5
6830,10
6831,7
6832,1
6833,3
6834,8
6835,8
6836,16
6837,7
6838,7
6839,7
6840,0
6841,0
6842,2
6843,0
6844,3
6845,2
6846,2
6847,3
6848,5
6849,5
6850,16
6851,12
6852,12
6853,0
6854,3
6855,0
6856,10
6857,0
6858,2
6859,14
7020,16
7021,3
7022,3
7023,10
7024,3
7025,7
7026,10
7027,5
7028,0
7029,0
7030,0
7031,2
7032,2
7033,2
7034,2
7035,0
7036,0
7037,3
7038,2
7039,3
7040,10
7041,16
7042,3
7043,7
7044,3
7045,7
7046,7
7047,7
7048,7
7049,3
7070,0
7071,4
7072,2
7073,14
7074,2
7075,0
7076,2
7077,3
7078,8
7079,12
7080,7
7081,7
7082,9
7083,8
7084,7
7085,9
7086,9
7087,9
7088,4
7089,7
7120,7
7121,7
7122,0
7123,10
7124,12
7125,0
7126,7
7127,5
7128,7
7129,16
7320,3
7321,10
7322,1
7323,2
7324,5
7325,2
7326,10
7327,2
7328,6
7329,3
7330,6
7331,2
7332,2
7333,2
7334,2
7335,2
7336,16
7337,4
7338,0
7339,2
7340,16
7341,5
7342,10
7343,3
7344,5
7345,16
7346,10
7347,0
7348,10
7349,16
7370,3
7371,4
7372,0
7373,2
7374,4
7375,2
7376,3
7377,5
7378,2
7379,3
7560,4
7561,2
7562,2
7563,1
7564,5
7565,4
7566,2
7567,12
7568,4
7569,2
7570,9
7571,7
7572,10
7573,7
7574,8
7575,10
7576,0
7577,8
7578,7
7579,0
7600,2
7601,2
7602,3
7603,12
7604,2
7605,11
7606,2
7607,3
7608,16
7609,5
7610,9
7611,2
7612,3
7613,2
7614,3
7615,11
7616,3
7617,2
7618,2
7619,2
7660,0
7661,7
7662,8
7663,9
7664,7
7665,0
7666,7
7667,8
7668,0
7669,7
7670,10
7671,15
7672,2
7673,13
7674,2
7675,2
7676,2
7677,5
7678,7
7679,2
7680,5
7681,16
7682,2
7683,16
7684,5
7685,0
7686,3
7687,3
7688,3
7689,16
7740,10
7741,2
7742,3
7743,14
7744,3
7745,10
7746,0
7747,14
7748,3
7749,2
7750,16
7751,14
7752,5
7753,3
7754,2
7755,3
7756,14
7757,14
7758,14
7759,2
7840,3
7841,0
7842,3
7843,2
7844,3
7845,1
7846,0
7847,3
7848,4
7849,3
7870,9
7871,8
7872,8
7873,8
7874,7
7875,7
7876,7
7877,7
7878,3
7879,7
8070,7
8071,16
8072,6
8073,7
8074,10
8075,5
8076,7
8077,0
8078,7
8079,16
8080,5
8081,8
8082,7
8083,9
8084,2
8085,14
8086,16
8087,15
8088,2
8089,5
8180,4
8181,2
8182,3
8183,16
8184,5
8185,14
8186,0
8187,2
8188,3
8189,2
8190,16
8191,3
8192,14
8193,7
8194,3
8195,0
8196,8
8197,5
8198,5
8199,5
8200,10
8201,9
8202,7
8203,5
8204,7
8205,7
8206,5
8207,5
8208,0
8209,3
8210,10
8211,9
8212,7
8213,7
8214,8
8215,0
8216,9
8217,7
8218,8
8219,3
8220,0
8221,1
8222,0
8223,8
8224,8
8225,7
8226,1
8227,8
8228,7
8229,4
8260,2
8261,16
8262,3
8263,7
8264,8
8265,4
8266,2
8267,3
8268,5
8269,2
8300,2
8301,6
8302,2
8303,3
8304,0
8305,2
8306,3
8307,6
8308,5
8309,4
8480,0
8481,0
8482,7
8483,2
8484,12
8485,2
8486,16
8487,2
8488,5
8489,14
8490,2
8491,3
8492,0
8493,3
8494,3
8495,2
8496,1
8497,3
8498,3
8499,8
8500,14
8501,0
8502,2
8503,2
8504,2
8505,3
8506,5
8507,16
8508,12
8509,2
8510,10
8511,12
8512,11
8513,14
8514,8
8515,0
8516,3
8517,14
8518,5
8519,5
8520,0
8521,4
8522,9
8523,7
8524,7
8525,0
8526,9
8527,7
8528,7
8529,3
8530,16
8531,16
8532,3
8533,7
8534,5
8535,5
8536,9
8537,16
8538,5
8539,10
8540,0
8541,8
8542,4
8543,8
8544,7
8545,10
8546,8
8547,16
8548,7
8549,8
8550,8
8551,0
8552,2
8553,3
8554,3
8555,0
8556,0
8557,6
8558,14
8559,2
8560,3
8561,0
8562,3
8563,2
8564,12
8565,16
8566,0
8567,2
8568,12
8569,3
8640,10
8641,5
8642,5
8643,2
8644,2
8645,5
8646,10
8647,5
8648,2
8649,0
8650,0
8651,15
8652,14
8653,6
8654,5
8655,0
8656,16
8657,12
8658,2
8659,2
8710,10
8711,0
8712,3
8713,7
8714,7
8715,0
8716,0
8717,8
8718,8
8719,8
8720,7
8721,14
8722,14
8723,13
8724,8
8725,2
8726,11
8727,16
8728,5
8729,8
8730,9
8731,16
8732,4
8733,7
8734,0
8735,16
8736,6
8737,7
8738,5
8739,5
8770,10
8771,3
8772,4
8773,4
8774,3
8775,3
8776,2
8777,5
8778,4
8779,4
8780,2
8781,0
8782,3
8783,3
8784,6
8785,2
8786,2
8787,0
8788,3
8789,5
8890,0
8891,12
8892,2
8893,8
8894,8
8895,4
8896,10
8897,3
8898,3
8899,12
8900,8
8901,14
8902,2
8903,3
8904,0
8905,14
8906,7
8907,16
8908,3
8909,1
8990,11
8991,0
8992,3
8993,4
8994,0
8995,11
8996,3
8997,2
8998,3
8999,2
9000,10
9001,16
9002,14
9003,5
9004,5
9005,10
9006,10
9007,7
9008,10
9009,7
9010,7
9011,1
9012,0
9013,8
9014,0
9015,0
9016,9
9017,3
9018,8
9019,7
9340,9
9341,10
9342,3
9343,8
9344,3
9345,16
9346,7
9347,8
9348,3
9349,4
9350,11
9351,5
9352,2
9353,8
9354,2
9355,0
9356,2
9357,0
9358,3
9359,14
9360,9
9361,2
9362,3
9363,12
9364,12
9365,0
9366,12
9367,0
9368,12
9369,8
9370,10
9371,0
9372,7
9373,3
9374,11
9375,1
9376,7
9377,7
9378,16
9379,7
9380,7
9381,8
9382,2
9383,2
9384,16
9385,14
9386,1
9387,7
9388,2
9389,3
9460,5
9461,16
9462,8
9463,2
9464,5
9465,14
9466,2
9467,6
9468,14
9469,0
9470,0
9471,4
9472,3
9473,4
9474,2
9475,3
9476,4
9477,4
9478,4
9479,4
9480,9
9481,0
9482,8
9483,7
9484,4
9485,7
9486,9
9487,7
9488,7
9489,7
9620,7
9621,7
9622,0
9623,7
9624,7
9625,10
9626,4
9627,16
9628,7
9629,4
9630,2
9631,2
9632,2
9633,2
9634,3
9635,10
9636,3
9637,2
9638,4
9639,13
9680,9
9681,0
9682,0
9683,10
9684,10
9685,7
9686,10
9687,5
9688,16
9689,10
9690,3
9691,3
9692,2
9693,3
9694,1
9695,2
9696,2
9697,3
9698,6
9699,4
9840,0
9841,4
9842,2
9843,3
9844,13
9845,4
9846,0
9847,3
9848,2
9849,7
9850,4
9851,8
9852,3
9853,4
9854,12
9855,0
9856,16
9857,12
9858,4
9859,5
9860,14
9861,5
9862,2
9863,14
9864,8
9865,16
9866,2
9867,5
9868,16
9869,5
9870,6
9871,10
9872,3
9873,3
9874,3
9875,2
9876,3
9877,2
9878,0
9879,2
9880,0
9881,10
9882,7
9883,7
9884,8
9885,9
9886,8
9887,7
9888,4
9889,3
9890,4
9891,0
9892,6
9893,3
9894,2
9895,3
9896,0
9897,3
9898,2
9899,0
9900,2
9901,9
9902,2
9903,3
9904,7
9905,16
9906,2
9907,2
9908,14
9909,14
9910,1
9911,0
9912,4
9913,5
9914,8
9915,2
9916,2
9917,8
9918,9
9919,7
9920,14
9921,2
9922,0
9923,6
9924,3
9925,4
9926,0
9927,11
9928,2
9929,6
9930,0
9931,2
9932,2
9933,3
9934,5
9935,9
9936,2
9937,2
9938,5
9939,7
9940,2
9941,7
9942,10
9943,5
9944,5
9945,0
9946,5
9947,1
9948,0
9949,7
9950,3
9951,0
9952,5
9953,2
9954,2
9955,3
9956,2
9957,15
9958,2
9959,4
10220,7
10221,10
10222,7
10223,12
10224,5
10225,8
10226,11
10227,3
10228,3
10229,2
10310,11
10311,2
10312,2
10313,14
10314,2
10315,16
10316,11
10317,16
10318,2
10319,14
10410,4
10411,5
10412,5
10413,14
10414,14
10415,14
10416,16
10417,11
10418,14
10419,2
10420,10
10421,2
10422,3
10423,3
10424,3
10425,9
10426,2
10427,2
10428,3
10429,2
10430,1
10431,1
10432,14
10433,10
10434,3
10435,0
10436,14
10437,6
10438,5
10439,14
10440,0
10441,9
10442,3
10443,8
10444,7
10445,1
10446,9
10447,9
10448,4
10449,3
10670,4
10671,5
10672,12
10673,6
10674,2
10675,5
10676,4
10677,3
10678,3
10679,3
10680,0
10681,0
10682,8
10683,10
10684,7
10685,10
10686,7
10687,8
10688,8
10689,16
10780,0
10781,2
10782,0
10783,5
10784,6
10785,2
10786,2
10787,6
10788,2
10789,2
10860,13
10861,16
10862,5
10863,12
10864,7
10865,16
10866,16
10867,6
10868,1
10869,5
10870,0
10871,3
10872,8
10873,3
10874,2
10875,4
10876,3
10877,2
10878,5
10879,5
11010,0
11011,7
11012,4
11013,7
11014,3
11015,7
11016,4
11017,7
11018,7
11019,7
11020,3
11021,3
11022,3
11023,2
11024,2
11025,3
11026,4
11027,9
11028,8
11029,3
11030,3
11031,10
11032,12
11033,5
11034,3
11035,3
11036,2
11037,3
11038,2
11039,3
11040,0
11041,2
11042,4
11043,4
11044,8
11045,16
11046,4
11047,7
11048,5
11049,7
11240,3
11241,10
11242,2
11243,2
11244,4
11245,2
11246,8
11247,0
11248,0
11249,3
11250,10
11251,9
11252,1
11253,7
11254,8
11255,4
11256,9
11257,4
11258,9
11259,8
11260,6
11261,10
11262,2
11263,2
11264,6
11265,4
11266,5
11267,4
11268,4
11269,14
11360,7
11361,0
11362,3
11363,5
11364,7
11365,16
11366,6
11367,0
11368,5
11369,2
11370,8
11371,16
11372,2
11373,8
11374,5
11375,5
11376,3
11377,2
11378,14
11379,2
11540,0
11541,3
11542,2
11543,8
11544,2
11545,4
11546,2
11547,3
11548,3
11549,5
11550,9
11551,9
11552,8
11553,7
11554,12
11555,3
11556,10
11557,9
11558,8
11559,3
11560,8
11561,8
11562,16
11563,14
11564,2
11565,1
11566,2
11567,1
11568,3
11569,2
11570,0
11571,7
11572,7
11573,8
11574,7
11575,16
11576,8
11577,7
11578,9
11579,9
11580,2
11581,0
11582,3
11583,2
11584,7
11585,3
11586,12
11587,0
11588,7
11589,3
11650,9
11651,8
11652,4
11653,0
11654,4
11655,4
11656,0
11657,1
11658,7
11659,7
11660,10
11661,4
11662,2
11663,4
11664,13
11665,0
11666,2
11667,2
11668,2
11669,6
11670,3
11671,2
11672,2
11673,2
11674,3
11675,3
11676,2
11677,3
11678,0
11679,3
11680,16
11681,14
11682,3
11683,8
11684,7
11685,0
11686,5
11687,7
11688,14
11689,14
11690,7
11691,0
11692,4
11693,7
11694,7
11695,7
11696,7
11697,7
11698,8
11699,4
11760,10
11761,10
11762,4
11763,2
11764,2
11765,4
11766,4
11767,3
11768,4
11769,5
11770,16
11771,14
11772,6
11773,7
11774,12
11775,16
11776,14
11777,2
11778,8
11779,2
11880,9
11881,9
11882,7
11883,7
11884,8
11885,9
11886,16
11887,0
11888,0
11889,3
11890,5
11891,16
11892,10
11893,3
11894,7
11895,7
11896,3
11897,0
11898,10
11899,5
12040,1
12041,11
12042,11
12043,8
12044,2
12045,2
12046,3
12047,6
12048,2
12049,3
12050,16
12051,2
12052,2
12053,12
12054,4
12055,0
12056,3
12057,2
12058,3
12059,2
12060,0
12061,2
12062,2
12063,2
12064,2
12065,9
12066,3
12067,6
12068,8
12069,0
12160,2
12161,3
12162,16
12163,2
12164,10
12165,10
12166,0
12167,0
12168,2
12169,3
12210,16
12211,0
12212,2
12213,1
12214,2
12215,16
12216,11
12217,11
12218,2
12219,5
12230,3
12231,3
12232,14
12233,3
12234,4
12235,2
12236,2
12237,3
12238,3
12239,5
12280,2
12281,10
12282,2
12283,3
12284,3
12285,4
12286,0
12287,3
12288,3
12289,2
12400,4
12401,1
12402,10
12403,0
12404,3
12405,4
12406,3
12407,5
12408,14
12409,3
12650,7
12651,8
12652,7
12653,4
12654,7
12655,8
12656,3
12657,8
12658,8
12659,4
12660,2
12661,10
12662,2
12663,2
12664,5
12665,2
12666,0
12667,3
12668,3
12669,3
12670,2
12671,3
12672,10
12673,3
12674,3
12675,6
12676,2
12677,0
12678,4
12679,4
12680,10
12681,0
12682,5
12683,3
12684,14
12685,4
12686,2
12687,10
12688,12
12689,3
12690,1
12691,0
12692,3
12693,10
12694,7
12695,7
12696,9
12697,4
12698,7
12699,8
12810,2
12811,15
12812,1
12813,3
12814,3
12815,3
12816,10
12817,3
12818,2
12819,8
12820,10
12821,7
12822,9
12823,7
12824,7
12825,9
12826,9
12827,3
12828,8
12829,9
12850,10
12851,0
12852,3
12853,8
12854,2
12855,4
12856,3
12857,2
12858,5
12859,3
12860,10
12861,10
12862,4
12863,3
12864,3
12865,3
12866,6
12867,0
12868,2
12869,6
13080,10
13081,10
13082,10
13083,3
13084,7
13085,10
13086,7
13087,9
13088,3
13089,7
13090,10
13091,10
13092,3
13093,3
13094,3
13095,6
13096,3
13097,2
13098,3
13099,10
13330,9
13331,7
13332,2
13333,14
13334,3
13335,5
13336,16
13337,0
13338,3
13339,14
13410,4
13411,11
13412,3
13413,5
13414,5
13415,9
13416,16
13417,5
13418,0
13419,14
13430,4
13431,4
13432,7
13433,7
13434,7
13435,9
13436,4
13437,8
13438,10
13439,7
13550,2
13551,0
13552,7
13553,3
13554,4
13555,0
13556,15
13557,3
13558,2
13559,3
13750,0
13751,2
13752,3
13753,3
13754,3
13755,11
13756,2
13757,2
13758,3
13759,5
13760,14
13761,16
13762,1
13763,3
13764,9
13765,16
13766,14
13767,1
13768,14
13769,2
13770,3
13771,10
13772,16
13773,2
13774,2
13775,3
13776,16
13777,3
13778,3
13779,3
13820,3
13821,2
13822,2
13823,2
13824,0
13825,9
13826,3
13827,2
13828,2
13829,5
13830,7
13831,3
13832,10
13833,10
13834,3
13835,16
13836,9
13837,5
13838,5
13839,3
14050,0
14051,2
14052,9
14053,2
14054,3
14055,4
14056,2
14057,4
14058,5
14059,5
14060,10
14061,7
14062,7
14063,7
14064,8
14065,16
14066,0
14067,7
14068,7
14069,8
14070,2
14071,14
14072,2
14073,2
14074,1
14075,3
14076,6
14077,3
14078,2
14079,4
14080,4
14081,8
14082,7
14083,4
14084,4
14085,9
14086,7
14087,10
14088,4
14089,7
14130,0
14131,3
14132,3
14133,2
14134,3
14135,2
14136,3
14137,2
14138,4
14139,4
14140,16
14141,7
14142,5
14143,7
14144,7
14145,9
14146,4
14147,1
14148,10
14149,16
14230,9
14231,0
14232,7
14233,7
14234,8
14235,0
14236,8
14237,11
14238,10
14239,0
14240,16
14241,7
14242,11
14243,16
14244,5
14245,16
14246,2
14247,3
14248,5
14249,14
14290,0
14291,16
14292,9
14293,6
14294,7
14295,0
14296,7
14297,2
14298,3
14299,7
14300,2
14301,15
14302,2
14303,2
14304,2
14305,2
14306,15
14307,3
14308,12
14309,3
14460,7
14461,16
14462,2
14463,2
14464,2
14465,11
14466,14
14467,5
14468,2
14469,0
14470,10
14471,10
14472,6
14473,5
14474,7
14475,0
14476,1
14477,6
14478,7
14479,1
14480,10
14481,4
14482,3
14483,3
14484,3
14485,0
14486,0
14487,3
14488,5
14489,2
14510,9
14511,1
14512,0
14513,2
14514,5
14515,11
14516,14
14517,16
14518,1
14519,16
14520,9
14521,10
14522,7
14523,8
14524,3
14525,4
14526,7
14527,7
14528,10
14529,8
14760,9
14761,8
14762,8
14763,9
14764,7
14765,9
14766,9
14767,9
14768,4
14769,4
14770,2
14771,5
14772,10
14773,0
14774,3
14775,2
14776,3
14777,2
14778,2
14779,3
14970,0
14971,2
14972,3
14973,3
14974,3
14975,4
14976,3
14977,2
14978,0
14979,12
14980,12
14981,10
14982,6
14983,0
14984,3
14985,3
14986,9
14987,1
14988,12
14989,2
15020,16
15021,11
15022,3
15023,12
15024,12
15025,16
15026,5
15027,5
15028,7
15029,14
15030,3
15031,0
15032,4
15033,3
15034,2
15035,2
15036,5
15037,2
15038,10
15039,6
15280,4
15281,0
15282,10
15283,7
15284,3
15285,0
15286,6
15287,3
15288,16
15289,2
15290,7
15291,0
15292,5
15293,4
15294,2
15295,0
15296,2
15297,5
15298,16
15299,3
15450,0
15451,4
15452,4
15453,10
15454,12
15455,9
15456,4
15457,3
15458,9
15459,4
15590,0
15591,3
15592,2
15593,4
15594,5
15595,0
15596,2
15597,5
15598,0
15599,3
15600,11
15601,5
15602,2
15603,4
15604,3
15605,3
15606,4
15607,4
15608,8
15609,2
15640,3
15641,0
15642,2
15643,2
15644,2
15645,10
15646,2
15647,3
15648,3
15649,3
15650,10
15651,3
15652,3
15653,13
15654,3
15655,0
15656,2
15657,5
15658,2
15659,2
15660,16
15661,5
15662,0
15663,3
15664,2
15665,0
15666,8
15667,2
15668,3
15669,8
15720,7
15721,6
15722,5
15723,6
15724,2
15725,4
15726,8
15727,3
15728,7
15729,3
15730,16
15731,2
15732,16
15733,9
15734,8
15735,14
15736,8
15737,3
15738,9
15739,3
15740,0
15741,10
15742,10
15743,5
15744,2
15745,0
15746,9
15747,2
15748,16
15749,2
15750,7
15751,16
15752,7
15753,7
15754,7
15755,10
15756,5
15757,10
15758,7
15759,5
15760,0
15761,3
15762,8
15763,3
15764,4
15765,10
15766,12
15767,16
15768,2
15769,12
15770,6
15771,0
15772,7
15773,3
15774,10
15775,16
15776,5
15777,16
15778,7
15779,3
15780,9
15781,6
15782,2
15783,5
15784,2
15785,3
15786,8
15787,2
15788,2
15789,6
15970,0
15971,3
15972,2
15973,3
15974,3
15975,0
15976,9
15977,0
15978,3
15979,3
15980,4
15981,9
15982,0
15983,10
15984,7
15985,10
15986,7
15987,16
15988,7
15989,8
15990,10
15991,3
15992,3
15993,2
15994,8
15995,10
15996,16
15997,2
15998,8
15999,16
16080,9
16081,13
16082,0
16083,2
16084,5
16085,9
16086,2
16087,1
16088,8
16089,5
16340,0
16341,2
16342,0
16343,3
16344,3
16345,0
16346,2
16347,2
16348,3
16349,0
16450,9
16451,9
16452,8
16453,5
16454,6
16455,6
16456,3
16457,3
16458,2
16459,6
16480,0
16481,3
16482,4
16483,8
16484,4
16485,11
16486,8
16487,2
16488,2
16489,0
16510,16
16511,1
16512,16
16513,3
16514,7
16515,0
16516,10
16517,16
16518,7
16519,16
16640,1
16641,10
16642,9
16643,3
16644,0
16645,0
16646,16
16647,7
16648,8
16649,5
16650,5
16651,2
16652,0
16653,3
16654,2
16655,0
16656,3
16657,3
16658,10
16659,3
16660,2
16661,4
16662,11
16663,3
16664,16
16665,16
16666,11
16667,2
16668,12
16669,15
16720,10
16721,6
16722,2
16723,5
16724,3
16725,2
16726,13
16727,2
16728,2
16729,3
16730,6
16731,7
16732,5
16733,7
16734,7
16735,0
16736,0
16737,5
16738,5
16739,0
16740,2
16741,16
16742,2
16743,16
16744,5
16745,16
16746,5
16747,14
16748,16
16749,5
16750,10
16751,2
16752,4
16753,3
16754,4
16755,13
16756,3
16757,5
16758,0
16759,3
16760,8
16761,6
16762,3
16763,3
16764,10
16765,0
16766,3
16767,2
16768,3
16769,5
16780,2
16781,16
16782,14
16783,5
16784,14
16785,16
16786,14
16787,5
16788,12
16789,5
16790,4
16791,2
16792,4
16793,3
16794,14
16795,4
16796,2
16797,3
16798,4
16799,6
16800,2
16801,2
16802,2
16803,2
16804,2
16805,10
16806,6
16807,5
16808,5
16809,6
16810,9
16811,4
16812,9
16813,7
16814,8
16815,0
16816,7
16817,8
16818,8
16819,7
16950,3
16951,16
16952,10
16953,7
16954,7
16955,5
16956,7
16957,2
16958,2
16959,5
16960,0
16961,4
16962,2
16963,3
16964,3
16965,9
16966,3
16967,3
16968,15
16969,16
17060,3
17061,7
17062,9
17063,16
17064,8
17065,9
17066,7
17067,7
17068,9
17069,7
17170,11
17171,7
17172,11
17173,5
17174,3
17175,2
17176,5
17177,11
17178,8
17179,4
17500,9
17501,4
17502,7
17503,9
17504,8
17505,10
17506,7
17507,7
17508,8
17509,9
17530,0
17531,2
17532,2
17533,5
17534,2
17535,2
17536,11
17537,15
17538,8
17539,4
17540,9
17541,2
17542,5
17543,2
17544,5
17545,13
17546,2
17547,2
17548,2
17549,3
17550,11
17551,5
17552,10
17553,12
17554,12
17555,3
17556,16
17557,16
17558,12
17559,13
17560,0
17561,2
17562,2
17563,2
17564,8
17565,3
17566,4
17567,2
17568,4
17569,2
17570,0
17571,9
17572,7
17573,9
17574,8
17575,9
17576,4
17577,9
17578,7
17579,8
17620,4
17621,2
17622,2
17623,0
17624,2
17625,0
17626,0
17627,2
17628,0
17629,4
17630,3
17631,9
17632,0
17633,9
17634,5
17635,3
17636,0
17637,2
17638,2
17639,2
17690,10
17691,8
17692,4
17693,7
17694,8
17695,9
17696,9
17697,8
17698,7
17699,7
17700,0
17701,2
17702,3
17703,2
17704,2
17705,16
17706,10
17707,3
17708,2
17709,3
17710,16
17711,10
17712,9
17713,2
17714,2
17715,16
17716,6
17717,2
17718,7
17719,7
17740,10
17741,8
17742,0
17743,7
17744,9
17745,1
17746,8
17747,9
17748,7
17749,10
17750,9
17751,2
17752,6
17753,16
17754,7
17755,6
17756,9
17757,10
17758,5
17759,7
17760,7
17761,9
17762,11
17763,0
17764,2
17765,9
17766,8
17767,2
17768,3
17769,6
17790,16
17791,6
17792,7
17793,3
17794,3
17795,5
17796,16
17797,0
17798,7
17799,5
17800,0
17801,16
17802,2
17803,2
17804,2
17805,5
17806,3
17807,2
17808,2
17809,2
17810,3
17811,13
17812,4
17813,2
17814,3
17815,10
17816,3
17817,2
17818,0
17819,3
17870,6
17871,2
17872,10
17873,2
17874,2
17875,4
17876,5
17877,2
17878,2
17879,4
17880,3
17881,14
17882,7
17883,3
17884,3
17885,2
17886,0
17887,3
17888,3
17889,12
17890,5
17891,7
17892,7
17893,5
17894,1
17895,16
17896,3
17897,6
17898,16
17899,7
17960,9
17961,16
17962,3
17963,3
17964,8
17965,4
17966,2
17967,3
17968,2
17969,0
17970,3
17971,12
17972,7
17973,15
17974,8
17975,7
17976,9
17977,16
17978,5
17979,5
18070,4
18071,9
18072,0
18073,5
18074,3
18075,2
18076,11
18077,4
18078,3
18079,14
18080,6
18081,16
18082,7
18083,5
18084,3
18085,9
18086,7
18087,3
18088,9
18089,5
18090,2
18091,5
18092,2
18093,2
18094,2
18095,13
18096,3
18097,0
18098,3
18099,3
18240,5
18241,5
18242,5
18243,16
18244,7
18245,10
18246,7
18247,14
18248,5
18249,6
18250,10
18251,3
18252,3
18253,2
18254,3
18255,2
18256,3
18257,4
18258,3
18259,2
18260,0
18261,2
18262,2
18263,0
18264,5
18265,0
18266,4
18267,2
18268,10
18269,3
18350,2
18351,2
18352,0
18353,2
18354,3
18355,4
18356,12
18357,3
18358,2
18359,7
18360,3
18361,3
18362,2
18363,3
18364,3
18365,6
18366,10
18367,3
18368,2
18369,5
18420,5
18421,1
18422,5
18423,6
18424,3
18425,3
18426,3
18427,4
18428,0
18429,5
18430,16
18431,0
18432,7
18433,5
18434,7
18435,16
18436,7
18437,5
18438,3
18439,16
18570,0
18571,3
18572,7
18573,7
18574,7
18575,9
18576,4
18577,8
18578,7
18579,8
18580,16
18581,5
18582,12
18583,16
18584,5
18585,16
18586,14
18587,5
18588,2
18589,14
18650,3
18651,0
18652,4
18653,4
18654,2
18655,2
18656,3
18657,2
18658,2
18659,5
18660,0
18661,4
18662,9
18663,8
18664,3
18665,7
18666,4
18667,7
18668,8
18669,7
18830,2
18831,2
18832,4
18833,3
18834,2
18835,2
18836,2
18837,3
18838,4
18839,3
18840,5
18841,2
18842,2
18843,3
18844,4
18845,9
18846,3
18847,2
18848,2
18849,3
18850,9
18851,1
18852,2
18853,3
18854,14
18855,0
18856,16
18857,5
18858,3
18859,14
18880,3
18881,0
18882,2
18883,3
18884,12
18885,0
18886,3
18887,2
18888,2
18889,2
18960,4
18961,15
18962,4
18963,13
18964,12
18965,9
18966,5
18967,2
18968,3
18969,7
18970,3
18971,2
18972,2
18973,3
18974,4
18975,10
18976,5
18977,3
18978,5
18979,2
18980,0
18981,7
18982,6
18983,0
18984,0
18985,0
18986,0
18987,7
18988,3
18989,7
19020,1
19021,2
19022,0
19023,15
19024,13
19025,10
19026,15
19027,5
19028,3
19029,2
19030,0
19031,4
19032,4
19033,2
19034,3
19035,4
19036,4
19037,3
19038,5
19039,2
19040,11
19041,2
19042,2
19043,14
19044,2
19045,7
19046,16
19047,5
19048,2
19049,14
19080,16
19081,2
19082,3
19083,16
19084,8
19085,16
19086,9
19087,2
19088,7
19089,3
19090,2
19091,2
19092,3
19093,2
19094,3
19095,6
19096,2
19097,6
19098,6
19099,5
19100,10
19101,1
19102,0
19103,7
19104,8
19105,10
19106,8
19107,9
19108,8
19109,8
19190,14
19191,14
19192,5
19193,5
19194,6
19195,11
19196,2
19197,16
19198,8
19199,2
19200,0
19201,2
19202,1
19203,3
19204,2
19205,12
19206,11
19207,3
19208,2
19209,3
19210,0
19211,0
19212,9
19213,4
19214,7
19215,9
19216,7
19217,7
19218,7
19219,1
19270,3
19271,3
19272,3
19273,10
19274,4
19275,0
19276,3
19277,3
19278,8
19279,0
19310,5
19311,16
19312,11
19313,6
19314,2
19315,2
19316,3
19317,2
19318,16
19319,16
19340,3
19341,3
19342,3
19343,3
19344,0
19345,16
19346,10
19347,5
19348,5
19349,8
19360,2
19361,3
19362,2
19363,4
19364,1
19365,3
19366,2
19367,2
19368,2
19369,3
19410,2
19411,0
19412,5
19413,3
19414,5
19415,2
19416,2
19417,3
19418,11
19419,2
19430,2
19431,16
19432,2
19433,3
19434,14
19435,2
19436,4
19437,16
19438,14
19439,7
19460,2
19461,2
19462,0
19463,2
19464,2
19465,0
19466,16
19467,2
19468,3
19469,12
19480,9
19481,2
19482,7
19483,2
19484,2
19485,2
19486,3
19487,8
19488,0
19489,7
19500,4
19501,0
19502,5
19503,2
19504,5
19505,0
19506,4
19507,2
19508,14
19509,2
19530,0
19531,0
19532,3
19533,3
19534,2
19535,0
19536,2
19537,4
19538,12
19539,12
19560,2
19561,0
19562,5
19563,3
19564,2
19565,3
19566,6
19567,2
19568,3
19569,0
19570,8
19571,15
19572,2
19573,2
19574,1
19575,3
19576,2
19577,3
19578,2
19579,2
19670,0
19671,8
19672,8
19673,5
19674,7
19675,2
19676,3
19677,4
19678,3
19679,12
19710,0
19711,12
19712,2
19713,2
19714,1
19715,3
19716,0
19717,2
19718,5
19719,5
19730,7
19731,4
19732,4
19733,7
19734,8
19735,7
19736,4
19737,7
19738,4
19739,7
19750,16
19751,16
19752,2
19753,3
19754,5
19755,16
19756,14
19757,3
19758,7
19759,3
19760,6
19761,10
19762,2
19763,2
19764,2
19765,1
19766,2
19767,0
19768,5
19769,3
19770,3
19771,0
19772,2
19773,3
19774,8
19775,0
19776,16
19777,2
19778,0
19779,2
19790,3
19791,10
19792,5
19793,0
19794,8
19795,0
19796,1
19797,10
19798,16
19799,16
19800,4
19801,10
19802,6
19803,3
19804,3
19805,4
19806,2
19807,2
19808,6
19809,4
19810,12
19811,11
19812,2
19813,8
19814,2
19815,10
19816,8
19817,5
19818,5
19819,14
19850,7
19851,8
19852,7
19853,3
19854,9
19855,9
19856,9
19857,7
19858,0
19859,7
19860,2
19861,0
19862,3
19863,2
19864,3
19865,3
19866,2
19867,3
19868,4
19869,3
20020,10
20021,7
20022,0
20023,6
20024,8
20025,9
20026,9
20027,8
20028,7
20029,4
20080,4
20081,0
20082,4
20083,3
20084,3
20085,4
20086,5
20087,4
20088,4
20089,4
20090,0
20091,4
20092,8
20093,0
20094,7
20095,7
20096,0
20097,3
20098,4
20099,7
20100,3
20101,9
20102,8
20103,5
20104,3
20105,2
20106,3
20107,9
20108,7
20109,8
20110,0
20111,4
20112,2
20113,4
20114,3
20115,15
20116,6
20117,5
20118,0
20119,3
20120,9
20121,4
20122,9
20123,3
20124,7
20125,9
20126,7
20127,4
20128,7
20129,4
20130,7
20131,9
20132,3
20133,7
20134,5
20135,16
20136,8
20137,16
20138,2
20139,5
20170,2
20171,0
20172,10
20173,2
20174,2
20175,4
20176,2
20177,3
20178,6
20179,2
20180,16
20181,16
20182,7
20183,7
20184,14
20185,14
20186,14
20187,14
20188,0
20189,3
20210,0
20211,9
20212,8
20213,2
20214,16
20215,16
20216,7
20217,12
20218,14
20219,14
20220,9
20221,9
20222,0
20223,8
20224,7
20225,0
20226,9
20227,7
20228,8
20229,9
20230,2
20231,3
20232,12
20233,0
20234,3
20235,3
20236,3
20237,2
20238,12
20239,0
20570,7
20571,2
20572,0
20573,4
20574,4
20575,4
20576,8
20577,12
20578,9
20579,7
20580,2
20581,0
20582,3
20583,0
20584,14
20585,0
20586,0
20587,2
20588,3
20589,2
20660,0
20661,0
20662,9
20663,8
20664,7
20665,0
20666,7
20667,9
20668,4
20669,7
20670,0
20671,3
20672,3
20673,3
20674,2
20675,13
20676,3
20677,0
20678,2
20679,0
20730,0
20731,3
20732,2
20733,2
20734,12
20735,4
20736,5
20737,12
20738,4
20739,6
20740,0
20741,10
20742,7
20743,7
20744,8
20745,8
20746,9
20747,7
20748,8
20749,9
20750,3
20751,3
20752,2
20753,16
20754,2
20755,0
20756,3
20757,3
20758,3
20759,12
20760,9
20761,4
20762,3
20763,3
20764,3
20765,7
20766,12
20767,12
20768,5
20769,12
20770,4
20771,7
20772,9
20773,4
20774,3
20775,4
20776,4
20777,9
20778,7
20779,9
20780,3
20781,11
20782,5
20783,0
20784,2
20785,0
20786,4
20787,5
20788,6
20789,2
20790,10
20791,4
20792,1
20793,0
20794,2
20795,3
20796,0
20797,5
20798,5
20799,5
20810,0
20811,14
20812,5
20813,16
20814,7
20815,14
20816,16
20817,6
20818,16
20819,2
20860,0
20861,3
20862,6
20863,3
20864,2
20865,5
20866,0
20867,3
20868,0
20869,12
20870,3
20871,2
20872,2
20873,5
20874,3
20875,8
20876,0
20877,2
20878,5
20879,14
20930,10
20931,4
20932,7
20933,2
20934,8
20935,11
20936,9
20937,16
20938,7
20939,7
20940,10
20941,3
20942,3
20943,8
20944,2
20945,3
20946,4
20947,3
20948,3
20949,4
20950,1
20951,10
20952,2
20953,13
20954,3
20955,4
20956,2
20957,3
20958,3
20959,10
20960,0
20961,7
20962,0
20963,8
20964,7
20965,10
20966,9
20967,7
20968,8
20969,7
20970,0
20971,3
20972,3
20973,5
20974,6
20975,10
20976,7
20977,2
20978,2
20979,2
21000,2
21001,2
21002,3
21003,2
21004,2
21005,3
21006,3
21007,3
21008,0
21009,9
21010,0
21011,0
21012,4
21013,8
21014,7
21015,10
21016,9
21017,7
21018,8
21019,8
21020,3
21021,2
21022,3
21023,12
21024,12
21025,2
21026,2
21027,2
21028,3
21029,2
21070,9
21071,16
21072,7
21073,5
21074,16
21075,2
21076,2
21077,14
21078,14
21079,3
21080,2
21081,10
21082,3
21083,4
21084,2
21085,2
21086,2
21087,4
21088,3
21089,2
21260,12
21261,2
21262,14
21263,7
21264,2
21265,2
21266,8
21267,5
21268,16
21269,3
21270,4
21271,2
21272,4
21273,12
21274,3
21275,10
21276,3
21277,8
21278,5
21279,5
21280,9
21281,3
21282,3
21283,3
21284,6
21285,6
21286,2
21287,5
21288,2
21289,3
21480,2
21481,16
21482,10
21483,14
21484,3
21485,11
21486,2
21487,7
21488,3
21489,14
21490,5
21491,16
21492,6
21493,5
21494,8
21495,10
21496,7
21497,9
21498,5
21499,5
21500,11
21501,2
21502,2
21503,2
21504,8
21505,2
21506,4
21507,13
21508,3
21509,7
21550,10
21551,13
21552,5
21553,7
21554,6
21555,2
21556,0
21557,12
21558,5
21559,12
21560,10
21561,16
21562,14
21563,1
21564,7
21565,9
21566,2
21567,2
21568,2
21569,12
21570,0
21571,3
21572,3
21573,2
21574,2
21575,6
21576,4
21577,2
21578,4
21579,2
21680,2
21681,16
21682,10
21683,3
21684,7
21685,9
21686,0
21687,16
21688,7
21689,7
21690,7
21691,3
21692,0
21693,5
21694,3
21695,16
21696,2
21697,12
21698,2
21699,2
21700,4
21701,4
21702,1
21703,8
21704,7
21705,8
21706,7
21707,7
21708,8
21709,7
21990,5
21991,5
21992,7
21993,5
21994,5
21995,16
21996,10
21997,9
21998,5
21999,5
22000,6
22001,0
22002,4
22003,6
22004,3
22005,1
22006,10
22007,3
22008,2
22009,3
22010,3
22011,0
22012,8
22013,3
22014,2
22015,16
22016,8
22017,2
22018,4
22019,2
22020,2
22021,5
22022,3
22023,3
22024,3
22025,3
22026,4
22027,5
22028,15
22029,2
22030,10
22031,10
22032,2
22033,3
22034,2
22035,0
22036,0
22037,3
22038,3
22039,3
22040,16
22041,5
22042,16
22043,14
22044,1
22045,16
22046,11
22047,3
22048,5
22049,1
22200,10
22201,9
22202,4
22203,8
22204,7
22205,0
22206,7
22207,10
22208,7
22209,8
22210,0
22211,2
22212,3
22213,3
22214,3
22215,2
22216,2
22217,5
22218,0
22219,2
22220,0
22221,9
22222,5
22223,2
22224,3
22225,11
22226,0
22227,2
22228,8
22229,8
22230,11
22231,16
22232,2
22233,3
22234,7
22235,2
22236,2
22237,11
22238,2
22239,3
22240,7
22241,7
22242,9
22243,7
22244,8
22245,7
22246,4
22247,4
22248,16
22249,9
22250,3
22251,2
22252,3
22253,4
22254,3
22255,3
22256,0
22257,3
22258,3
22259,2
22510,16
22511,11
22512,5
22513,7
22514,8
22515,2
22516,14
22517,2
22518,3
22519,14
22520,10
22521,10
22522,3
22523,8
22524,7
22525,7
22526,10
22527,4
22528,7
22529,8
22660,10
22661,2
22662,4
22663,4
22664,3
22665,10
22666,0
22667,3
22668,3
22669,12
22670,2
22671,5
22672,3
22673,3
22674,2
22675,2
22676,2
22677,2
22678,3
22679,3
22900,0
22901,4
22902,2
22903,2
22904,2
22905,3
22906,14
22907,5
22908,2
22909,4
22910,4
22911,2
22912,3
22913,3
22914,3
22915,0
22916,2
22917,4
22918,2
22919,2
22970,7
22971,0
22972,7
22973,8
22974,8
22975,9
22976,4
22977,9
22978,8
22979,3
23120,16
23121,16
23122,7
23123,14
23124,2
23125,16
23126,2
23127,7
23128,2
23129,2
23130,2
23131,4
23132,2
23133,2
23134,2
23135,2
23136,4
23137,6
23138,2
23139,3
23140,11
23141,7
23142,2
23143,6
23144,2
23145,3
23146,0
23147,2
23148,2
23149,2
23150,3
23151,15
23152,2
23153,2
23154,5
23155,9
23156,12
23157,12
23158,2
23159,5
23160,8
23161,10
23162,7
23163,0
23164,8
23165,7
23166,7
23167,8
23168,9
23169,7
23170,16
23171,9
23172,2
23173,7
23174,7
23175,16
23176,7
23177,16
23178,4
23179,6
23180,0
23181,2
23182,4
23183,3
23184,3
23185,0
23186,2
23187,3
23188,3
23189,5
23190,3
23191,2
23192,14
23193,2
23194,14
23195,16
23196,16
23197,2
23198,5
23199,7
23220,15
23221,11
23222,5
23223,5
23224,16
23225,9
23226,16
23227,8
23228,6
23229,14
23230,0
23231,2
23232,2
23233,3
23234,2
23235,2
23236,0
23237,3
23238,3
23239,0
23240,2
23241,0
23242,6
23243,3
23244,2
23245,4
23246,12
23247,2
23248,4
23249,6
23340,7
23341,1
23342,6
23343,7
23344,5
23345,9
23346,1
23347,1
23348,7
23349,8
23480,2
23481,0
23482,8
23483,11
23484,5
23485,15
23486,0
23487,3
23488,3
23489,16
23490,9
23491,16
23492,10
23493,5
23494,0
23495,16
23496,5
23497,0
23498,7
23499,5
23520,3
23521,3
23522,15
23523,4
23524,3
23525,0
23526,3
23527,3
23528,3
23529,5
23530,10
23531,7
23532,0
23533,4
23534,1
23535,10
23536,7
23537,9
23538,9
23539,8
23560,2
23561,2
23562,1
23563,15
23564,2
23565,2
23566,3
23567,2
23568,12
23569,3
23570,9
23571,9
23572,13
23573,2
23574,8
23575,3
23576,3
23577,8
23578,14
23579,3
23580,0
23581,2
23582,3
23583,3
23584,3
23585,0
23586,2
23587,15
23588,2
23589,3
23590,0
23591,3
23592,2
23593,3
23594,2
23595,12
23596,15
23597,2
23598,5
23599,3
23670,15
23671,2
23672,3
23673,3
23674,2
23675,10
23676,9
23677,0
23678,2
23679,0
23680,3
23681,2
23682,5
23683,5
23684,6
23685,0
23686,2
23687,2
23688,5
23689,6
23690,9
23691,9
23692,7
23693,4
23694,3
23695,4
23696,7
23697,7
23698,11
23699,8
23700,7
23701,9
23702,0
23703,5
23704,5
23705,3
23706,0
23707,7
23708,7
23709,0
24070,16
24071,3
24072,16
24073,0
24074,2
24075,0
24076,10
24077,2
24078,2
24079,3
24080,0
24081,3
24082,9
24083,7
24084,8
24085,10
24086,7
24087,9
24088,8
24089,7
24090,16
24091,14
24092,2
24093,8
24094,4
24095,7
24096,11
24097,16
24098,14
24099,14
24100,13
24101,16
24102,2
24103,2
24104,14
24105,14
24106,14
24107,6
24108,14
24109,12
24110,3
24111,2
24112,2
24113,3
24114,3
24115,4
24116,3
24117,2
24118,5
24119,3
24120,15
24121,2
24122,3
24123,0
24124,2
24125,0
24126,4
24127,2
24128,4
24129,2
24130,16
24131,16
24132,14
24133,7
24134,1
24135,11
24136,16
24137,2
24138,5
24139,9
24140,2
24141,3
24142,2
24143,9
24144,13
24145,2
24146,0
24147,4
24148,2
24149,2
24150,5
24151,16
24152,6
24153,5
24154,3
24155,1
24156,5
24157,16
24158,6
24159,7
24160,8
24161,16
24162,14
24163,5
24164,11
24165,2
24166,14
24167,7
24168,14
24169,3
24270,7
24271,0
24272,3
24273,8
24274,7
24275,9
24276,4
24277,7
24278,7
24279,4
24450,8
24451,2
24452,16
24453,5
24454,2
24455,16
24456,9
24457,5
24458,5
24459,5
24460,0
24461,10
24462,3
24463,2
24464,8
24465,6
24466,0
24467,10
24468,3
24469,3
24470,3
24471,6
24472,0
24473,2
24474,2
24475,4
24476,15
24477,2
24478,10
24479,2
24500,5
24501,16
24502,6
24503,10
24504,10
24505,0
24506,5
24507,7
24508,5
24509,5
24880,0
24881,16
24882,1
24883,7
24884,8
24885,7
24886,9
24887,4
24888,3
24889,8
24890,7
24891,2
24892,15
24893,3
24894,3
24895,3
24896,9
24897,2
24898,14
24899,12
25230,16
25231,2
25232,0
25233,2
25234,3
25235,2
25236,16
25237,16
25238,16
25239,14
25240,5
25241,7
25242,5
25243,9
25244,0
25245,7
25246,3
25247,5
25248,0
25249,16
25250,0
25251,3
25252,1
25253,12
25254,2
25255,2
25256,4
25257,4
25258,2
25259,3
25320,11
25321,11
25322,2
25323,5
25324,2
25325,3
25326,3
25327,3
25328,5
25329,12
25330,2
25331,4
25332,6
25333,3
25334,2
25335,4
25336,2
25337,4
25338,2
25339,4
25340,9
25341,0
25342,9
25343,7
25344,7
25345,0
25346,0
25347,7
25348,8
25349,8
25380,15
25381,0
25382,3
25383,5
25384,15
25385,0
25386,4
25387,2
25388,3
25389,8
25390,7
25391,0
25392,7
25393,7
25394,8
25395,9
25396,4
25397,7
25398,7
25399,7
25590,2
25591,11
25592,11
25593,5
25594,14
25595,2
25596,0
25597,2
25598,3
25599,2
25600,8
25601,4
25602,3
25603,2
25604,12
25605,0
25606,5
25607,2
25608,3
25609,2
25610,0
25611,9
25612,0
25613,2
25614,8
25615,7
25616,7
25617,0
25618,0
25619,8
25700,0
25701,0
25702,3
25703,6
25704,5
25705,0
25706,2
25707,5
25708,2
25709,2
25730,1
25731,9
25732,2
25733,3
25734,2
25735,0
25736,3
25737,0
25738,3
25739,6
25740,16
25741,16
25742,9
25743,10
25744,6
25745,1
25746,0
25747,7
25748,4
25749,16
25750,3
25751,16
25752,2
25753,4
25754,2
25755,3
25756,2
25757,4
25758,3
25759,4
25790,9
25791,0
25792,7
25793,2
25794,6
25795,0
25796,9
25797,0
25798,8
25799,2
25970,0
25971,4
25972,3
25973,5
25974,3
25975,3
25976,0
25977,2
25978,12
25979,6
25980,16
25981,16
25982,2
25983,5
25984,5
25985,16
25986,16
25987,12
25988,7
25989,3
25990,4
25991,2
25992,2
25993,5
25994,3
25995,0
25996,2
25997,3
25998,3
25999,0
26000,7
26001,0
26002,9
26003,7
26004,3
26005,0
26006,8
26007,0
26008,7
26009,7
26010,0
26011,4
26012,3
26013,4
26014,2
26015,4
26016,2
26017,2
26018,4
26019,1
26020,5
26021,2
26022,16
26023,5
26024,2
26025,16
26026,7
26027,16
26028,14
26029,3
26060,0
26061,5
26062,5
26063,5
26064,16
26065,16
26066,5
26067,16
26068,9
26069,5
26070,10
26071,4
26072,3
26073,4
26074,3
26075,7
26076,9
26077,7
26078,7
26079,4
26080,10
26081,0
26082,3
26083,2
26084,2
26085,2
26086,3
26087,3
26088,11
26089,2
26150,9
26151,16
26152,2
26153,2
26154,2
26155,14
26156,2
26157,14
26158,7
26159,16
26160,4
26161,6
26162,6
26163,16
26164,5
26165,7
26166,6
26167,5
26168,5
26169,5
26170,2
26171,5
26172,7
26173,6
26174,16
26175,0
26176,11
26177,3
26178,2
26179,12
26290,7
26291,9
26292,8
26293,7
26294,7
26295,7
26296,16
26297,4
26298,11
26299,7
26300,16
26301,0
26302,5
26303,3
26304,16
26305,16
26306,16
26307,2
26308,5
26309,2
26310,0
26311,2
26312,8
26313,12
26314,5
26315,13
26316,3
26317,9
26318,12
26319,2
26320,2
26321,2
26322,16
26323,14
26324,14
26325,2
26326,9
26327,5
26328,3
26329,14
26330,2
26331,3
26332,2
26333,16
26334,4
26335,5
26336,3
26337,15
26338,2
26339,2
26340,0
26341,0
26342,2
26343,8
26344,2
26345,7
26346,2
26347,3
26348,15
26349,2
26350,2
26351,0
26352,3
26353,7
26354,3
26355,1
26356,10
26357,14
26358,13
26359,4
26410,2
26411,9
26412,0
26413,8
26414,6
26415,2
26416,2
26417,2
26418,3
26419,14
26420,0
26421,8
26422,16
26423,7
26424,7
26425,0
26426,9
26427,7
26428,7
26429,8
26620,15
26621,2
26622,4
26623,2
26624,3
26625,3
26626,0
26627,2
26628,7
26629,5
26630,9
26631,8
26632,7
26633,4
26634,4
26635,11
26636,10
26637,8
26638,3
26639,7
26950,2
26951,4
26952,3
26953,2
26954,8
26955,2
26956,2
26957,14
26958,2
26959,2
26960,2
26961,2
26962,4
26963,7
26964,4
26965,2
26966,12
26967,5
26968,2
26969,2
26970,4
26971,7
26972,9
26973,4
26974,7
26975,9
26976,7
26977,3
26978,4
26979,8
26980,0
26981,5
26982,5
26983,1
26984,2
26985,0
26986,7
26987,5
26988,5
26989,5
26990,15
26991,2
26992,0
26993,1
26994,12
26995,9
26996,2
26997,12
26998,12
26999,10
27200,3
27201,4
27202,4
27203,10
27204,3
27205,2
27206,2
27207,2
27208,4
27209,3
27210,2
27211,2
27212,2
27213,10
27214,12
27215,2
27216,10
27217,2
27218,2
27219,5
27220,2
27221,2
27222,10
27223,2
27224,6
27225,11
27226,2
27227,2
27228,3
27229,0
27230,2
27231,16
27232,0
27233,14
27234,3
27235,0
27236,16
27237,14
27238,14
27239,2
27240,9
27241,14
27242,14
27243,7
27244,5
27245,16
27246,16
27247,5
27248,2
27249,12
27250,2
27251,3
27252,2
27253,15
27254,8
27255,4
27256,2
27257,15
27258,2
27259,1
27260,7
27261,5
27262,5
27263,7
27264,0
27265,16
27266,0
27267,7
27268,16
27269,7
27290,2
27291,2
27292,2
27293,15
27294,2
27295,3
27296,0
27297,0
27298,6
27299,6
27300,4
27301,2
27302,4
27303,4
27304,2
27305,2
27306,4
27307,3
27308,1
27309,5
27330,2
27331,0
27332,3
27333,2
27334,3
27335,10
27336,2
27337,16
27338,2
27339,4
27340,16
27341,7
27342,8
27343,4
27344,4
27345,0
27346,4
27347,3
27348,9
27349,8
27350,10
27351,4
27352,16
27353,2
27354,3
27355,5
27356,16
27357,0
27358,16
27359,8
27400,7
27401,16
27402,7
27403,8
27404,7
27405,6
27406,7
27407,3
27408,5
27409,5
27410,2
27411,2
27412,1
27413,14
27414,3
27415,16
27416,14
27417,2
27418,5
27419,16
27480,4
27481,1
27482,2
27483,2
27484,3
27485,2
27486,2
27487,2
27488,12
27489,3
27490,9
27491,8
27492,0
27493,7
27494,9
27495,0
27496,7
27497,7
27498,7
27499,7
27540,0
27541,3
27542,8
27543,6
27544,2
27545,0
27546,14
27547,2
27548,7
27549,6
27550,0
27551,7
27552,0
27553,8
27554,7
27555,10
27556,7
27557,7
27558,4
27559,7
27670,16
27671,2
27672,0
27673,7
27674,7
27675,9
27676,5
27677,7
27678,5
27679,7
27680,2
27681,11
27682,4
27683,3
27684,2
27685,9
27686,2
27687,12
27688,2
27689,3
27950,10
27951,5
27952,5
27953,12
27954,6
27955,2
27956,4
27957,0
27958,5
27959,6
27960,3
27961,3
27962,13
27963,2
27964,3
27965,16
27966,2
27967,4
27968,2
27969,4
27970,16
27971,16
27972,5
27973,7
27974,7
27975,16
27976,5
27977,5
27978,1
27979,16
27980,7
27981,7
27982,7
27983,7
27984,7
27985,7
27986,9
27987,9
27988,7
27989,8
28010,3
28011,3
28012,2
28013,3
28014,2
28015,4
28016,3
28017,3
28018,2
28019,2
28020,0
28021,3
28022,2
28023,2
28024,2
28025,5
28026,6
28027,2
28028,5
28029,3
28030,5
28031,10
28032,2
28033,5
28034,0
28035,0
28036,5
28037,5
28038,7
28039,7
28040,2
28041,3
28042,16
28043,16
28044,12
28045,2
28046,16
28047,16
28048,5
28049,3
28050,15
28051,14
28052,2
28053,3
28054,3
28055,2
28056,4
28057,11
28058,8
28059,3
28060,9
28061,7
28062,9
28063,8
28064,3
28065,9
28066,1
28067,9
28068,7
28069,8
28100,3
28101,16
28102,3
28103,3
28104,8
28105,2
28106,3
28107,1
28108,3
28109,2
28110,7
28111,2
28112,16
28113,2
28114,3
28115,2
28116,14
28117,7
28118,14
28119,3
28120,4
28121,3
28122,2
28123,2
28124,2
28125,4
28126,0
28127,3
28128,8
28129,2
28180,9
28181,9
28182,7
28183,7
28184,8
28185,4
28186,9
28187,7
28188,4
28189,7
28190,2
28191,11
28192,2
28193,10
28194,5
28195,4
28196,0
28197,7
28198,6
28199,3
28340,0
28341,5
28342,3
28343,2
28344,12
28345,10
28346,4
28347,4
28348,7
28349,14
28350,7
28351,7
28352,8
28353,4
28354,7
28355,10
28356,7
28357,0
28358,8
28359,7
28700,0
28701,5
28702,5
28703,1
28704,3
28705,15
28706,1
28707,9
28708,4
28709,3
28710,16
28711,16
28712,7
28713,5
28714,2
28715,16
28716,2
28717,11
28718,2
28719,8
28720,9
28721,1
28722,5
28723,2
28724,3
28725,10
28726,4
28727,4
28728,5
28729,12
28850,9
28851,14
28852,14
28853,2
28854,5
28855,16
28856,12
28857,11
28858,3
28859,14
28860,16
28861,2
28862,2
28863,5
28864,12
28865,0
28866,12
28867,9
28868,12
28869,11
28870,2
28871,0
28872,5
28873,3
28874,2
28875,2
28876,3
28877,6
28878,2
28879,2
28880,0
28881,8
28882,7
28883,7
28884,4
28885,0
28886,7
28887,4
28888,3
28889,8
28890,0
28891,3
28892,2
28893,5
28894,3
28895,3
28896,12
28897,6
28898,0
28899,0
28900,16
28901,16
28902,7
28903,10
28904,7
28905,1
28906,5
28907,9
28908,2
28909,14
28910,7
28911,4
28912,4
28913,8
28914,7
28915,0
28916,9
28917,7
28918,7
28919,8
29050,16
29051,5
29052,2
29053,7
29054,5
29055,11
29056,2
29057,2
29058,2
29059,3
29060,0
29061,3
29062,2
29063,6
29064,5
29065,2
29066,0
29067,3
29068,2
29069,2
29070,7
29071,9
29072,3
29073,8
29074,8
29075,0
29076,0
29077,7
29078,3
29079,8
29080,2
29081,4
29082,4
29083,3
29084,0
29085,3
29086,0
29087,5
29088,3
29089,2
29300,10
29301,13
29302,10
29303,5
29304,3
29305,8
29306,2
29307,5
29308,3
29309,12
29310,2
29311,2
29312,3
29313,3
29314,14
29315,2
29316,2
29317,2
29318,2
29319,0
29320,3
29321,11
29322,3
29323,14
29324,2
29325,8
29326,14
29327,14
29328,4
29329,14
29450,4
29451,0
29452,7
29453,1
29454,13
29455,3
29456,3
29457,10
29458,3
29459,8
29460,3
29461,3
29462,3
29463,2
29464,2
29465,11
29466,3
29467,8
29468,5
29469,2
29470,2
29471,16
29472,14
29473,14
29474,1
29475,2
29476,2
29477,16
29478,16
29479,0
29620,16
29621,8
29622,7
29623,9
29624,7
29625,10
29626,1
29627,0
29628,8
29629,0
29630,8
29631,2
29632,2
29633,5
29634,3
29635,0
29636,0
29637,2
29638,3
29639,3
29640,9
29641,7
29642,7
29643,12
29644,7
29645,7
29646,7
29647,4
29648,1
29649,7
29650,9
29651,2
29652,2
29653,2
29654,2
29655,0
29656,3
29657,2
29658,2
29659,2
29660,10
29661,2
29662,2
29663,2
29664,2
29665,2
29666,2
29667,16
29668,0
29669,2
29830,8
29831,9
29832,7
29833,7
29834,9
29835,0
29836,7
29837,7
29838,7
29839,8
29840,13
29841,2
29842,10
29843,3
29844,3
29845,2
29846,0
29847,6
29848,5
29849,3
29850,0
29851,3
29852,6
29853,3
29854,2
29855,3
29856,15
29857,3
29858,12
29859,3
29880,0
29881,1
29882,8
29883,7
29884,7
29885,10
29886,7
29887,9
29888,7
29889,10
29900,14
29901,16
29902,14
29903,3
29904,2
29905,16
29906,2
29907,2
29908,2
29909,2
29910,16
29911,2
29912,12
29913,0
29914,3
29915,11
29916,15
29917,5
29918,6
29919,3
29920,3
29921,9
29922,7
29923,7
29924,7
29925,1
29926,1
29927,0
29928,9
29929,7
29930,4
29931,5
29932,3
29933,2
29934,2
29935,15
29936,4
29937,2
29938,4
29939,2
29990,4
29991,16
29992,2
29993,3
29994,3
29995,0
29996,1
29997,7
29998,4
29999,2
30000,14
30001,11
30002,3
30003,14
30004,3
30005,0
30006,7
30007,3
30008,2
30009,4
30290,2
30291,5
30292,2
30293,1
30294,2
30295,3
30296,4
30297,12
30298,8
30299,3
30300,2
30301,8
30302,2
30303,2
30304,3
30305,9
30306,14
30307,2
30308,14
30309,2
30440,15
30441,3
30442,3
30443,3
30444,2
30445,3
30446,3
30447,0
30448,0
30449,1
30450,4
30451,5
30452,2
30453,5
30454,2
30455,9
30456,2
30457,2
30458,4
30459,5
30460,5
30461,10
30462,10
30463,5
30464,5
30465,5
30466,5
30467,6
30468,5
30469,4
30500,15
30501,0
30502,3
30503,3
30504,12
30505,15
30506,0
30507,2
30508,16
30509,12
30510,7
30511,7
30512,7
30513,4
30514,9
30515,7
30516,9
30517,0
30518,0
30519,8
30540,16
30541,14
30542,16
30543,5
30544,2
30545,16
30546,12
30547,16
30548,3
30549,4
30550,0
30551,7
30552,5
30553,5
30554,6
30555,9
30556,5
30557,9
30558,5
30559,16
30610,3
30611,2
30612,2
30613,4
30614,2
30615,2
30616,15
30617,3
30618,3
30619,2
30920,3
30921,7
30922,7
30923,4
30924,4
30925,7
30926,4
30927,1
30928,8
30929,7
30930,10
30931,15
30932,10
30933,2
30934,7
30935,4
30936,4
30937,2
30938,3
30939,7
30940,2
30941,2
30942,3
30943,3
30944,7
30945,2
30946,1
30947,14
30948,4
30949,3
31120,0
31121,13
31122,5
31123,3
31124,8
31125,15
31126,0
31127,3
31128,5
31129,8
31130,0
31131,7
31132,7
31133,4
31134,7
31135,0
31136,9
31137,7
31138,4
31139,4
31650,10
31651,10
31652,13
31653,7
31654,7
31655,4
31656,10
31657,10
31658,7
31659,8
31660,3
31661,2
31662,6
31663,2
31664,2
31665,0
31666,3
31667,0
31668,5
31669,12
31690,4
31691,0
31692,3
31693,3
31694,2
31695,4
31696,2
31697,0
31698,5
31699,3
31700,9
31701,4
31702,8
31703,8
31704,7
31705,0
31706,0
31707,7
31708,3
31709,8
31710,15
31711,3
31712,6
31713,3
31714,2
31715,2
31716,2
31717,4
31718,0
31719,3
31720,0
31721,3
31722,2
31723,3
31724,3
31725,2
31726,0
31727,2
31728,3
31729,2
31730,16
31731,14
31732,3
31733,14
31734,2
31735,14
31736,8
31737,7
31738,16
31739,16
31740,13
31741,0
31742,3
31743,3
31744,3
31745,3
31746,3
31747,1
31748,0
31749,3
31900,11
31901,16
31902,2
31903,8
31904,3
31905,16
31906,9
31907,14
31908,3
31909,12
31910,0
31911,3
31912,2
31913,3
31914,4
31915,0
31916,3
31917,2
31918,2
31919,0
31920,4
31921,0
31922,2
31923,5
31924,14
31925,0
31926,13
31927,3
31928,5
31929,0
32040,16
32041,16
32042,5
32043,3
32044,2
32045,16
32046,5
32047,16
32048,0
32049,7
32050,9
32051,2
32052,3
32053,5
32054,0
32055,15
32056,0
32057,3
32058,3
32059,3
32060,1
32061,9
32062,10
32063,8
32064,8
32065,8
32066,16
32067,7
32068,0
32069,8
32210,4
32211,3
32212,2
32213,5
32214,2
32215,3
32216,5
32217,2
32218,6
32219,2
32220,7
32221,4
32222,10
32223,8
32224,8
32225,9
32226,7
32227,9
32228,8
32229,7
32280,7
32281,8
32282,4
32283,8
32284,8
32285,8
32286,9
32287,8
32288,7
32289,8
32290,16
32291,1
32292,0
32293,0
32294,7
32295,6
32296,5
32297,5
32298,3
32299,14
32300,0
32301,8
32302,4
32303,8
32304,5
32305,5
32306,3
32307,0
32308,5
32309,5
32310,16
32311,16
32312,16
32313,5
32314,6
32315,10
32316,5
32317,9
32318,5
32319,16
32320,6
32321,5
32322,7
32323,16
32324,16
32325,16
32326,16
32327,6
32328,5
32329,5
32330,2
32331,3
32332,2
32333,2
32334,14
32335,6
32336,2
32337,4
32338,3
32339,3
32700,16
32701,10
32702,5
32703,16
32704,5
32705,16
32706,16
32707,0
32708,3
32709,5
32710,3
32711,4
32712,6
32713,3
32714,0
32715,14
32716,2
32717,3
32718,12
32719,2
32740,15
32741,15
32742,4
32743,4
32744,3
32745,12
32746,15
32747,3
32748,3
32749,3
32750,2
32751,3
32752,5
32753,3
32754,3
32755,2
32756,5
32757,2
32758,16
32759,5
32760,14
32761,16
32762,4
32763,16
32764,2
32765,7
32766,4
32767,0
32768,2
32769,14
32770,4
32771,4
32772,6
32773,6
32774,6
32775,4
32776,3
32777,5
32778,11
32779,7
32800,2
32801,2
32802,3
32803,0
32804,2
32805,2
32806,5
32807,4
32808,2
32809,0
32810,15
32811,2
32812,3
32813,2
32814,12
32815,11
32816,10
32817,7
32818,3
32819,5
32820,8
32821,2
32822,16
32823,12
32824,8
32825,16
32826,14
32827,14
32828,4
32829,3
32850,11
32851,2
32852,1
32853,14
32854,14
32855,16
32856,0
32857,2
32858,14
32859,3
32860,0
32861,8
32862,7
32863,8
32864,7
32865,9
32866,7
32867,7
32868,4
32869,7
33070,0
33071,2
33072,11
33073,1
33074,16
33075,4
33076,2
33077,8
33078,3
33079,10
33080,11
33081,16
33082,16
33083,2
33084,3
33085,16
33086,2
33087,13
33088,7
33089,14
33090,16
33091,7
33092,0
33093,16
33094,7
33095,0
33096,16
33097,7
33098,16
33099,8
33100,0
33101,1
33102,0
33103,0
33104,8
33105,10
33106,6
33107,2
33108,10
33109,12
33420,0
33421,3
33422,0
33423,3
33424,2
33425,2
33426,12
33427,3
33428,4
33429,3
33430,0
33431,16
33432,1
33433,2
33434,8
33435,16
33436,5
33437,0
33438,5
33439,5
33490,10
33491,0
33492,6
33493,7
33494,16
33495,16
33496,10
33497,10
33498,3
33499,10
33500,2
33501,16
33502,2
33503,14
33504,1
33505,8
33506,5
33507,16
33508,16
33509,2
33650,7
33651,16
33652,16
33653,16
33654,5
33655,10
33656,9
33657,9
33658,5
33659,7
33660,15
33661,16
33662,0
33663,3
33664,2
33665,0
33666,9
33667,2
33668,2
33669,3
33670,0
33671,14
33672,12
33673,16
33674,14
33675,11
33676,7
33677,2
33678,2
33679,5
33890,0
33891,7
33892,4
33893,7
33894,8
33895,0
33896,9
33897,8
33898,3
33899,7
33900,3
33901,3
33902,2
33903,15
33904,3
33905,15
33906,2
33907,4
33908,2
33909,0
33940,2
33941,6
33942,2
33943,2
33944,2
33945,0
33946,13
33947,11
33948,12
33949,3
33950,3
33951,7
33952,2
33953,14
33954,16
33955,2
33956,14
33957,7
33958,16
33959,3
33960,8
33961,0
33962,9
33963,9
33964,4
33965,1
33966,10
33967,7
33968,8
33969,16
34010,4
34011,0
34012,7
34013,0
34014,7
34015,7
34016,4
34017,7
34018,7
34019,8
34020,0
34021,5
34022,2
34023,5
34024,3
34025,2
34026,2
34027,16
34028,5
34029,3
34150,4
34151,3
34152,2
34153,2
34154,3
34155,4
34156,2
34157,2
34158,6
34159,2
34160,7
34161,9
34162,5
34163,7
34164,6
34165,16
34166,6
34167,6
34168,6
34169,16
34590,14
34591,2
34592,5
34593,2
34594,16
34595,16
34596,16
34597,14
34598,16
34599,3
34600,0
34601,16
34602,3
34603,3
34604,3
34605,0
34606,2
34607,2
34608,2
34609,2
34610,9
34611,0
34612,8
34613,8
34614,8
34615,7
34616,7
34617,7
34618,7
34619,3
34660,16
34661,16
34662,3
34663,1
34664,7
34665,16
34666,16
34667,5
34668,9
34669,5
34670,9
34671,9
34672,9
34673,8
34674,8
34675,4
34676,9
34677,2
34678,7
34679,8
34680,2
34681,4
34682,5
34683,3
34684,14
34685,0
34686,10
34687,2
34688,2
34689,3
34870,11
34871,3
34872,5
34873,3
34874,6
34875,10
34876,5
34877,10
34878,5
34879,8
34880,7
34881,7
34882,14
34883,14
34884,6
34885,16
34886,16
34887,16
34888,12
34889,3
34890,11
34891,0
34892,11
34893,8
34894,5
34895,11
34896,3
34897,13
34898,11
34899,6
34900,3
34901,2
34902,6
34903,2
34904,0
34905,15
34906,9
34907,3
34908,3
34909,2
34910,4
34911,4
34912,2
34913,3
34914,4
34915,2
34916,12
34917,3
34918,4
34919,14
34920,3
34921,5
34922,7
34923,5
34924,2
34925,13
34926,2
34927,6
34928,8
34929,2
35300,9
35301,2
35302,2
35303,2
35304,3
35305,2
35306,2
35307,3
35308,2
35309,1
35310,7
35311,7
35312,0
35313,1
35314,8
35315,0
35316,0
35317,0
35318,8
35319,7
35320,3
35321,2
35322,9
35323,14
35324,2
35325,4
35326,2
35327,13
35328,4
35329,8
35420,9
35421,3
35422,3
35423,12
35424,4
35425,2
35426,2
35427,5
35428,0
35429,3
35430,10
35431,4
35432,0
35433,8
35434,3
35435,2
35436,6
35437,0
35438,3
35439,8
35460,4
35461,2
35462,5
35463,5
35464,3
35465,15
35466,4
35467,0
35468,2
35469,4
35470,3
35471,3
35472,2
35473,11
35474,5
35475,14
35476,14
35477,11
35478,2
35479,14
35530,16
35531,9
35532,5
35533,2
35534,7
35535,10
35536,6
35537,16
35538,7
35539,2
35540,9
35541,5
35542,6
35543,11
35544,12
35545,4
35546,0
35547,0
35548,8
35549,2
35550,2
35551,14
35552,2
35553,7
35554,2
35555,14
35556,2
35557,2
35558,14
35559,3
35560,7
35561,11
35562,1
35563,0
35564,8
35565,7
35566,9
35567,8
35568,7
35569,9
35620,7
35621,7
35622,7
35623,5
35624,2
35625,6
35626,16
35627,7
35628,8
35629,5
35630,10
35631,1
35632,9
35633,9
35634,7
35635,1
35636,0
35637,7
35638,3
35639,8
35760,10
35761,5
35762,1
35763,10
35764,7
35765,7
35766,7
35767,2
35768,16
35769,14
35770,0
35771,3
35772,2
35773,4
35774,3
35775,2
35776,16
35777,2
35778,0
35779,2
35780,0
35781,3
35782,0
35783,2
35784,4
35785,0
35786,0
35787,2
35788,3
35789,5
35790,4
35791,13
35792,2
35793,3
35794,2
35795,2
35796,15
35797,4
35798,2
35799,3
35850,0
35851,12
35852,2
35853,4
35854,3
35855,0
35856,0
35857,12
35858,3
35859,8
35860,5
35861,2
35862,16
35863,7
35864,14
35865,2
35866,11
35867,16
35868,1
35869,2
35870,3
35871,2
35872,2
35873,5
35874,5
35875,9
35876,11
35877,4
35878,4
35879,2
36070,4
36071,7
36072,7
36073,7
36074,7
36075,9
36076,9
36077,7
36078,8
36079,4
36080,0
36081,6
36082,1
36083,7
36084,5
36085,0
36086,6
36087,4
36088,5
36089,3
36090,0
36091,2
36092,2
36093,3
36094,4
36095,3
36096,2
36097,0
36098,5
36099,2
36100,2
36101,2
36102,15
36103,13
36104,2
36105,15
36106,4
36107,5
36108,6
36109,3
36290,9
36291,1
36292,7
36293,3
36294,8
36295,16
36296,8
36297,8
36298,8
36299,7
36300,0
36301,0
36302,2
36303,2
36304,2
36305,0
36306,16
36307,2
36308,0
36309,2
36340,14
36341,2
36342,11
36343,2
36344,2
36345,0
36346,6
36347,14
36348,14
36349,2
36350,10
36351,2
36352,7
36353,3
36354,4
36355,16
36356,9
36357,3
36358,4
36359,8
36460,0
36461,3
36462,2
36463,3
36464,2
36465,2
36466,4
36467,4
36468,4
36469,0
36470,0
36471,10
36472,2
36473,5
36474,2
36475,4
36476,4
36477,5
36478,6
36479,5
36730,10
36731,8
36732,0
36733,3
36734,9
36735,1
36736,7
36737,11
36738,7
36739,8
36740,10
36741,10
36742,7
36743,10
36744,5
36745,2
36746,16
36747,16
36748,3
36749,3
36750,2
36751,3
36752,3
36753,2
36754,3
36755,3
36756,4
36757,4
36758,5
36759,6
37080,2
37081,5
37082,16
37083,3
37084,14
37085,16
37086,2
37087,16
37088,2
37089,3
37090,4
37091,15
37092,15
37093,12
37094,12
37095,15
37096,6
37097,5
37098,2
37099,14
37100,12
37101,3
37102,2
37103,4
37104,2
37105,10
37106,2
37107,11
37108,3
37109,2
37140,16
37141,3
37142,8
37143,14
37144,2
37145,4
37146,0
37147,2
37148,2
37149,8
37150,2
37151,10
37152,16
37153,16
37154,12
37155,2
37156,2
37157,14
37158,16
37159,14
37160,4
37161,5
37162,3
37163,0
37164,5
37165,10
37166,14
37167,2
37168,6
37169,5
37350,5
37351,3
37352,2
37353,2
37354,3
37355,0
37356,0
37357,5
37358,3
37359,12
37360,9
37361,4
37362,4
37363,8
37364,3
37365,0
37366,9
37367,7
37368,1
37369,8
37370,16
37371,14
37372,7
37373,16
37374,2
37375,5
37376,16
37377,2
37378,14
37379,12
37380,5
37381,3
37382,11
37383,14
37384,3
37385,9
37386,15
37387,2
37388,12
37389,16
37660,2
37661,16
37662,2
37663,11
37664,5
37665,14
37666,1
37667,16
37668,1
37669,15
37670,4
37671,9
37672,9
37673,11
37674,9
37675,0
37676,0
37677,4
37678,7
37679,8
37680,15
37681,4
37682,2
37683,3
37684,3
37685,3
37686,2
37687,2
37688,4
37689,4
37860,9
37861,3
37862,2
37863,4
37864,4
37865,2
37866,5
37867,3
37868,12
37869,7
37870,14
37871,14
37872,7
37873,14
37874,14
37875,16
37876,14
37877,1
37878,7
37879,3
37900,16
37901,16
37902,7
37903,7
37904,7
37905,16
37906,16
37907,3
37908,7
37909,5
38030,9
38031,7
38032,4
38033,7
38034,8
38035,0
38036,7
38037,4
38038,8
38039,3
38040,2
38041,3
38042,2
38043,2
38044,3
38045,3
38046,0
38047,0
38048,3
38049,5
38050,0
38051,16
38052,3
38053,5
38054,7
38055,5
38056,14
38057,16
38058,5
38059,5
38090,0
38091,3
38092,16
38093,2
38094,14
38095,16
38096,14
38097,5
38098,16
38099,3
38100,5
38101,7
38102,0
38103,5
38104,7
38105,5
38106,9
38107,5
38108,8
38109,16
38110,10
38111,4
38112,3
38113,4
38114,2
38115,6
38116,5
38117,4
38118,3
38119,5
38170,9
38171,3
38172,2
38173,7
38174,2
38175,0
38176,14
38177,2
38178,14
38179,2
38180,0
38181,0
38182,7
38183,7
38184,7
38185,7
38186,7
38187,7
38188,0
38189,9
38290,3
38291,4
38292,3
38293,3
38294,3
38295,2
38296,6
38297,2
38298,5
38299,0
38300,16
38301,6
38302,7
38303,14
38304,7
38305,2
38306,14
38307,2
38308,14
38309,16
38360,4
38361,15
38362,3
38363,12
38364,5
38365,15
38366,4
38367,4
38368,4
38369,4
38370,7
38371,0
38372,0
38373,2
38374,4
38375,7
38376,7
38377,4
38378,8
38379,7
38700,10
38701,9
38702,11
38703,8
38704,2
38705,5
38706,2
38707,8
38708,2
38709,3
38710,14
38711,3
38712,4
38713,5
38714,4
38715,4
38716,10
38717,3
38718,4
38719,4
38720,2
38721,14
38722,3
38723,8
38724,11
38725,14
38726,16
38727,3
38728,14
38729,14
38730,9
38731,7
38732,2
38733,7
38734,8
38735,7
38736,7
38737,4
38738,7
38739,7
38740,15
38741,2
38742,3
38743,4
38744,5
38745,2
38746,3
38747,5
38748,3
38749,0
38850,15
38851,15
38852,15
38853,2
38854,2
38855,9
38856,0
38857,4
38858,3
38859,3
38860,4
38861,5
38862,0
38863,2
38864,2
38865,2
38866,4
38867,12
38868,4
38869,4
38870,4
38871,2
38872,2
38873,4
38874,5
38875,3
38876,3
38877,6
38878,4
38879,4
38920,0
38921,3
38922,2
38923,2
38924,6
38925,4
38926,5
38927,2
38928,6
38929,5
38930,11
38931,4
38932,6
38933,2
38934,3
38935,9
38936,11
38937,3
38938,6
38939,3
38940,3
38941,9
38942,4
38943,10
38944,10
38945,9
38946,7
38947,2
38948,1
38949,8
38970,2
38971,2
38972,5
38973,2
38974,3
38975,0
38976,2
38977,5
38978,2
38979,7
39000,15
39001,2
39002,3
39003,2
39004,15
39005,0
39006,3
39007,1
39008,12
39009,6
39010,3
39011,5
39012,2
39013,8
39014,3
39015,2
39016,3
39017,3
39018,5
39019,2
39020,9
39021,16
39022,2
39023,2
39024,3
39025,16
39026,16
39027,6
39028,7
39029,2
39030,16
39031,5
39032,15
39033,2
39034,3
39035,16
39036,3
39037,2
39038,7
39039,3
39040,1
39041,2
39042,2
39043,15
39044,8
39045,3
39046,2
39047,14
39048,6
39049,2
39050,0
39051,2
39052,2
39053,2
39054,5
39055,4
39056,3
39057,5
39058,8
39059,0
39060,2
39061,11
39062,2
39063,2
39064,14
39065,14
39066,14
39067,11
39068,5
39069,8
39070,7
39071,7
39072,8
39073,7
39074,7
39075,9
39076,4
39077,7
39078,7
39079,9
39080,3
39081,2
39082,0
39083,5
39084,2
39085,2
39086,4
39087,5
39088,5
39089,4
39160,16
39161,14
39162,3
39163,12
39164,14
39165,3
39166,8
39167,5
39168,16
39169,11
39170,0
39171,9
39172,4
39173,7
39174,8
39175,8
39176,4
39177,7
39178,7
39179,9
39430,7
39431,5
39432,5
39433,5
39434,7
39435,5
39436,5
39437,5
39438,5
39439,7
39440,3
39441,0
39442,0
39443,2
39444,3
39445,9
39446,2
39447,11
39448,3
39449,12
39450,11
39451,7
39452,8
39453,14
39454,2
39455,3
39456,8
39457,16
39458,16
39459,3
39520,15
39521,0
39522,2
39523,3
39524,3
39525,6
39526,5
39527,5
39528,12
39529,5
39640,6
39641,0
39642,6
39643,2
39644,8
39645,11
39646,3
39647,6
39648,6
39649,2
39650,4
39651,9
39652,7
39653,1
39654,7
39655,9
39656,7
39657,7
39658,4
39659,8
39660,16
39661,7
39662,8
39663,7
39664,3
39665,16
39666,16
39667,9
39668,10
39669,6
39670,15
39671,15
39672,14
39673,2
39674,2
39675,9
39676,2
39677,3
39678,2
39679,6
39730,3
39731,3
39732,0
39733,4
39734,6
39735,0
39736,10
39737,3
39738,8
39739,2
39740,7
39741,8
39742,8
39743,9
39744,7
39745,0
39746,7
39747,7
39748,8
39749,4
39750,5
39751,2
39752,2
39753,3
39754,2
39755,0
39756,3
39757,16
39758,3
39759,2
39800,7
39801,16
39802,11
39803,14
39804,2
39805,2
39806,16
39807,16
39808,14
39809,12
39810,16
39811,0
39812,7
39813,8
39814,12
39815,16
39816,2
39817,16
39818,16
39819,16
39820,7
39821,5
39822,5
39823,16
39824,3
39825,5
39826,10
39827,5
39828,5
39829,5
39830,7
39831,7
39832,1
39833,3
39834,16
39835,6
39836,14
39837,14
39838,3
39839,2
39840,3
39841,3
39842,4
39843,9
39844,3
39845,3
39846,15
39847,3
39848,2
39849,2
39940,10
39941,3
39942,4
39943,6
39944,3
39945,0
39946,2
39947,2
39948,2
39949,2
39950,4
39951,9
39952,7
39953,7
39954,8
39955,7
39956,8
39957,0
39958,7
39959,11
39960,15
39961,2
39962,2
39963,5
39964,4
39965,2
39966,15
39967,0
39968,3
39969,2
39970,14
39971,14
39972,14
39973,14
39974,16
39975,16
39976,16
39977,14
39978,7
39979,14
40030,3
40031,3
40032,5
40033,2
40034,2
40035,5
40036,4
40037,12
40038,6
40039,8
40040,8
40041,7
40042,7
40043,8
40044,7
40045,4
40046,0
40047,10
40048,0
40049,8
40050,2
40051,2
40052,2
40053,2
40054,2
40055,2
40056,3
40057,16
40058,3
40059,6
40060,9
40061,7
40062,4
40063,8
40064,4
40065,0
40066,1
40067,4
40068,7
40069,7
40070,4
40071,11
40072,12
40073,3
40074,2
40075,9
40076,5
40077,11
40078,2
40079,12
40380,0
40381,4
40382,7
40383,7
40384,8
40385,10
40386,16
40387,4
40388,7
40389,8
40390,4
40391,10
40392,5
40393,5
40394,3
40395,3
40396,6
40397,3
40398,3
40399,2
40400,16
40401,16
40402,14
40403,3
40404,3
40405,14
40406,11
40407,3
40408,7
40409,3
40430,0
40431,2
40432,2
40433,3
40434,3
40435,16
40436,4
40437,5
40438,0
40439,3
40440,3
40441,7
40442,5
40443,16
40444,3
40445,2
40446,5
40447,14
40448,14
40449,14
40450,2
40451,0
40452,3
40453,6
40454,12
40455,0
40456,3
40457,8
40458,3
40459,3
40460,7
40461,8
40462,8
40463,7
40464,9
40465,0
40466,4
40467,7
40468,7
40469,1
40470,0
40471,3
40472,2
40473,16
40474,2
40475,10
40476,2
40477,3
40478,8
40479,0
40480,0
40481,7
40482,16
40483,1
40484,8
40485,7
40486,0
40487,7
40488,16
40489,8
40640,0
40641,8
40642,16
40643,7
40644,8
40645,4
40646,8
40647,4
40648,7
40649,8
40650,16
40651,3
40652,16
40653,14
40654,5
40655,3
40656,16
40657,3
40658,0
40659,14
40660,0
40661,3
40662,9
40663,12
40664,3
40665,4
40666,4
40667,6
40668,3
40669,2
40800,15
40801,2
40802,3
40803,8
40804,10
40805,9
40806,3
40807,5
40808,12
40809,12
40810,16
40811,14
40812,7
40813,14
40814,16
40815,16
40816,11
40817,14
40818,14
40819,3
40820,3
40821,4
40822,2
40823,3
40824,3
40825,11
40826,2
40827,11
40828,2
40829,10
40870,7
40871,9
40872,7
40873,4
40874,8
40875,9
40876,1
40877,7
40878,9
40879,8
40880,3
40881,2
40882,1
40883,8
40884,3
40885,7
40886,11
40887,2
40888,3
40889,5
41070,16
41071,8
41072,7
41073,3
41074,3
41075,11
41076,3
41077,2
41078,6
41079,5
41080,7
41081,10
41082,5
41083,7
41084,6
41085,16
41086,8
41087,7
41088,7
41089,6
41240,4
41241,3
41242,3
41243,3
41244,3
41245,6
41246,2
41247,12
41248,2
41249,3
41250,7
41251,7
41252,11
41253,3
41254,10
41255,10
41256,0
41257,1
41258,4
41259,8
41260,2
41261,16
41262,3
41263,6
41264,7
41265,1
41266,6
41267,7
41268,12
41269,7
41470,2
41471,16
41472,14
41473,5
41474,5
41475,7
41476,5
41477,14
41478,14
41479,16
41480,3
41481,15
41482,3
41483,6
41484,8
41485,2
41486,3
41487,0
41488,3
41489,2
41490,9
41491,0
41492,7
41493,0
41494,8
41495,10
41496,7
41497,7
41498,9
41499,8
41570,4
41571,4
41572,7
41573,8
41574,7
41575,7
41576,7
41577,7
41578,8
41579,4
41580,2
41581,4
41582,3
41583,3
41584,4
41585,2
41586,11
41587,11
41588,2
41589,8
41590,4
41591,4
41592,2
41593,2
41594,2
41595,2
41596,5
41597,0
41598,3
41599,2
41640,0
41641,3
41642,0
41643,2
41644,5
41645,3
41646,13
41647,9
41648,0
41649,2
41650,9
41651,7
41652,9
41653,1
41654,8
41655,0
41656,4
41657,1
41658,1
41659,7
41660,9
41661,10
41662,5
41663,5
41664,8
41665,5
41666,14
41667,4
41668,3
41669,12
41670,0
41671,16
41672,6
41673,3
41674,16
41675,0
41676,16
41677,5
41678,5
41679,7
41680,4
41681,2
41682,4
41683,3
41684,7
41685,4
41686,4
41687,4
41688,3
41689,2
41820,2
41821,2
41822,0
41823,1
41824,2
41825,2
41826,6
41827,0
41828,12
41829,3
41830,1
41831,3
41832,3
41833,14
41834,3
41835,16
41836,16
41837,3
41838,3
41839,12
41870,7
41871,11
41872,11
41873,2
41874,8
41875,2
41876,6
41877,11
41878,0
41879,14
41880,5
41881,5
41882,9
41883,5
41884,12
41885,16
41886,5
41887,16
41888,7
41889,5
41890,0
41891,8
41892,4
41893,8
41894,7
41895,16
41896,7
41897,7
41898,7
41899,7
41900,0
41901,15
41902,3
41903,5
41904,8
41905,2
41906,2
41907,4
41908,3
41909,8
41910,16
41911,7
41912,7
41913,9
41914,7
41915,5
41916,5
41917,10
41918,6
41919,2
41920,0
41921,0
41922,3
41923,5
41924,8
41925,15
41926,3
41927,2
41928,5
41929,12
42130,5
42131,7
42132,8
42133,7
42134,16
42135,7
42136,16
42137,7
42138,3
42139,3
42140,2
42141,7
42142,0
42143,3
42144,5
42145,11
42146,2
42147,8
42148,4
42149,2
42150,0
42151,2
42152,3
42153,2
42154,7
42155,2
42156,4
42157,2
42158,12
42159,13
42480,7
42481,7
42482,11
42483,3
42484,2
42485,2
42486,7
42487,2
42488,3
42489,14
42490,4
42491,0
42492,7
42493,7
42494,3
42495,16
42496,9
42497,7
42498,8
42499,3
42540,16
42541,16
42542,7
42543,11
42544,7
42545,16
42546,7
42547,14
42548,2
42549,3
42550,16
42551,6
42552,5
42553,5
42554,14
42555,16
42556,7
42557,16
42558,7
42559,16
42560,6
42561,2
42562,2
42563,5
42564,3
42565,4
42566,3
42567,15
42568,14
42569,16
42570,15
42571,10
42572,2
42573,5
42574,3
42575,0
42576,10
42577,6
42578,5
42579,2
42580,5
42581,5
42582,15
42583,3
42584,2
42585,0
42586,3
42587,2
42588,4
42589,4
42650,9
42651,11
42652,7
42653,3
42654,8
42655,9
42656,7
42657,16
42658,7
42659,7
42660,6
42661,15
42662,2
42663,12
42664,8
42665,0
42666,0
42667,5
42668,14
42669,3
42670,7
42671,16
42672,3
42673,5
42674,8
42675,7
42676,5
42677,7
42678,8
42679,16
42710,2
42711,3
42712,2
42713,4
42714,2
42715,0
42716,2
42717,12
42718,3
42719,3
42720,0
42721,13
42722,2
42723,16
42724,8
42725,16
42726,0
42727,3
42728,2
42729,14
42730,16
42731,10
42732,5
42733,7
42734,14
42735,16
42736,9
42737,6
42738,7
42739,7
42770,4
42771,2
42772,3
42773,13
42774,0
42775,2
42776,3
42777,3
42778,3
42779,14
42840,12
42841,0
42842,9
42843,3
42844,15
42845,4
42846,3
42847,3
42848,0
42849,4
42850,1
42851,0
42852,4
42853,7
42854,4
42855,8
42856,8
42857,7
42858,12
42859,9
42880,4
42881,0
42882,14
42883,10
42884,3
42885,3
42886,0
42887,3
42888,16
42889,5
42890,9
42891,16
42892,10
42893,16
42894,10
42895,16
42896,7
42897,1
42898,16
42899,7
43080,16
43081,16
43082,14
43083,3
43084,14
43085,16
43086,5
43087,3
43088,3
43089,16
43090,0
43091,7
43092,7
43093,7
43094,7
43095,9
43096,4
43097,7
43098,10
43099,8
43250,3
43251,2
43252,2
43253,5
43254,14
43255,6
43256,8
43257,0
43258,4
43259,0
43260,1
43261,10
43262,10
43263,7
43264,5
43265,7
43266,0
43267,0
43268,7
43269,16
43270,15
43271,14
43272,3
43273,3
43274,16
43275,4
43276,4
43277,2
43278,4
43279,3
43370,7
43371,16
43372,0
43373,14
43374,13
43375,16
43376,16
43377,5
43378,14
43379,3
43380,2
43381,10
43382,3
43383,4
43384,3
43385,4
43386,4
43387,2
43388,4
43389,5
43420,5
43421,0
43422,3
43423,5
43424,1
43425,11
43426,4
43427,8
43428,4
43429,12
43430,16
43431,16
43432,16
43433,5
43434,7
43435,5
43436,7
43437,6
43438,16
43439,5
43440,10
43441,16
43442,8
43443,7
43444,8
43445,9
43446,4
43447,4
43448,3
43449,4
43500,10
43501,8
43502,7
43503,3
43504,8
43505,4
43506,9
43507,8
43508,9
43509,9
43510,6
43511,4
43512,3
43513,9
43514,12
43515,2
43516,3
43517,3
43518,3
43519,15
43520,16
43521,7
43522,7
43523,5
43524,16
43525,6
43526,16
43527,7
43528,7
43529,7
43800,14
43801,5
43802,3
43803,14
43804,14
43805,11
43806,14
43807,12
43808,7
43809,2
43810,7
43811,7
43812,4
43813,1
43814,8
43815,9
43816,0
43817,1
43818,7
43819,4
43820,13
43821,0
43822,5
43823,12
43824,7
43825,0
43826,3
43827,3
43828,3
43829,2
44200,2
44201,7
44202,4
44203,2
44204,3
44205,10
44206,6
44207,5
44208,6
44209,6
44210,2
44211,3
44212,12
44213,3
44214,16
44215,6
44216,2
44217,2
44218,3
44219,3
44390,3
44391,2
44392,2
44393,4
44394,4
44395,2
44396,0
44397,4
44398,6
44399,2
44400,10
44401,8
44402,4
44403,7
44404,1
44405,4
44406,4
44407,7
44408,16
44409,8
44590,0
44591,15
44592,1
44593,6
44594,12
44595,11
44596,2
44597,3
44598,7
44599,12
44600,15
44601,3
44602,10
44603,3
44604,2
44605,0
44606,4
44607,2
44608,4
44609,2
44760,2
44761,2
44762,0
44763,8
44764,5
44765,5
44766,4
44767,0
44768,0
44769,12
44770,16
44771,12
44772,14
44773,16
44774,16
44775,7
44776,16
44777,14
44778,3
44779,14
44780,10
44781,16
44782,3
44783,6
44784,5
44785,16
44786,2
44787,3
44788,7
44789,5
44810,10
44811,3
44812,3
44813,3
44814,3
44815,4
44816,3
44817,4
44818,2
44819,4
44820,4
44821,3
44822,3
44823,1
44824,8
44825,9
44826,9
44827,10
44828,8
44829,4
44950,10
44951,7
44952,4
44953,7
44954,8
44955,4
44956,10
44957,9
44958,7
44959,4
44960,2
44961,3
44962,4
44963,7
44964,4
44965,4
44966,5
44967,3
44968,4
44969,3
44970,1
44971,5
44972,2
44973,14
44974,5
44975,14
44976,16
44977,5
44978,6
44979,5
44980,3
44981,0
44982,3
44983,15
44984,2
44985,3
44986,5
44987,3
44988,2
44989,2
45060,0
45061,7
45062,2
45063,2
45064,4
45065,2
45066,11
45067,3
45068,6
45069,7
45070,7
45071,4
45072,4
45073,7
45074,3
45075,8
45076,4
45077,4
45078,7
45079,8
45080,2
45081,2
45082,0
45083,5
45084,2
45085,4
45086,10
45087,3
45088,4
45089,3
45090,7
45091,0
45092,4
45093,7
45094,8
45095,1
45096,7
45097,7
45098,7
45099,7
45100,2
45101,4
45102,4
45103,3
45104,1
45105,5
45106,6
45107,2
45108,4
45109,6
45110,0
45111,2
45112,1
45113,5
45114,3
45115,2
45116,0
45117,4
45118,2
45119,3
45390,7
45391,16
45392,16
45393,16
45394,7
45395,7
45396,5
45397,5
45398,8
45399,3
45400,2
45401,2
45402,3
45403,3
45404,0
45405,2
45406,2
45407,2
45408,10
45409,12
45410,16
45411,14
45412,16
45413,16
45414,5
45415,16
45416,14
45417,2
45418,7
45419,14
45580,15
45581,15
45582,6
45583,12
45584,2
45585,11
45586,3
45587,13
45588,8
45589,6
45590,4
45591,7
45592,8
45593,8
45594,7
45595,7
45596,4
45597,8
45598,7
45599,4
45600,7
45601,16
45602,16
45603,7
45604,14
45605,16
45606,5
45607,0
45608,2
45609,5
45610,2
45611,3
45612,3
45613,8
45614,4
45615,2
45616,6
45617,4
45618,16
45619,2
45620,16
45621,16
45622,6
45623,7
45624,3
45625,6
45626,7
45627,7
45628,5
45629,7
45630,16
45631,16
45632,7
45633,2
45634,2
45635,16
45636,2
45637,3
45638,3
45639,3
45660,3
45661,15
45662,6
45663,3
45664,3
45665,4
45666,4
45667,2
45668,13
45669,2
45670,9
45671,9
45672,7
45673,3
45674,8
45675,9
45676,9
45677,8
45678,8
45679,7
45680,4
45681,6
45682,6
45683,6
45684,6
45685,3
45686,2
45687,2
45688,3
45689,7
45800,16
45801,3
45802,6
45803,5
45804,3
45805,3
45806,3
45807,4
45808,2
45809,4
45810,9
45811,16
45812,14
45813,14
45814,7
45815,3
45816,16
45817,14
45818,14
45819,14
45820,0
45821,3
45822,3
45823,3
45824,6
45825,4
45826,0
45827,3
45828,2
45829,6
45830,8
45831,16
45832,5
45833,14
45834,2
45835,0
45836,16
45837,7
45838,7
45839,7
45840,0
45841,3
45842,3
45843,5
45844,3
45845,4
45846,0
45847,2
45848,3
45849,3
45850,2
45851,6
45852,6
45853,3
45854,6
45855,4
45856,6
45857,2
45858,16
45859,12
45920,8
45921,2
45922,2
45923,3
45924,4
45925,3
45926,5
45927,9
45928,8
45929,12
45930,10
45931,2
45932,3
45933,6
45934,3
45935,2
45936,0
45937,4
45938,5
45939,3
46010,9
46011,10
46012,13
46013,2
46014,16
46015,0
46016,3
46017,16
46018,15
46019,2
46020,3
46021,0
46022,8
46023,3
46024,14
46025,2
46026,3
46027,14
46028,16
46029,7
46140,14
46141,0
46142,3
46143,6
46144,7
46145,7
46146,3
46147,16
46148,3
46149,3
46150,2
46151,3
46152,6
46153,0
46154,2
46155,4
46156,2
46157,11
46158,4
46159,5
46220,3
46221,3
46222,8
46223,3
46224,3
46225,14
46226,4
46227,5
46228,8
46229,7
46230,0
46231,7
46232,6
46233,8
46234,8
46235,16
46236,16
46237,5
46238,5
46239,5
46240,2
46241,2
46242,2
46243,3
46244,3
46245,15
46246,0
46247,3
46248,2
46249,15
46250,0
46251,2
46252,4
46253,5
46254,5
46255,4
46256,3
46257,2
46258,3
46259,16
46260,2
46261,2
46262,8
46263,9
46264,7
46265,2
46266,3
46267,2
46268,0
46269,0
46270,4
46271,7
46272,7
46273,1
46274,8
46275,8
46276,7
46277,7
46278,9
46279,7
46380,6
46381,2
46382,3
46383,5
46384,3
46385,4
46386,4
46387,4
46388,4
46389,4
46400,2
46401,4
46402,4
46403,3
46404,2
46405,4
46406,4
46407,6
46408,2
46409,3
46420,4
46421,4
46422,3
46423,3
46424,3
46425,3
46426,0
46427,4
46428,3
46429,4
46550,9
46551,1
46552,0
46553,7
46554,7
46555,9
46556,3
46557,9
46558,8
46559,7
46560,0
46561,3
46562,2
46563,2
46564,4
46565,0
46566,4
46567,2
46568,12
46569,5
46660,1
46661,10
46662,5
46663,3
46664,2
46665,4
46666,2
46667,1
46668,6
46669,5
46670,4
46671,16
46672,14
46673,3
46674,13
46675,3
46676,11
46677,14
46678,9
46679,2
46680,4
46681,2
46682,14
46683,5
46684,8
46685,2
46686,0
46687,2
46688,0
46689,3
46780,2
46781,4
46782,3
46783,0
46784,2
46785,3
46786,6
46787,2
46788,3
46789,2
46790,3
46791,2
46792,2
46793,13
46794,3
46795,0
46796,2
46797,3
46798,5
46799,3
46840,0
46841,11
46842,12
46843,11
46844,4
46845,3
46846,4
46847,2
46848,3
46849,12
46930,16
46931,5
46932,14
46933,12
46934,14
46935,16
46936,7
46937,14
46938,7
46939,14
46940,16
46941,0
46942,0
46943,9
46944,5
46945,0
46946,5
46947,7
46948,5
46949,1
46990,16
46991,2
46992,14
46993,14
46994,3
46995,11
46996,5
46997,5
46998,3
46999,8
47010,4
47011,2
47012,3
47013,4
47014,2
47015,15
47016,4
47017,2
47018,4
47019,2
47040,4
47041,4
47042,2
47043,3
47044,0
47045,4
47046,0
47047,2
47048,5
47049,3
47110,15
47111,5
47112,5
47113,0
47114,2
47115,15
47116,11
47117,15
47118,4
47119,3
47120,0
47121,2
47122,5
47123,12
47124,0
47125,16
47126,0
47127,3
47128,3
47129,6
47130,3
47131,2
47132,5
47133,3
47134,5
47135,1
47136,2
47137,4
47138,2
47139,3
47290,9
47291,0
47292,7
47293,8
47294,8
47295,7
47296,7
47297,9
47298,9
47299,8
47300,4
47301,2
47302,2
47303,8
47304,0
47305,13
47306,3
47307,3
47308,0
47309,0
47310,10
47311,2
47312,6
47313,5
47314,7
47315,2
47316,6
47317,3
47318,0
47319,3
47320,9
47321,0
47322,9
47323,9
47324,9
47325,7
47326,0
47327,8
47328,7
47329,8
47330,9
47331,6
47332,3
47333,0
47334,8
47335,2
47336,16
47337,3
47338,3
47339,11
47340,4
47341,3
47342,2
47343,10
47344,15
47345,0
47346,3
47347,10
47348,3
47349,4
47350,2
47351,3
47352,3
47353,3
47354,2
47355,2
47356,2
47357,3
47358,8
47359,3
47360,14
47361,0
47362,11
47363,3
47364,3
47365,2
47366,6
47367,13
47368,4
47369,6
47370,9
47371,16
47372,5
47373,2
47374,14
47375,16
47376,8
47377,3
47378,2
47379,14
47380,2
47381,3
47382,2
47383,0
47384,6
47385,2
47386,3
47387,2
47388,5
47389,6
47390,2
47391,3
47392,3
47393,15
47394,5
47395,10
47396,8
47397,3
47398,0
47399,3
47400,0
47401,10
47402,7
47403,0
47404,8
47405,9
47406,8
47407,4
47408,4
47409,9
47410,3
47411,14
47412,16
47413,7
47414,16
47415,10
47416,16
47417,14
47418,5
47419,6
47450,11
47451,0
47452,2
47453,14
47454,3
47455,16
47456,16
47457,16
47458,3
47459,12
47460,0
47461,5
47462,7
47463,16
47464,16
47465,0
47466,9
47467,5
47468,3
47469,7
47470,12
47471,3
47472,1
47473,4
47474,3
47475,3
47476,2
47477,5
47478,1
47479,6
47620,4
47621,3
47622,8
47623,3
47624,7
47625,7
47626,8
47627,3
47628,0
47629,4
47630,6
47631,2
47632,6
47633,3
47634,2
47635,4
47636,6
47637,10
47638,2
47639,3
47640,16
47641,3
47642,3
47643,7
47644,16
47645,3
47646,16
47647,7
47648,7
47649,3
47980,16
47981,0
47982,16
47983,5
47984,5
47985,16
47986,3
47987,6
47988,7
47989,1
48720,12
48721,14
48722,16
48723,5
48724,12
48725,5
48726,11
48727,16
48728,2
48729,12
48730,10
48731,5
48732,5
48733,5
48734,7
48735,7
48736,9
48737,8
48738,6
48739,3
48770,0
48771,7
48772,7
48773,7
48774,7
48775,9
48776,7
48777,9
48778,8
48779,7
48780,10
48781,16
48782,7
48783,3
48784,7
48785,0
48786,0
48787,6
48788,16
48789,14
48830,10
48831,7
48832,7
48833,6
48834,3
48835,7
48836,16
48837,3
48838,7
48839,1
48840,16
48841,7
48842,7
48843,14
48844,11
48845,16
48846,11
48847,3
48848,12
48849,5
48850,16
48851,2
48852,14
48853,3
48854,14
48855,14
48856,9
48857,16
48858,2
48859,12
48860,3
48861,15
48862,3
48863,12
48864,3
48865,9
48866,2
48867,2
48868,3
48869,2
48870,4
48871,4
48872,7
48873,7
48874,7
48875,4
48876,7
48877,4
48878,7
48879,8
49220,4
49221,2
49222,4
49223,4
49224,7
49225,0
49226,2
49227,3
49228,0
49229,3
49230,14
49231,14
49232,5
49233,16
49234,5
49235,3
49236,16
49237,2
49238,16
49239,14
49240,16
49241,0
49242,3
49243,3
49244,3
49245,7
49246,3
49247,6
49248,0
49249,4
49460,5
49461,5
49462,5
49463,0
49464,8
49465,0
49466,7
49467,7
49468,3
49469,5
49470,16
49471,7
49472,16
49473,14
49474,3
49475,16
49476,3
49477,5
49478,2
49479,2
49480,7
49481,15
49482,15
49483,3
49484,3
49485,16
49486,2
49487,2
49488,4
49489,2
49510,6
49511,16
49512,16
49513,0
49514,5
49515,16
49516,7
49517,7
49518,7
49519,5
49520,16
49521,7
49522,3
49523,2
49524,2
49525,2
49526,16
49527,11
49528,7
49529,5
49530,9
49531,2
49532,15
49533,2
49534,2
49535,15
49536,4
49537,3
49538,3
49539,3
49540,16
49541,11
49542,16
49543,5
49544,7
49545,15
49546,5
49547,2
49548,14
49549,5
49730,8
49731,1
49732,8
49733,7
49734,7
49735,9
49736,7
49737,7
49738,8
49739,7
49740,7
49741,10
49742,11
49743,16
49744,14
49745,16
49746,12
49747,16
49748,3
49749,3
49840,15
49841,5
49842,3
49843,3
49844,2
49845,3
49846,2
49847,0
49848,5
49849,8
49850,16
49851,4
49852,4
49853,7
49854,7
49855,9
49856,0
49857,7
49858,9
49859,8
49980,3
49981,0
49982,8
49983,6
49984,7
49985,2
49986,6
49987,2
49988,3
49989,6
49990,3
49991,0
49992,2
49993,3
49994,3
49995,4
49996,2
49997,4
49998,3
49999,3
50030,0
50031,7
50032,7
50033,0
50034,8
50035,7
50036,11
50037,11
50038,7
50039,7
50040,4
50041,3
50042,2
50043,3
50044,2
50045,4
50046,3
50047,2
50048,0
50049,8
50350,6
50351,3
50352,4
50353,1
50354,2
50355,0
50356,0
50357,12
50358,2
50359,7
50360,15
50361,3
50362,16
50363,3
50364,4
50365,15
50366,2
50367,3
50368,3
50369,3
50610,16
50611,0
50612,6
50613,5
50614,12
50615,9
50616,1
50617,16
50618,16
50619,5
50620,14
50621,3
50622,16
50623,7
50624,14
50625,11
50626,14
50627,9
50628,2
50629,3
50780,6
50781,0
50782,3
50783,2
50784,3
50785,6
50786,15
50787,2
50788,2
50789,3
50790,0
50791,14
50792,1
50793,16
50794,5
50795,7
50796,12
50797,16
50798,3
50799,3
51150,15
51151,6
51152,3
51153,5
51154,2
51155,2
51156,2
51157,2
51158,6
51159,7
51160,0
51161,11
51162,0
51163,3
51164,14
51165,15
51166,4
51167,2
51168,5
51169,5
51300,10
51301,9
51302,7
51303,5
51304,5
51305,7
51306,5
51307,5
51308,7
51309,1
51310,11
51311,9
51312,2
51313,4
51314,3
51315,9
51316,4
51317,4
51318,2
51319,2
51320,14
51321,16
51322,7
51323,5
51324,16
51325,16
51326,7
51327,14
51328,16
51329,3
51430,14
51431,3
51432,16
51433,7
51434,6
51435,5
51436,7
51437,14
51438,14
51439,7
51440,3
51441,2
51442,3
51443,3
51444,2
51445,0
51446,4
51447,15
51448,3
51449,3
51480,4
51481,2
51482,2
51483,2
51484,2
51485,2
51486,3
51487,3
51488,4
51489,3
51520,2
51521,0
51522,4
51523,2
51524,10
51525,4
51526,3
51527,4
51528,0
51529,3
51550,10
51551,15
51552,5
51553,12
51554,2
51555,15
51556,2
51557,6
51558,6
51559,2
51620,15
51621,11
51622,7
51623,2
51624,3
51625,3
51626,10
51627,5
51628,3
51629,0
51630,3
51631,11
51632,8
51633,3
51634,16
51635,16
51636,0
51637,2
51638,7
51639,12
51700,0
51701,3
51702,2
51703,3
51704,3
51705,3
51706,9
51707,0
51708,0
51709,4
51710,9
51711,7
51712,7
51713,7
51714,9
51715,9
51716,4
51717,7
51718,7
51719,8
51720,2
51721,16
51722,2
51723,12
51724,3
51725,8
51726,3
51727,0
51728,5
51729,12
51780,15
51781,2
51782,2
51783,15
51784,5
51785,3
51786,3
51787,4
51788,4
51789,0
51790,15
51791,3
51792,10
51793,12
51794,0
51795,0
51796,15
51797,3
51798,3
51799,2
51800,11
51801,2
51802,14
51803,14
51804,16
51805,10
51806,16
51807,14
51808,2
51809,14
51810,2
51811,4
51812,0
51813,5
51814,3
51815,0
51816,3
51817,3
51818,8
51819,0
51860,8
51861,2
51862,3
51863,8
51864,9
51865,10
51866,9
51867,3
51868,7
51869,8
51870,3
51871,8
51872,14
51873,14
51874,12
51875,5
51876,7
51877,11
51878,7
51879,3
51880,2
51881,15
51882,14
51883,2
51884,8
51885,15
51886,0
51887,2
51888,2
51889,2
51890,10
51891,11
51892,16
51893,16
51894,2
51895,16
51896,16
51897,2
51898,7
51899,12
51900,10
51901,2
51902,3
51903,4
51904,3
51905,0
51906,5
51907,4
51908,7
51909,6
52050,2
52051,13
52052,2
52053,2
52054,3
52055,9
52056,4
52057,0
52058,3
52059,3
52060,0
52061,11
52062,9
52063,8
52064,7
52065,8
52066,9
52067,9
52068,7
52069,9
52130,3
52131,3
52132,4
52133,3
52134,5
52135,15
52136,3
52137,5
52138,3
52139,0
52140,0
52141,3
52142,16
52143,3
52144,2
52145,0
52146,3
52147,0
52148,2
52149,0
52150,3
52151,3
52152,11
52153,12
52154,6
52155,13
52156,5
52157,2
52158,7
52159,2
52250,4
52251,5
52252,4
52253,6
52254,4
52255,8
52256,2
52257,10
52258,3
52259,3
52260,7
52261,7
52262,7
52263,3
52264,5
52265,16
52266,16
52267,16
52268,16
52269,7
52270,0
52271,7
52272,10
52273,9
52274,3
52275,9
52276,7
52277,7
52278,9
52279,7
52280,6
52281,11
52282,2
52283,2
52284,7
52285,9
52286,0
52287,5
52288,2
52289,2
52290,15
52291,6
52292,3
52293,6
52294,3
52295,4
52296,6
52297,6
52298,5
52299,5
52300,0
52301,9
52302,8
52303,7
52304,9
52305,4
52306,9
52307,7
52308,7
52309,7
52540,9
52541,4
52542,7
52543,8
52544,8
52545,10
52546,4
52547,7
52548,8
52549,7
52550,2
52551,2
52552,0
52553,0
52554,1
52555,3
52556,6
52557,6
52558,2
52559,7
52690,0
52691,8
52692,7
52693,10
52694,7
52695,7
52696,7
52697,4
52698,0
52699,8
52700,3
52701,2
52702,3
52703,4
52704,11
52705,4
52706,3
52707,2
52708,6
52709,3
52710,3
52711,0
52712,2
52713,5
52714,2
52715,2
52716,5
52717,0
52718,5
52719,0
52720,0
52721,2
52722,2
52723,4
52724,1
52725,3
52726,10
52727,2
52728,2
52729,9
52730,11
52731,0
52732,0
52733,6
52734,2
52735,11
52736,3
52737,11
52738,7
52739,0
52900,2
52901,2
52902,3
52903,4
52904,4
52905,3
52906,0
52907,4
52908,2
52909,4
52910,7
52911,8
52912,2
52913,5
52914,7
52915,3
52916,2
52917,3
52918,16
52919,14
52920,4
52921,3
52922,4
52923,3
52924,4
52925,4
52926,15
52927,2
52928,2
52929,3
53090,0
53091,8
53092,7
53093,4
53094,4
53095,4
53096,11
53097,4
53098,8
53099,9
53100,16
53101,0
53102,7
53103,7
53104,4
53105,11
53106,0
53107,8
53108,2
53109,3
53250,2
53251,2
53252,6
53253,0
53254,3
53255,12
53256,4
53257,3
53258,2
53259,5
53260,7
53261,7
53262,8
53263,9
53264,8
53265,10
53266,0
53267,7
53268,8
53269,7
53270,4
53271,2
53272,1
53273,1
53274,3
53275,2
53276,4
53277,2
53278,4
53279,6
53440,4
53441,2
53442,16
53443,2
53444,4
53445,0
53446,3
53447,0
53448,0
53449,2
53450,0
53451,0
53452,11
53453,5
53454,8
53455,7
53456,5
53457,3
53458,4
53459,12
53500,10
53501,2
53502,0
53503,6
53504,14
53505,3
53506,6
53507,4
53508,4
53509,3
53510,5
53511,16
53512,2
53513,11
53514,14
53515,5
53516,7
53517,6
53518,0
53519,2
53720,16
53721,14
53722,7
53723,8
53724,2
53725,14
53726,2
53727,6
53728,14
53729,0
53730,0
53731,4
53732,0
53733,4
53734,7
53735,7
53736,4
53737,0
53738,7
53739,7
53740,7
53741,7
53742,3
53743,3
53744,8
53745,9
53746,0
53747,7
53748,8
53749,7
53750,10
53751,0
53752,7
53753,7
53754,12
53755,0
53756,16
53757,3
53758,7
53759,5
54000,14
54001,3
54002,3
54003,0
54004,3
54005,3
54006,6
54007,10
54008,3
54009,2
54010,9
54011,7
54012,7
54013,8
54014,3
54015,4
54016,9
54017,2
54018,7
54019,8
54240,15
54241,4
54242,8
54243,11
54244,12
54245,4
54246,2
54247,2
54248,2
54249,3
54250,3
54251,2
54252,13
54253,4
54254,12
54255,4
54256,11
54257,3
54258,8
54259,5
54280,14
54281,5
54282,13
54283,7
54284,16
54285,7
54286,11
54287,6
54288,3
54289,7
54290,0
54291,8
54292,5
54293,3
54294,3
54295,7
54296,11
54297,2
54298,2
54299,4
54570,2
54571,11
54572,6
54573,12
54574,5
54575,0
54576,3
54577,6
54578,12
54579,3
54580,4
54581,5
54582,2
54583,9
54584,2
54585,15
54586,10
54587,4
54588,2
54589,6
54750,10
54751,9
54752,2
54753,3
54754,8
54755,15
54756,3
54757,5
54758,6
54759,4
54760,7
54761,8
54762,4
54763,7
54764,8
54765,7
54766,7
54767,9
54768,7
54769,7
54800,11
54801,3
54802,2
54803,3
54804,12
54805,0
54806,2
54807,16
54808,8
54809,12
54810,15
54811,15
54812,2
54813,14
54814,3
54815,3
54816,2
54817,2
54818,0
54819,0
54820,0
54821,7
54822,4
54823,4
54824,7
54825,7
54826,10
54827,4
54828,8
54829,7
54830,16
54831,0
54832,3
54833,13
54834,7
54835,0
54836,2
54837,3
54838,12
54839,3
54840,3
54841,10
54842,1
54843,4
54844,3
54845,8
54846,3
54847,4
54848,4
54849,1
54850,2
54851,11
54852,14
54853,2
54854,12
54855,16
54856,2
54857,1
54858,1
54859,3
54940,2
54941,11
54942,5
54943,1
54944,4
54945,11
54946,11
54947,6
54948,16
54949,6
54950,4
54951,0
54952,2
54953,3
54954,2
54955,4
54956,10
54957,6
54958,0
54959,8
54990,8
54991,9
54992,1
54993,8
54994,7
54995,9
54996,4
54997,9
54998,9
54999,7
55000,16
55001,3
55002,16
55003,14
55004,8
55005,14
55006,5
55007,10
55008,16
55009,5
55080,16
55081,16
55082,5
55083,3
55084,6
55085,2
55086,2
55087,16
55088,14
55089,2
55090,0
55091,2
55092,0
55093,2
55094,8
55095,15
55096,5
55097,8
55098,12
55099,7
55100,0
55101,7
55102,8
55103,1
55104,7
55105,7
55106,7
55107,9
55108,7
55109,7
55200,3
55201,11
55202,2
55203,4
55204,7
55205,6
55206,2
55207,5
55208,4
55209,14
55210,4
55211,10
55212,7
55213,4
55214,8
55215,4
55216,8
55217,7
55218,7
55219,9
55300,13
55301,3
55302,3
55303,15
55304,2
55305,2
55306,3
55307,15
55308,4
55309,2
55530,16
55531,3
55532,3
55533,2
55534,15
55535,0
55536,2
55537,4
55538,12
55539,2
55540,2
55541,7
55542,2
55543,16
55544,2
55545,14
55546,3
55547,14
55548,14
55549,5
55940,2
55941,0
55942,2
55943,4
55944,14
55945,16
55946,3
55947,3
55948,3
55949,4
55950,10
55951,5
55952,0
55953,0
55954,3
55955,0
55956,1
55957,2
55958,2
55959,3
55960,4
55961,7
55962,7
55963,7
55964,8
55965,7
55966,9
55967,3
55968,7
55969,7
56010,2
56011,16
56012,15
56013,5
56014,14
56015,12
56016,3
56017,11
56018,2
56019,16
56020,0
56021,3
56022,2
56023,2
56024,2
56025,0
56026,6
56027,14
56028,12
56029,0
56030,0
56031,7
56032,7
56033,8
56034,7
56035,7
56036,9
56037,7
56038,10
56039,7
56040,6
56041,2
56042,5
56043,5
56044,5
56045,3
56046,8
56047,11
56048,8
56049,0
56050,16
56051,7
56052,14
56053,14
56054,5
56055,16
56056,16
56057,14
56058,12
56059,2
56060,15
56061,3
56062,3
56063,3
56064,3
56065,2
56066,3
56067,0
56068,4
56069,15
56090,2
56091,2
56092,0
56093,5
56094,6
56095,15
56096,3
56097,1
56098,6
56099,12
56100,2
56101,5
56102,16
56103,2
56104,7
56105,14
56106,5
56107,5
56108,14
56109,16
56110,2
56111,15
56112,4
56113,3
56114,2
56115,2
56116,16
56117,2
56118,3
56119,3
56310,7
56311,15
56312,3
56313,2
56314,3
56315,4
56316,4
56317,7
56318,6
56319,3
56350,15
56351,3
56352,0
56353,2
56354,2
56355,2
56356,14
56357,12
56358,0
56359,2
56440,15
56441,2
56442,1
56443,2
56444,3
56445,2
56446,4
56447,10
56448,3
56449,3
56450,9
56451,16
56452,2
56453,3
56454,2
56455,11
56456,5
56457,16
56458,7
56459,6
56460,7
56461,7
56462,8
56463,7
56464,7
56465,4
56466,7
56467,7
56468,4
56469,7
56500,2
56501,15
56502,6
56503,2
56504,3
56505,9
56506,15
56507,5
56508,2
56509,3
56510,1
56511,0
56512,6
56513,13
56514,5
56515,0
56516,2
56517,14
56518,2
56519,3
56640,2
56641,15
56642,2
56643,4
56644,2
56645,3
56646,15
56647,4
56648,3
56649,4
56650,0
56651,16
56652,14
56653,11
56654,2
56655,16
56656,16
56657,2
56658,3
56659,12
56780,7
56781,1
56782,2
56783,7
56784,2
56785,14
56786,2
56787,2
56788,3
56789,5
56790,7
56791,7
56792,7
56793,7
56794,7
56795,9
56796,4
56797,7
56798,7
56799,7
56820,0
56821,2
56822,3
56823,2
56824,3
56825,2
56826,6
56827,7
56828,3
56829,0
56830,16
56831,5
56832,3
56833,3
56834,1
56835,2
56836,2
56837,6
56838,5
56839,4
57080,0
57081,16
57082,7
57083,3
57084,16
57085,6
57086,7
57087,16
57088,1
57089,0
57090,10
57091,7
57092,7
57093,7
57094,7
57095,9
57096,7
57097,7
57098,8
57099,7
57100,10
57101,2
57102,11
57103,10
57104,2
57105,0
57106,3
57107,2
57108,3
57109,0
57200,6
57201,5
57202,4
57203,3
57204,3
57205,6
57206,4
57207,4
57208,7
57209,5
57210,2
57211,0
57212,16
57213,6
57214,3
57215,8
57216,12
57217,2
57218,0
57219,12
57450,2
57451,2
57452,16
57453,8
57454,2
57455,0
57456,15
57457,14
57458,5
57459,15
57690,14
57691,10
57692,10
57693,12
57694,5
57695,15
57696,3
57697,13
57698,2
57699,14
57700,3
57701,4
57702,15
57703,3
57704,4
57705,11
57706,15
57707,3
57708,4
57709,1
57710,7
57711,14
57712,5
57713,13
57714,0
57715,7
57716,9
57717,2
57718,14
57719,2
57830,11
57831,16
57832,14
57833,1
57834,12
57835,16
57836,13
57837,11
57838,1
57839,12
57840,11
57841,4
57842,7
57843,8
57844,8
57845,0
57846,13
57847,9
57848,9
57849,8
57910,5
57911,7
57912,7
57913,7
57914,8
57915,5
57916,5
57917,5
57918,5
57919,3
57920,2
57921,15
57922,3
57923,4
57924,3
57925,4
57926,2
57927,4
57928,10
57929,0
57960,16
57961,3
57962,5
57963,13
57964,3
57965,16
57966,4
57967,3
57968,11
57969,5
57970,0
57971,1
57972,5
57973,12
57974,4
57975,2
57976,3
57977,0
57978,4
57979,5
57980,7
57981,16
57982,7
57983,16
57984,14
57985,3
57986,14
57987,14
57988,0
57989,3
57990,3
57991,15
57992,15
57993,2
57994,2
57995,15
57996,3
57997,2
57998,2
57999,12
58130,4
58131,11
58132,4
58133,16
58134,12
58135,4
58136,16
58137,13
58138,4
58139,12
58140,0
58141,0
58142,0
58143,10
58144,14
58145,5
58146,5
58147,9
58148,0
58149,2
58260,4
58261,15
58262,4
58263,4
58264,12
58265,1
58266,6
58267,2
58268,13
58269,16
58270,5
58271,15
58272,7
58273,11
58274,16
58275,9
58276,5
58277,16
58278,10
58279,7
58280,0
58281,14
58282,12
58283,0
58284,12
58285,14
58286,2
58287,11
58288,12
58289,8
58360,9
58361,15
58362,15
58363,15
58364,16
58365,0
58366,12
58367,2
58368,13
58369,6
58370,2
58371,0
58372,16
58373,8
58374,4
58375,2
58376,9
58377,13
58378,8
58379,9
58380,14
58381,12
58382,7
58383,14
58384,16
58385,15
58386,0
58387,14
58388,14
58389,2
58520,8
58521,0
58522,1
58523,1
58524,7
58525,2
58526,8
58527,8
58528,15
58529,7
58530,14
58531,4
58532,16
58533,2
58534,2
58535,4
58536,15
58537,2
58538,2
58539,4
58540,2
58541,11
58542,0
58543,12
58544,12
58545,11
58546,11
58547,14
58548,12
58549,12
58570,15
58571,15
58572,1
58573,15
58574,12
58575,2
58576,0
58577,15
58578,13
58579,12
58580,2
58581,2
58582,4
58583,1
58584,13
58585,16
58586,16
58587,1
58588,2
58589,2
58750,0
58751,15
58752,4
58753,2
58754,2
58755,15
58756,2
58757,2
58758,15
58759,6
58760,9
58761,9
58762,7
58763,7
58764,8
58765,7
58766,7
58767,7
58768,8
58769,9
58800,16
58801,0
58802,1
58803,4
58804,2
58805,15
58806,0
58807,16
58808,2
58809,2
58810,2
58811,16
58812,13
58813,2
58814,2
58815,13
58816,2
58817,8
58818,12
58819,8
58820,0
58821,9
58822,8
58823,0
58824,14
58825,4
58826,11
58827,9
58828,8
58829,7
58830,2
58831,6
58832,15
58833,15
58834,6
58835,15
58836,15
58837,15
58838,12
58839,14
58840,16
58841,6
58842,14
58843,2
58844,14
58845,15
58846,14
58847,14
58848,16
58849,11
59100,15
59101,15
59102,15
59103,1
59104,8
59105,11
59106,2
59107,7
59108,4
59109,1
59120,16
59121,8
59122,14
59123,0
59124,14
59125,16
59126,15
59127,16
59128,2
59129,5
59130,0
59131,14
59132,7
59133,5
59134,5
59135,16
59136,16
59137,14
59138,12
59139,14
59160,15
59161,14
59162,14
59163,4
59164,14
59165,14
59166,16
59167,16
59168,6
59169,14
59170,0
59171,2
59172,4
59173,2
59174,2
59175,12
59176,4
59177,11
59178,4
59179,8
59240,0
59241,14
59242,2
59243,8
59244,12
59245,11
59246,8
59247,11
59248,2
59249,12
59250,0
59251,8
59252,16
59253,9
59254,8
59255,4
59256,1
59257,0
59258,0
59259,8
59260,4
59261,0
59262,15
59263,2
59264,5
59265,4
59266,4
59267,1
59268,2
59269,12
59340,9
59341,8
59342,13
59343,7
59344,8
59345,4
59346,0
59347,9
59348,9
59349,9
59360,15
59361,15
59362,2
59363,2
59364,8
59365,15
59366,11
59367,2
59368,12
59369,4
59440,11
59441,16
59442,14
59443,14
59444,6
59445,14
59446,11
59447,14
59448,15
59449,12
59450,0
59451,0
59452,0
59453,1
59454,8
59455,4
59456,7
59457,4
59458,4
59459,9
59460,16
59461,16
59462,1
59463,15
59464,8
59465,5
59466,0
59467,9
59468,9
59469,14
59620,15
59621,4
59622,11
59623,6
59624,5
59625,15
59626,16
59627,15
59628,2
59629,8
59630,0
59631,2
59632,2
59633,8
59634,2
59635,16
59636,14
59637,16
59638,2
59639,5
59800,0
59801,14
59802,11
59803,14
59804,2
59805,11
59806,16
59807,15
59808,16
59809,14
59810,2
59811,0
59812,2
59813,6
59814,1
59815,13
59816,4
59817,2
59818,14
59819,4
59970,4
59971,2
59972,6
59973,8
59974,8
59975,11
59976,6
59977,2
59978,12
59979,2
59980,15
59981,8
59982,15
59983,2
59984,2
59985,15
59986,11
59987,4
59988,11
59989,1
59990,13
59991,16
59992,6
59993,1
59994,5
59995,0
59996,16
59997,2
59998,2
59999,4
60000,15
60001,12
60002,12
60003,16
60004,12
60005,12
60006,11
60007,0
60008,16
60009,12
60060,2
60061,16
60062,6
60063,1
60064,12
60065,16
60066,15
60067,0
60068,4
60069,12
60110,16
60111,8
60112,15
60113,14
60114,2
60115,15
60116,14
60117,6
60118,2
60119,14
60120,0
60121,14
60122,13
60123,14
60124,6
60125,4
60126,4
60127,12
60128,16
60129,6
60130,4
60131,15
60132,2
60133,6
60134,6
60135,15
60136,15
60137,4
60138,11
60139,2
60370,15
60371,16
60372,2
60373,13
60374,4
60375,4
60376,15
60377,12
60378,11
60379,12
60380,0
60381,8
60382,12
60383,8
60384,8
60385,4
60386,0
60387,8
60388,8
60389,8
60530,16
60531,11
60532,14
60533,2
60534,12
60535,2
60536,11
60537,11
60538,0
60539,2
60540,9
60541,6
60542,12
60543,0
60544,2
60545,0
60546,12
60547,12
60548,12
60549,13
60550,16
60551,7
60552,7
60553,8
60554,8
60555,16
60556,6
60557,7
60558,5
60559,8
60560,14
60561,4
60562,15
60563,14
60564,13
60565,13
60566,11
60567,11
60568,1
60569,8
60600,16
60601,4
60602,12
60603,0
60604,12
60605,4
60606,9
60607,6
60608,2
60609,2
60640,0
60641,15
60642,15
60643,2
60644,8
60645,0
60646,4
60647,1
60648,2
60649,2
60650,0
60651,8
60652,4
60653,12
60654,6
60655,4
60656,2
60657,2
60658,13
60659,2
60660,9
60661,9
60662,15
60663,9
60664,8
60665,4
60666,4
60667,8
60668,4
60669,8
60740,0
60741,12
60742,4
60743,6
60744,14
60745,11
60746,0
60747,15
60748,6
60749,12
60820,16
60821,4
60822,4
60823,8
60824,8
60825,4
60826,8
60827,7
60828,11
60829,9
60830,16
60831,0
60832,1
60833,14
60834,11
60835,0
60836,7
60837,2
60838,12
60839,2
60850,8
60851,14
60852,16
60853,0
60854,12
60855,1
60856,14
60857,16
60858,15
60859,2
60870,4
60871,15
60872,4
60873,16
60874,2
60875,4
60876,12
60877,4
60878,2
60879,6
60900,11
60901,1
60902,16
60903,14
60904,15
60905,8
60906,14
60907,11
60908,2
60909,12
60910,7
60911,11
60912,8
60913,8
60914,8
60915,7
60916,8
60917,9
60918,4
60919,8
60920,0
60921,15
60922,5
60923,9
60924,4
60925,15
60926,16
60927,16
60928,5
60929,14
61180,11
61181,12
61182,16
61183,2
61184,11
61185,15
61186,13
61187,6
61188,6
61189,6
61190,15
61191,2
61192,15
61193,6
61194,12
61195,14
61196,14
61197,11
61198,16
61199,14
61200,9
61201,11
61202,9
61203,7
61204,8
61205,7
61206,7
61207,4
61208,4
61209,9
61230,5
61231,2
61232,16
61233,16
61234,7
61235,15
61236,14
61237,7
61238,16
61239,12
61240,4
61241,11
61242,6
61243,2
61244,2
61245,6
61246,2
61247,0
61248,6
61249,13
61250,0
61251,12
61252,8
61253,12
61254,4
61255,11
61256,2
61257,12
61258,8
61259,4
61260,15
61261,15
61262,6
61263,4
61264,4
61265,2
61266,11
61267,6
61268,6
61269,6
61510,15
61511,13
61512,4
61513,11
61514,2
61515,16
61516,2
61517,14
61518,16
61519,6
61520,0
61521,13
61522,8
61523,11
61524,7
61525,1
61526,7
61527,4
61528,11
61529,8
61530,2
61531,7
61532,2
61533,4
61534,2
61535,15
61536,2
61537,15
61538,8
61539,14
61540,11
61541,16
61542,14
61543,11
61544,2
61545,11
61546,1
61547,14
61548,5
61549,6
61550,16
61551,2
61552,2
61553,4
61554,11
61555,14
61556,6
61557,9
61558,6
61559,12
61560,11
61561,2
61562,16
61563,5
61564,2
61565,2
61566,14
61567,16
61568,4
61569,12
61570,14
61571,15
61572,14
61573,5
61574,8
61575,11
61576,11
61577,13
61578,14
61579,16
61580,6
61581,6
61582,2
61583,0
61584,1
61585,2
61586,4
61587,13
61588,4
61589,2
61590,0
61591,6
61592,12
61593,4
61594,12
61595,4
61596,2
61597,2
61598,14
61599,2
61600,9
61601,6
61602,13
61603,1
61604,4
61605,0
61606,14
61607,4
61608,6
61609,13
61620,2
61621,9
61622,2
61623,4
61624,4
61625,11
61626,12
61627,13
61628,12
61629,6
61710,16
61711,2
61712,14
61713,14
61714,14
61715,11
61716,16
61717,15
61718,14
61719,5
61950,15
61951,12
61952,0
61953,14
61954,2
61955,16
61956,15
61957,4
61958,6
61959,2
61960,11
61961,8
61962,8
61963,8
61964,0
61965,16
61966,11
61967,8
61968,8
61969,9
62060,11
62061,0
62062,4
62063,14
62064,13
62065,16
62066,15
62067,9
62068,9
62069,9
62070,15
62071,8
62072,5
62073,11
62074,2
62075,0
62076,4
62077,2
62078,15
62079,14
62110,4
62111,0
62112,16
62113,2
62114,1
62115,13
62116,0
62117,2
62118,16
62119,13
62120,9
62121,9
62122,1
62123,8
62124,5
62125,2
62126,4
62127,9
62128,8
62129,0
62290,16
62291,15
62292,2
62293,4
62294,12
62295,15
62296,2
62297,15
62298,5
62299,2
62300,0
62301,14
62302,11
62303,12
62304,5
62305,12
62306,15
62307,12
62308,13
62309,0
62310,13
62311,8
62312,16
62313,8
62314,8
62315,4
62316,16
62317,4
62318,15
62319,8
62400,15
62401,15
62402,14
62403,13
62404,1
62405,2
62406,15
62407,11
62408,8
62409,12
62410,6
62411,5
62412,7
62413,11
62414,8
62415,16
62416,11
62417,14
62418,14
62419,0
62420,11
62421,2
62422,1
62423,13
62424,6
62425,2
62426,15
62427,12
62428,13
62429,13
62530,16
62531,4
62532,13
62533,14
62534,0
62535,16
62536,11
62537,15
62538,15
62539,2
62540,4
62541,8
62542,4
62543,4
62544,9
62545,2
62546,8
62547,15
62548,8
62549,8
62550,11
62551,15
62552,0
62553,2
62554,14
62555,4
62556,4
62557,0
62558,1
62559,12
62560,0
62561,8
62562,9
62563,7
62564,8
62565,1
62566,9
62567,8
62568,0
62569,7
62600,11
62601,11
62602,8
62603,12
62604,8
62605,9
62606,8
62607,0
62608,8
62609,8
62610,16
62611,2
62612,11
62613,4
62614,1
62615,9
62616,2
62617,13
62618,15
62619,2
62630,11
62631,2
62632,11
62633,16
62634,4
62635,8
62636,6
62637,0
62638,2
62639,4
62670,0
62671,6
62672,15
62673,2
62674,4
62675,6
62676,11
62677,16
62678,4
62679,2
62770,2
62771,1
62772,6
62773,2
62774,13
62775,0
62776,15
62777,1
62778,16
62779,1
62820,0
62821,0
62822,6
62823,2
62824,2
62825,13
62826,6
62827,2
62828,0
62829,2
62850,15
62851,4
62852,13
62853,0
62854,4
62855,15
62856,0
62857,2
62858,2
62859,12
62860,15
62861,4
62862,0
62863,8
62864,6
62865,0
62866,8
62867,7
62868,4
62869,8
62870,0
62871,0
62872,8
62873,7
62874,6
62875,9
62876,9
62877,9
62878,8
62879,8
62880,15
62881,16
62882,15
62883,2
62884,1
62885,4
62886,15
62887,1
62888,16
62889,2
62890,6
62891,4
62892,12
62893,15
62894,11
62895,14
62896,14
62897,2
62898,4
62899,14
62920,2
62921,6
62922,6
62923,13
62924,12
62925,0
62926,8
62927,13
62928,6
62929,14
62930,15
62931,16
62932,7
62933,7
62934,2
62935,0
62936,7
62937,9
62938,14
62939,11
62940,16
62941,2
62942,8
62943,7
62944,8
62945,8
62946,9
62947,9
62948,0
62949,4
62950,16
62951,2
62952,8
62953,6
62954,6
62955,15
62956,14
62957,6
62958,6
62959,2
62960,14
62961,0
62962,11
62963,16
62964,14
62965,11
62966,2
62967,1
62968,6
62969,14
62970,0
62971,4
62972,1
62973,0
62974,6
62975,11
62976,1
62977,4
62978,6
62979,6
63050,9
63051,6
63052,2
63053,15
63054,12
63055,0
63056,2
63057,4
63058,13
63059,5
63060,0
63061,15
63062,8
63063,2
63064,11
63065,16
63066,4
63067,8
63068,8
63069,4
63080,15
63081,4
63082,1
63083,12
63084,12
63085,16
63086,14
63087,2
63088,15
63089,2
63250,4
63251,15
63252,15
63253,4
63254,12
63255,4
63256,7
63257,0
63258,4
63259,1
63260,8
63261,8
63262,2
63263,8
63264,16
63265,16
63266,13
63267,12
63268,1
63269,11
63270,8
63271,9
63272,12
63273,14
63274,13
63275,2
63276,14
63277,14
63278,6
63279,8
63300,16
63301,9
63302,15
63303,8
63304,15
63305,11
63306,15
63307,1
63308,2
63309,12
63310,8
63311,0
63312,7
63313,9
63314,8
63315,7
63316,0
63317,9
63318,7
63319,8
63320,16
63321,14
63322,14
63323,16
63324,13
63325,16
63326,14
63327,14
63328,14
63329,1
63380,6
63381,12
63382,14
63383,4
63384,0
63385,16
63386,12
63387,9
63388,4
63389,4
63390,12
63391,8
63392,13
63393,13
63394,4
63395,12
63396,12
63397,4
63398,12
63399,2
63400,15
63401,4
63402,2
63403,11
63404,2
63405,4
63406,2
63407,16
63408,14
63409,6
63410,9
63411,7
63412,15
63413,7
63414,8
63415,0
63416,8
63417,7
63418,16
63419,9
63420,16
63421,1
63422,15
63423,0
63424,15
63425,15
63426,15
63427,0
63428,14
63429,15
63450,0
63451,8
63452,8
63453,9
63454,8
63455,8
63456,16
63457,8
63458,14
63459,2
63530,9
63531,15
63532,8
63533,8
63534,12
63535,6
63536,6
63537,6
63538,6
63539,12
63720,14
63721,16
63722,14
63723,14
63724,15
63725,2
63726,14
63727,2
63728,13
63729,8
63750,6
63751,16
63752,5
63753,14
63754,2
63755,14
63756,14
63757,13
63758,16
63759,7
64060,4
64061,4
64062,2
64063,14
64064,2
64065,11
64066,6
64067,16
64068,15
64069,12
64070,1
64071,16
64072,2
64073,11
64074,1
64075,16
64076,4
64077,1
64078,6
64079,1
64080,9
64081,0
64082,12
64083,14
64084,7
64085,5
64086,16
64087,13
64088,2
64089,7
64200,16
64201,2
64202,15
64203,4
64204,16
64205,0
64206,11
64207,16
64208,1
64209,2
64230,15
64231,9
64232,0
64233,4
64234,4
64235,9
64236,7
64237,9
64238,5
64239,0
64680,11
64681,15
64682,15
64683,1
64684,2
64685,16
64686,14
64687,14
64688,11
64689,16
64690,7
64691,9
64692,15
64693,2
64694,4
64695,0
64696,7
64697,4
64698,1
64699,8
64700,11
64701,15
64702,11
64703,11
64704,14
64705,4
64706,2
64707,2
64708,6
64709,6
64760,4
64761,15
64762,11
64763,4
64764,16
64765,14
64766,15
64767,9
64768,15
64769,6
64770,9
64771,8
64772,11
64773,13
64774,4
64775,0
64776,9
64777,9
64778,9
64779,9
64780,9
64781,4
64782,12
64783,6
64784,14
64785,15
64786,4
64787,13
64788,2
64789,15
64790,11
64791,2
64792,2
64793,12
64794,2
64795,11
64796,13
64797,6
64798,13
64799,8
64920,0
64921,5
64922,14
64923,11
64924,2
64925,2
64926,0
64927,16
64928,15
64929,4
64970,6
64971,4
64972,14
64973,2
64974,2
64975,4
64976,15
64977,11
64978,0
64979,1
65060,16
65061,11
65062,13
65063,14
65064,2
65065,13
65066,12
65067,6
65068,11
65069,13
65070,8
65071,4
65072,8
65073,8
65074,7
65075,16
65076,14
65077,0
65078,7
65079,7
65110,15
65111,14
65112,0
65113,4
65114,14
65115,11
65116,2
65117,14
65118,1
65119,13
65130,8
65131,0
65132,9
65133,16
65134,6
65135,0
65136,16
65137,16
65138,4
65139,14
65150,16
65151,16
65152,15
65153,1
65154,6
65155,9
65156,5
65157,16
65158,5
65159,13
65220,16
65221,14
65222,14
65223,2
65224,14
65225,15
65226,11
65227,2
65228,2
65229,13
65230,11
65231,15
65232,6
65233,8
65234,13
65235,0
65236,4
65237,2
65238,13
65239,11
65240,6
65241,15
65242,12
65243,14
65244,13
65245,16
65246,2
65247,15
65248,4
65249,2
65430,6
65431,0
65432,5
65433,0
65434,1
65435,6
65436,7
65437,7
65438,5
65439,14
65440,15
65441,15
65442,8
65443,4
65444,13
65445,14
65446,12
65447,4
65448,14
65449,11
65610,14
65611,4
65612,13
65613,6
65614,14
65615,12
65616,0
65617,2
65618,5
65619,12
65620,4
65621,2
65622,4
65623,14
65624,12
65625,13
65626,2
65627,14
65628,12
65629,4
65690,11
65691,13
65692,11
65693,2
65694,12
65695,6
65696,2
65697,14
65698,4
65699,6
65700,6
65701,4
65702,16
65703,1
65704,4
65705,15
65706,16
65707,5
65708,2
65709,1
65760,0
65761,15
65762,14
65763,8
65764,8
65765,16
65766,8
65767,0
65768,1
65769,7
65770,11
65771,15
65772,2
65773,12
65774,14
65775,4
65776,13
65777,13
65778,4
65779,12
65900,11
65901,7
65902,4
65903,1
65904,13
65905,6
65906,15
65907,11
65908,4
65909,12
65910,0
65911,2
65912,11
65913,13
65914,14
65915,0
65916,16
65917,16
65918,13
65919,14
65920,11
65921,15
65922,4
65923,1
65924,8
65925,11
65926,6
65927,13
65928,15
65929,11
65930,15
65931,15
65932,11
65933,12
65934,1
65935,0
65936,4
65937,8
65938,2
65939,12
65940,0
65941,1
65942,0
65943,8
65944,12
65945,9
65946,8
65947,2
65948,14
65949,7
65950,15
65951,15
65952,2
65953,15
65954,4
65955,9
65956,1
65957,16
65958,14
65959,6
65960,0
65961,6
65962,8
65963,8
65964,12
65965,15
65966,16
65967,8
65968,1
65969,9
66040,15
66041,11
66042,6
66043,0
66044,8
66045,9
66046,4
66047,7
66048,7
66049,7
66050,15
66051,4
66052,8
66053,6
66054,14
66055,2
66056,11
66057,11
66058,5
66059,8
66060,0
66061,14
66062,15
66063,6
66064,16
66065,14
66066,15
66067,14
66068,1
66069,16
66070,4
66071,4
66072,2
66073,16
66074,1
66075,6
66076,12
66077,2
66078,12
66079,15
66100,15
66101,12
66102,15
66103,14
66104,14
66105,11
66106,14
66107,11
66108,14
66109,16
66110,0
66111,12
66112,13
66113,12
66114,12
66115,0
66116,6
66117,11
66118,12
66119,2
66410,11
66411,2
66412,1
66413,12
66414,12
66415,12
66416,8
66417,2
66418,16
66419,11
66420,11
66421,15
66422,0
66423,8
66424,7
66425,8
66426,9
66427,7
66428,16
66429,8
66430,0
66431,5
66432,16
66433,8
66434,16
66435,13
66436,16
66437,16
66438,6
66439,6
66460,0
66461,16
66462,4
66463,12
66464,4
66465,8
66466,8
66467,6
66468,11
66469,2
66470,15
66471,11
66472,11
66473,14
66474,12
66475,9
66476,12
66477,16
66478,16
66479,6
66480,0
66481,15
66482,6
66483,15
66484,2
66485,8
66486,13
66487,6
66488,13
66489,12
66540,4
66541,0
66542,15
66543,6
66544,12
66545,16
66546,12
66547,2
66548,8
66549,8
66550,6
66551,10
66552,16
66553,2
66554,2
66555,4
66556,6
66557,12
66558,16
66559,16
66660,15
66661,11
66662,14
66663,14
66664,6
66665,14
66666,14
66667,14
66668,4
66669,15
66710,0
66711,0
66712,12
66713,6
66714,2
66715,16
66716,13
66717,13
66718,2
66719,6
66720,0
66721,11
66722,0
66723,2
66724,14
66725,9
66726,15
66727,13
66728,13
66729,8
66840,15
66841,5
66842,14
66843,14
66844,2
66845,4
66846,2
66847,6
66848,13
66849,4
66850,11
66851,2
66852,0
66853,2
66854,4
66855,15
66856,6
66857,13
66858,9
66859,5
67020,0
67021,0
67022,13
67023,4
67024,12
67025,13
67026,2
67027,11
67028,6
67029,12
67150,15
67151,14
67152,15
67153,2
67154,4
67155,2
67156,1
67157,4
67158,4
67159,14
67160,14
67161,11
67162,7
67163,15
67164,5
67165,11
67166,16
67167,6
67168,16
67169,16
67170,9
67171,7
67172,15
67173,4
67174,13
67175,11
67176,6
67177,11
67178,15
67179,13
67180,0
67181,9
67182,12
67183,0
67184,1
67185,6
67186,14
67187,9
67188,12
67189,2
67250,0
67251,15
67252,13
67253,6
67254,12
67255,6
67256,0
67257,9
67258,1
67259,4
67260,7
67261,16
67262,6
67263,2
67264,14
67265,2
67266,16
67267,6
67268,5
67269,6
67300,15
67301,4
67302,2
67303,2
67304,1
67305,12
67306,0
67307,16
67308,4
67309,9
67310,15
67311,8
67312,15
67313,12
67314,11
67315,14
67316,14
67317,11
67318,14
67319,15
67340,14
67341,14
67342,12
67343,1
67344,0
67345,11
67346,14
67347,15
67348,2
67349,14
67350,4
67351,15
67352,15
67353,12
67354,1
67355,8
67356,1
67357,11
67358,2
67359,4
67520,11
67521,1
67522,15
67523,7
67524,4
67525,15
67526,15
67527,15
67528,4
67529,13
67570,16
67571,0
67572,4
67573,4
67574,4
67575,4
67576,2
67577,8
67578,14
67579,13
67610,0
67611,2
67612,9
67613,12
67614,2
67615,15
67616,13
67617,15
67618,1
67619,5
67620,6
67621,6
67622,11
67623,9
67624,2
67625,15
67626,13
67627,2
67628,14
67629,0
67630,14
67631,2
67632,16
67633,2
67634,5
67635,16
67636,6
67637,15
67638,8
67639,14
67750,15
67751,15
67752,12
67753,1
67754,13
67755,2
67756,15
67757,4
67758,1
67759,12
67760,11
67761,12
67762,13
67763,6
67764,12
67765,0
67766,6
67767,13
67768,4
67769,8
67770,14
67771,16
67772,14
67773,14
67774,2
67775,14
67776,15
67777,15
67778,6
67779,14
67810,15
67811,14
67812,11
67813,14
67814,14
67815,2
67816,15
67817,6
67818,16
67819,12
67820,6
67821,2
67822,9
67823,8
67824,8
67825,0
67826,4
67827,0
67828,16
67829,8
68010,9
68011,11
68012,8
68013,9
68014,7
68015,8
68016,0
68017,5
68018,13
68019,0
68020,12
68021,2
68022,14
68023,1
68024,15
68025,8
68026,0
68027,6
68028,4
68029,12
68030,4
68031,13
68032,2
68033,2
68034,0
68035,0
68036,13
68037,5
68038,12
68039,12
68040,0
68041,12
68042,12
68043,16
68044,15
68045,0
68046,12
68047,15
68048,11
68049,13
68050,0
68051,11
68052,6
68053,8
68054,14
68055,11
68056,7
68057,5
68058,11
68059,6
68110,9
68111,15
68112,13
68113,2
68114,1
68115,14
68116,4
68117,11
68118,4
68119,4
68120,11
68121,6
68122,12
68123,15
68124,16
68125,15
68126,14
68127,14
68128,14
68129,14
68360,4
68361,4
68362,14
68363,4
68364,6
68365,14
68366,1
68367,13
68368,15
68369,9
68370,8
68371,9
68372,8
68373,0
68374,4
68375,4
68376,4
68377,13
68378,12
68379,7
68440,0
68441,7
68442,8
68443,8
68444,8
68445,9
68446,9
68447,8
68448,12
68449,7
68450,15
68451,11
68452,12
68453,2
68454,8
68455,2
68456,16
68457,12
68458,12
68459,12
68510,4
68511,2
68512,2
68513,16
68514,6
68515,5
68516,2
68517,4
68518,11
68519,14
68520,11
68521,8
68522,14
68523,2
68524,14
68525,13
68526,15
68527,11
68528,15
68529,16
68530,4
68531,4
68532,13
68533,16
68534,2
68535,2
68536,2
68537,2
68538,14
68539,16
68570,6
68571,4
68572,16
68573,6
68574,2
68575,4
68576,4
68577,14
68578,12
68579,16
68580,4
68581,15
68582,12
68583,15
68584,4
68585,15
68586,4
68587,12
68588,2
68589,12
68790,9
68791,13
68792,1
68793,16
68794,8
68795,9
68796,15
68797,13
68798,2
68799,12
68800,6
68801,13
68802,0
68803,12
68804,2
68805,15
68806,2
68807,15
68808,8
68809,1
68810,15
68811,15
68812,6
68813,15
68814,1
68815,9
68816,4
68817,4
68818,5
68819,4
68880,15
68881,15
68882,14
68883,6
68884,13
68885,15
68886,4
68887,11
68888,8
68889,1
68890,12
68891,0
68892,2
68893,13
68894,5
68895,11
68896,11
68897,14
68898,11
68899,12
68900,15
68901,0
68902,8
68903,2
68904,2
68905,9
68906,2
68907,11
68908,13
68909,2
68910,14
68911,2
68912,11
68913,14
68914,4
68915,0
68916,2
68917,5
68918,13
68919,14
68970,15
68971,9
68972,15
68973,4
68974,2
68975,14
68976,4
68977,13
68978,13
68979,2
69310,15
69311,16
69312,2
69313,12
69314,1
69315,8
69316,15
69317,6
69318,12
69319,8
69320,9
69321,12
69322,16
69323,12
69324,14
69325,11
69326,14
69327,2
69328,15
69329,8
69330,6
69331,8
69332,9
69333,15
69334,12
69335,11
69336,13
69337,5
69338,12
69339,12
69360,6
69361,15
69362,6
69363,15
69364,6
69365,16
69366,4
69367,5
69368,6
69369,0
69390,8
69391,12
69392,16
69393,14
69394,12
69395,11
69396,9
69397,2
69398,2
69399,5
69460,9
69461,4
69462,6
69463,2
69464,11
69465,9
69466,15
69467,15
69468,2
69469,1
69470,15
69471,4
69472,4
69473,2
69474,13
69475,4
69476,12
69477,11
69478,2
69479,16
69480,11
69481,12
69482,6
69483,11
69484,2
69485,11
69486,15
69487,11
69488,1
69489,14
69490,1
69491,4
69492,6
69493,8
69494,14
69495,15
69496,5
69497,13
69498,1
69499,5
69710,0
69711,4
69712,9
69713,11
69714,2
69715,11
69716,2
69717,15
69718,11
69719,12
69720,8
69721,16
69722,6
69723,12
69724,2
69725,9
69726,15
69727,6
69728,11
69729,2
69770,13
69771,13
69772,12
69773,12
69774,6
69775,11
69776,8
69777,2
69778,6
69779,13
69780,15
69781,15
69782,15
69783,13
69784,6
69785,12
69786,4
69787,13
69788,12
69789,0
69790,4
69791,13
69792,4
69793,1
69794,14
69795,5
69796,4
69797,11
69798,13
69799,14
69850,4
69851,9
69852,15
69853,12
69854,2
69855,2
69856,16
69857,11
69858,2
69859,12
69860,0
69861,12
69862,0
69863,13
69864,13
69865,11
69866,16
69867,14
69868,13
69869,12
69870,11
69871,4
69872,15
69873,6
69874,2
69875,1
69876,8
69877,16
69878,16
69879,1
69940,11
69941,6
69942,12
69943,13
69944,6
69945,6
69946,13
69947,6
69948,13
69949,6
69950,15
69951,14
69952,15
69953,14
69954,2
69955,14
69956,11
69957,14
69958,16
69959,2
69960,11
69961,13
69962,4
69963,2
69964,13
69965,15
69966,4
69967,4
69968,7
69969,0
70110,15
70111,14
70112,16
70113,11
70114,14
70115,6
70116,14
70117,11
70118,2
70119,14
70120,6
70121,1
70122,15
70123,2
70124,15
70125,15
70126,14
70127,7
70128,7
70129,12
70190,2
70191,6
70192,7
70193,15
70194,11
70195,16
70196,2
70197,11
70198,14
70199,13
70200,0
70201,15
70202,2
70203,4
70204,13
70205,6
70206,1
70207,1
70208,11
70209,9
70210,15
70211,11
70212,8
70213,4
70214,7
70215,9
70216,13
70217,1
70218,8
70219,9
70290,8
70291,0
70292,13
70293,8
70294,11
70295,13
70296,7
70297,8
70298,9
70299,7
70300,16
70301,0
70302,15
70303,1
70304,4
70305,16
70306,9
70307,14
70308,9
70309,15
70390,11
70391,0
70392,14
70393,14
70394,4
70395,4
70396,14
70397,2
70398,16
70399,16
70720,5
70721,5
70722,7
70723,0
70724,4
70725,15
70726,2
70727,16
70728,8
70729,2
70730,11
70731,14
70732,14
70733,0
70734,12
70735,11
70736,12
70737,12
70738,16
70739,13
70740,8
70741,14
70742,4
70743,13
70744,13
70745,2
70746,16
70747,6
70748,2
70749,12
70850,4
70851,16
70852,15
70853,14
70854,1
70855,15
70856,14
70857,14
70858,1
70859,14
70860,15
70861,14
70862,13
70863,13
70864,2
70865,4
70866,1
70867,15
70868,16
70869,2
70870,12
70871,11
70872,6
70873,16
70874,5
70875,8
70876,8
70877,11
70878,2
70879,12
70880,15
70881,11
70882,7
70883,7
70884,13
70885,16
70886,5
70887,2
70888,16
70889,7
70890,11
70891,14
70892,14
70893,14
70894,15
70895,6
70896,15
70897,11
70898,13
70899,2
70900,9
70901,8
70902,8
70903,9
70904,16
70905,0
70906,0
70907,15
70908,14
70909,8
70910,16
70911,9
70912,2
70913,2
70914,14
70915,14
70916,14
70917,16
70918,2
70919,4
70940,13
70941,0
70942,13
70943,4
70944,8
70945,14
70946,14
70947,15
70948,4
70949,14
71060,0
71061,7
71062,4
71063,8
71064,7
71065,8
71066,1
71067,8
71068,16
71069,8
71070,11
71071,14
71072,11
71073,0
71074,4
71075,11
71076,1
71077,1
71078,4
71079,9
71080,13
71081,11
71082,2
71083,12
71084,11
71085,0
71086,11
71087,8
71088,16
71089,2
71090,0
71091,2
71092,15
71093,1
71094,12
71095,15
71096,6
71097,14
71098,12
71099,13
71120,12
71121,11
71122,14
71123,13
71124,15
71125,4
71126,9
71127,4
71128,16
71129,2
71130,0
71131,8
71132,8
71133,9
71134,8
71135,15
71136,8
71137,0
71138,8
71139,7
71140,4
71141,13
71142,12
71143,2
71144,13
71145,9
71146,13
71147,13
71148,12
71149,9
71150,11
71151,14
71152,16
71153,7
71154,2
71155,14
71156,15
71157,14
71158,1
71159,8
71160,9
71161,8
71162,2
71163,8
71164,12
71165,4
71166,15
71167,2
71168,6
71169,2
71370,6
71371,12
71372,4
71373,13
71374,14
71375,0
71376,15
71377,4
71378,2
71379,15
71380,4
71381,4
71382,6
71383,4
71384,14
71385,0
71386,8
71387,11
71388,15
71389,6
71390,8
71391,7
71392,0
71393,7
71394,14
71395,9
71396,0
71397,7
71398,14
71399,2
71420,11
71421,9
71422,7
71423,8
71424,1
71425,4
71426,8
71427,8
71428,6
71429,7
71430,14
71431,11
71432,16
71433,11
71434,11
71435,16
71436,14
71437,2
71438,6
71439,6
71460,2
71461,2
71462,4
71463,15
71464,4
71465,1
71466,2
71467,11
71468,12
71469,7
71470,2
71471,14
71472,14
71473,16
71474,2
71475,15
71476,1
71477,16
71478,2
71479,14
71520,6
71521,9
71522,11
71523,8
71524,9
71525,4
71526,0
71527,8
71528,8
71529,16
71530,0
71531,14
71532,2
71533,12
71534,4
71535,8
71536,9
71537,8
71538,4
71539,6
71540,9
71541,11
71542,12
71543,8
71544,12
71545,16
71546,1
71547,15
71548,2
71549,16
71680,12
71681,16
71682,14
71683,15
71684,14
71685,11
71686,15
71687,14
71688,12
71689,1
71790,0
71791,15
71792,4
71793,1
71794,2
71795,0
71796,6
71797,15
71798,2
71799,14
71800,13
71801,15
71802,8
71803,6
71804,2
71805,2
71806,12
71807,14
71808,14
71809,0
71870,11
71871,5
71872,9
71873,12
71874,7
71875,11
71876,12
71877,0
71878,0
71879,0
71880,0
71881,14
71882,13
71883,13
71884,12
71885,0
71886,15
71887,12
71888,6
71889,13
71890,16
71891,14
71892,6
71893,1
71894,12
71895,0
71896,12
71897,2
71898,12
71899,14
71900,4
71901,8
71902,13
71903,11
71904,12
71905,14
71906,11
71907,8
71908,12
71909,12
71910,15
71911,15
71912,6
71913,15
71914,12
71915,2
71916,12
71917,0
71918,4
71919,14
71920,15
71921,1
71922,4
71923,1
71924,0
71925,1
71926,0
71927,1
71928,16
71929,2
71930,7
71931,7
71932,15
71933,4
71934,8
71935,11
71936,8
71937,9
71938,8
71939,9
71940,15
71941,0
71942,6
71943,2
71944,12
71945,9
71946,6
71947,1
71948,8
71949,6
72220,13
72221,1
72222,11
72223,12
72224,8
72225,16
72226,8
72227,2
72228,8
72229,6
72230,7
72231,15
72232,0
72233,8
72234,0
72235,11
72236,9
72237,8
72238,5
72239,8
72240,13
72241,14
72242,11
72243,13
72244,12
72245,1
72246,13
72247,4
72248,9
72249,11
72250,11
72251,1
72252,6
72253,12
72254,2
72255,15
72256,4
72257,15
72258,14
72259,2
72260,15
72261,13
72262,12
72263,4
72264,12
72265,11
72266,16
72267,11
72268,12
72269,13
72700,12
72701,15
72702,0
72703,6
72704,14
72705,2
72706,11
72707,11
72708,14
72709,14
72710,9
72711,8
72712,2
72713,13
72714,12
72715,2
72716,13
72717,12
72718,4
72719,15
72720,15
72721,13
72722,6
72723,8
72724,8
72725,4
72726,4
72727,15
72728,15
72729,12
72830,0
72831,5
72832,15
72833,1
72834,11
72835,15
72836,15
72837,14
72838,6
72839,15
72840,15
72841,14
72842,14
72843,0
72844,14
72845,11
72846,14
72847,14
72848,16
72849,14
72850,11
72851,7
72852,11
72853,8
72854,8
72855,0
72856,8
72857,9
72858,8
72859,7
73020,15
73021,12
73022,14
73023,12
73024,14
73025,14
73026,11
73027,2
73028,6
73029,1
73030,2
73031,0
73032,16
73033,0
73034,14
73035,15
73036,12
73037,0
73038,4
73039,13
73040,12
73041,0
73042,0
73043,12
73044,12
73045,7
73046,4
73047,15
73048,15
73049,8
73070,16
73071,4
73072,9
73073,2
73074,16
73075,0
73076,15
73077,13
73078,2
73079,12
73080,8
73081,0
73082,2
73083,2
73084,8
73085,14
73086,5
73087,12
73088,13
73089,16
73140,0
73141,12
73142,8
73143,2
73144,15
73145,2
73146,14
73147,16
73148,5
73149,15
73150,16
73151,0
73152,9
73153,8
73154,15
73155,11
73156,8
73157,4
73158,7
73159,8
73200,0
73201,11
73202,11
73203,12
73204,12
73205,11
73206,14
73207,12
73208,12
73209,16
73210,15
73211,2
73212,4
73213,14
73214,8
73215,0
73216,2
73217,2
73218,0
73219,14
73220,13
73221,14
73222,15
73223,13
73224,11
73225,7
73226,11
73227,9
73228,13
73229,12
73230,0
73231,0
73232,9
73233,8
73234,8
73235,10
73236,8
73237,9
73238,8
73239,8
73390,15
73391,13
73392,15
73393,2
73394,12
73395,0
73396,16
73397,14
73398,14
73399,2
73400,6
73401,9
73402,1
73403,15
73404,2
73405,8
73406,2
73407,11
73408,13
73409,14
73410,15
73411,11
73412,2
73413,4
73414,12
73415,15
73416,12
73417,11
73418,4
73419,15
73510,15
73511,15
73512,2
73513,0
73514,8
73515,14
73516,5
73517,16
73518,13
73519,0
73520,16
73521,1
73522,2
73523,4
73524,14
73525,13
73526,11
73527,15
73528,14
73529,4
73530,9
73531,15
73532,13
73533,14
73534,14
73535,14
73536,15
73537,14
73538,14
73539,14
73650,1
73651,15
73652,15
73653,12
73654,12
73655,0
73656,14
73657,15
73658,1
73659,2
73660,0
73661,4
73662,6
73663,12
73664,2
73665,14
73666,1
73667,4
73668,13
73669,1
73750,8
73751,16
73752,6
73753,11
73754,14
73755,14
73756,14
73757,12
73758,12
73759,6
73760,16
73761,8
73762,15
73763,0
73764,11
73765,6
73766,9
73767,15
73768,2
73769,4
74160,0
74161,4
74162,0
74163,2
74164,12
74165,0
74166,2
74167,13
74168,13
74169,6
74170,15
74171,2
74172,14
74173,16
74174,14
74175,16
74176,14
74177,12
74178,13
74179,15
74200,15
74201,15
74202,4
74203,13
74204,2
74205,0
74206,13
74207,8
74208,16
74209,6
74210,12
74211,12
74212,13
74213,16
74214,6
74215,15
74216,13
74217,12
74218,15
74219,2
74260,14
74261,11
74262,16
74263,15
74264,12
74265,16
74266,16
74267,15
74268,6
74269,14
74270,2
74271,15
74272,13
74273,6
74274,12
74275,14
74276,0
74277,6
74278,15
74279,12
74280,15
74281,2
74282,11
74283,12
74284,8
74285,11
74286,14
74287,2
74288,13
74289,12
74670,13
74671,0
74672,0
74673,15
74674,8
74675,0
74676,14
74677,4
74678,5
74679,16
74680,15
74681,4
74682,15
74683,1
74684,12
74685,2
74686,12
74687,15
74688,2
74689,12
74690,13
74691,0
74692,15
74693,6
74694,6
74695,15
74696,0
74697,11
74698,12
74699,2
74700,11
74701,11
74702,14
74703,12
74704,14
74705,14
74706,2
74707,2
74708,11
74709,14
74710,6
74711,0
74712,12
74713,14
74714,1
74715,0
74716,4
74717,15
74718,12
74719,14
74780,15
74781,0
74782,1
74783,0
74784,14
74785,6
74786,1
74787,1
74788,6
74789,16
74830,0
74831,4
74832,8
74833,8
74834,12
74835,9
74836,8
74837,16
74838,9
74839,13
74840,12
74841,11
74842,16
74843,13
74844,15
74845,2
74846,15
74847,15
74848,9
74849,6
74850,11
74851,11
74852,2
74853,15
74854,13
74855,11
74856,4
74857,14
74858,12
74859,2
74870,9
74871,15
74872,13
74873,4
74874,14
74875,6
74876,13
74877,8
74878,2
74879,12
74880,15
74881,6
74882,12
74883,1
74884,8
74885,15
74886,15
74887,11
74888,1
74889,1
74890,15
74891,9
74892,13
74893,6
74894,14
74895,11
74896,15
74897,8
74898,1
74899,14
74920,2
74921,11
74922,14
74923,13
74924,6
74925,6
74926,14
74927,12
74928,16
74929,12
74930,15
74931,11
74932,16
74933,14
74934,14
74935,6
74936,6
74937,14
74938,2
74939,14
74990,14
74991,4
74992,14
74993,0
74994,12
74995,14
74996,14
74997,14
74998,13
74999,14
75000,0
75001,13
75002,8
75003,2
75004,8
75005,11
75006,6
75007,6
75008,12
75009,4
75060,9
75061,11
75062,9
75063,9
75064,8
75065,15
75066,8
75067,12
75068,7
75069,7
75070,2
75071,16
75072,6
75073,12
75074,5
75075,15
75076,11
75077,1
75078,12
75079,1
75080,0
75081,0
75082,11
75083,12
75084,12
75085,9
75086,12
75087,12
75088,12
75089,11
75160,15
75161,11
75162,2
75163,14
75164,14
75165,11
75166,16
75167,0
75168,12
75169,14
75170,0
75171,15
75172,2
75173,15
75174,4
75175,15
75176,2
75177,4
75178,13
75179,2
75180,4
75181,0
75182,7
75183,4
75184,8
75185,0
75186,7
75187,11
75188,8
75189,8
75190,0
75191,9
75192,4
75193,6
75194,12
75195,4
75196,15
75197,6
75198,4
75199,8
75200,16
75201,15
75202,9
75203,8
75204,8
75205,8
75206,9
75207,9
75208,0
75209,5
75240,2
75241,4
75242,1
75243,6
75244,6
75245,15
75246,12
75247,4
75248,12
75249,8
75250,12
75251,2
75252,13
75253,12
75254,12
75255,16
75256,4
75257,16
75258,16
75259,13
75260,11
75261,5
75262,16
75263,6
75264,2
75265,11
75266,6
75267,14
75268,14
75269,14
75380,16
75381,0
75382,0
75383,0
75384,8
75385,9
75386,6
75387,0
75388,13
75389,8
75390,0
75391,0
75392,4
75393,8
75394,14
75395,15
75396,4
75397,9
75398,16
75399,1
75480,15
75481,13
75482,4
75483,12
75484,13
75485,9
75486,16
75487,7
75488,4
75489,2
75490,9
75491,15
75492,7
75493,7
75494,8
75495,12
75496,6
75497,9
75498,8
75499,8
75630,0
75631,6
75632,13
75633,15
75634,12
75635,9
75636,13
75637,14
75638,12
75639,4
76040,15
76041,1
76042,13
76043,14
76044,9
76045,15
76046,0
76047,12
76048,0
76049,12
76070,11
76071,15
76072,4
76073,0
76074,6
76075,6
76076,13
76077,6
76078,2
76079,12
76180,9
76181,13
76182,12
76183,2
76184,1
76185,15
76186,0
76187,16
76188,13
76189,13
76270,0
76271,13
76272,4
76273,4
76274,13
76275,4
76276,16
76277,1
76278,14
76279,2
76280,11
76281,11
76282,2
76283,14
76284,14
76285,6
76286,14
76287,16
76288,14
76289,4
76470,15
76471,8
76472,0
76473,15
76474,1
76475,9
76476,14
76477,4
76478,2
76479,11
76480,2
76481,4
76482,2
76483,4
76484,13
76485,15
76486,6
76487,8
76488,15
76489,6
76490,16
76491,7
76492,0
76493,14
76494,13
76495,11
76496,16
76497,6
76498,14
76499,14
76500,11
76501,11
76502,12
76503,11
76504,7
76505,9
76506,14
76507,15
76508,14
76509,14
76510,4
76511,7
76512,14
76513,15
76514,8
76515,5
76516,9
76517,15
76518,11
76519,8
76720,16
76721,1
76722,9
76723,2
76724,1
76725,6
76726,6
76727,0
76728,13
76729,8
76730,8
76731,11
76732,8
76733,3
76734,13
76735,2
76736,0
76737,12
76738,6
76739,8
76770,16
76771,16
76772,6
76773,1
76774,13
76775,6
76776,0
76777,6
76778,12
76779,13
76950,0
76951,11
76952,7
76953,8
76954,9
76955,0
76956,0
76957,1
76958,14
76959,1
76960,2
76961,15
76962,0
76963,12
76964,2
76965,0
76966,12
76967,15
76968,12
76969,6
76970,14
76971,0
76972,14
76973,12
76974,9
76975,15
76976,14
76977,15
76978,14
76979,14
77050,13
77051,13
77052,0
77053,0
77054,13
77055,0
77056,4
77057,9
77058,9
77059,8
77060,11
77061,7
77062,2
77063,6
77064,14
77065,8
77066,4
77067,9
77068,12
77069,12
77070,4
77071,5
77072,13
77073,14
77074,2
77075,15
77076,0
77077,1
77078,15
77079,2
77080,16
77081,6
77082,12
77083,0
77084,14
77085,11
77086,15
77087,13
77088,14
77089,13
77200,0
77201,9
77202,2
77203,7
77204,8
77205,9
77206,16
77207,1
77208,9
77209,1
77210,4
77211,6
77212,6
77213,6
77214,6
77215,15
77216,12
77217,16
77218,14
77219,12
77220,15
77221,14
77222,14
77223,1
77224,14
77225,11
77226,14
77227,6
77228,9
77229,14
77230,0
77231,0
77232,0
77233,1
77234,2
77235,11
77236,16
77237,16
77238,5
77239,2
77450,0
77451,6
77452,11
77453,8
77454,6
77455,15
77456,14
77457,13
77458,13
77459,13
77490,15
77491,16
77492,13
77493,2
77494,1
77495,0
77496,4
77497,9
77498,13
77499,4
77500,13
77501,6
77502,0
77503,13
77504,16
77505,6
77506,4
77507,4
77508,15
77509,12
77510,4
77511,8
77512,8
77513,7
77514,7
77515,11
77516,15
77517,7
77518,8
77519,8
77740,15
77741,15
77742,4
77743,2
77744,4
77745,0
77746,14
77747,13
77748,11
77749,16
78020,13
78021,15
78022,4
78023,4
78024,4
78025,4
78026,0
78027,16
78028,5
78029,16
78030,10
78031,4
78032,13
78033,15
78034,8
78035,15
78036,9
78037,1
78038,8
78039,4
78040,6
78041,15
78042,14
78043,14
78044,6
78045,14
78046,11
78047,14
78048,16
78049,12
78050,0
78051,8
78052,4
78053,4
78054,12
78055,4
78056,11
78057,2
78058,12
78059,13
78350,15
78351,16
78352,11
78353,16
78354,0
78355,15
78356,11
78357,14
78358,16
78359,6
78360,11
78361,11
78362,2
78363,8
78364,12
78365,0
78366,9
78367,14
78368,12
78369,14
78410,16
78411,1
78412,2
78413,12
78414,2
78415,1
78416,0
78417,12
78418,11
78419,12
78420,0
78421,6
78422,13
78423,1
78424,11
78425,15
78426,15
78427,0
78428,4
78429,4
78430,15
78431,11
78432,14
78433,0
78434,13
78435,11
78436,14
78437,2
78438,14
78439,5
78600,0
78601,13
78602,15
78603,11
78604,12
78605,15
78606,13
78607,4
78608,2
78609,2
78610,15
78611,2
78612,8
78613,12
78614,16
78615,15
78616,11
78617,14
78618,2
78619,12
78640,14
78641,11
78642,14
78643,0
78644,14
78645,14
78646,15
78647,16
78648,11
78649,11
78650,4
78651,15
78652,12
78653,9
78654,1
78655,0
78656,4
78657,16
78658,13
78659,8
78660,0
78661,2
78662,13
78663,14
78664,14
78665,13
78666,11
78667,15
78668,2
78669,6
78670,4
78671,0
78672,6
78673,6
78674,2
78675,4
78676,2
78677,0
78678,14
78679,5
78760,6
78761,11
78762,11
78763,14
78764,14
78765,14
78766,14
78767,6
78768,14
78769,16
78770,13
78771,13
78772,2
78773,16
78774,2
78775,0
78776,15
78777,6
78778,6
78779,1
78780,15
78781,8
78782,9
78783,7
78784,7
78785,4
78786,8
78787,7
78788,4
78789,13
78870,14
78871,0
78872,11
78873,16
78874,14
78875,14
78876,11
78877,1
78878,14
78879,6
78880,11
78881,13
78882,0
78883,12
78884,5
78885,1
78886,0
78887,1
78888,13
78889,2
78950,9
78951,11
78952,2
78953,1
78954,16
78955,11
78956,12
78957,12
78958,16
78959,2
78960,4
78961,0
78962,14
78963,14
78964,14
78965,11
78966,14
78967,14
78968,14
78969,16
78970,16
78971,11
78972,1
78973,13
78974,6
78975,9
78976,4
78977,16
78978,9
78979,9
78980,0
78981,7
78982,7
78983,8
78984,4
78985,13
78986,4
78987,0
78988,7
78989,14
79050,2
79051,15
79052,8
79053,11
79054,12
79055,4
79056,6
79057,12
79058,14
79059,11
79060,16
79061,0
79062,4
79063,6
79064,2
79065,16
79066,15
79067,6
79068,12
79069,15
79070,2
79071,12
79072,1
79073,4
79074,4
79075,16
79076,14
79077,2
79078,0
79079,9
79080,13
79081,11
79082,4
79083,16
79084,14
79085,9
79086,15
79087,9
79088,9
79089,16
79220,9
79221,14
79222,1
79223,15
79224,2
79225,15
79226,12
79227,2
79228,12
79229,12
79230,8
79231,3
79232,15
79233,2
79234,11
79235,0
79236,2
79237,4
79238,13
79239,11
79240,11
79241,14
79242,11
79243,6
79244,8
79245,11
79246,4
79247,14
79248,16
79249,14
79380,16
79381,0
79382,14
79383,14
79384,2
79385,15
79386,2
79387,15
79388,16
79389,14
79390,13
79391,1
79392,2
79393,15
79394,6
79395,0
79396,14
79397,2
79398,2
79399,2
79400,2
79401,11
79402,6
79403,13
79404,12
79405,11
79406,6
79407,16
79408,13
79409,12
79550,0
79551,13
79552,8
79553,15
79554,13
79555,16
79556,15
79557,6
79558,4
79559,9
79560,11
79561,16
79562,15
79563,12
79564,12
79565,15
79566,0
79567,14
79568,0
79569,13
79570,14
79571,2
79572,14
79573,6
79574,14
79575,11
79576,14
79577,11
79578,12
79579,14
79580,11
79581,13
79582,12
79583,8
79584,12
79585,15
79586,8
79587,16
79588,11
79589,14
79590,9
79591,4
79592,16
79593,14
79594,1
79595,13
79596,15
79597,12
79598,15
79599,2
79690,15
79691,2
79692,4
79693,1
79694,12
79695,0
79696,2
79697,6
79698,5
79699,12
79700,6
79701,6
79702,14
79703,6
79704,11
79705,15
79706,14
79707,11
79708,13
79709,13
79710,12
79711,6
79712,13
79713,14
79714,11
79715,6
79716,9
79717,6
79718,12
79719,16
79740,11
79741,16
79742,12
79743,14
79744,16
79745,2
79746,0
79747,15
79748,14
79749,14
79750,0
79751,9
79752,13
79753,2
79754,13
79755,8
79756,11
79757,9
79758,13
79759,15
79760,8
79761,7
79762,8
79763,8
79764,1
79765,1
79766,9
79767,1
79768,9
79769,7
80050,4
80051,1
80052,14
80053,14
80054,13
80055,14
80056,4
80057,11
80058,5
80059,4
80060,6
80061,0
80062,6
80063,2
80064,2
80065,12
80066,15
80067,8
80068,13
80069,11
80070,14
80071,13
80072,6
80073,0
80074,0
80075,9
80076,6
80077,0
80078,16
80079,4
80080,15
80081,6
80082,8
80083,12
80084,13
80085,13
80086,15
80087,6
80088,12
80089,13
80090,15
80091,1
80092,1
80093,2
80094,2
80095,15
80096,8
80097,4
80098,1
80099,11
80170,13
80171,5
80172,16
80173,14
80174,2
80175,11
80176,11
80177,2
80178,13
80179,5
80180,4
80181,15
80182,4
80183,13
80184,7
80185,15
80186,11
80187,15
80188,9
80189,14
80260,9
80261,15
80262,12
80263,6
80264,6
80265,0
80266,2
80267,16
80268,14
80269,6
80270,8
80271,0
80272,12
80273,0
80274,8
80275,4
80276,16
80277,12
80278,13
80279,8
80280,14
80281,15
80282,12
80283,14
80284,1
80285,11
80286,16
80287,14
80288,14
80289,2
80410,15
80411,11
80412,2
80413,2
80414,8
80415,2
80416,6
80417,4
80418,0
80419,11
80420,11
80421,4
80422,2
80423,13
80424,4
80425,5
80426,5
80427,15
80428,1
80429,8
80430,0
80431,1
80432,2
80433,11
80434,12
80435,0
80436,2
80437,8
80438,2
80439,13
80440,15
80441,11
80442,6
80443,14
80444,13
80445,0
80446,12
80447,11
80448,6
80449,8
80450,11
80451,14
80452,14
80453,12
80454,6
80455,15
80456,15
80457,0
80458,1
80459,5
80610,11
80611,13
80612,13
80613,12
80614,15
80615,0
80616,2
80617,12
80618,12
80619,8
80620,11
80621,14
80622,0
80623,16
80624,7
80625,15
80626,15
80627,14
80628,1
80629,15
80630,0
80631,2
80632,4
80633,2
80634,12
80635,2
80636,12
80637,6
80638,6
80639,13
80730,16
80731,2
80732,9
80733,4
80734,2
80735,0
80736,6
80737,1
80738,8
80739,14
80740,14
80741,15
80742,11
80743,12
80744,12
80745,16
80746,0
80747,15
80748,14
80749,14
80750,16
80751,13
80752,12
80753,14
80754,2
80755,11
80756,11
80757,2
80758,6
80759,2
80760,12
80761,12
80762,0
80763,15
80764,13
80765,0
80766,0
80767,0
80768,12
80769,14
80790,0
80791,1
80792,8
80793,11
80794,4
80795,15
80796,10
80797,7
80798,12
80799,7
80840,11
80841,4
80842,14
80843,8
80844,14
80845,12
80846,6
80847,16
80848,14
80849,14
81050,15
81051,6
81052,12
81053,16
81054,4
81055,4
81056,8
81057,13
81058,12
81059,11
81060,0
81061,15
81062,2
81063,13
81064,2
81065,15
81066,0
81067,15
81068,1
81069,6
81070,11
81071,11
81072,14
81073,14
81074,14
81075,14
81076,15
81077,14
81078,15
81079,14
81140,15
81141,14
81142,14
81143,4
81144,11
81145,13
81146,6
81147,6
81148,14
81149,16
81150,4
81151,4
81152,4
81153,11
81154,8
81155,16
81156,6
81157,13
81158,12
81159,2
81160,12
81161,8
81162,9
81163,1
81164,8
81165,4
81166,1
81167,4
81168,6
81169,4
81170,14
81171,14
81172,14
81173,14
81174,14
81175,11
81176,0
81177,11
81178,0
81179,2
81180,11
81181,4
81182,11
81183,16
81184,12
81185,15
81186,15
81187,2
81188,6
81189,12
81190,15
81191,4
81192,13
81193,0
81194,2
81195,13
81196,13
81197,16
81198,1
81199,13
81200,16
81201,0
81202,4
81203,12
81204,12
81205,15
81206,11
81207,1
81208,2
81209,15
81320,15
81321,9
81322,13
81323,2
81324,12
81325,6
81326,6
81327,8
81328,2
81329,12
81330,8
81331,2
81332,4
81333,6
81334,1
81335,5
81336,0
81337,16
81338,14
81339,7
81420,11
81421,12
81422,4
81423,6
81424,13
81425,9
81426,11
81427,13
81428,2
81429,12
81430,13
81431,2
81432,5
81433,14
81434,14
81435,14
81436,5
81437,15
81438,14
81439,14
81480,0
81481,0
81482,8
81483,13
81484,2
81485,13
81486,6
81487,6
81488,12
81489,12
81770,15
81771,14
81772,5
81773,16
81774,14
81775,12
81776,0
81777,5
81778,14
81779,12
81780,11
81781,1
81782,2
81783,13
81784,2
81785,16
81786,0
81787,9
81788,14
81789,14
81840,11
81841,15
81842,4
81843,12
81844,15
81845,6
81846,0
81847,1
81848,6
81849,1
81850,1
81851,0
81852,4
81853,13
81854,14
81855,7
81856,4
81857,14
81858,13
81859,16
81880,1
81881,15
81882,1
81883,15
81884,12
81885,9
81886,0
81887,4
81888,15
81889,12
81890,6
81891,14
81892,10
81893,11
81894,2
81895,6
81896,11
81897,15
81898,4
81899,12
81900,4
81901,2
81902,15
81903,0
81904,6
81905,4
81906,14
81907,5
81908,16
81909,4
82040,15
82041,9
82042,11
82043,15
82044,12
82045,12
82046,15
82047,4
82048,0
82049,16
82050,0
82051,8
82052,9
82053,0
82054,8
82055,0
82056,8
82057,11
82058,1
82059,15
82060,11
82061,15
82062,9
82063,12
82064,12
82065,15
82066,15
82067,2
82068,1
82069,15
82070,4
82071,13
82072,15
82073,12
82074,1
82075,0
82076,0
82077,2
82078,13
82079,12
82080,0
82081,16
82082,1
82083,14
82084,7
82085,16
82086,13
82087,8
82088,9
82089,11
82090,16
82091,15
82092,5
82093,4
82094,4
82095,14
82096,2
82097,14
82098,16
82099,16
82100,15
82101,15
82102,1
82103,16
82104,4
82105,15
82106,9
82107,1
82108,1
82109,16
82110,2
82111,14
82112,0
82113,8
82114,6
82115,4
82116,6
82117,13
82118,16
82119,12
82120,0
82121,0
82122,1
82123,12
82124,6
82125,0
82126,11
82127,14
82128,12
82129,14
82170,15
82171,14
82172,2
82173,12
82174,16
82175,11
82176,6
82177,9
82178,13
82179,15
82180,0
82181,11
82182,14
82183,2
82184,2
82185,13
82186,6
82187,11
82188,11
82189,16
82190,5
82191,12
82192,9
82193,0
82194,8
82195,16
82196,11
82197,12
82198,11
82199,1
82300,9
82301,8
82302,6
82303,12
82304,12
82305,2
82306,13
82307,0
82308,6
82309,14
82310,14
82311,15
82312,15
82313,6
82314,14
82315,16
82316,12
82317,9
82318,11
82319,9
82390,11
82391,16
82392,2
82393,16
82394,13
82395,2
82396,16
82397,16
82398,6
82399,13
82400,1
82401,2
82402,6
82403,4
82404,4
82405,2
82406,0
82407,8
82408,0
82409,6
82510,15
82511,14
82512,13
82513,14
82514,13
82515,15
82516,15
82517,0
82518,6
82519,12
82520,6
82521,4
82522,11
82523,6
82524,14
82525,4
82526,11
82527,13
82528,4
82529,16
82680,15
82681,6
82682,2
82683,2
82684,6
82685,15
82686,1
82687,16
82688,12
82689,8
83020,15
83021,12
83022,12
83023,0
83024,14
83025,14
83026,16
83027,14
83028,8
83029,11
83040,9
83041,4
83042,13
83043,15
83044,14
83045,15
83046,9
83047,2
83048,14
83049,12
83060,16
83061,0
83062,0
83063,1
83064,1
83065,13
83066,9
83067,2
83068,4
83069,0
83070,5
83071,16
83072,15
83073,0
83074,13
83075,11
83076,15
83077,15
83078,1
83079,6
83140,11
83141,15
83142,14
83143,2
83144,16
83145,11
83146,0
83147,6
83148,12
83149,12
83150,2
83151,0
83152,4
83153,2
83154,0
83155,11
83156,15
83157,15
83158,9
83159,14
83160,11
83161,4
83162,2
83163,11
83164,4
83165,15
83166,6
83167,13
83168,12
83169,13
83170,16
83171,0
83172,12
83173,12
83174,12
83175,13
83176,5
83177,2
83178,16
83179,15
83180,0
83181,0
83182,7
83183,8
83184,8
83185,11
83186,4
83187,4
83188,6
83189,4
83240,16
83241,12
83242,15
83243,11
83244,12
83245,11
83246,14
83247,2
83248,14
83249,2
83250,16
83251,9
83252,15
83253,2
83254,16
83255,15
83256,12
83257,6
83258,15
83259,12
83260,11
83261,2
83262,13
83263,4
83264,12
83265,15
83266,2
83267,14
83268,11
83269,12
83350,9
83351,4
83352,11
83353,4
83354,12
83355,9
83356,15
83357,9
83358,10
83359,4
83360,16
83361,2
83362,16
83363,1
83364,2
83365,15
83366,4
83367,4
83368,4
83369,1
83370,8
83371,7
83372,15
83373,8
83374,9
83375,4
83376,8
83377,7
83378,7
83379,1
83380,0
83381,1
83382,0
83383,1
83384,8
83385,7
83386,15
83387,1
83388,8
83389,8
83390,0
83391,0
83392,13
83393,4
83394,12
83395,11
83396,14
83397,14
83398,12
83399,6
83400,14
83401,15
83402,2
83403,4
83404,14
83405,14
83406,15
83407,1
83408,16
83409,14
83410,4
83411,14
83412,6
83413,8
83414,13
83415,14
83416,9
83417,12
83418,13
83419,13
83420,0
83421,9
83422,2
83423,12
83424,8
83425,2
83426,11
83427,6
83428,6
83429,4
83430,15
83431,14
83432,0
83433,2
83434,1
83435,13
83436,9
83437,14
83438,12
83439,14
83440,2
83441,2
83442,0
83443,14
83444,6
83445,9
83446,2
83447,15
83448,1
83449,8
83450,4
83451,12
83452,4
83453,0
83454,9
83455,0
83456,13
83457,9
83458,7
83459,8
83780,12
83781,15
83782,12
83783,0
83784,1
83785,15
83786,0
83787,15
83788,1
83789,11
83790,11
83791,14
83792,11
83793,1
83794,6
83795,0
83796,14
83797,0
83798,12
83799,0
83820,6
83821,2
83822,2
83823,12
83824,12
83825,14
83826,9
83827,11
83828,4
83829,14
84080,11
84081,13
84082,6
84083,4
84084,4
84085,15
84086,15
84087,1
84088,4
84089,13
84220,9
84221,9
84222,9
84223,8
84224,8
84225,15
84226,16
84227,15
84228,9
84229,8
84230,13
84231,0
84232,12
84233,2
84234,2
84235,6
84236,6
84237,13
84238,11
84239,11
84270,13
84271,0
84272,2
84273,12
84274,6
84275,15
84276,15
84277,1
84278,6
84279,12
84280,2
84281,6
84282,6
84283,12
84284,6
84285,6
84286,11
84287,15
84288,2
84289,12
84390,9
84391,11
84392,2
84393,6
84394,16
84395,11
84396,15
84397,12
84398,2
84399,2
84400,8
84401,11
84402,0
84403,4
84404,8
84405,0
84406,13
84407,1
84408,8
84409,14
84410,0
84411,2
84412,9
84413,7
84414,7
84415,15
84416,14
84417,9
84418,7
84419,1
84530,2
84531,6
84532,15
84533,2
84534,1
84535,14
84536,16
84537,1
84538,14
84539,1
84540,9
84541,15
84542,9
84543,4
84544,4
84545,1
84546,2
84547,7
84548,5
84549,9
84620,11
84621,15
84622,2
84623,12
84624,2
84625,6
84626,4
84627,12
84628,11
84629,13
84630,11
84631,9
84632,1
84633,2
84634,16
84635,16
84636,15
84637,0
84638,2
84639,4
84640,15
84641,4
84642,11
84643,14
84644,14
84645,14
84646,11
84647,14
84648,15
84649,16
84800,2
84801,15
84802,16
84803,14
84804,14
84805,12
84806,12
84807,14
84808,6
84809,6
84810,16
84811,2
84812,8
84813,15
84814,14
84815,13
84816,4
84817,16
84818,6
84819,15
84860,2
84861,14
84862,14
84863,14
84864,4
84865,11
84866,5
84867,2
84868,15
84869,0
84870,15
84871,4
84872,9
84873,11
84874,4
84875,15
84876,15
84877,13
84878,7
84879,8
84970,15
84971,0
84972,1
84973,1
84974,2
84975,11
84976,1
84977,8
84978,15
84979,8
84980,16
84981,15
84982,1
84983,6
84984,14
84985,15
84986,6
84987,13
84988,15
84989,15
85460,9
85461,1
85462,0
85463,12
85464,13
85465,13
85466,11
85467,0
85468,12
85469,14
85470,1
85471,0
85472,6
85473,15
85474,12
85475,6
85476,6
85477,16
85478,13
85479,2
85500,15
85501,16
85502,14
85503,6
85504,16
85505,16
85506,11
85507,14
85508,16
85509,12
85510,9
85511,8
85512,2
85513,13
85514,14
85515,14
85516,11
85517,6
85518,13
85519,12
85690,0
85691,15
85692,0
85693,1
85694,8
85695,16
85696,0
85697,0
85698,13
85699,8
85700,4
85701,2
85702,0
85703,4
85704,12
85705,0
85706,9
85707,12
85708,12
85709,12
85710,4
85711,15
85712,16
85713,12
85714,12
85715,0
85716,14
85717,6
85718,13
85719,12
85740,0
85741,15
85742,12
85743,13
85744,14
85745,13
85746,1
85747,12
85748,12
85749,16
85750,15
85751,0
85752,2
85753,14
85754,2
85755,11
85756,13
85757,6
85758,6
85759,13
85760,0
85761,12
85762,12
85763,2
85764,8
85765,6
85766,16
85767,13
85768,15
85769,15
85770,15
85771,0
85772,1
85773,12
85774,14
85775,11
85776,14
85777,14
85778,14
85779,6
85780,11
85781,15
85782,15
85783,2
85784,12
85785,15
85786,13
85787,14
85788,15
85789,14
85790,13
85791,15
85792,15
85793,1
85794,13
85795,11
85796,15
85797,13
85798,14
85799,0
85800,9
85801,12
85802,6
85803,13
85804,11
85805,11
85806,0
85807,12
85808,12
85809,12
85810,6
85811,13
85812,4
85813,13
85814,8
85815,0
85816,15
85817,6
85818,14
85819,13
85820,0
85821,8
85822,8
85823,8
85824,16
85825,15
85826,11
85827,14
85828,9
85829,9
85830,13
85831,14
85832,0
85833,13
85834,15
85835,11
85836,8
85837,6
85838,11
85839,4
85840,0
85841,14
85842,13
85843,14
85844,7
85845,15
85846,14
85847,6
85848,11
85849,13
85850,12
85851,11
85852,4
85853,6
85854,12
85855,12
85856,15
85857,4
85858,12
85859,9
85880,11
85881,11
85882,13
85883,6
85884,12
85885,11
85886,8
85887,13
85888,14
85889,13
85890,14
85891,9
85892,12
85893,0
85894,12
85895,14
85896,13
85897,0
85898,15
85899,1
85900,11
85901,13
85902,14
85903,14
85904,14
85905,6
85906,15
85907,12
85908,6
85909,14
86060,0
86061,6
86062,0
86063,14
86064,12
86065,14
86066,11
86067,6
86068,12
86069,13
86070,1
86071,9
86072,13
86073,12
86074,6
86075,0
86076,9
86077,0
86078,6
86079,8
86380,4
86381,4
86382,4
86383,13
86384,13
86385,13
86386,14
86387,12
86388,14
86389,12
86390,4
86391,14
86392,13
86393,4
86394,4
86395,2
86396,0
86397,14
86398,0
86399,2
86500,15
86501,7
86502,13
86503,6
86504,13
86505,13
86506,15
86507,2
86508,14
86509,13
86510,14
86511,16
86512,14
86513,14
86514,6
86515,15
86516,14
86517,14
86518,14
86519,13
86520,0
86521,0
86522,0
86523,4
86524,0
86525,6
86526,1
86527,4
86528,11
86529,1
86560,8
86561,11
86562,12
86563,4
86564,11
86565,6
86566,9
86567,4
86568,8
86569,8
86570,15
86571,12
86572,1
86573,11
86574,13
86575,0
86576,0
86577,13
86578,6
86579,13
86580,0
86581,9
86582,12
86583,8
86584,15
86585,1
86586,6
86587,9
86588,8
86589,8
86660,15
86661,15
86662,13
86663,6
86664,6
86665,15
86666,11
86667,13
86668,13
86669,12
86740,15
86741,11
86742,13
86743,6
86744,0
86745,15
86746,4
86747,4
86748,4
86749,16
86750,9
86751,11
86752,2
86753,6
86754,1
86755,9
86756,6
86757,13
86758,6
86759,13
86760,0
86761,1
86762,15
86763,12
86764,13
86765,0
86766,12
86767,6
86768,9
86769,12
86770,15
86771,0
86772,2
86773,14
86774,13
86775,15
86776,0
86777,2
86778,6
86779,12
87120,11
87121,6
87122,6
87123,12
87124,12
87125,14
87126,11
87127,0
87128,13
87129,14
87130,0
87131,2
87132,15
87133,4
87134,8
87135,15
87136,13
87137,12
87138,8
87139,6
87220,0
87221,1
87222,6
87223,13
87224,15
87225,15
87226,6
87227,9
87228,13
87229,12
87230,11
87231,11
87232,12
87233,13
87234,14
87235,11
87236,0
87237,14
87238,16
87239,12
87380,11
87381,14
87382,14
87383,12
87384,6
87385,11
87386,11
87387,14
87388,13
87389,6
87390,6
87391,11
87392,2
87393,12
87394,14
87395,9
87396,1
87397,2
87398,0
87399,4
87400,9
87401,15
87402,13
87403,0
87404,1
87405,2
87406,6
87407,1
87408,1
87409,13
87410,9
87411,0
87412,12
87413,11
87414,8
87415,7
87416,4
87417,9
87418,4
87419,15
87420,16
87421,14
87422,15
87423,1
87424,0
87425,11
87426,6
87427,14
87428,2
87429,12
87480,11
87481,13
87482,13
87483,12
87484,11
87485,11
87486,15
87487,7
87488,14
87489,14
87490,0
87491,2
87492,14
87493,12
87494,14
87495,13
87496,15
87497,4
87498,9
87499,15
87720,0
87721,4
87722,15
87723,12
87724,13
87725,0
87726,8
87727,11
87728,14
87729,12
87730,0
87731,8
87732,13
87733,13
87734,12
87735,12
87736,13
87737,12
87738,12
87739,12
87740,4
87741,0
87742,14
87743,12
87744,6
87745,14
87746,11
87747,16
87748,6
87749,6
88140,2
88141,0
88142,13
88143,11
88144,12
88145,0
88146,9
88147,13
88148,12
88149,15
88150,15
88151,0
88152,15
88153,14
88154,13
88155,15
88156,14
88157,6
88158,16
88159,14
88160,15
88161,7
88162,12
88163,15
88164,7
88165,8
88166,0
88167,8
88168,9
88169,4
88200,11
88201,0
88202,0
88203,12
88204,0
88205,0
88206,11
88207,6
88208,6
88209,14
88210,8
88211,15
88212,6
88213,14
88214,2
88215,14
88216,0
88217,0
88218,6
88219,12
88220,11
88221,14
88222,15
88223,14
88224,16
88225,4
88226,12
88227,14
88228,13
88229,12
88280,2
88281,11
88282,15
88283,12
88284,15
88285,9
88286,15
88287,15
88288,12
88289,9
88290,9
88291,8
88292,14
88293,13
88294,13
88295,0
88296,4
88297,1
88298,9
88299,1
88300,14
88301,0
88302,14
88303,14
88304,14
88305,11
88306,14
88307,14
88308,14
88309,14
88310,8
88311,15
88312,14
88313,7
88314,0
88315,15
88316,6
88317,0
88318,8
88319,7
88520,0
88521,14
88522,2
88523,13
88524,15
88525,0
88526,9
88527,6
88528,12
88529,12
88530,8
88531,4
88532,6
88533,11
88534,14
88535,14
88536,11
88537,15
88538,2
88539,12
88540,11
88541,0
88542,0
88543,12
88544,8
88545,0
88546,11
88547,13
88548,12
88549,12
88960,15
88961,14
88962,1
88963,1
88964,1
88965,14
88966,11
88967,13
88968,14
88969,12
88970,16
88971,0
88972,14
88973,8
88974,4
88975,4
88976,8
88977,6
88978,14
88979,16
89100,11
89101,11
89102,14
89103,0
89104,14
89105,4
89106,14
89107,0
89108,11
89109,16
89110,11
89111,13
89112,4
89113,6
89114,1
89115,4
89116,9
89117,16
89118,5
89119,8
89170,0
89171,0
89172,6
89173,13
89174,0
89175,15
89176,13
89177,14
89178,1
89179,0
89180,0
89181,0
89182,8
89183,6
89184,4
89185,9
89186,15
89187,9
89188,6
89189,12
89300,9
89301,13
89302,6
89303,6
89304,14
89305,13
89306,16
89307,0
89308,12
89309,15
89760,11
89761,14
89762,14
89763,12
89764,14
89765,14
89766,16
89767,6
89768,1
89769,6
89770,11
89771,0
89772,2
89773,4
89774,15
89775,15
89776,11
89777,16
89778,12
89779,1
89780,13
89781,11
89782,8
89783,13
89784,13
89785,13
89786,0
89787,8
89788,2
89789,12
89850,15
89851,13
89852,11
89853,15
89854,1
89855,0
89856,9
89857,0
89858,1
89859,8
89860,0
89861,8
89862,6
89863,0
89864,14
89865,0
89866,1
89867,11
89868,9
89869,9
89870,0
89871,15
89872,12
89873,13
89874,12
89875,11
89876,0
89877,12
89878,12
89879,12
89880,0
89881,1
89882,11
89883,0
89884,4
89885,0
89886,12
89887,13
89888,13
89889,14
90150,0
90151,0
90152,2
90153,12
90154,12
90155,0
90156,4
90157,12
90158,9
90159,4
90160,13
90161,0
90162,15
90163,12
90164,13
90165,12
90166,16
90167,0
90168,14
90169,9
90200,9
90201,15
90202,0
90203,14
90204,13
90205,0
90206,7
90207,13
90208,7
90209,8
90210,2
90211,4
90212,14
90213,15
90214,8
90215,6
90216,15
90217,2
90218,13
90219,12
90350,6
90351,0
90352,13
90353,6
90354,13
90355,15
90356,1
90357,13
90358,1
90359,13
90360,15
90361,6
90362,9
90363,13
90364,12
90365,11
90366,5
90367,14
90368,1
90369,12
90480,15
90481,14
90482,12
90483,1
90484,15
90485,14
90486,6
90487,12
90488,0
90489,9
90490,0
90491,14
90492,0
90493,12
90494,13
90495,11
90496,16
90497,6
90498,12
90499,12
90530,0
90531,0
90532,0
90533,0
90534,8
90535,8
90536,1
90537,15
90538,8
90539,9
90540,14
90541,15
90542,16
90543,13
90544,14
90545,16
90546,11
90547,14
90548,14
90549,6
90550,0
90551,13
90552,4
90553,12
90554,6
90555,11
90556,15
90557,12
90558,15
90559,12
90560,11
90561,14
90562,8
90563,4
90564,14
90565,1
90566,15
90567,13
90568,1
90569,6
90780,11
90781,14
90782,14
90783,6
90784,11
90785,15
90786,14
90787,14
90788,15
90789,11
90790,11
90791,2
90792,14
90793,0
90794,6
90795,0
90796,0
90797,13
90798,12
90799,13
90840,15
90841,12
90842,4
90843,9
90844,14
90845,1
90846,13
90847,9
90848,12
90849,14
90850,0
90851,11
90852,9
90853,13
90854,4
90855,13
90856,12
90857,0
90858,13
90859,12
90860,0
90861,15
90862,0
90863,12
90864,8
90865,14
90866,6
90867,12
90868,4
90869,13
90940,11
90941,8
90942,6
90943,13
90944,6
90945,4
90946,15
90947,12
90948,14
90949,16
90950,0
90951,4
90952,6
90953,14
90954,11
90955,6
90956,6
90957,12
90958,8
90959,12
91070,15
91071,4
91072,9
91073,13
91074,12
91075,14
91076,0
91077,1
91078,8
91079,15
91080,15
91081,4
91082,14
91083,14
91084,4
91085,6
91086,14
91087,16
91088,15
91089,14
91090,15
91091,2
91092,6
91093,6
91094,12
91095,0
91096,6
91097,6
91098,9
91099,12
91270,8
91271,4
91272,14
91273,15
91274,12
91275,15
91276,16
91277,14
91278,13
91279,0
91280,4
91281,6
91282,5
91283,11
91284,14
91285,4
91286,6
91287,12
91288,6
91289,4
91290,4
91291,14
91292,9
91293,8
91294,8
91295,0
91296,9
91297,1
91298,9
91299,13
91300,15
91301,2
91302,13
91303,14
91304,12
91305,13
91306,6
91307,6
91308,15
91309,12
91310,15
91311,14
91312,13
91313,12
91314,12
91315,0
91316,8
91317,4
91318,13
91319,11
91320,0
91321,14
91322,6
91323,14
91324,2
91325,11
91326,14
91327,6
91328,0
91329,13
91360,0
91361,15
91362,6
91363,14
91364,16
91365,14
91366,14
91367,14
91368,11
91369,14
91370,1
91371,11
91372,4
91373,1
91374,1
91375,13
91376,15
91377,1
91378,0
91379,1
91380,0
91381,4
91382,1
91383,12
91384,15
91385,13
91386,9
91387,1
91388,14
91389,6
91450,9
91451,4
91452,13
91453,0
91454,1
91455,0
91456,0
91457,9
91458,7
91459,0
91460,14
91461,6
91462,2
91463,6
91464,0
91465,15
91466,6
91467,14
91468,13
91469,14
91960,8
91961,6
91962,2
91963,0
91964,6
91965,11
91966,11
91967,8
91968,16
91969,0
91970,7
91971,4
91972,7
91973,9
91974,4
91975,11
91976,16
91977,0
91978,8
91979,7
91980,14
91981,0
91982,6
91983,14
91984,12
91985,2
91986,6
91987,9
91988,14
91989,12
92090,2
92091,4
92092,11
92093,6
92094,12
92095,0
92096,6
92097,13
92098,2
92099,8
92120,15
92121,14
92122,14
92123,2
92124,13
92125,11
92126,6
92127,14
92128,14
92129,9
92130,0
92131,11
92132,13
92133,13
92134,13
92135,15
92136,9
92137,12
92138,6
92139,15
92420,14
92421,14
92422,11
92423,13
92424,14
92425,4
92426,14
92427,14
92428,11
92429,1
92430,0
92431,15
92432,14
92433,13
92434,12
92435,13
92436,9
92437,1
92438,12
92439,12
92450,12
92451,8
92452,6
92453,12
92454,6
92455,6
92456,4
92457,12
92458,0
92459,12
92460,15
92461,15
92462,8
92463,6
92464,1
92465,0
92466,2
92467,9
92468,13
92469,6
92530,15
92531,14
92532,0
92533,12
92534,14
92535,11
92536,15
92537,14
92538,6
92539,14
92540,15
92541,11
92542,12
92543,13
92544,12
92545,11
92546,4
92547,4
92548,4
92549,12
92820,15
92821,0
92822,6
92823,8
92824,4
92825,2
92826,7
92827,7
92828,9
92829,14
93190,12
93191,2
93192,0
93193,4
93194,14
93195,15
93196,14
93197,6
93198,6
93199,9
93200,0
93201,0
93202,13
93203,14
93204,14
93205,0
93206,12
93207,6
93208,14
93209,12
93210,13
93211,4
93212,9
93213,14
93214,9
93215,0
93216,8
93217,8
93218,13
93219,15
93250,8
93251,6
93252,9
93253,11
93254,14
93255,0
93256,11
93257,12
93258,14
93259,13
93260,15
93261,14
93262,12
93263,16
93264,14
93265,6
93266,14
93267,1
93268,14
93269,15
93370,15
93371,11
93372,1
93373,4
93374,1
93375,0
93376,9
93377,5
93378,16
93379,16
93380,0
93381,0
93382,13
93383,6
93384,12
93385,6
93386,6
93387,6
93388,6
93389,5
93430,15
93431,1
93432,14
93433,14
93434,14
93435,16
93436,14
93437,14
93438,14
93439,13
93440,0
93441,15
93442,1
93443,6
93444,0
93445,11
93446,4
93447,13
93448,15
93449,12
93450,14
93451,4
93452,13
93453,4
93454,12
93455,0
93456,1
93457,12
93458,12
93459,12
93740,13
93741,14
93742,14
93743,15
93744,12
93745,14
93746,15
93747,12
93748,14
93749,6
93750,11
93751,4
93752,4
93753,4
93754,13
93755,16
93756,14
93757,13
93758,4
93759,0
93900,5
93901,12
93902,12
93903,9
93904,0
93905,15
93906,9
93907,1
93908,12
93909,8
93910,11
93911,2
93912,13
93913,8
93914,0
93915,8
93916,11
93917,6
93918,13
93919,0
93920,11
93921,6
93922,14
93923,2
93924,14
93925,11
93926,4
93927,13
93928,6
93929,8
94060,13
94061,15
94062,11
94063,4
94064,2
94065,15
94066,15
94067,13
94068,12
94069,11
94070,9
94071,12
94072,13
94073,14
94074,0
94075,0
94076,15
94077,12
94078,11
94079,13
94100,15
94101,11
94102,13
94103,15
94104,12
94105,1
94106,13
94107,16
94108,0
94109,12
94110,13
94111,14
94112,14
94113,14
94114,15
94115,14
94116,11
94117,14
94118,6
94119,2
94160,0
94161,2
94162,13
94163,12
94164,15
94165,0
94166,0
94167,13
94168,0
94169,13
94170,0
94171,11
94172,12
94173,12
94174,12
94175,9
94176,14
94177,0
94178,12
94179,12
94340,0
94341,13
94342,13
94343,13
94344,6
94345,4
94346,11
94347,12
94348,11
94349,12
94350,8
94351,9
94352,12
94353,6
94354,0
94355,11
94356,8
94357,12
94358,2
94359,12
94370,14
94371,4
94372,11
94373,12
94374,9
94375,15
94376,0
94377,5
94378,8
94379,2
94380,15
94381,4
94382,14
94383,13
94384,13
94385,15
94386,14
94387,4
94388,1
94389,14
94390,15
94391,0
94392,13
94393,12
94394,12
94395,15
94396,15
94397,15
94398,12
94399,12
94400,14
94401,14
94402,14
94403,14
94404,14
94405,15
94406,11
94407,15
94408,14
94409,6
94410,16
94411,0
94412,5
94413,5
94414,14
94415,13
94416,11
94417,8
94418,9
94419,7
94610,0
94611,1
94612,9
94613,13
94614,13
94615,0
94616,0
94617,13
94618,14
94619,8
94620,0
94621,9
94622,0
94623,8
94624,8
94625,13
94626,9
94627,14
94628,7
94629,9
94630,14
94631,4
94632,14
94633,11
94634,12
94635,4
94636,11
94637,6
94638,12
94639,13
94720,6
94721,1
94722,12
94723,15
94724,16
94725,11
94726,15
94727,15
94728,1
94729,2
94730,9
94731,15
94732,14
94733,12
94734,13
94735,0
94736,12
94737,0
94738,0
94739,7
94740,0
94741,16
94742,11
94743,16
94744,14
94745,14
94746,12
94747,16
94748,14
94749,14
94770,0
94771,9
94772,15
94773,14
94774,4
94775,9
94776,1
94777,13
94778,9
94779,4
94780,11
94781,8
94782,4
94783,0
94784,4
94785,9
94786,12
94787,12
94788,12
94789,8
95030,15
95031,6
95032,11
95033,0
95034,14
95035,11
95036,9
95037,12
95038,5
95039,16
95040,0
95041,8
95042,12
95043,15
95044,8
95045,12
95046,0
95047,12
95048,6
95049,0
95490,11
95491,12
95492,13
95493,8
95494,14
95495,6
95496,11
95497,9
95498,8
95499,12
95500,9
95501,15
95502,12
95503,0
95504,12
95505,13
95506,6
95507,1
95508,12
95509,1
95540,6
95541,12
95542,11
95543,6
95544,5
95545,13
95546,12
95547,11
95548,6
95549,14
95550,0
95551,15
95552,0
95553,12
95554,14
95555,12
95556,13
95557,13
95558,13
95559,12
95560,15
95561,15
95562,12
95563,16
95564,12
95565,9
95566,15
95567,12
95568,12
95569,15
95670,15
95671,15
95672,13
95673,4
95674,12
95675,0
95676,9
95677,6
95678,13
95679,12
95680,13
95681,11
95682,12
95683,12
95684,6
95685,0
95686,11
95687,12
95688,6
95689,12
95780,0
95781,11
95782,8
95783,14
95784,12
95785,4
95786,16
95787,4
95788,8
95789,5
95790,11
95791,1
95792,6
95793,4
95794,13
95795,14
95796,0
95797,9
95798,9
95799,4
95820,6
95821,14
95822,14
95823,6
95824,13
95825,0
95826,15
95827,12
95828,15
95829,12
95830,4
95831,11
95832,0
95833,1
95834,12
95835,15
95836,13
95837,12
95838,7
95839,1
95890,0
95891,15
95892,11
95893,14
95894,12
95895,14
95896,14
95897,14
95898,14
95899,6
95900,11
95901,11
95902,4
95903,4
95904,12
95905,4
95906,12
95907,6
95908,14
95909,14
95990,15
95991,11
95992,12
95993,13
95994,13
95995,0
95996,0
95997,14
95998,6
95999,12
96000,12
96001,16
96002,6
96003,15
96004,12
96005,15
96006,0
96007,6
96008,12
96009,12
96010,0
96011,7
96012,6
96013,7
96014,12
96015,13
96016,7
96017,13
96018,8
96019,7
96170,11
96171,11
96172,11
96173,12
96174,14
96175,14
96176,14
96177,14
96178,14
96179,9
96180,6
96181,11
96182,11
96183,14
96184,12
96185,0
96186,0
96187,14
96188,12
96189,14
96270,0
96271,9
96272,2
96273,12
96274,2
96275,0
96276,13
96277,6
96278,0
96279,16
96300,11
96301,12
96302,6
96303,12
96304,12
96305,0
96306,12
96307,8
96308,13
96309,8
96340,14
96341,15
96342,6
96343,6
96344,11
96345,6
96346,6
96347,13
96348,0
96349,6
96350,14
96351,14
96352,16
96353,14
96354,12
96355,11
96356,14
96357,14
96358,13
96359,6
96390,15
96391,14
96392,12
96393,14
96394,14
96395,16
96396,11
96397,14
96398,14
96399,14
96400,15
96401,0
96402,4
96403,1
96404,4
96405,0
96406,12
96407,14
96408,4
96409,1
96480,11
96481,9
96482,11
96483,14
96484,12
96485,6
96486,13
96487,14
96488,9
96489,6
96490,4
96491,6
96492,12
96493,0
96494,4
96495,4
96496,12
96497,12
96498,13
96499,8
96500,15
96501,14
96502,16
96503,14
96504,6
96505,11
96506,13
96507,14
96508,12
96509,14
96530,11
96531,1
96532,8
96533,5
96534,12
96535,7
96536,0
96537,13
96538,7
96539,8
96540,15
96541,14
96542,14
96543,14
96544,12
96545,14
96546,14
96547,14
96548,12
96549,14
96550,0
96551,13
96552,6
96553,0
96554,14
96555,11
96556,15
96557,13
96558,14
96559,6
96560,16
96561,14
96562,0
96563,2
96564,11
96565,14
96566,15
96567,4
96568,14
96569,14
96570,13
96571,12
96572,12
96573,4
96574,12
96575,4
96576,11
96577,12
96578,8
96579,13
96630,0
96631,14
96632,12
96633,14
96634,14
96635,4
96636,12
96637,12
96638,14
96639,13
96640,11
96641,14
96642,11
96643,14
96644,14
96645,14
96646,6
96647,14
96648,16
96649,14
96950,14
96951,1
96952,8
96953,14
96954,8
96955,11
96956,12
96957,0
96958,12
96959,6
96960,11
96961,11
96962,4
96963,7
96964,12
96965,16
96966,14
96967,14
96968,4
96969,12
96970,0
96971,14
96972,12
96973,11
96974,13
96975,15
96976,14
96977,15
96978,11
96979,6
97140,15
97141,9
97142,4
97143,11
97144,12
97145,14
97146,14
97147,6
97148,15
97149,12
97150,15
97151,4
97152,6
97153,12
97154,15
97155,11
97156,15
97157,13
97158,4
97159,12
97160,13
97161,15
97162,14
97163,14
97164,14
97165,0
97166,14
97167,12
97168,9
97169,14
97340,0
97341,11
97342,5
97343,14
97344,14
97345,2
97346,14
97347,14
97348,14
97349,14
97350,0
97351,4
97352,1
97353,8
97354,4
97355,15
97356,4
97357,15
97358,4
97359,12
97360,16
97361,16
97362,6
97363,14
97364,6
97365,12
97366,13
97367,15
97368,0
97369,14
97370,11
97371,1
97372,15
97373,14
97374,14
97375,14
97376,4
97377,13
97378,13
97379,16
97380,6
97381,14
97382,6
97383,13
97384,12
97385,15
97386,0
97387,0
97388,12
97389,12
97410,0
97411,1
97412,15
97413,4
97414,6
97415,4
97416,13
97417,6
97418,12
97419,12
97420,15
97421,4
97422,13
97423,4
97424,4
97425,6
97426,14
97427,12
97428,14
97429,14
97490,0
97491,13
97492,8
97493,8
97494,13
97495,4
97496,15
97497,15
97498,13
97499,12
97500,0
97501,6
97502,8
97503,9
97504,8
97505,6
97506,8
97507,13
97508,14
97509,16
97510,4
97511,6
97512,12
97513,12
97514,12
97515,0
97516,11
97517,11
97518,6
97519,14
97610,15
97611,4
97612,15
97613,5
97614,12
97615,15
97616,11
97617,14
97618,6
97619,0
97620,11
97621,4
97622,4
97623,13
97624,13
97625,11
97626,1
97627,6
97628,4
97629,4
97630,12
97631,0
97632,4
97633,6
97634,12
97635,0
97636,6
97637,12
97638,11
97639,13
97940,11
97941,2
97942,16
97943,12
97944,12
97945,6
97946,14
97947,12
97948,14
97949,14
97980,4
97981,0
97982,8
97983,14
97984,14
97985,9
97986,0
97987,16
97988,14
97989,8
98050,11
98051,14
98052,14
98053,14
98054,6
98055,14
98056,0
98057,0
98058,12
98059,12
98060,13
98061,12
98062,11
98063,15
98064,12
98065,0
98066,15
98067,14
98068,2
98069,12
98110,15
98111,0
98112,15
98113,1
98114,12
98115,0
98116,13
98117,4
98118,6
98119,12
98120,15
98121,11
98122,14
98123,14
98124,14
98125,6
98126,6
98127,9
98128,12
98129,6
98130,0
98131,12
98132,12
98133,12
98134,14
98135,12
98136,6
98137,15
98138,12
98139,11
98140,13
98141,11
98142,16
98143,14
98144,16
98145,4
98146,14
98147,6
98148,14
98149,12
98240,15
98241,0
98242,12
98243,12
98244,6
98245,12
98246,8
98247,0
98248,15
98249,14
98250,0
98251,11
98252,13
98253,14
98254,12
98255,15
98256,12
98257,6
98258,2
98259,13
98260,9
98261,0
98262,0
98263,1
98264,8
98265,4
98266,11
98267,7
98268,7
98269,12
98270,11
98271,6
98272,1
98273,12
98274,6
98275,4
98276,9
98277,6
98278,14
98279,14
98280,4
98281,15
98282,6
98283,12
98284,13
98285,0
98286,0
98287,1
98288,15
98289,12
98290,14
98291,12
98292,15
98293,12
98294,8
98295,15
98296,11
98297,16
98298,14
98299,14
98300,16
98301,15
98302,12
98303,13
98304,13
98305,12
98306,0
98307,6
98308,12
98309,1
98330,13
98331,14
98332,13
98333,11
98334,13
98335,15
98336,13
98337,0
98338,14
98339,12
98340,15
98341,4
98342,14
98343,13
98344,0
98345,0
98346,12
98347,4
98348,12
98349,13
98480,14
98481,6
98482,14
98483,14
98484,1
98485,6
98486,4
98487,14
98488,11
98489,6
98490,7
98491,9
98492,11
98493,8
98494,9
98495,12
98496,7
98497,4
98498,0
98499,9
98530,16
98531,11
98532,0
98533,12
98534,4
98535,11
98536,9
98537,12
98538,13
98539,8
98540,14
98541,15
98542,12
98543,11
98544,12
98545,14
98546,14
98547,12
98548,9
98549,12
98550,15
98551,6
98552,6
98553,1
98554,0
98555,15
98556,15
98557,14
98558,13
98559,4
98820,6
98821,15
98822,14
98823,11
98824,2
98825,9
98826,4
98827,9
98828,14
98829,12
98830,14
98831,4
98832,6
98833,12
98834,14
98835,0
98836,13
98837,12
98838,13
98839,11
98910,2
98911,14
98912,14
98913,11
98914,15
98915,15
98916,11
98917,12
98918,1
98919,12
98920,0
98921,0
98922,1
98923,4
98924,4
98925,12
98926,9
98927,0
98928,11
98929,4
99030,15
99031,0
99032,4
99033,1
99034,6
99035,13
99036,12
99037,14
99038,12
99039,12
99040,14
99041,1
99042,12
99043,6
99044,0
99045,15
99046,11
99047,1
99048,14
99049,11
99100,11
99101,2
99102,8
99103,0
99104,2
99105,13
99106,9
99107,14
99108,1
99109,0
99110,4
99111,14
99112,14
99113,12
99114,16
99115,4
99116,0
99117,13
99118,16
99119,13
99120,14
99121,14
99122,16
99123,0
99124,14
99125,15
99126,14
99127,5
99128,11
99129,14
99130,4
99131,12
99132,14
99133,16
99134,12
99135,8
99136,6
99137,16
99138,14
99139,6
99140,14
99141,0
99142,15
99143,6
99144,13
99145,14
99146,15
99147,0
99148,15
99149,12
99150,14
99151,1
99152,16
99153,13
99154,4
99155,0
99156,11
99157,0
99158,4
99159,14
99160,6
99161,6
99162,4
99163,15
99164,12
99165,11
99166,15
99167,13
99168,12
99169,14
99170,11
99171,12
99172,0
99173,12
99174,14
99175,14
99176,12
99177,14
99178,14
99179,14
99270,12
99271,14
99272,0
99273,12
99274,4
99275,15
99276,11
99277,12
99278,12
99279,6
99280,15
99281,14
99282,11
99283,1
99284,6
99285,0
99286,14
99287,13
99288,14
99289,14
99290,0
99291,12
99292,12
99293,15
99294,12
99295,6
99296,0
99297,12
99298,14
99299,12
99550,8
99551,0
99552,0
99553,1
99554,14
99555,14
99556,0
99557,12
99558,12
99559,0
99560,0
99561,13
99562,4
99563,8
99564,12
99565,11
99566,4
99567,0
99568,12
99569,1
99570,0
99571,2
99572,13
99573,14
99574,11
99575,0
99576,12
99577,14
99578,11
99579,8
99660,0
99661,12
99662,4
99663,6
99664,16
99665,0
99666,4
99667,13
99668,14
99669,14
99670,4
99671,0
99672,0
99673,12
99674,12
99675,15
99676,2
99677,13
99678,13
99679,0
99680,9
99681,16
99682,0
99683,8
99684,8
99685,0
99686,6
99687,0
99688,8
99689,0
99690,15
99691,5
99692,0
99693,6
99694,12
99695,0
99696,4
99697,15
99698,0
99699,1
99700,13
99701,13
99702,11
99703,12
99704,14
99705,8
99706,11
99707,12
99708,12
99709,4
99710,8
99711,13
99712,14
99713,12
99714,6
99715,0
99716,4
99717,12
99718,0
99719,2
99720,16
99721,0
99722,0
99723,8
99724,1
99725,0
99726,14
99727,16
99728,16
99729,8
99750,14
99751,14
99752,12
99753,12
99754,14
99755,0
99756,6
99757,16
99758,1
99759,2
99760,11
99761,0
99762,12
99763,4
99764,12
99765,9
99766,14
99767,15
99768,0
99769,12
99770,6
99771,1
99772,15
99773,12
99774,12
99775,0
99776,15
99777,13
99778,15
99779,14
99910,14
99911,12
99912,9
99913,15
99914,13
99915,0
99916,13
99917,0
99918,13
99919,8
99920,15
99921,0
99922,6
99923,12
99924,9
99925,4
99926,0
99927,4
99928,4
99929,12
99930,12
99931,14
99932,15
99933,14
99934,11
99935,0
99936,12
99937,12
99938,12
99939,9
100000,15
100001,1
100002,16
100003,12
100004,8
100005,15
100006,12
100007,13
100008,12
100009,1
100010,14
100011,1
100012,14
100013,13
100014,0
100015,6
100016,6
100017,0
100018,2
100019,15
100150,0
100151,8
100152,14
100153,5
100154,14
100155,15
100156,15
100157,1
100158,6
100159,6
100160,12
100161,15
100162,14
100163,13
100164,12
100165,11
100166,16
100167,0
100168,14
100169,14
100170,13
100171,6
100172,14
100173,12
100174,15
100175,0
100176,1
100177,15
100178,12
100179,15
100180,4
100181,11
100182,4
100183,14
100184,6
100185,11
100186,13
100187,6
100188,1
100189,13
100190,11
100191,0
100192,11
100193,14
100194,12
100195,12
100196,13
100197,14
100198,16
100199,16
100230,15
100231,15
100232,0
100233,12
100234,14
100235,0
100236,12
100237,12
100238,4
100239,14
100240,0
100241,12
100242,0
100243,12
100244,13
100245,15
100246,14
100247,12
100248,0
100249,12
100250,14
100251,13
100252,16
100253,12
100254,13
100255,11
100256,11
100257,11
100258,12
100259,14
100260,12
100261,15
100262,14
100263,15
100264,13
100265,6
100266,11
100267,9
100268,12
100269,6
100340,0
100341,15
100342,6
100343,12
100344,12
100345,16
100346,4
100347,11
100348,12
100349,14
100570,4
100571,8
100572,15
100573,8
100574,14
100575,0
100576,14
100577,13
100578,14
100579,13
100580,11
100581,6
100582,14
100583,6
100584,12
100585,11
100586,6
100587,11
100588,6
100589,12
100590,11
100591,14
100592,0
100593,16
100594,14
100595,6
100596,16
100597,14
100598,12
100599,6
100630,11
100631,11
100632,4
100633,4
100634,14
100635,12
100636,16
100637,0
100638,12
100639,6
100640,9
100641,13
100642,4
100643,8
100644,13
100645,6
100646,13
100647,14
100648,15
100649,2
100650,15
100651,6
100652,14
100653,4
100654,16
100655,15
100656,0
100657,12
100658,16
100659,14
100960,0
100961,11
100962,14
100963,1
100964,5
100965,14
100966,14
100967,14
100968,14
100969,12
100970,16
100971,11
100972,14
100973,14
100974,13
100975,13
100976,11
100977,14
100978,8
100979,14
101000,4
101001,11
101002,2
101003,12
101004,1
101005,15
101006,4
101007,13
101008,2
101009,14
101010,11
101011,14
101012,14
101013,6
101014,14
101015,4
101016,11
101017,14
101018,6
101019,6
101020,11
101021,11
101022,13
101023,6
101024,1
101025,4
101026,6
101027,12
101028,4
101029,12
101380,0
101381,2
101382,4
101383,6
101384,14
101385,15
101386,12
101387,9
101388,11
101389,16
101390,9
101391,8
101392,8
101393,7
101394,4
101395,9
101396,13
101397,1
101398,7
101399,16
101430,0
101431,13
101432,2
101433,6
101434,6
101435,13
101436,6
101437,6
101438,15
101439,14
101440,11
101441,14
101442,16
101443,14
101444,14
101445,6
101446,13
101447,14
101448,6
101449,14
101650,15
101651,13
101652,9
101653,14
101654,14
101655,11
101656,0
101657,6
101658,14
101659,6
101660,15
101661,6
101662,13
101663,4
101664,13
101665,12
101666,0
101667,9
101668,13
101669,12
101710,0
101711,12
101712,11
101713,13
101714,14
101715,0
101716,13
101717,14
101718,15
101719,12
101720,12
101721,12
101722,15
101723,4
101724,1
101725,11
101726,11
101727,12
101728,6
101729,12
101890,15
101891,14
101892,9
101893,16
101894,12
101895,11
101896,16
101897,9
101898,13
101899,14
101900,11
101901,14
101902,8
101903,6
101904,4
101905,11
101906,12
101907,6
101908,14
101909,14
101970,15
101971,6
101972,12
101973,6
101974,12
101975,13
101976,13
101977,11
101978,14
101979,12
101980,15
101981,13
101982,0
101983,8
101984,8
101985,9
101986,14
101987,11
101988,4
101989,15
101990,13
101991,15
101992,13
101993,6
101994,1
101995,13
101996,13
101997,11
101998,13
101999,6
102020,6
102021,12
102022,0
102023,14
102024,14
102025,14
102026,14
102027,12
102028,15
102029,14
102030,0
102031,7
102032,14
102033,4
102034,4
102035,11
102036,14
102037,4
102038,4
102039,7
102060,11
102061,12
102062,4
102063,4
102064,4
102065,2
102066,6
102067,12
102068,12
102069,0
102070,14
102071,14
102072,14
102073,14
102074,14
102075,11
102076,7
102077,14
102078,14
102079,6
102150,14
102151,0
102152,2
102153,13
102154,0
102155,1
102156,6
102157,14
102158,15
102159,11
102160,4
102161,13
102162,0
102163,12
102164,12
102165,4
102166,0
102167,15
102168,12
102169,12
102220,0
102221,14
102222,9
102223,14
102224,14
102225,8
102226,4
102227,4
102228,6
102229,12
102230,13
102231,4
102232,14
102233,14
102234,14
102235,15
102236,9
102237,1
102238,12
102239,14
102240,0
102241,14
102242,15
102243,12
102244,14
102245,11
102246,4
102247,1
102248,13
102249,12
102250,14
102251,0
102252,14
102253,14
102254,14
102255,12
102256,14
102257,9
102258,6
102259,2
102260,0
102261,8
102262,6
102263,13
102264,6
102265,12
102266,12
102267,12
102268,4
102269,6
102400,0
102401,14
102402,12
102403,6
102404,13
102405,0
102406,13
102407,4
102408,4
102409,0
102410,16
102411,13
102412,15
102413,14
102414,12
102415,6
102416,0
102417,15
102418,4
102419,14
102420,15
102421,0
102422,14
102423,12
102424,14
102425,13
102426,4
102427,11
102428,0
102429,14
102450,11
102451,11
102452,11
102453,14
102454,12
102455,14
102456,14
102457,6
102458,14
102459,16
102460,8
102461,15
102462,0
102463,0
102464,8
102465,9
102466,11
102467,11
102468,9
102469,7
102490,15
102491,2
102492,13
102493,13
102494,12
102495,14
102496,0
102497,11
102498,12
102499,12
102500,9
102501,13
102502,4
102503,9
102504,5
102505,6
102506,1
102507,4
102508,14
102509,9
102650,11
102651,11
102652,14
102653,14
102654,16
102655,15
102656,0
102657,6
102658,0
102659,14
103060,11
103061,15
103062,9
103063,14
103064,4
103065,6
103066,6
103067,16
103068,13
103069,12
103070,15
103071,0
103072,11
103073,14
103074,13
103075,15
103076,11
103077,1
103078,14
103079,12
103080,0
103081,0
103082,14
103083,14
103084,12
103085,14
103086,13
103087,15
103088,14
103089,16
103090,11
103091,11
103092,12
103093,12
103094,8
103095,13
103096,0
103097,12
103098,6
103099,12
103210,13
103211,0
103212,12
103213,12
103214,12
103215,6
103216,14
103217,14
103218,16
103219,13
103450,0
103451,13
103452,13
103453,4
103454,11
103455,1
103456,15
103457,14
103458,12
103459,14
103460,11
103461,8
103462,12
103463,0
103464,13
103465,11
103466,14
103467,0
103468,11
103469,12
103550,15
103551,11
103552,14
103553,6
103554,14
103555,15
103556,15
103557,4
103558,6
103559,13
103560,6
103561,13
103562,12
103563,4
103564,4
103565,6
103566,13
103567,0
103568,11
103569,12
103570,15
103571,15
103572,8
103573,13
103574,4
103575,1
103576,15
103577,13
103578,14
103579,14
103610,16
103611,16
103612,12
103613,11
103614,6
103615,12
103616,5
103617,8
103618,6
103619,9
103620,15
103621,14
103622,6
103623,12
103624,14
103625,14
103626,5
103627,14
103628,1
103629,16
103740,14
103741,2
103742,11
103743,12
103744,14
103745,11
103746,12
103747,14
103748,14
103749,11
103750,15
103751,6
103752,0
103753,2
103754,12
103755,15
103756,0
103757,12
103758,13
103759,0
103760,11
103761,11
103762,13
103763,13
103764,12
103765,13
103766,12
103767,13
103768,0
103769,14
103770,16
103771,15
103772,0
103773,5
103774,0
103775,13
103776,9
103777,16
103778,5
103779,11
103780,15
103781,6
103782,1
103783,14
103784,13
103785,14
103786,14
103787,6
103788,16
103789,1
103810,11
103811,14
103812,16
103813,4
103814,14
103815,15
103816,9
103817,13
103818,8
103819,4
103820,14
103821,15
103822,6
103823,14
103824,14
103825,13
103826,14
103827,11
103828,6
103829,6
103830,15
103831,11
103832,11
103833,6
103834,12
103835,8
103836,12
103837,11
103838,6
103839,12
103940,0
103941,0
103942,6
103943,5
103944,14
103945,0
103946,1
103947,12
103948,1
103949,1
103950,11
103951,15
103952,6
103953,14
103954,14
103955,14
103956,6
103957,12
103958,6
103959,14
104010,0
104011,6
104012,13
104013,13
104014,4
104015,15
104016,14
104017,12
104018,14
104019,14
104020,9
104021,16
104022,13
104023,4
104024,4
104025,4
104026,14
104027,0
104028,4
104029,11
104150,15
104151,14
104152,14
104153,14
104154,14
104155,14
104156,0
104157,12
104158,0
104159,12
104160,11
104161,9
104162,11
104163,7
104164,14
104165,6
104166,1
104167,13
104168,4
104169,12
104350,15
104351,13
104352,0
104353,14
104354,12
104355,12
104356,6
104357,6
104358,13
104359,2
104420,15
104421,4
104422,0
104423,14
104424,13
104425,4
104426,14
104427,14
104428,12
104429,14
104450,12
104451,13
104452,11
104453,8
104454,2
104455,9
104456,9
104457,6
104458,8
104459,12
104460,0
104461,1
104462,13
104463,2
104464,12
104465,4
104466,14
104467,16
104468,14
104469,11
104980,12
104981,16
104982,14
104983,12
104984,1
104985,6
104986,6
104987,16
104988,14
104989,13
105010,0
105011,14
105012,6
105013,12
105014,12
105015,15
105016,12
105017,12
105018,12
105019,15
105020,9
105021,1
105022,11
105023,12
105024,13
105025,0
105026,1
105027,13
105028,12
105029,12
105030,4
105031,12
105032,4
105033,4
105034,12
105035,0
105036,12
105037,12
105038,4
105039,6
105040,0
105041,9
105042,13
105043,15
105044,1
105045,9
105046,12
105047,12
105048,2
105049,12
105050,0
105051,15
105052,6
105053,14
105054,12
105055,15
105056,2
105057,14
105058,14
105059,14
105230,0
105231,0
105232,1
105233,15
105234,12
105235,0
105236,9
105237,12
105238,14
105239,2
105240,11
105241,12
105242,14
105243,0
105244,13
105245,11
105246,0
105247,14
105248,11
105249,12
105250,1
105251,0
105252,2
105253,12
105254,12
105255,11
105256,0
105257,0
105258,8
105259,12
105460,1
105461,14
105462,13
105463,4
105464,14
105465,14
105466,14
105467,14
105468,13
105469,0
105470,9
105471,12
105472,11
105473,14
105474,1
105475,15
105476,14
105477,14
105478,0
105479,6
105590,16
105591,14
105592,13
105593,14
105594,12
105595,13
105596,12
105597,11
105598,14
105599,13
105600,6
105601,11
105602,1
105603,12
105604,14
105605,14
105606,15
105607,14
105608,0
105609,14
105860,9
105861,0
105862,7
105863,1
105864,8
105865,0
105866,9
105867,1
105868,7
105869,12
105870,15
105871,9
105872,12
105873,12
105874,15
105875,9
105876,8
105877,4
105878,9
105879,13
105880,6
105881,6
105882,6
105883,14
105884,13
105885,8
105886,12
105887,12
105888,4
105889,6
106100,13
106101,6
106102,11
106103,8
106104,0
106105,13
106106,0
106107,8
106108,11
106109,12
106110,11
106111,1
106112,15
106113,6
106114,12
106115,12
106116,6
106117,15
106118,15
106119,12
106120,15
106121,11
106122,12
106123,14
106124,12
106125,15
106126,12
106127,6
106128,4
106129,16
106130,11
106131,16
106132,14
106133,6
106134,2
106135,11
106136,13
106137,1
106138,13
106139,16
106140,0
106141,0
106142,13
106143,6
106144,12
106145,0
106146,6
106147,11
106148,12
106149,5
106560,16
106561,1
106562,14
106563,14
106564,6
106565,0
106566,9
106567,12
106568,6
106569,1
106570,11
106571,12
106572,13
106573,6
106574,2
106575,9
106576,11
106577,14
106578,6
106579,12
106580,12
106581,16
106582,12
106583,11
106584,12
106585,9
106586,1
106587,6
106588,12
106589,12
106630,14
106631,4
106632,15
106633,13
106634,13
106635,0
106636,0
106637,12
106638,13
106639,15
106640,12
106641,14
106642,0
106643,8
106644,14
106645,14
106646,11
106647,15
106648,12
106649,12
106650,15
106651,0
106652,6
106653,6
106654,2
106655,11
106656,15
106657,14
106658,4
106659,4
106660,4
106661,9
106662,0
106663,1
106664,13
106665,15
106666,0
106667,1
106668,12
106669,11
106690,6
106691,2
106692,4
106693,4
106694,0
106695,15
106696,15
106697,12
106698,13
106699,12
106700,14
106701,15
106702,14
106703,15
106704,8
106705,8
106706,14
106707,9
106708,12
106709,4
106710,15
106711,16
106712,13
106713,13
106714,13
106715,1
106716,13
106717,11
106718,15
106719,15
106720,6
106721,12
106722,15
106723,6
106724,12
106725,14
106726,15
106727,14
106728,6
106729,16
106750,15
106751,4
106752,14
106753,13
106754,4
106755,15
106756,14
106757,14
106758,13
106759,14
106760,0
106761,6
106762,4
106763,1
106764,14
106765,0
106766,9
106767,9
106768,12
106769,12
106930,0
106931,16
106932,13
106933,1
106934,12
106935,0
106936,9
106937,13
106938,13
106939,12
106940,12
106941,14
106942,12
106943,15
106944,16
106945,6
106946,6
106947,11
106948,16
106949,16
107200,13
107201,14
107202,1
107203,4
107204,6
107205,11
107206,15
107207,12
107208,13
107209,4
107210,14
107211,11
107212,6
107213,14
107214,14
107215,0
107216,15
107217,9
107218,14
107219,14
107460,0
107461,11
107462,4
107463,14
107464,1
107465,9
107466,14
107467,4
107468,4
107469,4
107470,6
107471,9
107472,14
107473,15
107474,12
107475,11
107476,6
107477,5
107478,12
107479,0
107480,14
107481,1
107482,11
107483,13
107484,11
107485,14
107486,6
107487,14
107488,12
107489,12
107570,11
107571,16
107572,12
107573,6
107574,6
107575,15
107576,9
107577,13
107578,6
107579,12
107580,6
107581,2
107582,11
107583,14
107584,8
107585,11
107586,13
107587,13
107588,15
107589,14
107630,15
107631,0
107632,4
107633,1
107634,5
107635,11
107636,16
107637,6
107638,13
107639,14
107640,15
107641,14
107642,6
107643,12
107644,11
107645,15
107646,15
107647,12
107648,14
107649,13
107740,12
107741,6
107742,14
107743,14
107744,14
107745,13
107746,14
107747,15
107748,14
107749,2
107750,0
107751,15
107752,8
107753,13
107754,8
107755,0
107756,1
107757,11
107758,12
107759,1
107760,15
107761,13
107762,0
107763,4
107764,14
107765,12
107766,4
107767,16
107768,12
107769,6
107770,14
107771,7
107772,9
107773,0
107774,7
107775,15
107776,0
107777,13
107778,12
107779,7
107780,11
107781,4
107782,0
107783,1
107784,12
107785,14
107786,15
107787,13
107788,6
107789,14
107850,0
107851,13
107852,13
107853,6
107854,13
107855,15
107856,9
107857,4
107858,12
107859,13
107860,0
107861,1
107862,15
107863,8
107864,12
107865,8
107866,13
107867,11
107868,11
107869,15
107870,4
107871,0
107872,4
107873,13
107874,12
107875,14
107876,6
107877,6
107878,14
107879,12
107880,15
107881,14
107882,14
107883,14
107884,14
107885,14
107886,14
107887,14
107888,15
107889,12
107910,0
107911,8
107912,8
107913,12
107914,4
107915,6
107916,13
107917,6
107918,12
107919,6
107920,16
107921,12
107922,11
107923,6
107924,1
107925,11
107926,0
107927,2
107928,6
107929,13
107960,0
107961,0
107962,13
107963,13
107964,6
107965,15
107966,11
107967,13
107968,6
107969,13
107970,14
107971,11
107972,14
107973,14
107974,6
107975,11
107976,12
107977,1
107978,11
107979,14
107980,2
107981,6
107982,8
107983,11
107984,6
107985,6
107986,4
107987,15
107988,12
107989,11
107990,0
107991,4
107992,11
107993,8
107994,1
107995,5
107996,11
107997,1
107998,4
107999,8
108000,0
108001,15
108002,12
108003,12
108004,14
108005,0
108006,14
108007,11
108008,12
108009,12
108010,15
108011,15
108012,13
108013,13
108014,1
108015,15
108016,1
108017,13
108018,11
108019,12
108050,9
108051,4
108052,15
108053,15
108054,13
108055,15
108056,13
108057,1
108058,1
108059,12
108060,15
108061,14
108062,12
108063,12
108064,12
108065,0
108066,0
108067,1
108068,14
108069,14
108070,9
108071,4
108072,8
108073,12
108074,12
108075,15
108076,15
108077,6
108078,13
108079,15
108080,11
108081,8
108082,12
108083,12
108084,12
108085,0
108086,12
108087,8
108088,15
108089,13
108090,0
108091,14
108092,13
108093,11
108094,14
108095,12
108096,13
108097,9
108098,12
108099,12
108100,0
108101,15
108102,1
108103,14
108104,12
108105,15
108106,12
108107,15
108108,12
108109,13
108170,8
108171,16
108172,4
108173,0
108174,1
108175,4
108176,5
108177,15
108178,14
108179,7
108180,9
108181,15
108182,11
108183,6
108184,13
108185,9
108186,15
108187,13
108188,14
108189,14
108230,16
108231,4
108232,9
108233,9
108234,1
108235,9
108236,13
108237,11
108238,8
108239,0
108240,6
108241,15
108242,12
108243,12
108244,15
108245,8
108246,0
108247,0
108248,8
108249,15
108250,15
108251,13
108252,13
108253,15
108254,8
108255,13
108256,11
108257,0
108258,12
108259,14
108260,6
108261,13
108262,16
108263,14
108264,15
108265,12
108266,11
108267,12
108268,1
108269,0
108270,15
108271,13
108272,14
108273,14
108274,1
108275,11
108276,12
108277,13
108278,14
108279,14
108440,4
108441,9
108442,6
108443,4
108444,15
108445,0
108446,16
108447,8
108448,13
108449,12
108450,0
108451,2
108452,13
108453,6
108454,14
108455,13
108456,15
108457,9
108458,13
108459,4
108460,15
108461,14
108462,11
108463,15
108464,6
108465,14
108466,13
108467,14
108468,16
108469,14
108540,9
108541,12
108542,4
108543,14
108544,12
108545,16
108546,16
108547,8
108548,0
108549,8
108550,11
108551,15
108552,8
108553,12
108554,12
108555,8
108556,4
108557,12
108558,12
108559,11
108610,0
108611,15
108612,6
108613,6
108614,12
108615,13
108616,13
108617,6
108618,13
108619,1
108620,11
108621,7
108622,13
108623,1
108624,13
108625,9
108626,13
108627,15
108628,12
108629,6
108690,14
108691,9
108692,11
108693,14
108694,14
108695,0
108696,14
108697,11
108698,0
108699,14
108800,13
108801,14
108802,0
108803,0
108804,8
108805,12
108806,0
108807,0
108808,8
108809,16
108820,15
108821,15
108822,15
108823,14
108824,14
108825,0
108826,14
108827,9
108828,14
108829,14
108970,13
108971,14
108972,14
108973,13
108974,6
108975,0
108976,4
108977,12
108978,12
108979,12
109200,15
109201,11
109202,9
109203,12
109204,6
109205,0
109206,11
109207,14
109208,12
109209,12
109210,0
109211,9
109212,12
109213,0
109214,8
109215,0
109216,13
109217,1
109218,13
109219,12
109290,4
109291,1
109292,6
109293,12
109294,12
109295,16
109296,13
109297,13
109298,6
109299,12
109300,11
109301,8
109302,8
109303,14
109304,12
109305,0
109306,12
109307,15
109308,7
109309,9
109310,13
109311,14
109312,15
109313,15
109314,1
109315,6
109316,14
109317,0
109318,12
109319,13
109440,11
109441,0
109442,12
109443,0
109444,8
109445,9
109446,0
109447,12
109448,16
109449,13
109450,0
109451,1
109452,0
109453,6
109454,13
109455,13
109456,13
109457,12
109458,9
109459,13
109500,9
109501,0
109502,14
109503,4
109504,13
109505,9
109506,2
109507,4
109508,12
109509,1
109530,13
109531,9
109532,9
109533,0
109534,1
109535,1
109536,4
109537,13
109538,12
109539,13
109670,16
109671,15
109672,12
109673,13
109674,6
109675,14
109676,4
109677,15
109678,12
109679,15
109680,16
109681,15
109682,12
109683,13
109684,6
109685,14
109686,4
109687,15
109688,12
109689,15
109690,13
109691,0
109692,14
109693,1
109694,14
109695,12
109696,11
109697,12
109698,16
109699,13
109700,15
109701,0
109702,13
109703,12
109704,14
109705,0
109706,15
109707,4
109708,13
109709,13
109710,13
109711,12
109712,8
109713,0
109714,12
109715,0
109716,15
109717,12
109718,12
109719,14
109850,11
109851,0
109852,14
109853,13
109854,14
109855,11
109856,14
109857,14
109858,16
109859,14
109910,6
109911,2
109912,1
109913,9
109914,12
109915,11
109916,8
109917,0
109918,2
109919,2
109920,16
109921,13
109922,4
109923,8
109924,7
109925,8
109926,4
109927,15
109928,11
109929,11
110000,0
110001,11
110002,16
110003,2
110004,14
110005,9
110006,12
110007,13
110008,13
110009,13
110040,9
110041,0
110042,6
110043,13
110044,2
110045,2
110046,13
110047,15
110048,11
110049,12
110050,1
110051,14
110052,14
110053,12
110054,12
110055,11
110056,14
110057,14
110058,13
110059,16
110160,1
110161,15
110162,13
110163,12
110164,12
110165,9
110166,11
110167,14
110168,15
110169,12
110200,15
110201,11
110202,12
110203,1
110204,16
110205,15
110206,12
110207,16
110208,6
110209,12
110280,0
110281,0
110282,2
110283,1
110284,12
110285,13
110286,4
110287,9
110288,0
110289,0
110300,11
110301,0
110302,1
110303,12
110304,4
110305,6
110306,4
110307,13
110308,13
110309,11
110400,15
110401,15
110402,13
110403,14
110404,1
110405,0
110406,13
110407,13
110408,6
110409,6
110410,15
110411,11
110412,15
110413,14
110414,14
110415,14
110416,11
110417,6
110418,14
110419,12
110420,0
110421,1
110422,8
110423,8
110424,1
110425,8
110426,15
110427,7
110428,1
110429,16
110430,15
110431,11
110432,1
110433,1
110434,13
110435,14
110436,6
110437,14
110438,6
110439,13
110470,0
110471,0
110472,13
110473,12
110474,12
110475,4
110476,13
110477,9
110478,16
110479,7
110480,9
110481,14
110482,14
110483,14
110484,12
110485,13
110486,14
110487,6
110488,12
110489,14
110490,15
110491,11
110492,15
110493,12
110494,8
110495,14
110496,6
110497,11
110498,14
110499,12
110500,1
110501,11
110502,9
110503,13
110504,12
110505,0
110506,9
110507,13
110508,6
110509,12
110510,15
110511,4
110512,15
110513,12
110514,4
110515,13
110516,0
110517,9
110518,1
110519,14
110520,4
110521,13
110522,0
110523,6
110524,6
110525,1
110526,1
110527,12
110528,12
110529,12
110530,15
110531,14
110532,12
110533,12
110534,14
110535,9
110536,6
110537,11
110538,14
110539,14
110600,12
110601,11
110602,6
110603,13
110604,12
110605,15
110606,11
110607,0
110608,12
110609,4
110610,0
110611,11
110612,15
110613,14
110614,14
110615,13
110616,6
110617,0
110618,1
110619,0
110620,11
110621,6
110622,6
110623,14
110624,14
110625,0
110626,14
110627,15
110628,14
110629,6
110630,0
110631,15
110632,12
110633,14
110634,12
110635,12
110636,14
110637,12
110638,15
110639,0
110640,1
110641,9
110642,0
110643,13
110644,12
110645,13
110646,12
110647,13
110648,0
110649,15
110650,11
110651,8
110652,1
110653,1
110654,7
110655,7
110656,8
110657,13
110658,12
110659,9
110800,14
110801,9
110802,14
110803,12
110804,13
110805,11
110806,14
110807,4
110808,1
110809,15
110810,14
110811,14
110812,14
110813,14
110814,14
110815,15
110816,11
110817,11
110818,2
110819,15
110820,9
110821,15
110822,13
110823,4
110824,14
110825,0
110826,13
110827,8
110828,13
110829,4
110830,1
110831,13
110832,12
110833,6
110834,12
110835,15
110836,14
110837,13
110838,4
110839,0
110840,13
110841,11
110842,8
110843,4
110844,0
110845,11
110846,12
110847,14
110848,9
110849,11
110850,15
110851,0
110852,8
110853,12
110854,12
110855,6
110856,16
110857,8
110858,4
110859,12
110860,0
110861,2
110862,15
110863,4
110864,14
110865,9
110866,6
110867,12
110868,16
110869,13
110870,4
110871,16
110872,0
110873,4
110874,14
110875,13
110876,1
110877,4
110878,15
110879,13
110940,0
110941,15
110942,12
110943,1
110944,12
110945,15
110946,15
110947,14
110948,12
110949,12
110950,6
110951,9
110952,15
110953,14
110954,12
110955,0
110956,14
110957,16
110958,13
110959,12
110960,15
110961,14
110962,13
110963,0
110964,16
110965,11
110966,6
110967,14
110968,1
110969,12
110970,0
110971,14
110972,4
110973,12
110974,6
110975,14
110976,11
110977,1
110978,1
110979,15
110980,14
110981,14
110982,12
110983,14
110984,13
110985,15
110986,11
110987,12
110988,1
110989,14
110990,0
110991,15
110992,4
110993,4
110994,12
110995,11
110996,4
110997,12
110998,4
110999,12
111000,0
111001,15
111002,12
111003,13
111004,2
111005,11
111006,15
111007,1
111008,13
111009,1
111010,0
111011,14
111012,1
111013,6
111014,13
111015,4
111016,13
111017,0
111018,12
111019,6
111020,14
111021,9
111022,13
111023,2
111024,12
111025,15
111026,14
111027,15
111028,14
111029,2
111030,0
111031,13
111032,14
111033,9
111034,12
111035,12
111036,6
111037,14
111038,8
111039,14
111220,4
111221,0
111222,15
111223,12
111224,12
111225,14
111226,12
111227,12
111228,14
111229,14
111230,2
111231,11
111232,1
111233,9
111234,0
111235,8
111236,14
111237,11
111238,0
111239,4
111240,15
111241,11
111242,4
111243,14
111244,14
111245,11
111246,6
111247,14
111248,14
111249,12
111290,5
111291,0
111292,12
111293,6
111294,4
111295,15
111296,6
111297,6
111298,12
111299,13
111300,14
111301,6
111302,16
111303,2
111304,6
111305,0
111306,12
111307,15
111308,14
111309,13
111310,9
111311,0
111312,12
111313,13
111314,12
111315,12
111316,14
111317,0
111318,6
111319,12
111430,9
111431,11
111432,13
111433,15
111434,12
111435,5
111436,6
111437,6
111438,4
111439,12
111440,16
111441,9
111442,7
111443,11
111444,14
111445,11
111446,16
111447,9
111448,12
111449,8
111450,12
111451,6
111452,11
111453,13
111454,13
111455,11
111456,15
111457,13
111458,4
111459,12
111510,14
111511,0
111512,12
111513,13
111514,13
111515,15
111516,13
111517,13
111518,12
111519,14
111520,9
111521,11
111522,15
111523,16
111524,14
111525,15
111526,9
111527,9
111528,13
111529,12
111530,0
111531,15
111532,13
111533,14
111534,12
111535,9
111536,12
111537,13
111538,2
111539,6
111690,0
111691,12
111692,16
111693,14
111694,13
111695,13
111696,9
111697,13
111698,13
111699,15
111700,13
111701,4
111702,9
111703,6
111704,6
111705,13
111706,15
111707,14
111708,9
111709,6
111950,15
111951,13
111952,13
111953,13
111954,12
111955,0
111956,12
111957,4
111958,4
111959,12
111960,12
111961,15
111962,6
111963,12
111964,12
111965,9
111966,12
111967,15
111968,1
111969,13
111970,11
111971,14
111972,14
111973,14
111974,12
111975,15
111976,14
111977,1
111978,1
111979,12
111980,0
111981,13
111982,6
111983,12
111984,1
111985,6
111986,4
111987,12
111988,15
111989,11
111990,0
111991,9
111992,13
111993,14
111994,12
111995,6
111996,6
111997,6
111998,0
111999,12
112000,0
112001,13
112002,6
112003,14
112004,12
112005,11
112006,14
112007,14
112008,1
112009,0
112190,14
112191,8
112192,4
112193,12
112194,14
112195,12
112196,15
112197,13
112198,4
112199,11
112200,0
112201,6
112202,14
112203,6
112204,6
112205,9
112206,11
112207,6
112208,15
112209,12
112280,11
112281,9
112282,12
112283,12
112284,15
112285,15
112286,15
112287,4
112288,12
112289,6
112290,15
112291,13
112292,12
112293,16
112294,2
112295,6
112296,15
112297,1
112298,11
112299,12
112300,12
112301,8
112302,13
112303,6
112304,12
112305,0
112306,11
112307,9
112308,6
112309,12
112360,6
112361,1
112362,14
112363,9
112364,12
112365,12
112366,11
112367,15
112368,12
112369,6
112370,11
112371,12
112372,13
112373,2
112374,12
112375,0
112376,13
112377,14
112378,15
112379,13
112400,11
112401,0
112402,11
112403,12
112404,4
112405,11
112406,12
112407,12
112408,11
112409,6
112410,12
112411,4
112412,0
112413,13
112414,12
112415,9
112416,11
112417,15
112418,13
112419,12
112470,0
112471,7
112472,8
112473,8
112474,15
112475,11
112476,1
112477,1
112478,7
112479,12
112480,13
112481,4
112482,0
112483,12
112484,6
112485,2
112486,9
112487,12
112488,12
112489,15
112490,13
112491,13
112492,14
112493,6
112494,12
112495,15
112496,11
112497,14
112498,11
112499,12
112590,1
112591,0
112592,13
112593,4
112594,6
112595,11
112596,14
112597,12
112598,12
112599,0
112620,15
112621,15
112622,15
112623,13
112624,12
112625,14
112626,9
112627,4
112628,1
112629,12
112790,6
112791,0
112792,12
112793,9
112794,14
112795,11
112796,0
112797,13
112798,4
112799,6
112800,15
112801,11
112802,14
112803,14
112804,12
112805,11
112806,12
112807,1
112808,14
112809,12
112810,9
112811,9
112812,13
112813,13
112814,9
112815,15
112816,6
112817,4
112818,12
112819,12
112820,15
112821,15
112822,12
112823,6
112824,12
112825,13
112826,12
112827,11
112828,4
112829,11
112830,9
112831,1
112832,6
112833,12
112834,4
112835,16
112836,9
112837,4
112838,14
112839,12
112840,0
112841,12
112842,12
112843,13
112844,6
112845,9
112846,1
112847,13
112848,12
112849,12
112850,9
112851,1
112852,2
112853,9
112854,12
112855,15
112856,6
112857,12
112858,15
112859,12
112880,15
112881,12
112882,13
112883,13
112884,12
112885,15
112886,13
112887,0
112888,1
112889,12
112890,15
112891,12
112892,0
112893,6
112894,1
112895,11
112896,12
112897,12
112898,12
112899,11
112900,12
112901,9
112902,1
112903,0
112904,6
112905,6
112906,11
112907,15
112908,12
112909,12
113130,15
113131,6
113132,12
113133,0
113134,14
113135,11
113136,15
113137,15
113138,15
113139,14
113140,15
113141,9
113142,0
113143,6
113144,6
113145,9
113146,1
113147,12
113148,6
113149,12
113180,0
113181,12
113182,4
113183,8
113184,12
113185,0
113186,6
113187,12
113188,9
113189,4
113340,15
113341,15
113342,12
113343,12
113344,6
113345,0
113346,0
113347,9
113348,6
113349,12
113350,12
113351,14
113352,12
113353,12
113354,13
113355,0
113356,6
113357,12
113358,13
113359,12
113360,13
113361,12
113362,6
113363,2
113364,12
113365,0
113366,12
113367,13
113368,12
113369,13
113450,0
113451,0
113452,15
113453,12
113454,12
113455,11
113456,1
113457,4
113458,9
113459,4
113710,11
113711,8
113712,13
113713,13
113714,12
113715,9
113716,11
113717,15
113718,12
113719,13
113720,11
113721,12
113722,12
113723,12
113724,12
113725,15
113726,13
113727,11
113728,12
113729,12
113730,8
113731,15
113732,12
113733,12
113734,15
113735,0
113736,15
113737,12
113738,13
113739,6
113950,0
113951,4
113952,13
113953,4
113954,12
113955,11
113956,0
113957,15
113958,12
113959,12
113960,13
113961,0
113962,0
113963,6
113964,14
113965,14
113966,13
113967,11
113968,6
113969,12
113970,4
113971,9
113972,0
113973,6
113974,12
113975,0
113976,12
113977,13
113978,13
113979,6
113980,0
113981,14
113982,12
113983,13
113984,15
113985,15
113986,15
113987,11
113988,6
113989,12
114040,11
114041,14
114042,1
114043,14
114044,14
114045,14
114046,11
114047,12
114048,14
114049,12
114050,4
114051,13
114052,13
114053,12
114054,0
114055,9
114056,6
114057,0
114058,4
114059,12
114080,11
114081,12
114082,9
114083,12
114084,1
114085,11
114086,13
114087,15
114088,13
114089,9
114090,0
114091,15
114092,0
114093,12
114094,12
114095,2
114096,6
114097,12
114098,11
114099,12
114390,15
114391,9
114392,0
114393,12
114394,13
114395,15
114396,15
114397,12
114398,12
114399,12
114400,12
114401,9
114402,13
114403,1
114404,15
114405,15
114406,6
114407,9
114408,12
114409,0
114550,14
114551,13
114552,12
114553,6
114554,0
114555,13
114556,0
114557,12
114558,12
114559,4
114560,13
114561,15
114562,6
114563,4
114564,14
114565,1
114566,9
114567,15
114568,11
114569,14
114570,13
114571,6
114572,0
114573,1
114574,12
114575,13
114576,0
114577,13
114578,13
114579,6
114610,11
114611,12
114612,15
114613,14
114614,12
114615,14
114616,1
114617,15
114618,12
114619,6
114620,15
114621,12
114622,13
114623,12
114624,12
114625,9
114626,13
114627,1
114628,15
114629,13
114690,2
114691,9
114692,15
114693,15
114694,14
114695,11
114696,15
114697,9
114698,12
114699,12
114700,9
114701,12
114702,12
114703,13
114704,13
114705,6
114706,1
114707,15
114708,9
114709,1
114860,15
114861,15
114862,12
114863,13
114864,4
114865,11
114866,0
114867,11
114868,12
114869,12
114920,15
114921,6
114922,4
114923,13
114924,12
114925,13
114926,6
114927,12
114928,6
114929,0
115100,11
115101,12
115102,12
115103,14
115104,12
115105,6
115106,9
115107,13
115108,0
115109,13
115110,0
115111,11
115112,8
115113,6
115114,12
115115,0
115116,14
115117,12
115118,12
115119,13
115250,6
115251,1
115252,16
115253,0
115254,9
115255,0
115256,4
115257,6
115258,12
115259,0
115260,14
115261,12
115262,11
115263,12
115264,12
115265,11
115266,13
115267,6
115268,13
115269,15
115330,15
115331,1
115332,11
115333,12
115334,14
115335,14
115336,1
115337,14
115338,0
115339,14
115340,11
115341,13
115342,6
115343,1
115344,12
115345,11
115346,12
115347,12
115348,11
115349,16
115460,13
115461,6
115462,0
115463,6
115464,15
115465,11
115466,12
115467,9
115468,11
115469,13
115470,14
115471,0
115472,12
115473,0
115474,12
115475,11
115476,11
115477,11
115478,0
115479,14
115480,15
115481,11
115482,13
115483,13
115484,6
115485,0
115486,12
115487,1
115488,12
115489,6
115630,15
115631,13
115632,15
115633,13
115634,12
115635,9
115636,13
115637,12
115638,9
115639,6
115640,11
115641,4
115642,8
115643,4
115644,6
115645,0
115646,12
115647,12
115648,12
115649,12
115700,15
115701,11
115702,0
115703,14
115704,13
115705,13
115706,13
115707,14
115708,14
115709,14
115710,15
115711,9
115712,8
115713,13
115714,12
115715,6
115716,4
115717,12
115718,13
115719,13
115770,15
115771,6
115772,6
115773,6
115774,12
115775,0
115776,13
115777,13
115778,12
115779,6
115780,11
115781,6
115782,1
115783,4
115784,12
115785,4
115786,6
115787,4
115788,6
115789,12
115860,1
115861,1
115862,15
115863,12
115864,14
115865,15
115866,14
115867,14
115868,6
115869,12
115870,0
115871,6
115872,12
115873,0
115874,12
115875,11
115876,9
115877,6
115878,0
115879,13
116150,13
116151,1
116152,11
116153,4
116154,14
116155,11
116156,12
116157,6
116158,13
116159,6
116170,13
116171,14
116172,15
116173,6
116174,12
116175,15
116176,11
116177,4
116178,14
116179,2
116180,9
116181,11
116182,12
116183,13
116184,14
116185,15
116186,1
116187,13
116188,12
116189,9
116530,4
116531,15
116532,12
116533,1
116534,15
116535,1
116536,15
116537,4
116538,9
116539,4
116540,13
116541,15
116542,13
116543,11
116544,12
116545,12
116546,9
116547,13
116548,14
116549,0
116730,11
116731,14
116732,13
116733,15
116734,6
116735,14
116736,12
116737,6
116738,12
116739,12
116840,0
116841,0
116842,13
116843,11
116844,8
116845,11
116846,6
116847,6
116848,6
116849,12
116850,15
116851,6
116852,12
116853,14
116854,12
116855,0
116856,15
116857,1
116858,15
116859,12
116860,9
116861,15
116862,4
116863,9
116864,15
116865,9
116866,6
116867,12
116868,13
116869,13
116870,11
116871,15
116872,13
116873,13
116874,12
116875,15
116876,0
116877,13
116878,9
116879,6
117000,0
117001,6
117002,16
117003,15
117004,4
117005,13
117006,15
117007,12
117008,12
117009,12
117010,6
117011,9
117012,12
117013,12
117014,9
117015,0
117016,9
117017,12
117018,6
117019,12
117160,11
117161,1
117162,12
117163,14
117164,12
117165,14
117166,13
117167,12
117168,11
117169,14
117230,0
117231,12
117232,14
117233,0
117234,12
117235,1
117236,14
117237,13
117238,12
117239,13
117340,11
117341,0
117342,11
117343,2
117344,6
117345,9
117346,13
117347,12
117348,15
117349,14
117350,0
117351,11
117352,13
117353,8
117354,12
117355,4
117356,6
117357,12
117358,12
117359,12
117360,6
117361,12
117362,9
117363,0
117364,12
117365,6
117366,6
117367,15
117368,12
117369,14
117370,12
117371,9
117372,13
117373,13
117374,11
117375,14
117376,14
117377,1
117378,14
117379,12
117380,6
117381,12
117382,13
117383,12
117384,12
117385,0
117386,11
117387,13
117388,13
117389,12
117460,14
117461,0
117462,15
117463,13
117464,13
117465,15
117466,11
117467,14
117468,12
117469,12
117590,11
117591,13
117592,14
117593,14
117594,9
117595,0
117596,14
117597,6
117598,15
117599,12
117600,13
117601,15
117602,1
117603,15
117604,12
117605,0
117606,13
117607,12
117608,12
117609,12
117690,14
117691,11
117692,6
117693,12
117694,13
117695,0
117696,11
117697,15
117698,15
117699,14
117700,4
117701,15
117702,15
117703,9
117704,1
117705,0
117706,1
117707,13
117708,15
117709,6
117770,12
117771,6
117772,0
117773,6
117774,12
117775,9
117776,15
117777,14
117778,6
117779,14
117780,16
117781,1
117782,4
117783,5
117784,14
117785,9
117786,6
117787,4
117788,8
117789,1
118210,1
118211,13
118212,0
118213,13
118214,13
118215,11
118216,0
118217,0
118218,12
118219,13
118220,0
118221,9
118222,6
118223,12
118224,11
118225,13
118226,12
118227,6
118228,13
118229,6
118400,6
118401,15
118402,13
118403,15
118404,0
118405,6
118406,12
118407,6
118408,13
118409,9
118470,9
118471,6
118472,12
118473,12
118474,12
118475,12
118476,15
118477,12
118478,13
118479,6
118750,11
118751,8
118752,4
118753,13
118754,12
118755,13
118756,1
118757,14
118758,13
118759,12
118780,11
118781,0
118782,14
118783,5
118784,4
118785,12
118786,11
118787,11
118788,12
118789,14
118810,11
118811,11
118812,6
118813,12
118814,13
118815,13
118816,15
118817,13
118818,12
118819,6
118820,0
118821,15
118822,0
118823,11
118824,12
118825,9
118826,6
118827,4
118828,15
118829,12
118930,11
118931,14
118932,1
118933,13
118934,15
118935,12
118936,12
118937,12
118938,12
118939,12
119030,13
119031,9
119032,0
119033,5
119034,2
119035,13
119036,11
119037,6
119038,12
119039,12
119360,6
119361,15
119362,6
119363,6
119364,14
119365,9
119366,1
119367,9
119368,13
119369,12
119370,0
119371,11
119372,12
119373,12
119374,4
119375,4
119376,6
119377,4
119378,12
119379,13
119590,1
119591,6
119592,14
119593,14
119594,12
119595,1
119596,11
119597,12
119598,14
119599,12
119680,15
119681,11
119682,1
119683,14
119684,14
119685,1
119686,13
119687,14
119688,12
119689,12
119690,9
119691,4
119692,4
119693,12
119694,4
119695,9
119696,4
119697,6
119698,9
119699,12
120010,11
120011,13
120012,6
120013,15
120014,12
120015,11
120016,13
120017,13
120018,12
120019,12
120020,12
120021,9
120022,4
120023,13
120024,6
120025,11
120026,4
120027,12
120028,12
120029,0
120030,0
120031,14
120032,12
120033,12
120034,12
120035,13
120036,0
120037,12
120038,6
120039,12
120040,13
120041,4
120042,11
120043,12
120044,4
120045,0
120046,1
120047,0
120048,6
120049,13
120050,15
120051,6
120052,4
120053,12
120054,12
120055,13
120056,6
120057,13
120058,4
120059,12
120060,14
120061,0
120062,14
120063,14
120064,12
120065,1
120066,6
120067,13
120068,13
120069,12
120070,12
120071,13
120072,0
120073,14
120074,12
120075,8
120076,13
120077,1
120078,12
120079,12
120080,13
120081,14
120082,9
120083,12
120084,12
120085,15
120086,12
120087,13
120088,12
120089,12
120090,15
120091,15
120092,0
120093,12
120094,13
120095,14
120096,11
120097,13
120098,13
120099,6
120100,4
120101,9
120102,13
120103,15
120104,12
120105,11
120106,8
120107,13
120108,12
120109,12
120140,0
120141,12
120142,11
120143,12
120144,12
120145,15
120146,11
120147,4
120148,11
120149,12
120150,0
120151,16
120152,13
120153,8
120154,14
120155,1
120156,8
120157,13
120158,13
120159,9
120160,12
120161,6
120162,8
120163,15
120164,12
120165,13
120166,14
120167,12
120168,14
120169,12
120360,1
120361,9
120362,13
120363,13
120364,0
120365,15
120366,9
120367,13
120368,8
120369,13
120370,6
120371,13
120372,0
120373,11
120374,12
120375,11
120376,6
120377,13
120378,1
120379,14
120380,15
120381,12
120382,14
120383,6
120384,6
120385,15
120386,6
120387,14
120388,12
120389,2
120490,14
120491,0
120492,13
120493,14
120494,12
120495,9
120496,14
120497,14
120498,7
120499,1
120500,12
120501,4
120502,13
120503,15
120504,12
120505,9
120506,9
120507,6
120508,15
120509,12
120510,12
120511,13
120512,14
120513,13
120514,12
120515,2
120516,11
120517,11
120518,6
120519,12
120630,13
120631,0
120632,13
120633,0
120634,12
120635,0
120636,0
120637,13
120638,5
120639,13
120640,0
120641,9
120642,0
120643,0
120644,12
120645,0
120646,0
120647,15
120648,13
120649,12
120970,6
120971,11
120972,9
120973,16
120974,4
120975,9
120976,9
120977,11
120978,12
120979,8
120980,9
120981,14
120982,12
120983,6
120984,0
120985,14
120986,14
120987,6
120988,12
120989,14
120990,4
120991,0
120992,14
120993,12
120994,13
120995,0
120996,11
120997,13
120998,12
120999,12
121250,15
121251,0
121252,12
121253,15
121254,13
121255,6
121256,13
121257,15
121258,13
121259,6
121260,0
121261,0
121262,6
121263,0
121264,13
121265,4
121266,9
121267,15
121268,15
121269,1
121290,9
121291,14
121292,15
121293,1
121294,12
121295,15
121296,6
121297,6
121298,13
121299,13
121300,4
121301,15
121302,1
121303,12
121304,6
121305,13
121306,14
121307,12
121308,6
121309,14
121310,14
121311,14
121312,11
121313,1
121314,6
121315,14
121316,1
121317,15
121318,12
121319,12
121320,13
121321,4
121322,1
121323,4
121324,12
121325,9
121326,0
121327,6
121328,11
121329,12
121330,0
121331,15
121332,12
121333,12
121334,12
121335,11
121336,0
121337,6
121338,12
121339,12
121340,11
121341,13
121342,13
121343,12
121344,11
121345,15
121346,14
121347,6
121348,12
121349,13
121350,4
121351,1
121352,11
121353,13
121354,7
121355,1
121356,9
121357,7
121358,6
121359,5
121510,0
121511,6
121512,1
121513,1
121514,12
121515,13
121516,0
121517,12
121518,0
121519,14
121520,15
121521,11
121522,14
121523,13
121524,1
121525,15
121526,13
121527,14
121528,14
121529,14
121530,0
121531,12
121532,9
121533,1
121534,13
121535,11
121536,1
121537,0
121538,9
121539,13
121560,12
121561,1
121562,6
121563,14
121564,15
121565,15
121566,14
121567,12
121568,14
121569,12
121570,9
121571,12
121572,15
121573,1
121574,0
121575,12
121576,1
121577,9
121578,1
121579,12
121580,9
121581,13
121582,1
121583,15
121584,14
121585,14
121586,15
121587,11
121588,4
121589,6
121590,0
121591,4
121592,0
121593,13
121594,12
121595,4
121596,12
121597,15
121598,15
121599,13
121600,11
121601,11
121602,4
121603,14
121604,4
121605,0
121606,4
121607,12
121608,13
121609,12
121610,1
121611,1
121612,13
121613,14
121614,13
121615,15
121616,13
121617,12
121618,9
121619,12
121870,15
121871,12
121872,11
121873,12
121874,0
121875,1
121876,6
121877,15
121878,11
121879,12
121900,0
121901,12
121902,4
121903,9
121904,0
121905,4
121906,13
121907,12
121908,14
121909,4
121920,9
121921,0
121922,13
121923,11
121924,8
121925,1
121926,12
121927,12
121928,12
121929,0
122070,13
122071,9
122072,8
122073,12
122074,12
122075,1
122076,12
122077,12
122078,13
122079,6
122080,1
122081,12
122082,11
122083,13
122084,12
122085,1
122086,11
122087,12
122088,12
122089,14
122110,0
122111,4
122112,13
122113,12
122114,13
122115,6
122116,13
122117,0
122118,13
122119,12
122130,8
122131,15
122132,13
122133,11
122134,14
122135,15
122136,14
122137,6
122138,9
122139,13
122180,0
122181,0
122182,6
122183,12
122184,12
122185,14
122186,6
122187,4
122188,12
122189,12
122200,0
122201,11
122202,14
122203,13
122204,12
122205,15
122206,14
122207,6
122208,12
122209,12
122210,15
122211,0
122212,2
122213,12
122214,15
122215,11
122216,1
122217,9
122218,15
122219,12
122220,11
122221,1
122222,0
122223,13
122224,12
122225,11
122226,11
122227,11
122228,14
122229,12
122300,0
122301,4
122302,13
122303,12
122304,15
122305,0
122306,0
122307,13
122308,16
122309,12
122310,13
122311,6
122312,13
122313,6
122314,12
122315,0
122316,14
122317,4
122318,13
122319,14
122320,0
122321,1
122322,15
122323,15
122324,14
122325,15
122326,0
122327,13
122328,12
122329,14
122450,9
122451,15
122452,6
122453,12
122454,12
122455,15
122456,6
122457,11
122458,6
122459,12
122460,6
122461,12
122462,13
122463,4
122464,6
122465,9
122466,13
122467,12
122468,9
122469,12
122470,11
122471,12
122472,12
122473,6
122474,12
122475,11
122476,6
122477,11
122478,9
122479,6
122480,15
122481,14
122482,13
122483,14
122484,14
122485,15
122486,6
122487,13
122488,12
122489,12
122490,12
122491,13
122492,13
122493,6
122494,4
122495,15
122496,15
122497,9
122498,12
122499,12
122500,6
122501,12
122502,9
122503,13
122504,1
122505,6
122506,13
122507,0
122508,15
122509,12
122530,6
122531,15
122532,12
122533,8
122534,6
122535,11
122536,6
122537,6
122538,13
122539,12
122540,0
122541,0
122542,0
122543,4
122544,8
122545,0
122546,11
122547,7
122548,7
122549,7
122660,15
122661,15
122662,15
122663,0
122664,6
122665,15
122666,14
122667,12
122668,11
122669,13
122670,16
122671,4
122672,6
122673,8
122674,13
122675,0
122676,11
122677,13
122678,13
122679,0
122730,13
122731,0
122732,12
122733,6
122734,6
122735,9
122736,15
122737,6
122738,12
122739,12
122740,15
122741,15
122742,14
122743,6
122744,11
122745,11
122746,14
122747,12
122748,13
122749,12
123020,13
123021,11
123022,11
123023,12
123024,14
123025,12
123026,1
123027,11
123028,13
123029,12
123030,11
123031,4
123032,12
123033,12
123034,6
123035,0
123036,11
123037,4
123038,4
123039,12
123040,0
123041,6
123042,14
123043,11
123044,14
123045,11
123046,11
123047,11
123048,12
123049,13
123250,9
123251,4
123252,4
123253,4
123254,6
123255,11
123256,9
123257,0
123258,12
123259,12
123260,0
123261,11
123262,14
123263,11
123264,12
123265,11
123266,9
123267,6
123268,12
123269,13
123270,13
123271,9
123272,0
123273,12
123274,12
123275,9
123276,12
123277,6
123278,1
123279,15
123310,0
123311,0
123312,15
123313,8
123314,12
123315,0
123316,12
123317,11
123318,12
123319,15
123320,6
123321,11
123322,12
123323,11
123324,6
123325,11
123326,11
123327,1
123328,13
123329,13
123510,6
123511,9
123512,13
123513,6
123514,1
123515,12
123516,6
123517,6
123518,6
123519,13
123520,11
123521,1
123522,13
123523,11
123524,12
123525,6
123526,14
123527,6
123528,0
123529,6
123600,9
123601,9
123602,12
123603,12
123604,12
123605,14
123606,6
123607,15
123608,6
123609,6
123610,15
123611,0
123612,0
123613,0
123614,13
123615,12
123616,12
123617,13
123618,12
123619,12
123620,15
123621,6
123622,11
123623,13
123624,12
123625,11
123626,12
123627,12
123628,0
123629,12
123690,1
123691,1
123692,13
123693,9
123694,6
123695,11
123696,13
123697,12
123698,13
123699,13
123700,6
123701,1
123702,15
123703,13
123704,13
123705,13
123706,15
123707,13
123708,6
123709,12
123710,11
123711,12
123712,0
123713,0
123714,12
123715,15
123716,11
123717,0
123718,12
123719,13
123720,13
123721,13
123722,4
123723,0
123724,15
123725,9
123726,11
123727,6
123728,4
123729,13
123730,16
123731,0
123732,6
123733,12
123734,8
123735,15
123736,13
123737,12
123738,0
123739,12
123800,1
123801,15
123802,12
123803,12
123804,12
123805,1
123806,6
123807,15
123808,12
123809,13
123920,15
123921,4
123922,14
123923,15
123924,11
123925,15
123926,14
123927,13
123928,14
123929,12
123930,8
123931,13
123932,12
123933,6
123934,12
123935,13
123936,4
123937,6
123938,13
123939,13
124080,11
124081,6
124082,0
124083,12
124084,12
124085,0
124086,1
124087,6
124088,9
124089,12
124090,0
124091,11
124092,14
124093,14
124094,14
124095,6
124096,14
124097,13
124098,12
124099,12
124260,9
124261,11
124262,13
124263,13
124264,15
124265,15
124266,13
124267,6
124268,12
124269,4
124270,11
124271,14
124272,6
124273,0
124274,14
124275,6
124276,9
124277,14
124278,12
124279,12
124470,15
124471,9
124472,15
124473,12
124474,12
124475,15
124476,11
124477,12
124478,6
124479,8
124480,12
124481,14
124482,6
124483,12
124484,5
124485,13
124486,11
124487,11
124488,14
124489,14
124490,12
124491,14
124492,14
124493,13
124494,4
124495,0
124496,6
124497,12
124498,13
124499,11
124520,0
124521,13
124522,14
124523,13
124524,6
124525,13
124526,11
124527,14
124528,12
124529,0
124530,6
124531,6
124532,11
124533,12
124534,14
124535,12
124536,15
124537,13
124538,6
124539,12
124540,14
124541,12
124542,15
124543,11
124544,13
124545,15
124546,15
124547,6
124548,12
124549,2
124670,14
124671,0
124672,14
124673,14
124674,12
124675,13
124676,11
124677,12
124678,6
124679,12
124680,13
124681,6
124682,12
124683,12
124684,12
124685,6
124686,12
124687,0
124688,12
124689,12
124750,0
124751,6
124752,12
124753,12
124754,13
124755,13
124756,6
124757,14
124758,0
124759,12
124760,0
124761,14
124762,12
124763,12
124764,15
124765,13
124766,14
124767,15
124768,11
124769,14
124910,6
124911,15
124912,14
124913,13
124914,12
124915,15
124916,6
124917,15
124918,12
124919,14
125050,9
125051,12
125052,13
125053,2
125054,14
125055,15
125056,13
125057,6
125058,12
125059,6
125060,15
125061,9
125062,13
125063,12
125064,13
125065,13
125066,6
125067,6
125068,6
125069,12
125070,13
125071,4
125072,6
125073,12
125074,12
125075,0
125076,11
125077,4
125078,12
125079,12
125100,1
125101,9
125102,0
125103,11
125104,12
125105,14
125106,15
125107,11
125108,6
125109,13
125110,6
125111,4
125112,1
125113,6
125114,12
125115,13
125116,6
125117,12
125118,12
125119,12
125330,11
125331,14
125332,11
125333,14
125334,12
125335,12
125336,12
125337,12
125338,6
125339,12
125340,15
125341,13
125342,13
125343,12
125344,15
125345,13
125346,6
125347,12
125348,13
125349,12
125370,6
125371,14
125372,11
125373,12
125374,12
125375,0
125376,12
125377,14
125378,14
125379,12
125380,12
125381,16
125382,12
125383,13
125384,6
125385,15
125386,11
125387,12
125388,0
125389,6
125390,11
125391,8
125392,12
125393,12
125394,6
125395,4
125396,13
125397,12
125398,11
125399,12
125400,14
125401,11
125402,12
125403,12
125404,12
125405,11
125406,12
125407,14
125408,12
125409,11
125410,11
125411,6
125412,11
125413,14
125414,12
125415,11
125416,6
125417,12
125418,0
125419,12
125420,9
125421,0
125422,12
125423,6
125424,6
125425,6
125426,15
125427,6
125428,12
125429,12
125430,15
125431,11
125432,1
125433,6
125434,4
125435,14
125436,15
125437,13
125438,4
125439,14
125560,14
125561,12
125562,6
125563,14
125564,13
125565,11
125566,13
125567,13
125568,12
125569,13
125570,11
125571,0
125572,6
125573,6
125574,12
125575,11
125576,11
125577,12
125578,6
125579,12
125790,1
125791,0
125792,12
125793,0
125794,6
125795,15
125796,11
125797,1
125798,6
125799,0
125830,11
125831,4
125832,4
125833,12
125834,12
125835,14
125836,12
125837,6
125838,11
125839,15
125890,0
125891,6
125892,4
125893,12
125894,12
125895,14
125896,11
125897,12
125898,0
125899,12
125920,0
125921,15
125922,14
125923,11
125924,14
125925,14
125926,14
125927,11
125928,6
125929,14
125930,11
125931,15
125932,12
125933,12
125934,0
125935,11
125936,6
125937,12
125938,9
125939,13
125970,9
125971,6
125972,15
125973,12
125974,12
125975,0
125976,12
125977,12
125978,13
125979,12
125980,11
125981,14
125982,13
125983,6
125984,13
125985,9
125986,14
125987,13
125988,0
125989,12
126040,14
126041,15
126042,12
126043,12
126044,6
126045,6
126046,6
126047,12
126048,14
126049,6
126060,6
126061,6
126062,11
126063,12
126064,9
126065,13
126066,4
126067,15
126068,12
126069,4
126070,15
126071,0
126072,12
126073,12
126074,6
126075,12
126076,12
126077,11
126078,2
126079,13
126110,15
126111,13
126112,15
126113,6
126114,13
126115,9
126116,12
126117,6
126118,6
126119,6
126320,11
126321,14
126322,13
126323,14
126324,6
126325,11
126326,13
126327,13
126328,0
126329,4
126360,0
126361,1
126362,6
126363,6
126364,6
126365,6
126366,14
126367,15
126368,0
126369,14
126470,4
126471,0
126472,0
126473,15
126474,12
126475,11
126476,12
126477,15
126478,6
126479,12
126490,13
126491,11
126492,13
126493,12
126494,13
126495,8
126496,14
126497,6
126498,13
126499,14
126530,11
126531,12
126532,15
126533,12
126534,12
126535,4
126536,12
126537,12
126538,12
126539,12
126550,0
126551,4
126552,6
126553,1
126554,12
126555,15
126556,9
126557,12
126558,4
126559,12
126590,11
126591,11
126592,12
126593,12
126594,11
126595,1
126596,15
126597,12
126598,12
126599,14
126610,15
126611,9
126612,6
126613,15
126614,12
126615,0
126616,6
126617,15
126618,12
126619,14
126710,6
126711,0
126712,14
126713,8
126714,6
126715,15
126716,6
126717,11
126718,12
126719,12
126740,11
126741,0
126742,12
126743,12
126744,6
126745,6
126746,13
126747,12
126748,6
126749,6
126810,13
126811,11
126812,11
126813,0
126814,2
126815,11
126816,6
126817,6
126818,13
126819,12
126830,6
126831,1
126832,14
126833,13
126834,13
126835,14
126836,13
126837,14
126838,13
126839,14
126840,0
126841,15
126842,12
126843,12
126844,12
126845,15
126846,11
126847,12
126848,12
126849,12
126910,6
126911,13
126912,8
126913,13
126914,12
126915,11
126916,0
126917,12
126918,6
126919,12
126960,15
126961,1
126962,12
126963,15
126964,6
126965,13
126966,2
126967,9
126968,6
126969,12
127000,11
127001,12
127002,14
127003,14
127004,16
127005,15
127006,0
127007,14
127008,15
127009,14
127010,0
127011,6
127012,12
127013,12
127014,12
127015,12
127016,0
127017,6
127018,6
127019,6
127210,11
127211,11
127212,12
127213,13
127214,13
127215,4
127216,1
127217,6
127218,14
127219,0
127220,15
127221,9
127222,6
127223,11
127224,14
127225,11
127226,11
127227,14
127228,14
127229,12
127230,11
127231,9
127232,11
127233,11
127234,6
127235,0
127236,6
127237,13
127238,12
127239,6
127350,14
127351,15
127352,11
127353,13
127354,12
127355,13
127356,6
127357,14
127358,11
127359,1
127360,0
127361,9
127362,12
127363,14
127364,12
127365,4
127366,15
127367,12
127368,6
127369,6
127370,11
127371,0
127372,6
127373,13
127374,12
127375,12
127376,0
127377,0
127378,4
127379,6
127380,15
127381,6
127382,12
127383,13
127384,12
127385,15
127386,9
127387,0
127388,12
127389,12
127390,13
127391,1
127392,0
127393,6
127394,13
127395,9
127396,11
127397,11
127398,14
127399,12
127400,11
127401,6
127402,12
127403,1
127404,12
127405,15
127406,13
127407,6
127408,4
127409,12
127430,1
127431,4
127432,6
127433,13
127434,6
127435,15
127436,12
127437,0
127438,12
127439,9
127540,15
127541,12
127542,12
127543,11
127544,12
127545,15
127546,0
127547,12
127548,12
127549,6
127910,4
127911,15
127912,6
127913,6
127914,12
127915,13
127916,0
127917,11
127918,12
127919,12
127920,0
127921,0
127922,12
127923,6
127924,12
127925,14
127926,15
127927,14
127928,1
127929,15
127930,14
127931,12
127932,6
127933,6
127934,13
127935,11
127936,14
127937,4
127938,12
127939,14
127940,15
127941,11
127942,6
127943,13
127944,12
127945,6
127946,6
127947,14
127948,12
127949,15
127950,4
127951,12
127952,13
127953,0
127954,0
127955,0
127956,12
127957,12
127958,1
127959,6
127980,6
127981,1
127982,6
127983,13
127984,15
127985,4
127986,11
127987,13
127988,0
127989,12
127990,11
127991,14
127992,12
127993,12
127994,11
127995,15
127996,11
127997,6
127998,14
127999,15
128020,9
128021,1
128022,1
128023,14
128024,6
128025,1
128026,12
128027,9
128028,4
128029,12
128030,9
128031,0
128032,14
128033,11
128034,12
128035,13
128036,11
128037,15
128038,6
128039,13
128040,6
128041,13
128042,11
128043,13
128044,6
128045,11
128046,11
128047,1
128048,13
128049,4
128050,0
128051,11
128052,14
128053,14
128054,11
128055,6
128056,6
128057,13
128058,12
128059,14
128060,1
128061,9
128062,12
128063,14
128064,16
128065,13
128066,13
128067,9
128068,6
128069,6
128090,15
128091,11
128092,12
128093,15
128094,2
128095,9
128096,13
128097,6
128098,9
128099,12
128100,13
128101,4
128102,0
128103,8
128104,12
128105,9
128106,11
128107,4
128108,12
128109,12
128110,13
128111,12
128112,4
128113,11
128114,11
128115,15
128116,13
128117,0
128118,12
128119,12
128170,9
128171,15
128172,14
128173,12
128174,12
128175,15
128176,14
128177,11
128178,12
128179,12
128180,4
128181,6
128182,9
128183,13
128184,12
128185,11
128186,12
128187,12
128188,12
128189,13
128260,9
128261,15
128262,1
128263,12
128264,13
128265,15
128266,15
128267,12
128268,6
128269,13
128270,15
128271,13
128272,12
128273,12
128274,12
128275,0
128276,4
128277,0
128278,12
128279,12
128280,9
128281,13
128282,12
128283,11
128284,13
128285,15
128286,12
128287,2
128288,13
128289,13
128400,15
128401,4
128402,4
128403,12
128404,6
128405,0
128406,11
128407,12
128408,12
128409,14
128420,9
128421,14
128422,4
128423,14
128424,12
128425,14
128426,6
128427,11
128428,15
128429,12
128430,15
128431,15
128432,13
128433,14
128434,6
128435,14
128436,0
128437,9
128438,12
128439,12
128450,13
128451,0
128452,13
128453,15
128454,1
128455,0
128456,6
128457,6
128458,13
128459,6
128460,13
128461,1
128462,4
128463,9
128464,6
128465,13
128466,0
128467,12
128468,12
128469,11
128530,15
128531,6
128532,12
128533,12
128534,14
128535,14
128536,13
128537,12
128538,6
128539,12
128640,0
128641,15
128642,13
128643,12
128644,12
128645,13
128646,14
128647,12
128648,15
128649,12
128650,1
128651,0
128652,0
128653,13
128654,12
128655,14
128656,11
128657,12
128658,13
128659,12
128780,11
128781,9
128782,6
128783,13
128784,12
128785,0
128786,6
128787,6
128788,6
128789,12
128790,14
128791,11
128792,11
128793,14
128794,13
128795,6
128796,11
128797,11
128798,6
128799,11
128840,13
128841,12
128842,1
128843,13
128844,14
128845,14
128846,6
128847,14
128848,11
128849,12
128850,6
128851,6
128852,12
128853,13
128854,15
128855,0
128856,13
128857,14
128858,14
128859,12
128860,15
128861,0
128862,11
128863,6
128864,12
128865,0
128866,15
128867,12
128868,12
128869,9
128870,15
128871,15
128872,12
128873,6
128874,12
128875,15
128876,15
128877,11
128878,13
128879,13
128880,8
128881,11
128882,13
128883,14
128884,6
128885,6
128886,11
128887,0
128888,11
128889,12
128890,15
128891,4
128892,12
128893,12
128894,12
128895,15
128896,9
128897,13
128898,4
128899,6
129030,11
129031,11
129032,12
129033,0
129034,14
129035,11
129036,11
129037,15
129038,12
129039,6
129040,2
129041,6
129042,6
129043,6
129044,15
129045,15
129046,9
129047,15
129048,9
129049,14
129050,15
129051,0
129052,4
129053,12
129054,12
129055,15
129056,14
129057,13
129058,0
129059,15
129060,15
129061,1
129062,0
129063,12
129064,9
129065,11
129066,13
129067,14
129068,0
129069,12
129070,15
129071,16
129072,11
129073,1
129074,12
129075,11
129076,6
129077,0
129078,13
129079,14
129210,15
129211,12
129212,11
129213,6
129214,12
129215,15
129216,15
129217,13
129218,6
129219,12
129250,6
129251,13
129252,12
129253,13
129254,6
129255,15
129256,6
129257,12
129258,15
129259,15
129260,6
129261,6
129262,13
129263,12
129264,12
129265,12
129266,6
129267,15
129268,15
129269,12
129270,11
129271,6
129272,12
129273,0
129274,12
129275,4
129276,1
129277,11
129278,14
129279,12
129330,11
129331,13
129332,14
129333,13
129334,11
129335,13
129336,12
129337,12
129338,12
129339,14
129480,15
129481,12
129482,14
129483,14
129484,6
129485,14
129486,15
129487,14
129488,1
129489,6
129490,1
129491,14
129492,0
129493,13
129494,12
129495,15
129496,15
129497,9
129498,12
129499,12
129500,11
129501,11
129502,13
129503,12
129504,12
129505,15
129506,15
129507,13
129508,13
129509,6
129510,4
129511,12
129512,15
129513,6
129514,9
129515,13
129516,9
129517,13
129518,12
129519,6
129520,14
129521,1
129522,11
129523,14
129524,14
129525,6
129526,12
129527,12
129528,14
129529,12
129700,0
129701,11
129702,13
129703,14
129704,12
129705,11
129706,0
129707,11
129708,13
129709,12
129710,6
129711,14
129712,4
129713,12
129714,12
129715,0
129716,15
129717,12
129718,12
129719,13
129720,6
129721,9
129722,0
129723,6
129724,6
129725,15
129726,0
129727,15
129728,15
129729,14
129730,14
129731,4
129732,14
129733,12
129734,14
129735,9
129736,0
129737,6
129738,12
129739,12
129740,13
129741,15
129742,12
129743,12
129744,11
129745,0
129746,6
129747,6
129748,12
129749,12
129830,14
129831,6
129832,1
129833,11
129834,12
129835,1
129836,6
129837,12
129838,0
129839,11
129840,15
129841,13
129842,12
129843,6
129844,12
129845,1
129846,9
129847,15
129848,12
129849,14
129890,11
129891,4
129892,4
129893,16
129894,6
129895,13
129896,0
129897,6
129898,12
129899,12
129900,11
129901,11
129902,11
129903,12
129904,12
129905,11
129906,12
129907,4
129908,12
129909,4
129910,1
129911,14
129912,13
129913,12
129914,12
129915,13
129916,6
129917,0
129918,12
129919,15
130010,15
130011,13
130012,0
130013,13
130014,0
130015,0
130016,6
130017,6
130018,12
130019,0
130030,1
130031,15
130032,0
130033,12
130034,12
130035,0
130036,9
130037,12
130038,12
130039,6
130120,14
130121,13
130122,15
130123,12
130124,13
130125,9
130126,14
130127,15
130128,6
130129,13
130130,15
130131,15
130132,14
130133,6
130134,12
130135,15
130136,14
130137,11
130138,11
130139,13
130180,1
130181,15
130182,13
130183,6
130184,14
130185,6
130186,9
130187,12
130188,0
130189,6
130190,4
130191,15
130192,12
130193,11
130194,12
130195,15
130196,14
130197,14
130198,15
130199,12
130200,0
130201,14
130202,6
130203,15
130204,15
130205,13
130206,14
130207,15
130208,13
130209,12
130210,0
130211,12
130212,12
130213,6
130214,14
130215,14
130216,11
130217,6
130218,12
130219,11
130290,14
130291,15
130292,1
130293,14
130294,11
130295,14
130296,1
130297,12
130298,13
130299,14
130300,14
130301,6
130302,11
130303,6
130304,12
130305,14
130306,6
130307,12
130308,14
130309,0
130310,6
130311,4
130312,4
130313,4
130314,12
130315,9
130316,1
130317,9
130318,13
130319,6
130480,0
130481,13
130482,6
130483,6
130484,12
130485,0
130486,11
130487,13
130488,6
130489,15
130490,0
130491,15
130492,4
130493,12
130494,0
130495,0
130496,15
130497,12
130498,12
130499,6
130530,15
130531,13
130532,1
130533,0
130534,15
130535,15
130536,6
130537,15
130538,13
130539,0
130540,11
130541,11
130542,14
130543,6
130544,12
130545,6
130546,11
130547,6
130548,6
130549,6
130660,15
130661,6
130662,4
130663,6
130664,4
130665,15
130666,6
130667,9
130668,6
130669,6
130670,9
130671,13
130672,12
130673,12
130674,6
130675,15
130676,6
130677,12
130678,14
130679,12
130720,15
130721,13
130722,15
130723,14
130724,11
130725,1
130726,11
130727,12
130728,6
130729,14
130730,0
130731,14
130732,4
130733,1
130734,13
130735,12
130736,12
130737,12
130738,15
130739,15
130890,11
130891,15
130892,14
130893,12
130894,14
130895,13
130896,12
130897,4
130898,12
130899,9
130900,13
130901,14
130902,15
130903,12
130904,6
130905,9
130906,15
130907,13
130908,15
130909,12
130940,15
130941,15
130942,12
130943,12
130944,12
130945,11
130946,6
130947,12
130948,12
130949,6
131000,15
131001,4
131002,1
131003,4
131004,12
131005,6
131006,9
131007,12
131008,12
131009,13
131010,13
131011,0
131012,6
131013,11
131014,12
131015,0
131016,13
131017,12
131018,6
131019,12
131060,13
131061,15
131062,6
131063,15
131064,12
131065,9
131066,12
131067,12
131068,13
131069,12
131090,14
131091,0
131092,6
131093,12
131094,12
131095,6
131096,0
131097,12
131098,13
131099,12
131100,9
131101,14
131102,1
131103,14
131104,1
131105,13
131106,12
131107,6
131108,12
131109,6
131110,11
131111,15
131112,6
131113,12
131114,6
131115,1
131116,9
131117,15
131118,12
131119,12
131120,13
131121,13
131122,0
131123,14
131124,12
131125,4
131126,1
131127,0
131128,15
131129,12
131180,9
131181,15
131182,0
131183,14
131184,0
131185,15
131186,13
131187,12
131188,12
131189,12
131190,0
131191,15
131192,4
131193,15
131194,9
131195,15
131196,11
131197,4
131198,1
131199,12
131290,14
131291,13
131292,6
131293,13
131294,6
131295,13
131296,13
131297,14
131298,14
131299,14
131300,9
131301,15
131302,15
131303,6
131304,12
131305,6
131306,12
131307,13
131308,13
131309,13
131340,11
131341,11
131342,2
131343,6
131344,12
131345,14
131346,4
131347,11
131348,12
131349,6
131350,15
131351,9
131352,1
131353,6
131354,6
131355,9
131356,15
131357,6
131358,13
131359,12
131360,11
131361,6
131362,6
131363,6
131364,12
131365,12
131366,0
131367,6
131368,6
131369,14
131530,11
131531,15
131532,6
131533,13
131534,12
131535,0
131536,13
131537,14
131538,6
131539,12
131670,15
131671,4
131672,1
131673,6
131674,12
131675,15
131676,0
131677,0
131678,12
131679,12
131680,0
131681,13
131682,13
131683,12
131684,13
131685,0
131686,11
131687,6
131688,4
131689,14
131690,15
131691,14
131692,13
131693,11
131694,12
131695,11
131696,9
131697,14
131698,14
131699,14
131770,15
131771,12
131772,13
131773,13
131774,14
131775,13
131776,6
131777,12
131778,14
131779,12
131880,15
131881,13
131882,14
131883,6
131884,11
131885,12
131886,14
131887,12
131888,15
131889,14
131890,13
131891,11
131892,12
131893,9
131894,12
131895,9
131896,4
131897,15
131898,12
131899,12
131900,11
131901,6
131902,13
131903,12
131904,12
131905,11
131906,12
131907,12
131908,13
131909,4
132190,0
132191,0
132192,4
132193,12
132194,12
132195,11
132196,13
132197,12
132198,15
132199,12
132220,15
132221,15
132222,13
132223,6
132224,12
132225,15
132226,6
132227,13
132228,12
132229,16
132230,9
132231,15
132232,11
132233,12
132234,12
132235,12
132236,15
132237,6
132238,13
132239,11
132240,15
132241,6
132242,13
132243,6
132244,12
132245,13
132246,6
132247,6
132248,13
132249,13
132330,0
132331,13
132332,12
132333,15
132334,13
132335,0
132336,6
132337,0
132338,13
132339,6
132410,15
132411,6
132412,13
132413,12
132414,12
132415,6
132416,13
132417,0
132418,6
132419,12
132420,1
132421,15
132422,9
132423,13
132424,13
132425,6
132426,6
132427,15
132428,6
132429,12
132430,1
132431,0
132432,13
132433,6
132434,4
132435,9
132436,11
132437,13
132438,12
132439,12
132440,0
132441,15
132442,0
132443,0
132444,12
132445,11
132446,4
132447,11
132448,6
132449,12
132450,15
132451,12
132452,12
132453,12
132454,12
132455,15
132456,6
132457,1
132458,6
132459,4
132510,15
132511,12
132512,11
132513,1
132514,12
132515,11
132516,11
132517,11
132518,13
132519,14
132670,11
132671,11
132672,12
132673,12
132674,0
132675,0
132676,9
132677,4
132678,6
132679,6
132770,15
132771,15
132772,14
132773,12
132774,6
132775,6
132776,13
132777,12
132778,15
132779,14
132780,9
132781,9
132782,15
132783,12
132784,14
132785,0
132786,13
132787,6
132788,15
132789,13
132790,11
132791,13
132792,9
132793,13
132794,12
132795,0
132796,13
132797,14
132798,12
132799,6
132800,4
132801,4
132802,15
132803,12
132804,12
132805,9
132806,15
132807,14
132808,14
132809,12
132810,6
132811,12
132812,11
132813,1
132814,12
132815,11
132816,0
132817,12
132818,12
132819,12
132820,11
132821,0
132822,12
132823,6
132824,12
132825,11
132826,12
132827,6
132828,12
132829,12
132930,11
132931,0
132932,12
132933,13
132934,12
132935,11
132936,6
132937,12
132938,13
132939,12
132940,11
132941,11
132942,6
132943,12
132944,12
132945,0
132946,6
132947,6
132948,13
132949,12
132950,14
132951,14
132952,11
132953,12
132954,12
132955,6
132956,11
132957,15
132958,12
132959,6
132960,0
132961,15
132962,12
132963,11
132964,12
132965,6
132966,15
132967,12
132968,13
132969,13
132970,11
132971,13
132972,1
132973,12
132974,12
132975,6
132976,13
132977,15
132978,6
132979,13
132980,11
132981,11
132982,6
132983,13
132984,13
132985,15
132986,1
132987,12
132988,15
132989,12
132990,0
132991,4
132992,6
132993,2
132994,6
132995,0
132996,6
132997,6
132998,11
132999,12
133000,6
133001,14
133002,15
133003,14
133004,6
133005,6
133006,1
133007,15
133008,15
133009,13
133200,13
133201,15
133202,0
133203,6
133204,12
133205,13
133206,11
133207,4
133208,12
133209,12
133210,15
133211,15
133212,7
133213,1
133214,13
133215,9
133216,15
133217,12
133218,9
133219,12
133220,9
133221,4
133222,8
133223,13
133224,6
133225,11
133226,15
133227,6
133228,12
133229,6
133330,6
133331,4
133332,15
133333,0
133334,6
133335,13
133336,12
133337,11
133338,12
133339,11
133340,11
133341,6
133342,12
133343,12
133344,12
133345,1
133346,12
133347,9
133348,12
133349,12
133350,6
133351,11
133352,14
133353,1
133354,12
133355,14
133356,1
133357,1
133358,14
133359,6
133420,11
133421,13
133422,4
133423,11
133424,12
133425,6
133426,4
133427,12
133428,6
133429,12
133480,15
133481,12
133482,11
133483,12
133484,15
133485,14
133486,12
133487,0
133488,15
133489,2
133490,11
133491,6
133492,14
133493,14
133494,6
133495,15
133496,15
133497,14
133498,14
133499,6
133500,11
133501,13
133502,13
133503,1
133504,0
133505,15
133506,13
133507,13
133508,12
133509,12
133510,13
133511,6
133512,4
133513,0
133514,12
133515,0
133516,9
133517,4
133518,6
133519,12
133520,11
133521,14
133522,13
133523,0
133524,14
133525,15
133526,6
133527,12
133528,13
133529,1
133530,0
133531,0
133532,9
133533,4
133534,6
133535,6
133536,12
133537,6
133538,13
133539,12
133590,13
133591,14
133592,14
133593,6
133594,14
133595,14
133596,14
133597,14
133598,1
133599,12
133600,15
133601,15
133602,4
133603,12
133604,9
133605,9
133606,15
133607,6
133608,12
133609,6
133610,11
133611,14
133612,6
133613,4
133614,6
133615,0
133616,12
133617,12
133618,12
133619,12
133620,14
133621,1
133622,6
133623,14
133624,13
133625,13
133626,15
133627,12
133628,12
133629,6
133630,15
133631,12
133632,13
133633,15
133634,13
133635,4
133636,15
133637,6
133638,15
133639,12
133660,9
133661,13
133662,9
133663,15
133664,12
133665,12
133666,11
133667,14
133668,12
133669,6
133670,13
133671,6
133672,12
133673,6
133674,12
133675,0
133676,13
133677,13
133678,6
133679,13
133920,14
133921,8
133922,12
133923,11
133924,14
133925,11
133926,0
133927,6
133928,12
133929,12
133930,12
133931,6
133932,12
133933,6
133934,13
133935,13
133936,15
133937,11
133938,14
133939,6
133940,4
133941,0
133942,6
133943,12
133944,6
133945,13
133946,6
133947,12
133948,13
133949,16
133950,0
133951,12
133952,12
133953,1
133954,14
133955,15
133956,15
133957,11
133958,14
133959,12
133960,11
133961,1
133962,11
133963,12
133964,6
133965,11
133966,0
133967,12
133968,6
133969,13
133970,11
133971,14
133972,14
133973,14
133974,14
133975,14
133976,12
133977,0
133978,15
133979,6
133980,9
133981,13
133982,15
133983,12
133984,15
133985,1
133986,12
133987,9
133988,13
133989,13
134130,6
134131,13
134132,12
134133,13
134134,6
134135,15
134136,0
134137,2
134138,9
134139,8
134140,0
134141,6
134142,12
134143,0
134144,12
134145,13
134146,15
134147,15
134148,6
134149,14
134150,1
134151,14
134152,11
134153,13
134154,13
134155,0
134156,0
134157,6
134158,8
134159,6
134160,13
134161,6
134162,0
134163,14
134164,6
134165,0
134166,12
134167,14
134168,6
134169,12
134170,6
134171,11
134172,0
134173,6
134174,13
134175,13
134176,13
134177,0
134178,12
134179,12
134180,15
134181,14
134182,6
134183,11
134184,12
134185,11
134186,12
134187,13
134188,15
134189,13
134190,9
134191,12
134192,4
134193,4
134194,12
134195,13
134196,13
134197,12
134198,6
134199,0
134280,11
134281,15
134282,6
134283,1
134284,6
134285,0
134286,13
134287,6
134288,13
134289,6
134290,6
134291,8
134292,11
134293,12
134294,12
134295,6
134296,4
134297,0
134298,0
134299,12
134460,6
134461,6
134462,15
134463,12
134464,14
134465,14
134466,14
134467,12
134468,12
134469,14
134470,9
134471,1
134472,14
134473,12
134474,13
134475,9
134476,0
134477,6
134478,9
134479,6
134480,6
134481,0
134482,6
134483,12
134484,12
134485,11
134486,14
134487,11
134488,14
134489,13
134490,6
134491,13
134492,12
134493,0
134494,12
134495,12
134496,9
134497,6
134498,4
134499,6
134630,11
134631,4
134632,6
134633,6
134634,12
134635,4
134636,12
134637,6
134638,12
134639,6
134640,11
134641,13
134642,13
134643,14
134644,12
134645,9
134646,6
134647,13
134648,0
134649,14
134800,0
134801,1
134802,1
134803,15
134804,6
134805,13
134806,0
134807,13
134808,12
134809,6
134810,15
134811,13
134812,14
134813,12
134814,13
134815,6
134816,0
134817,12
134818,6
134819,6
134820,14
134821,12
134822,6
134823,6
134824,12
134825,11
134826,13
134827,14
134828,12
134829,14
134850,11
134851,14
134852,11
134853,14
134854,12
134855,11
134856,12
134857,14
134858,4
134859,15
134860,1
134861,15
134862,0
134863,12
134864,0
134865,0
134866,6
134867,13
134868,15
134869,6
134870,6
134871,9
134872,9
134873,0
134874,13
134875,9
134876,9
134877,1
134878,12
134879,6
134890,9
134891,6
134892,6
134893,12
134894,6
134895,6
134896,6
134897,15
134898,6
134899,1
134900,15
134901,1
134902,12
134903,14
134904,0
134905,15
134906,6
134907,4
134908,12
134909,12
134950,9
134951,0
134952,4
134953,13
134954,12
134955,9
134956,12
134957,6
134958,4
134959,6
135080,6
135081,1
135082,12
135083,14
135084,14
135085,6
135086,11
135087,0
135088,13
135089,12
135100,0
135101,14
135102,12
135103,12
135104,12
135105,11
135106,12
135107,11
135108,6
135109,6
135110,0
135111,11
135112,12
135113,6
135114,6
135115,0
135116,13
135117,6
135118,12
135119,12
135200,9
135201,0
135202,1
135203,0
135204,12
135205,9
135206,9
135207,15
135208,12
135209,12
135210,15
135211,1
135212,12
135213,12
135214,12
135215,0
135216,11
135217,13
135218,6
135219,6
135250,11
135251,6
135252,14
135253,14
135254,14
135255,9
135256,11
135257,13
135258,12
135259,12
135260,13
135261,1
135262,6
135263,15
135264,13
135265,15
135266,6
135267,6
135268,6
135269,6
135350,12
135351,11
135352,12
135353,12
135354,12
135355,1
135356,13
135357,0
135358,12
135359,12
135360,15
135361,14
135362,12
135363,0
135364,13
135365,15
135366,9
135367,11
135368,12
135369,12
135420,11
135421,9
135422,11
135423,12
135424,14
135425,1
135426,14
135427,14
135428,12
135429,6
135430,4
135431,15
135432,0
135433,12
135434,12
135435,4
135436,12
135437,15
135438,6
135439,12
135440,12
135441,15
135442,15
135443,6
135444,14
135445,6
135446,1
135447,6
135448,14
135449,12
135450,15
135451,14
135452,12
135453,13
135454,12
135455,0
135456,12
135457,6
135458,14
135459,12
135460,13
135461,1
135462,6
135463,0
135464,13
135465,6
135466,12
135467,6
135468,6
135469,15
135470,12
135471,6
135472,14
135473,5
135474,14
135475,1
135476,13
135477,11
135478,12
135479,2
135530,15
135531,6
135532,4
135533,0
135534,12
135535,12
135536,0
135537,12
135538,1
135539,6
135540,15
135541,6
135542,6
135543,13
135544,13
135545,11
135546,4
135547,14
135548,15
135549,12
135550,6
135551,11
135552,14
135553,12
135554,13
135555,9
135556,6
135557,14
135558,14
135559,14
135590,9
135591,9
135592,4
135593,11
135594,12
135595,9
135596,0
135597,13
135598,13
135599,13
135600,11
135601,15
135602,6
135603,6
135604,12
135605,16
135606,13
135607,0
135608,12
135609,12
135610,6
135611,12
135612,14
135613,0
135614,4
135615,13
135616,12
135617,11
135618,13
135619,13
135840,15
135841,0
135842,13
135843,15
135844,4
135845,11
135846,6
135847,13
135848,12
135849,12
135850,11
135851,0
135852,4
135853,12
135854,12
135855,12
135856,9
135857,6
135858,13
135859,6
136050,6
136051,11
136052,14
136053,12
136054,13
136055,14
136056,15
136057,6
136058,6
136059,12
136060,15
136061,0
136062,13
136063,2
136064,13
136065,15
136066,12
136067,12
136068,14
136069,14
136070,15
136071,4
136072,15
136073,12
136074,0
136075,12
136076,0
136077,13
136078,12
136079,12
136140,1
136141,12
136142,0
136143,12
136144,12
136145,15
136146,0
136147,8
136148,11
136149,13
136190,12
136191,0
136192,13
136193,12
136194,12
136195,11
136196,12
136197,12
136198,15
136199,4
136200,4
136201,1
136202,13
136203,0
136204,6
136205,11
136206,13
136207,4
136208,13
136209,13
136210,12
136211,6
136212,6
136213,12
136214,6
136215,6
136216,15
136217,14
136218,12
136219,12
136300,11
136301,14
136302,0
136303,13
136304,13
136305,0
136306,4
136307,15
136308,12
136309,6
136360,15
136361,15
136362,14
136363,13
136364,12
136365,0
136366,12
136367,14
136368,12
136369,13
136400,13
136401,11
136402,13
136403,4
136404,12
136405,6
136406,6
136407,12
136408,13
136409,12
136650,14
136651,11
136652,12
136653,14
136654,1
136655,15
136656,14
136657,14
136658,14
136659,12
136660,14
136661,6
136662,1
136663,11
136664,6
136665,0
136666,12
136667,6
136668,12
136669,11
136670,15
136671,6
136672,12
136673,9
136674,12
136675,13
136676,0
136677,12
136678,13
136679,6
136680,9
136681,15
136682,14
136683,15
136684,14
136685,0
136686,15
136687,14
136688,6
136689,6
136690,11
136691,1
136692,0
136693,15
136694,13
136695,11
136696,14
136697,6
136698,13
136699,13
136730,13
136731,11
136732,12
136733,15
136734,14
136735,1
136736,0
136737,14
136738,14
136739,0
136740,15
136741,16
136742,11
136743,12
136744,6
136745,13
136746,14
136747,12
136748,12
136749,15
136750,6
136751,0
136752,13
136753,12
136754,6
136755,0
136756,6
136757,11
136758,14
136759,13
137000,1
137001,14
137002,12
137003,0
137004,12
137005,15
137006,1
137007,1
137008,0
137009,12
137050,14
137051,0
137052,13
137053,15
137054,6
137055,0
137056,12
137057,6
137058,6
137059,12
137060,11
137061,11
137062,13
137063,14
137064,13
137065,13
137066,6
137067,12
137068,6
137069,14
137070,0
137071,6
137072,12
137073,13
137074,12
137075,4
137076,4
137077,12
137078,12
137079,13
137130,6
137131,9
137132,9
137133,4
137134,6
137135,11
137136,15
137137,12
137138,15
137139,13
137280,11
137281,12
137282,12
137283,0
137284,13
137285,6
137286,13
137287,13
137288,12
137289,6
137350,14
137351,6
137352,13
137353,14
137354,14
137355,15
137356,13
137357,9
137358,15
137359,12
137360,6
137361,15
137362,12
137363,6
137364,12
137365,15
137366,13
137367,6
137368,11
137369,12
137370,9
137371,12
137372,9
137373,13
137374,14
137375,9
137376,11
137377,15
137378,16
137379,12
137380,6
137381,0
137382,4
137383,6
137384,14
137385,0
137386,6
137387,6
137388,14
137389,14
137390,6
137391,15
137392,13
137393,4
137394,12
137395,15
137396,15
137397,13
137398,12
137399,0
137400,6
137401,0
137402,12
137403,15
137404,6
137405,9
137406,15
137407,1
137408,6
137409,12
137630,4
137631,12
137632,1
137633,9
137634,15
137635,13
137636,1
137637,14
137638,13
137639,14
137640,13
137641,12
137642,6
137643,12
137644,6
137645,14
137646,6
137647,6
137648,12
137649,1
137650,6
137651,14
137652,14
137653,12
137654,12
137655,15
137656,1
137657,15
137658,6
137659,12
137980,9
137981,13
137982,6
137983,13
137984,12
137985,6
137986,13
137987,0
137988,12
137989,12
137990,11
137991,14
137992,12
137993,14
137994,12
137995,13
137996,6
137997,14
137998,6
137999,14
138000,15
138001,13
138002,11
138003,6
138004,9
138005,1
138006,0
138007,4
138008,12
138009,9
138030,2
138031,1
138032,9
138033,12
138034,0
138035,13
138036,6
138037,4
138038,12
138039,6
138040,15
138041,6
138042,9
138043,13
138044,12
138045,15
138046,9
138047,12
138048,12
138049,12
138070,6
138071,6
138072,0
138073,6
138074,12
138075,6
138076,4
138077,13
138078,6
138079,12
138080,0
138081,4
138082,12
138083,12
138084,13
138085,6
138086,12
138087,12
138088,6
138089,6
138460,14
138461,15
138462,14
138463,12
138464,6
138465,15
138466,11
138467,6
138468,12
138469,14
138470,6
138471,13
138472,4
138473,11
138474,13
138475,12
138476,9
138477,6
138478,12
138479,12
138480,15
138481,15
138482,13
138483,13
138484,12
138485,15
138486,13
138487,12
138488,0
138489,13
138570,15
138571,14
138572,13
138573,13
138574,6
138575,13
138576,14
138577,15
138578,9
138579,14
138580,15
138581,15
138582,14
138583,6
138584,13
138585,16
138586,13
138587,1
138588,12
138589,6
138680,1
138681,13
138682,0
138683,12
138684,14
138685,11
138686,9
138687,12
138688,13
138689,6
138690,14
138691,14
138692,0
138693,12
138694,14
138695,14
138696,1
138697,15
138698,12
138699,13
138780,11
138781,13
138782,0
138783,12
138784,15
138785,15
138786,6
138787,12
138788,12
138789,12
138790,15
138791,11
138792,13
138793,0
138794,12
138795,9
138796,9
138797,9
138798,13
138799,12
138800,1
138801,6
138802,6
138803,13
138804,12
138805,13
138806,13
138807,13
138808,4
138809,12
138890,9
138891,11
138892,12
138893,1
138894,12
138895,1
138896,15
138897,6
138898,12
138899,0
138930,0
138931,0
138932,9
138933,12
138934,6
138935,15
138936,6
138937,4
138938,6
138939,6
138940,0
138941,15
138942,13
138943,14
138944,12
138945,9
138946,11
138947,6
138948,0
138949,14
138950,0
138951,12
138952,6
138953,0
138954,12
138955,4
138956,12
138957,12
138958,0
138959,12
138970,14
138971,13
138972,14
138973,13
138974,12
138975,15
138976,6
138977,12
138978,14
138979,14
138990,14
138991,11
138992,11
138993,14
138994,12
138995,6
138996,12
138997,0
138998,6
138999,15
139060,6
139061,11
139062,6
139063,0
139064,12
139065,13
139066,12
139067,6
139068,6
139069,11
139200,13
139201,1
139202,8
139203,6
139204,12
139205,15
139206,12
139207,13
139208,14
139209,9
139220,0
139221,13
139222,1
139223,12
139224,12
139225,12
139226,13
139227,6
139228,6
139229,6
139230,0
139231,6
139232,14
139233,12
139234,12
139235,1
139236,9
139237,12
139238,13
139239,0
139300,0
139301,13
139302,12
139303,12
139304,12
139305,0
139306,0
139307,12
139308,14
139309,12
139310,6
139311,11
139312,12
139313,6
139314,12
139315,0
139316,0
139317,6
139318,13
139319,12
139460,11
139461,0
139462,6
139463,14
139464,12
139465,8
139466,11
139467,6
139468,15
139469,12
139520,14
139521,16
139522,15
139523,15
139524,14
139525,13
139526,6
139527,6
139528,14
139529,6
139530,9
139531,0
139532,2
139533,13
139534,6
139535,11
139536,12
139537,13
139538,15
139539,12
139560,14
139561,1
139562,14
139563,15
139564,13
139565,0
139566,14
139567,14
139568,14
139569,15
139570,11
139571,4
139572,13
139573,12
139574,6
139575,11
139576,11
139577,0
139578,6
139579,12
139580,6
139581,9
139582,6
139583,13
139584,12
139585,4
139586,15
139587,13
139588,13
139589,15
139590,0
139591,9
139592,6
139593,12
139594,13
139595,6
139596,6
139597,13
139598,6
139599,12
139600,13
139601,0
139602,14
139603,6
139604,13
139605,0
139606,12
139607,16
139608,8
139609,12
139660,1
139661,12
139662,15
139663,13
139664,14
139665,0
139666,14
139667,15
139668,6
139669,0
139670,12
139671,6
139672,4
139673,11
139674,4
139675,13
139676,13
139677,13
139678,12
139679,2
139710,9
139711,13
139712,12
139713,6
139714,12
139715,9
139716,12
139717,12
139718,12
139719,9
139720,12
139721,0
139722,12
139723,13
139724,12
139725,6
139726,12
139727,12
139728,13
139729,12
139730,1
139731,9
139732,15
139733,13
139734,12
139735,15
139736,13
139737,12
139738,6
139739,12
139800,0
139801,1
139802,14
139803,6
139804,6
139805,13
139806,6
139807,14
139808,14
139809,13
139880,14
139881,1
139882,0
139883,12
139884,12
139885,14
139886,6
139887,14
139888,14
139889,4
140010,0
140011,11
140012,12
140013,12
140014,12
140015,13
140016,0
140017,0
140018,6
140019,12
140020,15
140021,0
140022,13
140023,13
140024,4
140025,0
140026,0
140027,12
140028,12
140029,12
140090,0
140091,13
140092,0
140093,12
140094,6
140095,12
140096,6
140097,12
140098,4
140099,12
140100,11
140101,13
140102,9
140103,0
140104,12
140105,0
140106,4
140107,4
140108,0
140109,12
140330,15
140331,6
140332,12
140333,16
140334,14
140335,9
140336,6
140337,15
140338,0
140339,0
140430,13
140431,15
140432,12
140433,0
140434,15
140435,11
140436,15
140437,9
140438,0
140439,1
140440,15
140441,9
140442,6
140443,12
140444,12
140445,1
140446,6
140447,11
140448,6
140449,13
140450,6
140451,0
140452,13
140453,12
140454,12
140455,4
140456,6
140457,1
140458,15
140459,12
140460,6
140461,8
140462,13
140463,13
140464,0
140465,4
140466,13
140467,2
140468,0
140469,13
140490,9
140491,14
140492,14
140493,1
140494,12
140495,6
140496,14
140497,12
140498,6
140499,12
140500,0
140501,9
140502,14
140503,14
140504,14
140505,15
140506,4
140507,15
140508,14
140509,14
140510,11
140511,1
140512,15
140513,1
140514,12
140515,0
140516,15
140517,12
140518,0
140519,6
140640,0
140641,9
140642,13
140643,15
140644,12
140645,1
140646,9
140647,9
140648,12
140649,6
140800,11
140801,6
140802,14
140803,14
140804,15
140805,14
140806,0
140807,12
140808,14
140809,6
140850,9
140851,6
140852,12
140853,14
140854,12
140855,0
140856,1
140857,11
140858,13
140859,14
140860,0
140861,13
140862,13
140863,13
140864,12
140865,0
140866,1
140867,6
140868,13
140869,12
140870,6
140871,6
140872,4
140873,0
140874,1
140875,15
140876,13
140877,4
140878,13
140879,12
140970,9
140971,15
140972,12
140973,15
140974,12
140975,0
140976,2
140977,14
140978,15
140979,6
140980,14
140981,0
140982,11
140983,12
140984,13
140985,1
140986,15
140987,12
140988,13
140989,12
140990,11
140991,9
140992,12
140993,14
140994,14
140995,15
140996,12
140997,14
140998,11
140999,14
141070,6
141071,12
141072,15
141073,13
141074,12
141075,6
141076,12
141077,13
141078,12
141079,12
141370,6
141371,15
141372,12
141373,6
141374,12
141375,15
141376,14
141377,2
141378,6
141379,12
141380,0
141381,6
141382,1
141383,13
141384,13
141385,13
141386,15
141387,15
141388,1
141389,13
141390,15
141391,1
141392,4
141393,9
141394,0
141395,12
141396,15
141397,6
141398,12
141399,11
141510,6
141511,4
141512,12
141513,4
141514,14
141515,15
141516,9
141517,1
141518,1
141519,6
141670,9
141671,6
141672,11
141673,6
141674,12
141675,12
141676,6
141677,12
141678,6
141679,11
141680,11
141681,13
141682,4
141683,15
141684,12
141685,15
141686,6
141687,14
141688,12
141689,13
141690,0
141691,6
141692,8
141693,0
141694,6
141695,6
141696,4
141697,6
141698,4
141699,11
141740,11
141741,14
141742,11
141743,12
141744,13
141745,14
141746,14
141747,14
141748,13
141749,14
141750,6
141751,15
141752,6
141753,0
141754,12
141755,9
141756,6
141757,13
141758,1
141759,1
141900,12
141901,14
141902,15
141903,6
141904,12
141905,0
141906,13
141907,6
141908,4
141909,12
141980,15
141981,15
141982,0
141983,12
141984,6
141985,13
141986,15
141987,12
141988,12
141989,6
141990,0
141991,13
141992,8
141993,4
141994,12
141995,9
141996,13
141997,15
141998,11
141999,12
142060,15
142061,0
142062,15
142063,12
142064,6
142065,0
142066,9
142067,14
142068,13
142069,15
142070,11
142071,14
142072,14
142073,13
142074,12
142075,15
142076,14
142077,14
142078,14
142079,14
142080,12
142081,13
142082,15
142083,6
142084,6
142085,0
142086,15
142087,0
142088,12
142089,12
142110,13
142111,15
142112,15
142113,12
142114,12
142115,15
142116,15
142117,6
142118,6
142119,12
142160,6
142161,13
142162,12
142163,6
142164,6
142165,11
142166,14
142167,14
142168,13
142169,13
142190,8
142191,9
142192,4
142193,6
142194,12
142195,15
142196,9
142197,6
142198,11
142199,9
142270,14
142271,14
142272,14
142273,1
142274,14
142275,6
142276,13
142277,15
142278,12
142279,12
142440,1
142441,11
142442,11
142443,4
142444,6
142445,4
142446,0
142447,14
142448,12
142449,12
142450,13
142451,1
142452,13
142453,14
142454,13
142455,6
142456,15
142457,14
142458,12
142459,13
142490,6
142491,6
142492,0
142493,12
142494,12
142495,11
142496,0
142497,12
142498,13
142499,11
142500,0
142501,12
142502,12
142503,0
142504,14
142505,15
142506,6
142507,0
142508,14
142509,14
142510,1
142511,9
142512,6
142513,6
142514,12
142515,0
142516,13
142517,6
142518,12
142519,0
142520,1
142521,4
142522,14
142523,6
142524,6
142525,14
142526,11
142527,13
142528,6
142529,14
142530,6
142531,0
142532,15
142533,11
142534,8
142535,13
142536,11
142537,13
142538,6
142539,6
142570,15
142571,11
142572,12
142573,13
142574,12
142575,14
142576,14
142577,13
142578,11
142579,6
142600,15
142601,9
142602,13
142603,6
142604,6
142605,15
142606,6
142607,6
142608,1
142609,12
142610,11
142611,0
142612,13
142613,13
142614,6
142615,15
142616,9
142617,9
142618,13
142619,6
142700,12
142701,1
142702,15
142703,12
142704,14
142705,14
142706,6
142707,14
142708,12
142709,0
142710,0
142711,9
142712,12
142713,12
142714,12
142715,4
142716,14
142717,6
142718,13
142719,13
142720,0
142721,1
142722,4
142723,0
142724,12
142725,6
142726,0
142727,6
142728,12
142729,13
142730,15
142731,9
142732,1
142733,12
142734,13
142735,0
142736,13
142737,15
142738,6
142739,12
142740,9
142741,12
142742,6
142743,12
142744,15
142745,0
142746,14
142747,13
142748,14
142749,12
142870,0
142871,0
142872,0
142873,9
142874,12
142875,15
142876,13
142877,6
142878,0
142879,14
142880,0
142881,6
142882,11
142883,13
142884,14
142885,12
142886,11
142887,12
142888,15
142889,14
142890,11
142891,4
142892,12
142893,12
142894,12
142895,9
142896,6
142897,6
142898,4
142899,12
142900,14
142901,13
142902,14
142903,14
142904,13
142905,11
142906,1
142907,6
142908,6
142909,12
142910,15
142911,6
142912,12
142913,14
142914,6
142915,1
142916,13
142917,11
142918,13
142919,12
142920,6
142921,15
142922,9
142923,1
142924,12
142925,11
142926,9
142927,15
142928,12
142929,13
142930,12
142931,14
142932,12
142933,13
142934,14
142935,14
142936,14
142937,13
142938,13
142939,14
142990,6
142991,14
142992,13
142993,13
142994,6
142995,6
142996,13
142997,6
142998,12
142999,12
143000,15
143001,14
143002,14
143003,14
143004,6
143005,14
143006,6
143007,12
143008,6
143009,14
143080,11
143081,4
143082,13
143083,15
143084,6
143085,11
143086,13
143087,6
143088,12
143089,12
143110,1
143111,1
143112,0
143113,11
143114,14
143115,9
143116,13
143117,0
143118,12
143119,13
143120,13
143121,13
143122,11
143123,0
143124,12
143125,15
143126,15
143127,12
143128,15
143129,6
143130,15
143131,9
143132,9
143133,11
143134,12
143135,9
143136,15
143137,12
143138,6
143139,6
143140,9
143141,4
143142,13
143143,6
143144,12
143145,6
143146,13
143147,6
143148,16
143149,13
143310,11
143311,6
143312,1
143313,14
143314,12
143315,15
143316,12
143317,14
143318,14
143319,1
143320,12
143321,9
143322,12
143323,12
143324,6
143325,0
143326,12
143327,12
143328,6
143329,15
143330,11
143331,9
143332,0
143333,13
143334,12
143335,6
143336,6
143337,0
143338,12
143339,13
143340,6
143341,12
143342,13
143343,12
143344,6
143345,9
143346,15
143347,13
143348,6
143349,15
143400,0
143401,15
143402,13
143403,12
143404,12
143405,6
143406,6
143407,13
143408,11
143409,11
143760,4
143761,6
143762,6
143763,13
143764,12
143765,0
143766,1
143767,13
143768,12
143769,12
143770,12
143771,15
143772,6
143773,11
143774,14
143775,0
143776,6
143777,12
143778,13
143779,12
143780,15
143781,12
143782,12
143783,14
143784,12
143785,9
143786,6
143787,14
143788,13
143789,14
143850,9
143851,14
143852,12
143853,12
143854,14
143855,15
143856,15
143857,6
143858,12
143859,0
143890,15
143891,13
143892,4
143893,12
143894,0
143895,9
143896,6
143897,6
143898,12
143899,4
143910,0
143911,0
143912,13
143913,12
143914,6
143915,15
143916,1
143917,15
143918,12
143919,9
143960,9
143961,14
143962,6
143963,6
143964,14
143965,0
143966,0
143967,12
143968,12
143969,13
144030,11
144031,12
144032,6
144033,13
144034,14
144035,14
144036,6
144037,14
144038,11
144039,6
144070,0
144071,12
144072,13
144073,12
144074,6
144075,4
144076,6
144077,6
144078,6
144079,13
144080,9
144081,13
144082,12
144083,0
144084,12
144085,14
144086,0
144087,1
144088,9
144089,12
144090,11
144091,14
144092,13
144093,12
144094,4
144095,15
144096,4
144097,11
144098,9
144099,0
144110,6
144111,0
144112,14
144113,12
144114,12
144115,0
144116,13
144117,1
144118,12
144119,13
144200,1
144201,15
144202,0
144203,15
144204,12
144205,13
144206,6
144207,12
144208,14
144209,0
144290,13
144291,0
144292,6
144293,12
144294,13
144295,11
144296,13
144297,12
144298,13
144299,12
144360,15
144361,8
144362,12
144363,12
144364,12
144365,9
144366,6
144367,6
144368,12
144369,12
144370,0
144371,14
144372,12
144373,14
144374,12
144375,13
144376,11
144377,14
144378,14
144379,14
144380,11
144381,14
144382,14
144383,11
144384,12
144385,15
144386,12
144387,0
144388,14
144389,14
144390,0
144391,6
144392,6
144393,2
144394,6
144395,9
144396,13
144397,0
144398,15
144399,12
144550,11
144551,9
144552,13
144553,14
144554,14
144555,15
144556,14
144557,6
144558,6
144559,6
144570,11
144571,15
144572,14
144573,12
144574,12
144575,14
144576,15
144577,6
144578,6
144579,13
144580,14
144581,4
144582,1
144583,6
144584,4
144585,13
144586,15
144587,4
144588,13
144589,6
144610,0
144611,0
144612,6
144613,6
144614,12
144615,13
144616,13
144617,13
144618,6
144619,14
144620,15
144621,15
144622,6
144623,15
144624,4
144625,4
144626,15
144627,12
144628,6
144629,13
144740,15
144741,4
144742,15
144743,4
144744,12
144745,6
144746,4
144747,0
144748,0
144749,12
145030,9
145031,15
145032,14
145033,4
145034,12
145035,6
145036,6
145037,6
145038,12
145039,4
145040,6
145041,6
145042,12
145043,12
145044,13
145045,0
145046,11
145047,11
145048,13
145049,6
145110,9
145111,13
145112,15
145113,0
145114,13
145115,15
145116,15
145117,14
145118,11
145119,13
145120,15
145121,14
145122,14
145123,14
145124,14
145125,12
145126,11
145127,14
145128,14
145129,14
145130,4
145131,14
145132,9
145133,6
145134,13
145135,15
145136,1
145137,6
145138,12
145139,12
145140,15
145141,6
145142,15
145143,15
145144,12
145145,9
145146,11
145147,15
145148,12
145149,13
145150,12
145151,0
145152,12
145153,12
145154,14
145155,15
145156,13
145157,8
145158,12
145159,12
145160,13
145161,11
145162,12
145163,12
145164,12
145165,0
145166,12
145167,15
145168,6
145169,12
145220,15
145221,6
145222,6
145223,15
145224,6
145225,13
145226,13
145227,6
145228,12
145229,15
145230,6
145231,12
145232,0
145233,12
145234,12
145235,12
145236,4
145237,6
145238,13
145239,6
145240,11
145241,9
145242,15
145243,12
145244,14
145245,9
145246,13
145247,12
145248,0
145249,12
145590,14
145591,14
145592,6
145593,6
145594,6
145595,14
145596,15
145597,12
145598,6
145599,12
145640,6
145641,0
145642,13
145643,14
145644,13
145645,15
145646,6
145647,13
145648,6
145649,6
145730,12
145731,6
145732,6
145733,6
145734,11
145735,14
145736,9
145737,0
145738,14
145739,12
145740,13
145741,14
145742,0
145743,6
145744,6
145745,4
145746,13
145747,12
145748,6
145749,4
145940,11
145941,14
145942,12
145943,6
145944,14
145945,0
145946,6
145947,6
145948,12
145949,12
145950,13
145951,15
145952,12
145953,12
145954,14
145955,15
145956,9
145957,12
145958,12
145959,14
145960,6
145961,11
145962,12
145963,0
145964,13
145965,11
145966,11
145967,12
145968,12
145969,12
146040,14
146041,14
146042,15
146043,1
146044,14
146045,13
146046,15
146047,6
146048,13
146049,6
146050,11
146051,0
146052,11
146053,6
146054,12
146055,11
146056,8
146057,6
146058,6
146059,12
146060,6
146061,8
146062,15
146063,12
146064,12
146065,4
146066,13
146067,12
146068,15
146069,12
146070,12
146071,11
146072,6
146073,12
146074,15
146075,15
146076,13
146077,12
146078,12
146079,6
146100,4
146101,0
146102,13
146103,13
146104,6
146105,13
146106,13
146107,9
146108,13
146109,12
146200,0
146201,14
146202,13
146203,12
146204,6
146205,14
146206,14
146207,13
146208,6
146209,13
146210,6
146211,13
146212,14
146213,0
146214,6
146215,9
146216,0
146217,12
146218,13
146219,13
146230,6
146231,0
146232,6
146233,4
146234,13
146235,15
146236,0
146237,12
146238,12
146239,6
146370,15
146371,9
146372,14
146373,6
146374,6
146375,14
146376,15
146377,0
146378,12
146379,1
146380,11
146381,6
146382,12
146383,13
146384,15
146385,12
146386,12
146387,12
146388,6
146389,13
146410,13
146411,6
146412,13
146413,8
146414,13
146415,14
146416,9
146417,13
146418,15
146419,13
146460,14
146461,1
146462,12
146463,11
146464,6
146465,0
146466,15
146467,12
146468,11
146469,12
146470,13
146471,6
146472,6
146473,12
146474,8
146475,0
146476,6
146477,0
146478,1
146479,12
146590,12
146591,6
146592,1
146593,14
146594,11
146595,6
146596,16
146597,14
146598,14
146599,13
146600,15
146601,0
146602,14
146603,13
146604,6
146605,0
146606,15
146607,12
146608,12
146609,12
146610,11
146611,13
146612,13
146613,14
146614,13
146615,0
146616,13
146617,13
146618,14
146619,12
146690,11
146691,14
146692,0
146693,12
146694,12
146695,11
146696,0
146697,13
146698,12
146699,11
146710,13
146711,15
146712,14
146713,14
146714,14
146715,11
146716,13
146717,14
146718,12
146719,1
